polymer_name,backbone,side_chain,side_chain_type,side_chain_length,side_chain_design_intent,device_type,transport_regime,film_thickness,channel_length,molecular_weight_mn,molecular_weight_mw,dispersity,mobility_h,mobility_e,capacitance,uc_star,pce,jsc,voc,ff,crystallinity,pi_pi_spacing,lamellar_spacing,experiment_condition,processing_method,processing_solvent,synthesis_solvent,electrolyte,measurement_method,notes,_source_file,_source_path,_config_name
PTC8,thienyl-substituted benzodithiophene (BDT) donor and thiophene acceptor (non-carbonyl),n-C8H17 alkyl,alkyl,n-C8H17,tune solubility and intermolecular interactions,PSC,electronic,N/A,N/A,21.0 kDa,N/A,1.45,1.01 × 10−5 cm2V−1 s−1,3.75 × 10−7 cm2V−1 s−1,N/A,N/A,4.04%,11.57 mA cm−2,0.90 V,38.7%,N/A,N/A,N/A,"spin-coated from chloroform (1:1.2, no post-treatment)",spin-coating,chloroform,toluene,N/A,glass/ITO/PEDOT:PSS/active/PDINO/Al,N/A,320_1-s2.0-S0143720820316843-main.txt,scratch/prj/ch_sce_mine/MatAGen/outputs_example/320_1-s2.0-S0143720820316843-main/320_1-s2.0-S0143720820316843-main/pdf/320_1-s2.0-S0143720820316843-main.txt,text_mining_GPT_extended
PTCO8,thienyl-substituted benzodithiophene (BDT) donor and alkylcarbonyl-substituted thiophene (TOC) acceptor,n-C8H17 alkylcarbonyl,alkylcarbonyl,n-C8H17,tune solubility and intermolecular interactions,PSC,electronic,N/A,N/A,37.7 kDa,N/A,1.57,1.07 × 10−5 cm2V−1 s−1,9.16 × 10−5 cm2V−1 s−1,N/A,N/A,5.91%,14.33 mA cm−2,0.99 V,41.5%,N/A,N/A,N/A,"spin-coated from chloroform (1:1.2, no post-treatment)",spin-coating,chloroform,toluene,N/A,glass/ITO/PEDOT:PSS/active/PDINO/Al,N/A,320_1-s2.0-S0143720820316843-main.txt,scratch/prj/ch_sce_mine/MatAGen/outputs_example/320_1-s2.0-S0143720820316843-main/320_1-s2.0-S0143720820316843-main/pdf/320_1-s2.0-S0143720820316843-main.txt,text_mining_GPT_extended
PTCO1,thienyl-substituted benzodithiophene (BDT) donor and alkylcarbonyl-substituted thiophene (TOC) acceptor,CH3 alkylcarbonyl,alkylcarbonyl,CH3,tune solubility and intermolecular interactions,PSC,electronic,N/A,N/A,23.4 kDa,N/A,2.12,3.35 × 10−4 cm2V−1 s−1,5.93 × 10−4 cm2V−1 s−1,N/A,N/A,9.33%,16.91 mA cm−2,0.95 V,57.9%,N/A,N/A,N/A,"spin-coated from chloroform (1:1.2, no post-treatment)",spin-coating,chloroform,toluene,N/A,glass/ITO/PEDOT:PSS/active/PDINO/Al,obvious phase separation,320_1-s2.0-S0143720820316843-main.txt,scratch/prj/ch_sce_mine/MatAGen/outputs_example/320_1-s2.0-S0143720820316843-main/320_1-s2.0-S0143720820316843-main/pdf/320_1-s2.0-S0143720820316843-main.txt,text_mining_GPT_extended
EH4P-Th,diketopyrrolopyrrole (DPP) with thiophene comonomer,phosphonate chain-end solubilizing groups (bis(2-ethylhexyl)(4-bromobutyl)phosphonate),phosphonate,2-ethylhexyl,solubility and polarity,OFET,electronic,N/A,N/A,N/A,N/A,N/A,1.67 × 10−2 cm2 V−1 s−1,N/A,N/A,N/A,N/A,N/A,N/A,N/A,N/A,∼3.6 Å,25−26 Å,OTS-treated nonannealed,spin-coating,chloroform,anhydrous chlorobenzene,N/A,bottom-gate/top-contact,significantly coarse domains including some cavities,388_usefulness-of-polar-and-bulky-phosphonate-chain-end-solubilizing-groups-in-polymeric-semiconductors.txt,scratch/prj/ch_sce_mine/MatAGen/outputs_example/388_usefulness-of-polar-and-bulky-phosphonate-chain-end-solubilizing-groups-in-polymeric-semiconductors/388_usefulness-of-polar-and-bulky-phosphonate-chain-end-solubilizing-groups-in-polymeric-semiconductors/pdf/388_usefulness-of-polar-and-bulky-phosphonate-chain-end-solubilizing-groups-in-polymeric-semiconductors.txt,text_mining_GPT_extended
EH4P-Th,diketopyrrolopyrrole (DPP) with thiophene comonomer,phosphonate chain-end solubilizing groups (bis(2-ethylhexyl)(4-bromobutyl)phosphonate),phosphonate,2-ethylhexyl,solubility and polarity,OFET,electronic,N/A,N/A,N/A,N/A,N/A,3.69 × 10−2 cm2 V−1 s−1,N/A,N/A,N/A,N/A,N/A,N/A,N/A,N/A,∼3.6 Å,25−26 Å,OTS-treated 150 °C annealed,spin-coating,chloroform,anhydrous chlorobenzene,N/A,bottom-gate/top-contact,enhanced interconnection of grains with larger crystalline size and decreased pinholes,388_usefulness-of-polar-and-bulky-phosphonate-chain-end-solubilizing-groups-in-polymeric-semiconductors.txt,scratch/prj/ch_sce_mine/MatAGen/outputs_example/388_usefulness-of-polar-and-bulky-phosphonate-chain-end-solubilizing-groups-in-polymeric-semiconductors/388_usefulness-of-polar-and-bulky-phosphonate-chain-end-solubilizing-groups-in-polymeric-semiconductors/pdf/388_usefulness-of-polar-and-bulky-phosphonate-chain-end-solubilizing-groups-in-polymeric-semiconductors.txt,text_mining_GPT_extended
EH4P-Th,diketopyrrolopyrrole (DPP) with thiophene comonomer,phosphonate chain-end solubilizing groups (bis(2-ethylhexyl)(4-bromobutyl)phosphonate),phosphonate,2-ethylhexyl,solubility and polarity,OFET,electronic,N/A,N/A,N/A,N/A,N/A,1.58 × 10−3 cm2 V−1 s−1,N/A,N/A,N/A,N/A,N/A,N/A,N/A,N/A,∼3.6 Å,25−26 Å,OTS-untreated 150 °C annealed,spin-coating,chloroform,anhydrous chlorobenzene,N/A,bottom-gate/top-contact,slightly increased (010) π−π stacking distances,388_usefulness-of-polar-and-bulky-phosphonate-chain-end-solubilizing-groups-in-polymeric-semiconductors.txt,scratch/prj/ch_sce_mine/MatAGen/outputs_example/388_usefulness-of-polar-and-bulky-phosphonate-chain-end-solubilizing-groups-in-polymeric-semiconductors/388_usefulness-of-polar-and-bulky-phosphonate-chain-end-solubilizing-groups-in-polymeric-semiconductors/pdf/388_usefulness-of-polar-and-bulky-phosphonate-chain-end-solubilizing-groups-in-polymeric-semiconductors.txt,text_mining_GPT_extended
EH4P-Th,diketopyrrolopyrrole (DPP) with thiophene comonomer,phosphonate chain-end solubilizing groups (bis(2-ethylhexyl)(4-bromobutyl)phosphonate),phosphonate,2-ethylhexyl,solubility and polarity,OFET,electronic,N/A,N/A,N/A,N/A,N/A,1.76 × 10−2 cm2 V−1 s−1,N/A,N/A,N/A,N/A,N/A,N/A,N/A,N/A,∼3.6 Å,25−26 Å,OTS-treated MeTHF 150 °C annealed,spin-coating,MeTHF,anhydrous chlorobenzene,N/A,bottom-gate/top-contact,good saturation behavior,388_usefulness-of-polar-and-bulky-phosphonate-chain-end-solubilizing-groups-in-polymeric-semiconductors.txt,scratch/prj/ch_sce_mine/MatAGen/outputs_example/388_usefulness-of-polar-and-bulky-phosphonate-chain-end-solubilizing-groups-in-polymeric-semiconductors/388_usefulness-of-polar-and-bulky-phosphonate-chain-end-solubilizing-groups-in-polymeric-semiconductors/pdf/388_usefulness-of-polar-and-bulky-phosphonate-chain-end-solubilizing-groups-in-polymeric-semiconductors.txt,text_mining_GPT_extended
EH4P-Se,diketopyrrolopyrrole (DPP) with selenophene comonomer,phosphonate chain-end solubilizing groups (bis(2-ethylhexyl)(4-bromobutyl)phosphonate),phosphonate,2-ethylhexyl,solubility and polarity,OFET,electronic,N/A,N/A,N/A,N/A,N/A,2.26 × 10−2 cm2 V−1 s−1,N/A,N/A,N/A,N/A,N/A,N/A,N/A,N/A,∼3.6 Å,25−26 Å,OTS-treated nonannealed,spin-coating,chloroform,anhydrous chlorobenzene,N/A,bottom-gate/top-contact,smooth and uniform surfaces and small grains,388_usefulness-of-polar-and-bulky-phosphonate-chain-end-solubilizing-groups-in-polymeric-semiconductors.txt,scratch/prj/ch_sce_mine/MatAGen/outputs_example/388_usefulness-of-polar-and-bulky-phosphonate-chain-end-solubilizing-groups-in-polymeric-semiconductors/388_usefulness-of-polar-and-bulky-phosphonate-chain-end-solubilizing-groups-in-polymeric-semiconductors/pdf/388_usefulness-of-polar-and-bulky-phosphonate-chain-end-solubilizing-groups-in-polymeric-semiconductors.txt,text_mining_GPT_extended
EH4P-Se,diketopyrrolopyrrole (DPP) with selenophene comonomer,phosphonate chain-end solubilizing groups (bis(2-ethylhexyl)(4-bromobutyl)phosphonate),phosphonate,2-ethylhexyl,solubility and polarity,OFET,electronic,N/A,N/A,N/A,N/A,N/A,5.81 × 10−2 cm2 V−1 s−1,N/A,N/A,N/A,N/A,N/A,N/A,N/A,N/A,∼3.6 Å,25−26 Å,OTS-treated 150 °C annealed,spin-coating,chloroform,anhydrous chlorobenzene,N/A,bottom-gate/top-contact,"grain growth, higher interconnection, and a tighter granular packing",388_usefulness-of-polar-and-bulky-phosphonate-chain-end-solubilizing-groups-in-polymeric-semiconductors.txt,scratch/prj/ch_sce_mine/MatAGen/outputs_example/388_usefulness-of-polar-and-bulky-phosphonate-chain-end-solubilizing-groups-in-polymeric-semiconductors/388_usefulness-of-polar-and-bulky-phosphonate-chain-end-solubilizing-groups-in-polymeric-semiconductors/pdf/388_usefulness-of-polar-and-bulky-phosphonate-chain-end-solubilizing-groups-in-polymeric-semiconductors.txt,text_mining_GPT_extended
EH4P-Se,diketopyrrolopyrrole (DPP) with selenophene comonomer,phosphonate chain-end solubilizing groups (bis(2-ethylhexyl)(4-bromobutyl)phosphonate),phosphonate,2-ethylhexyl,solubility and polarity,OFET,electronic,N/A,N/A,N/A,N/A,N/A,2.71 × 10−3 cm2 V−1 s−1,N/A,N/A,N/A,N/A,N/A,N/A,N/A,N/A,∼3.6 Å,25−26 Å,OTS-untreated 150 °C annealed,spin-coating,chloroform,anhydrous chlorobenzene,N/A,bottom-gate/top-contact,slightly increased (010) π−π stacking distances,388_usefulness-of-polar-and-bulky-phosphonate-chain-end-solubilizing-groups-in-polymeric-semiconductors.txt,scratch/prj/ch_sce_mine/MatAGen/outputs_example/388_usefulness-of-polar-and-bulky-phosphonate-chain-end-solubilizing-groups-in-polymeric-semiconductors/388_usefulness-of-polar-and-bulky-phosphonate-chain-end-solubilizing-groups-in-polymeric-semiconductors/pdf/388_usefulness-of-polar-and-bulky-phosphonate-chain-end-solubilizing-groups-in-polymeric-semiconductors.txt,text_mining_GPT_extended
EH4P-Se,diketopyrrolopyrrole (DPP) with selenophene comonomer,phosphonate chain-end solubilizing groups (bis(2-ethylhexyl)(4-bromobutyl)phosphonate),phosphonate,2-ethylhexyl,solubility and polarity,OFET,electronic,N/A,N/A,N/A,N/A,N/A,2.64 × 10−2 cm2 V−1 s−1,N/A,N/A,N/A,N/A,N/A,N/A,N/A,N/A,∼3.6 Å,25−26 Å,OTS-treated MeTHF 150 °C annealed,spin-coating,MeTHF,anhydrous chlorobenzene,N/A,bottom-gate/top-contact,good saturation behavior,388_usefulness-of-polar-and-bulky-phosphonate-chain-end-solubilizing-groups-in-polymeric-semiconductors.txt,scratch/prj/ch_sce_mine/MatAGen/outputs_example/388_usefulness-of-polar-and-bulky-phosphonate-chain-end-solubilizing-groups-in-polymeric-semiconductors/388_usefulness-of-polar-and-bulky-phosphonate-chain-end-solubilizing-groups-in-polymeric-semiconductors/pdf/388_usefulness-of-polar-and-bulky-phosphonate-chain-end-solubilizing-groups-in-polymeric-semiconductors.txt,text_mining_GPT_extended
EH4P-TT,diketopyrrolopyrrole (DPP) with thienothiophene comonomer,phosphonate chain-end solubilizing groups (bis(2-ethylhexyl)(4-bromobutyl)phosphonate),phosphonate,2-ethylhexyl,solubility and polarity,OFET,electronic,N/A,N/A,N/A,N/A,N/A,9.63 × 10−2 cm2 V−1 s−1,N/A,N/A,N/A,N/A,N/A,N/A,N/A,N/A,∼3.6 Å,25−26 Å,OTS-treated nonannealed,spin-coating,chloroform,anhydrous chlorobenzene,N/A,bottom-gate/top-contact,smooth and uniform surfaces and small grains,388_usefulness-of-polar-and-bulky-phosphonate-chain-end-solubilizing-groups-in-polymeric-semiconductors.txt,scratch/prj/ch_sce_mine/MatAGen/outputs_example/388_usefulness-of-polar-and-bulky-phosphonate-chain-end-solubilizing-groups-in-polymeric-semiconductors/388_usefulness-of-polar-and-bulky-phosphonate-chain-end-solubilizing-groups-in-polymeric-semiconductors/pdf/388_usefulness-of-polar-and-bulky-phosphonate-chain-end-solubilizing-groups-in-polymeric-semiconductors.txt,text_mining_GPT_extended
EH4P-TT,diketopyrrolopyrrole (DPP) with thienothiophene comonomer,phosphonate chain-end solubilizing groups (bis(2-ethylhexyl)(4-bromobutyl)phosphonate),phosphonate,2-ethylhexyl,solubility and polarity,OFET,electronic,N/A,N/A,N/A,N/A,N/A,1.46 × 10−1 cm2 V−1 s−1,N/A,N/A,N/A,N/A,N/A,N/A,N/A,N/A,∼3.6 Å,25−26 Å,OTS-treated 150 °C annealed,spin-coating,chloroform,anhydrous chlorobenzene,N/A,bottom-gate/top-contact,"edge-on packing, fibrillar intercalating networks, and large crystalline π-stacking",388_usefulness-of-polar-and-bulky-phosphonate-chain-end-solubilizing-groups-in-polymeric-semiconductors.txt,scratch/prj/ch_sce_mine/MatAGen/outputs_example/388_usefulness-of-polar-and-bulky-phosphonate-chain-end-solubilizing-groups-in-polymeric-semiconductors/388_usefulness-of-polar-and-bulky-phosphonate-chain-end-solubilizing-groups-in-polymeric-semiconductors/pdf/388_usefulness-of-polar-and-bulky-phosphonate-chain-end-solubilizing-groups-in-polymeric-semiconductors.txt,text_mining_GPT_extended
EH4P-TT,diketopyrrolopyrrole (DPP) with thienothiophene comonomer,phosphonate chain-end solubilizing groups (bis(2-ethylhexyl)(4-bromobutyl)phosphonate),phosphonate,2-ethylhexyl,solubility and polarity,OFET,electronic,N/A,N/A,N/A,N/A,N/A,6.10 × 10−3 cm2 V−1 s−1,N/A,N/A,N/A,N/A,N/A,N/A,N/A,N/A,∼3.6 Å,25−26 Å,OTS-untreated 150 °C annealed,spin-coating,chloroform,anhydrous chlorobenzene,N/A,bottom-gate/top-contact,slightly increased (010) π−π stacking distances,388_usefulness-of-polar-and-bulky-phosphonate-chain-end-solubilizing-groups-in-polymeric-semiconductors.txt,scratch/prj/ch_sce_mine/MatAGen/outputs_example/388_usefulness-of-polar-and-bulky-phosphonate-chain-end-solubilizing-groups-in-polymeric-semiconductors/388_usefulness-of-polar-and-bulky-phosphonate-chain-end-solubilizing-groups-in-polymeric-semiconductors/pdf/388_usefulness-of-polar-and-bulky-phosphonate-chain-end-solubilizing-groups-in-polymeric-semiconductors.txt,text_mining_GPT_extended
EH4P-TT,diketopyrrolopyrrole (DPP) with thienothiophene comonomer,phosphonate chain-end solubilizing groups (bis(2-ethylhexyl)(4-bromobutyl)phosphonate),phosphonate,2-ethylhexyl,solubility and polarity,OFET,electronic,N/A,N/A,N/A,N/A,N/A,4.72 × 10−2 cm2 V−1 s−1,N/A,N/A,N/A,N/A,N/A,N/A,N/A,N/A,∼3.6 Å,25−26 Å,OTS-treated MeTHF 150 °C annealed,spin-coating,MeTHF,anhydrous chlorobenzene,N/A,bottom-gate/top-contact,good saturation behavior,388_usefulness-of-polar-and-bulky-phosphonate-chain-end-solubilizing-groups-in-polymeric-semiconductors.txt,scratch/prj/ch_sce_mine/MatAGen/outputs_example/388_usefulness-of-polar-and-bulky-phosphonate-chain-end-solubilizing-groups-in-polymeric-semiconductors/388_usefulness-of-polar-and-bulky-phosphonate-chain-end-solubilizing-groups-in-polymeric-semiconductors/pdf/388_usefulness-of-polar-and-bulky-phosphonate-chain-end-solubilizing-groups-in-polymeric-semiconductors.txt,text_mining_GPT_extended
EH4P-BT,diketopyrrolopyrrole (DPP) with bithiophene comonomer,phosphonate chain-end solubilizing groups (bis(2-ethylhexyl)(4-bromobutyl)phosphonate),phosphonate,2-ethylhexyl,solubility and polarity,OFET,electronic,N/A,N/A,N/A,N/A,N/A,6.45 × 10−2 cm2 V−1 s−1,N/A,N/A,N/A,N/A,N/A,N/A,N/A,N/A,∼3.6 Å,25−26 Å,OTS-treated nonannealed,spin-coating,chloroform,anhydrous chlorobenzene,N/A,bottom-gate/top-contact,smooth and uniform surfaces and small grains,388_usefulness-of-polar-and-bulky-phosphonate-chain-end-solubilizing-groups-in-polymeric-semiconductors.txt,scratch/prj/ch_sce_mine/MatAGen/outputs_example/388_usefulness-of-polar-and-bulky-phosphonate-chain-end-solubilizing-groups-in-polymeric-semiconductors/388_usefulness-of-polar-and-bulky-phosphonate-chain-end-solubilizing-groups-in-polymeric-semiconductors/pdf/388_usefulness-of-polar-and-bulky-phosphonate-chain-end-solubilizing-groups-in-polymeric-semiconductors.txt,text_mining_GPT_extended
EH4P-BT,diketopyrrolopyrrole (DPP) with bithiophene comonomer,phosphonate chain-end solubilizing groups (bis(2-ethylhexyl)(4-bromobutyl)phosphonate),phosphonate,2-ethylhexyl,solubility and polarity,OFET,electronic,N/A,N/A,N/A,N/A,N/A,1.16 × 10−1 cm2 V−1 s−1,N/A,N/A,N/A,N/A,N/A,N/A,N/A,N/A,∼3.6 Å,25−26 Å,OTS-treated 150 °C annealed,spin-coating,chloroform,anhydrous chlorobenzene,N/A,bottom-gate/top-contact,edge-on dominant packing motif,388_usefulness-of-polar-and-bulky-phosphonate-chain-end-solubilizing-groups-in-polymeric-semiconductors.txt,scratch/prj/ch_sce_mine/MatAGen/outputs_example/388_usefulness-of-polar-and-bulky-phosphonate-chain-end-solubilizing-groups-in-polymeric-semiconductors/388_usefulness-of-polar-and-bulky-phosphonate-chain-end-solubilizing-groups-in-polymeric-semiconductors/pdf/388_usefulness-of-polar-and-bulky-phosphonate-chain-end-solubilizing-groups-in-polymeric-semiconductors.txt,text_mining_GPT_extended
EH4P-BT,diketopyrrolopyrrole (DPP) with bithiophene comonomer,phosphonate chain-end solubilizing groups (bis(2-ethylhexyl)(4-bromobutyl)phosphonate),phosphonate,2-ethylhexyl,solubility and polarity,OFET,electronic,N/A,N/A,N/A,N/A,N/A,3.73 × 10−3 cm2 V−1 s−1,N/A,N/A,N/A,N/A,N/A,N/A,N/A,N/A,∼3.6 Å,25−26 Å,OTS-untreated 150 °C annealed,spin-coating,chloroform,anhydrous chlorobenzene,N/A,bottom-gate/top-contact,slightly increased (010) π−π stacking distances,388_usefulness-of-polar-and-bulky-phosphonate-chain-end-solubilizing-groups-in-polymeric-semiconductors.txt,scratch/prj/ch_sce_mine/MatAGen/outputs_example/388_usefulness-of-polar-and-bulky-phosphonate-chain-end-solubilizing-groups-in-polymeric-semiconductors/388_usefulness-of-polar-and-bulky-phosphonate-chain-end-solubilizing-groups-in-polymeric-semiconductors/pdf/388_usefulness-of-polar-and-bulky-phosphonate-chain-end-solubilizing-groups-in-polymeric-semiconductors.txt,text_mining_GPT_extended
EH4P-BT,diketopyrrolopyrrole (DPP) with bithiophene comonomer,phosphonate chain-end solubilizing groups (bis(2-ethylhexyl)(4-bromobutyl)phosphonate),phosphonate,2-ethylhexyl,solubility and polarity,OFET,electronic,N/A,N/A,N/A,N/A,N/A,3.46 × 10−2 cm2 V−1 s−1,N/A,N/A,N/A,N/A,N/A,N/A,N/A,N/A,∼3.6 Å,25−26 Å,OTS-treated MeTHF 150 °C annealed,spin-coating,MeTHF,anhydrous chlorobenzene,N/A,bottom-gate/top-contact,good saturation behavior,388_usefulness-of-polar-and-bulky-phosphonate-chain-end-solubilizing-groups-in-polymeric-semiconductors.txt,scratch/prj/ch_sce_mine/MatAGen/outputs_example/388_usefulness-of-polar-and-bulky-phosphonate-chain-end-solubilizing-groups-in-polymeric-semiconductors/388_usefulness-of-polar-and-bulky-phosphonate-chain-end-solubilizing-groups-in-polymeric-semiconductors/pdf/388_usefulness-of-polar-and-bulky-phosphonate-chain-end-solubilizing-groups-in-polymeric-semiconductors.txt,text_mining_GPT_extended
TQ-2OC6,thiophene-quinoxaline copolymer,n-hexyloxy groups (meta),alkoxy,C6,solubility,OPV,electronic,100 nm,N/A,114.2 kDa,261.8 kDa,2.3,N/A,N/A,N/A,N/A,5.70/5.47,10.94 mA/cm2,0.88 V,0.59,N/A,N/A,N/A,processed from chloroform,spin-coating,chloroform,toluene,N/A,ITO/PEDOT:PSS/active/LiF/Al,N/A,315_1-s2.0-S1566119919306391-main.txt,scratch/prj/ch_sce_mine/MatAGen/outputs_example/315_1-s2.0-S1566119919306391-main/315_1-s2.0-S1566119919306391-main/pdf/315_1-s2.0-S1566119919306391-main.txt,text_mining_GPT_extended
TQ-4OC6,thiophene-quinoxaline copolymer,n-hexyloxy groups (meta and para),alkoxy,C6,solubility,OPV,electronic,100 nm,N/A,8.8 kDa,17.5 kDa,2.0,N/A,N/A,N/A,N/A,1.08/0.84,2.40 mA/cm2,0.95 V,0.47,N/A,N/A,N/A,processed from chloroform,spin-coating,chloroform,toluene,N/A,ITO/PEDOT:PSS/active/LiF/Al,prominent phase separation,315_1-s2.0-S1566119919306391-main.txt,scratch/prj/ch_sce_mine/MatAGen/outputs_example/315_1-s2.0-S1566119919306391-main/315_1-s2.0-S1566119919306391-main/pdf/315_1-s2.0-S1566119919306391-main.txt,text_mining_GPT_extended
TQ-4EO,thiophene-quinoxaline copolymer,oligo(ethylene oxide) groups (meta and para),oligo(ethylene oxide),oligo(ethylene oxide),solubility,OPV,electronic,90 nm,N/A,15.9 kDa,35.8 kDa,2.3,N/A,N/A,N/A,N/A,0.76/0.61,1.87 mA/cm2,0.79 V,0.53,N/A,N/A,N/A,processed from chloroform,spin-coating,chloroform,toluene,N/A,ITO/PEDOT:PSS/active/LiF/Al,phase separation between the two components,315_1-s2.0-S1566119919306391-main.txt,scratch/prj/ch_sce_mine/MatAGen/outputs_example/315_1-s2.0-S1566119919306391-main/315_1-s2.0-S1566119919306391-main/pdf/315_1-s2.0-S1566119919306391-main.txt,text_mining_GPT_extended
TQ-2OC6,thiophene-quinoxaline copolymer,n-hexyloxy groups (meta),alkoxy,C6,solubility,OPV,electronic,145 nm,N/A,114.2 kDa,261.8 kDa,2.3,N/A,N/A,N/A,N/A,4.95/4.45,10.74 mA/cm2,0.90 V,0.48,N/A,N/A,N/A,"processed from 1,2-dichlorobenzene",spin-coating,"1,2-dichlorobenzene",toluene,N/A,ITO/PEDOT:PSS/active/Ca/Al,N/A,315_1-s2.0-S1566119919306391-main.txt,scratch/prj/ch_sce_mine/MatAGen/outputs_example/315_1-s2.0-S1566119919306391-main/315_1-s2.0-S1566119919306391-main/pdf/315_1-s2.0-S1566119919306391-main.txt,text_mining_GPT_extended
TQ-2OC6,thiophene-quinoxaline copolymer,n-hexyloxy groups (meta),alkoxy,C6,solubility,OPV,electronic,70 nm,N/A,114.2 kDa,261.8 kDa,2.3,N/A,N/A,N/A,N/A,3.23/3.00,5.08 mA/cm2,0.85 V,0.58,N/A,N/A,N/A,"processed from 1,2-dichlorobenzene",spin-coating,"1,2-dichlorobenzene",toluene,N/A,ITO/PEDOT:PSS/active/Ca/Al,N/A,315_1-s2.0-S1566119919306391-main.txt,scratch/prj/ch_sce_mine/MatAGen/outputs_example/315_1-s2.0-S1566119919306391-main/315_1-s2.0-S1566119919306391-main/pdf/315_1-s2.0-S1566119919306391-main.txt,text_mining_GPT_extended
TQ-4OC6,thiophene-quinoxaline copolymer,n-hexyloxy groups (meta and para),alkoxy,C6,solubility,OPV,electronic,80 nm,N/A,8.8 kDa,17.5 kDa,2.0,N/A,N/A,N/A,N/A,1.27/1.00,2.39 mA/cm2,0.93 V,0.57,N/A,N/A,N/A,"processed from 1,2-dichlorobenzene",spin-coating,"1,2-dichlorobenzene",toluene,N/A,ITO/PEDOT:PSS/active/Ca/Al,prominent phase separation,315_1-s2.0-S1566119919306391-main.txt,scratch/prj/ch_sce_mine/MatAGen/outputs_example/315_1-s2.0-S1566119919306391-main/315_1-s2.0-S1566119919306391-main/pdf/315_1-s2.0-S1566119919306391-main.txt,text_mining_GPT_extended
P1,pyromellitic diimide (PMDI) acceptor and thienothiophene (TT) donor D–A backbone,2-ethylhexyl,alkyl,2-ethylhexyl,solubility and morphology,OPV,electronic,80 nm,N/A,4.7 KDa,N/A,1.07,N/A,N/A,N/A,N/A,0.12%,0.676 mA cm^-2,0.44 V,40%,N/A,N/A,N/A,1:2 D–A ratio; no pre-annealing,spin coating,ODCB,toluene,N/A,ITO/PEDOT:PSS/Polymer:PCBM/LiF/Al,phase-separated morphology with nanoscale domains,307_Polymers for Advanced Techs - 2014 - Luo - Design and synthesis of pyromellitic diimide%E2%80%90based donor acceptor conjugated.txt,scratch/prj/ch_sce_mine/MatAGen/outputs_example/307_Polymers for Advanced Techs - 2014 - Luo - Design and synthesis of pyromellitic diimide%E2%80%90based donor acceptor conjugated/307_Polymers for Advanced Techs - 2014 - Luo - Design and synthesis of pyromellitic diimide%E2%80%90based donor acceptor conjugated/pdf/307_Polymers for Advanced Techs - 2014 - Luo - Design and synthesis of pyromellitic diimide%E2%80%90based donor acceptor conjugated.txt,text_mining_GPT_extended
P2,pyromellitic diimide (PMDI) acceptor and thienothiophene (TT) donor D–A backbone,2-octyldodecyl,alkyl,2-octyldodecyl,solubility and morphology,OPV,electronic,80 nm,N/A,30.8 KDa,N/A,4.22,N/A,N/A,N/A,N/A,0.022%,0.121 mA cm^-2,0.67 V,27%,N/A,N/A,N/A,1:2 D–A ratio; no pre-annealing,spin coating,ODCB,toluene,N/A,ITO/PEDOT:PSS/Polymer:PCBM/LiF/Al,large domains of aggregated PCBM,307_Polymers for Advanced Techs - 2014 - Luo - Design and synthesis of pyromellitic diimide%E2%80%90based donor acceptor conjugated.txt,scratch/prj/ch_sce_mine/MatAGen/outputs_example/307_Polymers for Advanced Techs - 2014 - Luo - Design and synthesis of pyromellitic diimide%E2%80%90based donor acceptor conjugated/307_Polymers for Advanced Techs - 2014 - Luo - Design and synthesis of pyromellitic diimide%E2%80%90based donor acceptor conjugated/pdf/307_Polymers for Advanced Techs - 2014 - Luo - Design and synthesis of pyromellitic diimide%E2%80%90based donor acceptor conjugated.txt,text_mining_GPT_extended
P3,pyromellitic diimide (PMDI) acceptor and thienothiophene (TT) donor D–A backbone,2-octyldodecyl,alkyl,2-octyldodecyl,solubility and morphology,OPV,electronic,80 nm,N/A,80.4 KDa,N/A,2.30,N/A,N/A,N/A,N/A,0.43%,2.05 mA cm^-2,0.59 V,35%,N/A,N/A,N/A,1:2 D–A ratio; pre-annealing 110 °C,spin coating,ODCB,toluene,N/A,ITO/PEDOT:PSS/Polymer:PCBM/LiF/Al,better phase-separated morphology,307_Polymers for Advanced Techs - 2014 - Luo - Design and synthesis of pyromellitic diimide%E2%80%90based donor acceptor conjugated.txt,scratch/prj/ch_sce_mine/MatAGen/outputs_example/307_Polymers for Advanced Techs - 2014 - Luo - Design and synthesis of pyromellitic diimide%E2%80%90based donor acceptor conjugated/307_Polymers for Advanced Techs - 2014 - Luo - Design and synthesis of pyromellitic diimide%E2%80%90based donor acceptor conjugated/pdf/307_Polymers for Advanced Techs - 2014 - Luo - Design and synthesis of pyromellitic diimide%E2%80%90based donor acceptor conjugated.txt,text_mining_GPT_extended
PBDTNTz1,BDT-NTz alternating backbone,different alkyl groups on BDT and NTz,alkyl,NTz16/BDT8,modulate solubility and intermolecular packing,PSC and OFET,electronic,N/A,N/A,18.9 kDa,N/A,2.20,2.2 × 10−2 cm2V−1s−1,N/A,N/A,N/A,7.37%,14.04 mA/cm2,0.94 V,55.81%,amorphous,3.7 Å,N/A,1:1 wt% blend; AM1.5G 100 mW/cm2,bulk heterojunction,N/A,chlorobenzene,N/A,BGTC OFET; inverted PSC (ITO/ZnO/MoO3/Ag),face-on orientation,309_s41428-022-00742-9.txt,scratch/prj/ch_sce_mine/MatAGen/outputs_example/309_s41428-022-00742-9/309_s41428-022-00742-9/pdf/309_s41428-022-00742-9.txt,text_mining_GPT_extended
PBDTNTz2,BDT-NTz alternating backbone,different alkyl groups on BDT and NTz,alkyl,NTz8/BDT16,modulate solubility and intermolecular packing,PSC and OFET,electronic,N/A,N/A,14.3 kDa,N/A,1.85,5.0 × 10−2 cm2V−1s−1,N/A,N/A,N/A,2.39%,6.74 mA/cm2,0.94 V,37.81%,amorphous,N/A,N/A,1:1 wt% blend; AM1.5G 100 mW/cm2,bulk heterojunction,N/A,chlorobenzene,N/A,BGTC OFET; inverted PSC (ITO/ZnO/MoO3/Ag),more amorphous character,309_s41428-022-00742-9.txt,scratch/prj/ch_sce_mine/MatAGen/outputs_example/309_s41428-022-00742-9/309_s41428-022-00742-9/pdf/309_s41428-022-00742-9.txt,text_mining_GPT_extended
PDPPNp,DPP-based,2-decyltetradecyl,alkyl,2-decyltetradecyl,N/A,PSC,electronic,120 nm,N/A,109.2 kDa,N/A,2.1,2.61 × 10−5 cm2 V−1 s−1,3.88 × 10−6 cm2 V−1 s−1,N/A,N/A,5.81%,10.79 mA cm−2,0.77 V,70.37%,N/A,N/A,N/A,"1:1.5 blend, 3 vol% DPE",spin-coating,chloroform with 3 vol% DPE,toluene,0.10 M Bu4NPF6 in acetonitrile,inverted device ITO/ZnO/active layer/MoO3/Ag,N/A,354_c6py00901h.txt,scratch/prj/ch_sce_mine/MatAGen/outputs_example/354_c6py00901h/354_c6py00901h/pdf/354_c6py00901h.txt,text_mining_GPT_extended
PDPPBT,DPP-based,2-decyltetradecyl,alkyl,2-decyltetradecyl,N/A,PSC,electronic,120 nm,N/A,162.6 kDa,N/A,2.4,6.46 × 10−5 cm2 V−1 s−1,4.32 × 10−6 cm2 V−1 s−1,N/A,N/A,4.70%,11.33 mA cm−2,0.61 V,68.00%,N/A,N/A,N/A,"1:1.5 blend, 3 vol% DPE",spin-coating,chloroform with 3 vol% DPE,toluene,0.10 M Bu4NPF6 in acetonitrile,inverted device ITO/ZnO/active layer/MoO3/Ag,N/A,354_c6py00901h.txt,scratch/prj/ch_sce_mine/MatAGen/outputs_example/354_c6py00901h/354_c6py00901h/pdf/354_c6py00901h.txt,text_mining_GPT_extended
PDPPFBT,DPP-based,2-decyltetradecyl,alkyl,2-decyltetradecyl,N/A,PSC,electronic,120 nm,N/A,148.4 kDa,N/A,2.6,1.02 × 10−5 cm2 V−1 s−1,2.28 × 10−6 cm2 V−1 s−1,N/A,N/A,4.47%,8.08 mA cm−2,0.77 V,72.02%,N/A,N/A,N/A,"1:1.5 blend, 3 vol% DPE",spin-coating,chloroform with 3 vol% DPE,toluene,0.10 M Bu4NPF6 in acetonitrile,inverted device ITO/ZnO/active layer/MoO3/Ag,coarse dispersive domains,354_c6py00901h.txt,scratch/prj/ch_sce_mine/MatAGen/outputs_example/354_c6py00901h/354_c6py00901h/pdf/354_c6py00901h.txt,text_mining_GPT_extended
PDPPBF,DPP-based,2-decyltetradecyl,alkyl,2-decyltetradecyl,N/A,PSC,electronic,120 nm,N/A,161.9 kDa,N/A,2.3,2.39 × 10−5 cm2 V−1 s−1,1.88 × 10−6 cm2 V−1 s−1,N/A,N/A,6.34%,13.44 mA cm−2,0.70 V,67.10%,N/A,N/A,N/A,"1:1.5 blend, 3 vol% DPE",spin-coating,chloroform with 3 vol% DPE,toluene,0.10 M Bu4NPF6 in acetonitrile,inverted device ITO/ZnO/active layer/MoO3/Ag,face-on orientation,354_c6py00901h.txt,scratch/prj/ch_sce_mine/MatAGen/outputs_example/354_c6py00901h/354_c6py00901h/pdf/354_c6py00901h.txt,text_mining_GPT_extended
PDPPNF,DPP-based,2-decyltetradecyl,alkyl,2-decyltetradecyl,N/A,PSC,electronic,120 nm,N/A,65.0 kDa,N/A,3.5,1.05 × 10−5 cm2 V−1 s−1,5.36 × 10−6 cm2 V−1 s−1,N/A,N/A,6.39%,10.81 mA cm−2,0.77 V,76.78%,N/A,N/A,N/A,"1:1.5 blend, 3 vol% DPE",spin-coating,chloroform with 3 vol% DPE,toluene,0.10 M Bu4NPF6 in acetonitrile,inverted device ITO/ZnO/active layer/MoO3/Ag,very fine nano-phase morphologies,354_c6py00901h.txt,scratch/prj/ch_sce_mine/MatAGen/outputs_example/354_c6py00901h/354_c6py00901h/pdf/354_c6py00901h.txt,text_mining_GPT_extended
PIDT-EHNT,"indacenodithiophene (IDT) - naphtho[1,2-c:5,6-c]bis(1,2,5-thiadiazole) alternating backbone",2-ethylhexyl,alkyl,2-ethylhexyl,improve solubility,OPV,electronic,80 nm,N/A,19.4 kDa,N/A,2.17,9.84 × 10−5 cm2 V−1 s−1,N/A,N/A,N/A,1.49%,4.33 mA cm−2,0.86 V,40%,N/A,N/A,N/A,polymer:PC71BM 1:2; AM1.5G 100 mW cm−2,spin-coating,chlorobenzene,anhydrous toluene and DMF,N/A,ITO/PEDOT:PSS/polymer:PC71BM/PFN/Al,unexpected phase separation,313_design-and-synthesis-of-copolymers-of-indacenodithiophene-and-naphtho-1-2-c-5-6-c-bis%281-2-5-thiadiazole%29-for-polymer.txt,scratch/prj/ch_sce_mine/MatAGen/outputs_example/313_design-and-synthesis-of-copolymers-of-indacenodithiophene-and-naphtho-1-2-c-5-6-c-bis%281-2-5-thiadiazole%29-for-polymer/313_design-and-synthesis-of-copolymers-of-indacenodithiophene-and-naphtho-1-2-c-5-6-c-bis%281-2-5-thiadiazole%29-for-polymer/pdf/313_design-and-synthesis-of-copolymers-of-indacenodithiophene-and-naphtho-1-2-c-5-6-c-bis%281-2-5-thiadiazole%29-for-polymer.txt,text_mining_GPT_extended
PIDT-DTNT,"indacenodithiophene (IDT) - naphtho[1,2-c:5,6-c]bis(1,2,5-thiadiazole) alternating backbone",hexyl,alkyl,hexyl,improve solubility,OPV,electronic,80 nm,N/A,17.6 kDa,N/A,2.02,1.66 × 10−4 cm2 V−1 s−1,N/A,N/A,N/A,2.97%,8.26 mA cm−2,0.80 V,45%,N/A,N/A,N/A,polymer:PC71BM 1:2; AM1.5G 100 mW cm−2,spin-coating,chlorobenzene,anhydrous toluene and DMF,N/A,ITO/PEDOT:PSS/polymer:PC71BM/PFN/Al,unexpected phase separation,313_design-and-synthesis-of-copolymers-of-indacenodithiophene-and-naphtho-1-2-c-5-6-c-bis%281-2-5-thiadiazole%29-for-polymer.txt,scratch/prj/ch_sce_mine/MatAGen/outputs_example/313_design-and-synthesis-of-copolymers-of-indacenodithiophene-and-naphtho-1-2-c-5-6-c-bis%281-2-5-thiadiazole%29-for-polymer/313_design-and-synthesis-of-copolymers-of-indacenodithiophene-and-naphtho-1-2-c-5-6-c-bis%281-2-5-thiadiazole%29-for-polymer/pdf/313_design-and-synthesis-of-copolymers-of-indacenodithiophene-and-naphtho-1-2-c-5-6-c-bis%281-2-5-thiadiazole%29-for-polymer.txt,text_mining_GPT_extended
PIDT-C12NT,"indacenodithiophene (IDT) - naphtho[1,2-c:5,6-c]bis(1,2,5-thiadiazole) alternating backbone",dodecyl,alkyl,dodecyl,improve solubility,OPV,electronic,80 nm,N/A,17.5 kDa,N/A,2.49,2.42 × 10−4 cm2 V−1 s−1,N/A,N/A,N/A,5.05%,10.21 mA cm−2,0.90 V,55%,N/A,N/A,N/A,polymer:PC71BM 1:2; AM1.5G 100 mW cm−2,spin-coating,chlorobenzene,anhydrous toluene and DMF,N/A,ITO/PEDOT:PSS/polymer:PC71BM/PFN/Al,interpenetrating bicontinuous network,313_design-and-synthesis-of-copolymers-of-indacenodithiophene-and-naphtho-1-2-c-5-6-c-bis%281-2-5-thiadiazole%29-for-polymer.txt,scratch/prj/ch_sce_mine/MatAGen/outputs_example/313_design-and-synthesis-of-copolymers-of-indacenodithiophene-and-naphtho-1-2-c-5-6-c-bis%281-2-5-thiadiazole%29-for-polymer/313_design-and-synthesis-of-copolymers-of-indacenodithiophene-and-naphtho-1-2-c-5-6-c-bis%281-2-5-thiadiazole%29-for-polymer/pdf/313_design-and-synthesis-of-copolymers-of-indacenodithiophene-and-naphtho-1-2-c-5-6-c-bis%281-2-5-thiadiazole%29-for-polymer.txt,text_mining_GPT_extended
TBT-1,thienopyrroledione-benzodiathiadiazole-fluorene-based conjugated polymer,2-ethylhexyl alkyl chain,alkyl,2-ethylhexyl,packing adjustment,OLET,electronic,N/A,N/A,26×10^0,N/A,2.38,N/A,2.5×10–3 cm2·V–1·s–1,N/A,N/A,N/A,N/A,N/A,N/A,N/A,0.37 nm,N/A,annealed at 250 °C,thermal annealing,N/A,N/A,N/A,TG-BC (glass/Au/semiconductor/PMMA/Al),face-on stacking mode,364_s40242-023-3180-4.txt,scratch/prj/ch_sce_mine/MatAGen/outputs_example/364_s40242-023-3180-4/364_s40242-023-3180-4/pdf/364_s40242-023-3180-4.txt,text_mining_GPT_extended
TBT-2,thienopyrroledione-benzodiathiadiazole-fluorene-based conjugated polymer,octyl alkyl chain,alkyl,octyl,packing adjustment,OLET,electronic,N/A,N/A,3200,N/A,1.63,1.1×10–2 cm2·V–1·s–1,1.3×10–3 cm2·V–1·s–1,N/A,N/A,N/A,N/A,N/A,N/A,N/A,0.35 nm,N/A,annealed at 250 °C,thermal annealing,N/A,N/A,N/A,TG-BC (glass/Au/semiconductor/PMMA/Al),edge-on stacking mode,364_s40242-023-3180-4.txt,scratch/prj/ch_sce_mine/MatAGen/outputs_example/364_s40242-023-3180-4/364_s40242-023-3180-4/pdf/364_s40242-023-3180-4.txt,text_mining_GPT_extended
PIIT-Boc75,isoindigo-thiophene,t-Boc and polyisobutylene (PIB),t-Boc and alkyl,PIB Mn = 1000 g mol−1,solution-processability; cleavable H-bond inhibitor,OFET,electronic,N/A,N/A,31.0 kg mol−1,N/A,1.7,1.61 × 10−4 cm2 V−1 s−1,N/A,N/A,N/A,N/A,N/A,N/A,N/A,N/A,3.51 Å,N/A,pristine thin film,spin-coating,"1,2-dichlorobenzene",toluene,N.A,top-gate bottom-contact (TG/BC),typical p-type characteristics,370_c5py01669j.txt,scratch/prj/ch_sce_mine/MatAGen/outputs_example/370_c5py01669j/370_c5py01669j/pdf/370_c5py01669j.txt,text_mining_GPT_extended
PIIT-Boc75,isoindigo-thiophene,t-Boc and polyisobutylene (PIB),t-Boc and alkyl,PIB Mn = 1000 g mol−1,solution-processability; cleavable H-bond inhibitor,OFET,electronic,N/A,N/A,31.0 kg mol−1,N/A,1.7,7.22 × 10−5 cm2 V−1 s−1,N/A,N/A,N/A,N/A,N/A,N/A,N/A,N/A,N/A,N/A,pristine thin film immersed in solvent (5 min),spin-coating,"1,2-dichlorobenzene",toluene,N.A,top-gate bottom-contact (TG/BC),partially dissolved and damaged,370_c5py01669j.txt,scratch/prj/ch_sce_mine/MatAGen/outputs_example/370_c5py01669j/370_c5py01669j/pdf/370_c5py01669j.txt,text_mining_GPT_extended
PIIT-Boc75,isoindigo-thiophene,t-Boc and polyisobutylene (PIB),t-Boc and alkyl,PIB Mn = 1000 g mol−1,solution-processability; cleavable H-bond inhibitor,OFET,electronic,N/A,N/A,31.0 kg mol−1,N/A,1.7,1.09 × 10−4 cm2 V−1 s−1,N/A,N/A,N/A,N/A,N/A,N/A,N/A,N/A,3.59 Å,N/A,annealed thin film,spin-coating,"1,2-dichlorobenzene",toluene,N.A,top-gate bottom-contact (TG/BC),more aggregation areas,370_c5py01669j.txt,scratch/prj/ch_sce_mine/MatAGen/outputs_example/370_c5py01669j/370_c5py01669j/pdf/370_c5py01669j.txt,text_mining_GPT_extended
PIIT-Boc75,isoindigo-thiophene,t-Boc and polyisobutylene (PIB),t-Boc and alkyl,PIB Mn = 1000 g mol−1,solution-processability; cleavable H-bond inhibitor,OFET,electronic,N/A,N/A,31.0 kg mol−1,N/A,1.7,1.38 × 10−4 cm2 V−1 s−1,N/A,N/A,N/A,N/A,N/A,N/A,N/A,N/A,3.59 Å,N/A,annealed thin film immersed in CHCl3 (5 min),spin-coating,"1,2-dichlorobenzene",toluene,N.A,top-gate bottom-contact (TG/BC),retained electronic properties,370_c5py01669j.txt,scratch/prj/ch_sce_mine/MatAGen/outputs_example/370_c5py01669j/370_c5py01669j/pdf/370_c5py01669j.txt,text_mining_GPT_extended
PIIT-Boc70,isoindigo-thiophene,t-Boc and polyisobutylene (PIB),t-Boc and alkyl,PIB Mn = 1000 g mol−1,solution-processability; cleavable H-bond inhibitor,OFET,electronic,N/A,N/A,26.0 kg mol−1,N/A,1.9,9.67 × 10−5 cm2 V−1 s−1,N/A,N/A,N/A,N/A,N/A,N/A,N/A,N/A,N/A,N/A,pristine thin film,spin-coating,"1,2-dichlorobenzene",toluene,N.A,top-gate bottom-contact (TG/BC),typical p-type characteristics,370_c5py01669j.txt,scratch/prj/ch_sce_mine/MatAGen/outputs_example/370_c5py01669j/370_c5py01669j/pdf/370_c5py01669j.txt,text_mining_GPT_extended
PIIT-Boc70,isoindigo-thiophene,t-Boc and polyisobutylene (PIB),t-Boc and alkyl,PIB Mn = 1000 g mol−1,solution-processability; cleavable H-bond inhibitor,OFET,electronic,N/A,N/A,26.0 kg mol−1,N/A,1.9,2.02 × 10−4 cm2 V−1 s−1,N/A,N/A,N/A,N/A,N/A,N/A,N/A,N/A,N/A,N/A,annealed thin film,spin-coating,"1,2-dichlorobenzene",toluene,N.A,top-gate bottom-contact (TG/BC),more aggregation areas,370_c5py01669j.txt,scratch/prj/ch_sce_mine/MatAGen/outputs_example/370_c5py01669j/370_c5py01669j/pdf/370_c5py01669j.txt,text_mining_GPT_extended
PIIT-Boc70,isoindigo-thiophene,t-Boc and polyisobutylene (PIB),t-Boc and alkyl,PIB Mn = 1000 g mol−1,solution-processability; cleavable H-bond inhibitor,OFET,electronic,N/A,N/A,26.0 kg mol−1,N/A,1.9,1.62 × 10−4 cm2 V−1 s−1,N/A,N/A,N/A,N/A,N/A,N/A,N/A,N/A,N/A,N/A,annealed thin film immersed in CHCl3 (5 min),spin-coating,"1,2-dichlorobenzene",toluene,N.A,top-gate bottom-contact (TG/BC),retained electronic properties,370_c5py01669j.txt,scratch/prj/ch_sce_mine/MatAGen/outputs_example/370_c5py01669j/370_c5py01669j/pdf/370_c5py01669j.txt,text_mining_GPT_extended
PIIT-Boc65,isoindigo-thiophene,t-Boc and polyisobutylene (PIB),t-Boc and alkyl,PIB Mn = 1000 g mol−1,solution-processability; cleavable H-bond inhibitor,N/A,N/A,N/A,N/A,32.0 kg mol−1,N/A,2.5,N/A,N/A,N/A,N/A,N/A,N/A,N/A,N/A,N/A,N/A,N/A,pristine and annealed films reported,spin-coating,"1,2-dichlorobenzene",toluene,0.1 M TBAPF6 in CH3CN,Cyclic voltammetry,N/A,370_c5py01669j.txt,scratch/prj/ch_sce_mine/MatAGen/outputs_example/370_c5py01669j/370_c5py01669j/pdf/370_c5py01669j.txt,text_mining_GPT_extended
diHD-RR,terthiophene-FBT donor-acceptor backbone,hexyl–decyl,alkyl,hexyl–decyl,solubility and self-assembly control,OPV,electronic,N/A,N/A,24.4 kDa,N/A,1.50,N/A,N/A,N/A,N/A,7.25 ± 0.12,16.53 ± 0.34,0.73 ± 0.01,60.33 ± 0.98,N/A,3.52 Å,≈20.5 Å,AM 1.5 G illumination (100 mW cm−2),polymer:PC71BM BHJ blend,chlorobenzene,N/A,N/A,inverted device structure (ITO/ZnO/polymer:PC71BM/MoO3/Al),strong A0–0 absorption,311_Advanced Energy Materials - 2016 - Zhou - Toward High Efficiency Polymer Solar Cells  Influence of Local Chemical.txt,scratch/prj/ch_sce_mine/MatAGen/outputs_example/311_Advanced Energy Materials - 2016 - Zhou - Toward High Efficiency Polymer Solar Cells  Influence of Local Chemical/311_Advanced Energy Materials - 2016 - Zhou - Toward High Efficiency Polymer Solar Cells  Influence of Local Chemical/pdf/311_Advanced Energy Materials - 2016 - Zhou - Toward High Efficiency Polymer Solar Cells  Influence of Local Chemical.txt,text_mining_GPT_extended
diHD-RA,terthiophene-FBT donor-acceptor backbone,hexyl–decyl,alkyl,hexyl–decyl,solubility and self-assembly control,OPV,electronic,N/A,N/A,23.0 kDa,N/A,1.87,N/A,N/A,N/A,N/A,3.20 ± 0.08,7.89 ± 0.22,0.74 ± 0.01,55.15 ± 0.47,N/A,3.58 Å,≈20.5 Å,AM 1.5 G illumination (100 mW cm−2),polymer:PC71BM BHJ blend,chlorobenzene,N/A,N/A,inverted device structure (ITO/ZnO/polymer:PC71BM/MoO3/Al),did not aggregate in solution,311_Advanced Energy Materials - 2016 - Zhou - Toward High Efficiency Polymer Solar Cells  Influence of Local Chemical.txt,scratch/prj/ch_sce_mine/MatAGen/outputs_example/311_Advanced Energy Materials - 2016 - Zhou - Toward High Efficiency Polymer Solar Cells  Influence of Local Chemical/311_Advanced Energy Materials - 2016 - Zhou - Toward High Efficiency Polymer Solar Cells  Influence of Local Chemical/pdf/311_Advanced Energy Materials - 2016 - Zhou - Toward High Efficiency Polymer Solar Cells  Influence of Local Chemical.txt,text_mining_GPT_extended
diHD-DFBT,terthiophene-FBT donor-acceptor backbone,hexyl–decyl (difluoro),alkyl,hexyl–decyl,solubility and self-assembly control,OPV,electronic,N/A,N/A,30.6 kDa,N/A,1.71,N/A,N/A,N/A,N/A,3.50 ± 0.01,9.88 ± 0.01,0.78 ± 0.01,45.59 ± 0.16,N/A,3.52 Å,N/A,AM 1.5 G illumination (100 mW cm−2),polymer:PC71BM BHJ blend,chlorobenzene,N/A,N/A,inverted device structure (ITO/ZnO/polymer:PC71BM/MoO3/Al),strong J-aggregation,311_Advanced Energy Materials - 2016 - Zhou - Toward High Efficiency Polymer Solar Cells  Influence of Local Chemical.txt,scratch/prj/ch_sce_mine/MatAGen/outputs_example/311_Advanced Energy Materials - 2016 - Zhou - Toward High Efficiency Polymer Solar Cells  Influence of Local Chemical/311_Advanced Energy Materials - 2016 - Zhou - Toward High Efficiency Polymer Solar Cells  Influence of Local Chemical/pdf/311_Advanced Energy Materials - 2016 - Zhou - Toward High Efficiency Polymer Solar Cells  Influence of Local Chemical.txt,text_mining_GPT_extended
BO/HD-RR,terthiophene-FBT donor-acceptor backbone,butyl–octyl / hexyl–decyl (asymmetric),alkyl,butyl–octyl / hexyl–decyl,solubility and self-assembly control,OPV,electronic,N/A,N/A,32.8 kDa,N/A,1.68,N/A,N/A,N/A,N/A,8.93 ± 0.08,18.95 ± 0.37,0.72 ± 0.01,65.50 ± 0.71,N/A,N/A,N/A,AM 1.5 G illumination (100 mW cm−2),polymer:PC71BM BHJ blend,chlorobenzene,N/A,N/A,inverted device structure (ITO/ZnO/polymer:PC71BM/MoO3/Al),face-on orientation,311_Advanced Energy Materials - 2016 - Zhou - Toward High Efficiency Polymer Solar Cells  Influence of Local Chemical.txt,scratch/prj/ch_sce_mine/MatAGen/outputs_example/311_Advanced Energy Materials - 2016 - Zhou - Toward High Efficiency Polymer Solar Cells  Influence of Local Chemical/311_Advanced Energy Materials - 2016 - Zhou - Toward High Efficiency Polymer Solar Cells  Influence of Local Chemical/pdf/311_Advanced Energy Materials - 2016 - Zhou - Toward High Efficiency Polymer Solar Cells  Influence of Local Chemical.txt,text_mining_GPT_extended
HD/BO-RR,terthiophene-FBT donor-acceptor backbone,hexyl–decyl / butyl–octyl (asymmetric),alkyl,hexyl–decyl / butyl–octyl,solubility and self-assembly control,OPV,electronic,N/A,N/A,46.7 kDa,N/A,1.57,N/A,N/A,N/A,N/A,8.59 ± 0.16,19.63 ± 0.45,0.69 ± 0.01,63.60 ± 1.34,N/A,N/A,N/A,AM 1.5 G illumination (100 mW cm−2),polymer:PC71BM BHJ blend,chlorobenzene,N/A,N/A,inverted device structure (ITO/ZnO/polymer:PC71BM/MoO3/Al),did not dissociate until ≈57 °C,311_Advanced Energy Materials - 2016 - Zhou - Toward High Efficiency Polymer Solar Cells  Influence of Local Chemical.txt,scratch/prj/ch_sce_mine/MatAGen/outputs_example/311_Advanced Energy Materials - 2016 - Zhou - Toward High Efficiency Polymer Solar Cells  Influence of Local Chemical/311_Advanced Energy Materials - 2016 - Zhou - Toward High Efficiency Polymer Solar Cells  Influence of Local Chemical/pdf/311_Advanced Energy Materials - 2016 - Zhou - Toward High Efficiency Polymer Solar Cells  Influence of Local Chemical.txt,text_mining_GPT_extended
BO/HD-RA,terthiophene-FBT donor-acceptor backbone,butyl–octyl / hexyl–decyl (asymmetric),alkyl,butyl–octyl / hexyl–decyl,solubility and self-assembly control,OPV,electronic,N/A,N/A,56.4 kDa,N/A,1.85,N/A,N/A,N/A,N/A,6.95 ± 0.06,17.27 ± 0.19,0.74 ± 0.01,54.60 ± 0.33,N/A,3.52 Å,19.3 Å,AM 1.5 G illumination (100 mW cm−2),polymer:PC71BM BHJ blend,chlorobenzene,N/A,N/A,inverted device structure (ITO/ZnO/polymer:PC71BM/MoO3/Al),large phase separation,311_Advanced Energy Materials - 2016 - Zhou - Toward High Efficiency Polymer Solar Cells  Influence of Local Chemical.txt,scratch/prj/ch_sce_mine/MatAGen/outputs_example/311_Advanced Energy Materials - 2016 - Zhou - Toward High Efficiency Polymer Solar Cells  Influence of Local Chemical/311_Advanced Energy Materials - 2016 - Zhou - Toward High Efficiency Polymer Solar Cells  Influence of Local Chemical/pdf/311_Advanced Energy Materials - 2016 - Zhou - Toward High Efficiency Polymer Solar Cells  Influence of Local Chemical.txt,text_mining_GPT_extended
diBO-RR,terthiophene-FBT donor-acceptor backbone,butyl–octyl,alkyl,butyl–octyl,solubility and self-assembly control,OPV,electronic,N/A,N/A,36.6 kDa,N/A,1.68,N/A,N/A,N/A,N/A,7.27 ± 0.21,16.65 ± 0.29,0.74 ± 0.01,59.16 ± 1.64,N/A,3.52 Å,18.0 Å,AM 1.5 G illumination (100 mW cm−2),polymer:PC71BM BHJ blend,chlorobenzene,N/A,N/A,inverted device structure (ITO/ZnO/polymer:PC71BM/MoO3/Al),edge-on orientation,311_Advanced Energy Materials - 2016 - Zhou - Toward High Efficiency Polymer Solar Cells  Influence of Local Chemical.txt,scratch/prj/ch_sce_mine/MatAGen/outputs_example/311_Advanced Energy Materials - 2016 - Zhou - Toward High Efficiency Polymer Solar Cells  Influence of Local Chemical/311_Advanced Energy Materials - 2016 - Zhou - Toward High Efficiency Polymer Solar Cells  Influence of Local Chemical/pdf/311_Advanced Energy Materials - 2016 - Zhou - Toward High Efficiency Polymer Solar Cells  Influence of Local Chemical.txt,text_mining_GPT_extended
diBO-RA,terthiophene-FBT donor-acceptor backbone,butyl–octyl,alkyl,butyl–octyl,solubility and self-assembly control,OPV,electronic,N/A,N/A,45.4 kDa,N/A,1.72,N/A,N/A,N/A,N/A,6.51 ± 0.20,18.11 ± 0.17,0.69 ± 0.01,52.39 ± 1.76,N/A,3.54 Å,18.0 Å,AM 1.5 G illumination (100 mW cm−2),polymer:PC71BM BHJ blend,chlorobenzene,N/A,N/A,inverted device structure (ITO/ZnO/polymer:PC71BM/MoO3/Al),weak aggregation peak,311_Advanced Energy Materials - 2016 - Zhou - Toward High Efficiency Polymer Solar Cells  Influence of Local Chemical.txt,scratch/prj/ch_sce_mine/MatAGen/outputs_example/311_Advanced Energy Materials - 2016 - Zhou - Toward High Efficiency Polymer Solar Cells  Influence of Local Chemical/311_Advanced Energy Materials - 2016 - Zhou - Toward High Efficiency Polymer Solar Cells  Influence of Local Chemical/pdf/311_Advanced Energy Materials - 2016 - Zhou - Toward High Efficiency Polymer Solar Cells  Influence of Local Chemical.txt,text_mining_GPT_extended
PIDSBT-OCH8,IDS-BT donor−acceptor alternating backbone,4-octyloxyphenyl groups,alkoxy,C8,investigate alkyl/alkoxy side-chain effect,OPV; OFET,electronic,40−60 nm,100 μm,10.7 kDa,N/A,1.7,2.6 × 10−2 cm2 V−1 s−1,N/A,N/A,N/A,2.6%,8.45 mA/cm2,0.76 V,41%,amorphous,N/A,N/A,1:4 in wt %,spin-coating,ortho-dichlorobenzene,chlorobenzene,N/A,ITO/PEDOT:PSS/polymer:PC71BM/Ca/Al; bottom-gate/top-contact,amorphous nature,340_a-new-pentacyclic-indacenodiselenophene-arene-and-its-donor-acceptor-copolymers-for-solution-processable-polymer-solar.txt,scratch/prj/ch_sce_mine/MatAGen/outputs_example/340_a-new-pentacyclic-indacenodiselenophene-arene-and-its-donor-acceptor-copolymers-for-solution-processable-polymer-solar/340_a-new-pentacyclic-indacenodiselenophene-arene-and-its-donor-acceptor-copolymers-for-solution-processable-polymer-solar/pdf/340_a-new-pentacyclic-indacenodiselenophene-arene-and-its-donor-acceptor-copolymers-for-solution-processable-polymer-solar.txt,text_mining_GPT_extended
PIDSBT-C6,IDS-BT donor−acceptor alternating backbone,4-hexylphenyl groups,alkyl,C6,investigate alkyl/alkoxy side-chain effect,OPV; OFET,electronic,40−60 nm,100 μm,10.8 kDa,N/A,2.0,8.0 × 10−2 cm2 V−1 s−1,N/A,N/A,N/A,3.9%,11.24 mA/cm2,0.76 V,45%,amorphous,N/A,N/A,1:4 in wt %,spin-coating,ortho-dichlorobenzene,chlorobenzene,N/A,ITO/PEDOT:PSS/polymer:PC71BM/Ca/Al; bottom-gate/top-contact,amorphous nature,340_a-new-pentacyclic-indacenodiselenophene-arene-and-its-donor-acceptor-copolymers-for-solution-processable-polymer-solar.txt,scratch/prj/ch_sce_mine/MatAGen/outputs_example/340_a-new-pentacyclic-indacenodiselenophene-arene-and-its-donor-acceptor-copolymers-for-solution-processable-polymer-solar/340_a-new-pentacyclic-indacenodiselenophene-arene-and-its-donor-acceptor-copolymers-for-solution-processable-polymer-solar/pdf/340_a-new-pentacyclic-indacenodiselenophene-arene-and-its-donor-acceptor-copolymers-for-solution-processable-polymer-solar.txt,text_mining_GPT_extended
PIDSFBT-OCH8,IDS-FBT donor−acceptor alternating backbone,4-octyloxyphenyl groups,alkoxy,C8,investigate alkyl/alkoxy side-chain effect,OPV; OFET,electronic,40−60 nm,100 μm,11.5 kDa,N/A,1.7,6.7 × 10−3 cm2 V−1 s−1,N/A,N/A,N/A,1.9%,6.72 mA/cm2,0.86 V,32%,amorphous,N/A,N/A,1:3 in wt %,spin-coating,ortho-dichlorobenzene,chlorobenzene,N/A,ITO/PEDOT:PSS/polymer:PC71BM/Ca/Al; bottom-gate/top-contact,amorphous nature,340_a-new-pentacyclic-indacenodiselenophene-arene-and-its-donor-acceptor-copolymers-for-solution-processable-polymer-solar.txt,scratch/prj/ch_sce_mine/MatAGen/outputs_example/340_a-new-pentacyclic-indacenodiselenophene-arene-and-its-donor-acceptor-copolymers-for-solution-processable-polymer-solar/340_a-new-pentacyclic-indacenodiselenophene-arene-and-its-donor-acceptor-copolymers-for-solution-processable-polymer-solar/pdf/340_a-new-pentacyclic-indacenodiselenophene-arene-and-its-donor-acceptor-copolymers-for-solution-processable-polymer-solar.txt,text_mining_GPT_extended
PIDSFBT-C6,IDS-FBT donor−acceptor alternating backbone,4-hexylphenyl groups,alkyl,C6,investigate alkyl/alkoxy side-chain effect,OPV; OFET,electronic,40−60 nm,100 μm,9.3 kDa,N/A,1.6,6.1 × 10−2 cm2 V−1 s−1,N/A,N/A,N/A,3.8%,9.67 mA/cm2,0.84 V,47%,amorphous,N/A,N/A,1:3 in wt %,spin-coating,ortho-dichlorobenzene,chlorobenzene,N/A,ITO/PEDOT:PSS/polymer:PC71BM/Ca/Al; bottom-gate/top-contact,amorphous nature,340_a-new-pentacyclic-indacenodiselenophene-arene-and-its-donor-acceptor-copolymers-for-solution-processable-polymer-solar.txt,scratch/prj/ch_sce_mine/MatAGen/outputs_example/340_a-new-pentacyclic-indacenodiselenophene-arene-and-its-donor-acceptor-copolymers-for-solution-processable-polymer-solar/340_a-new-pentacyclic-indacenodiselenophene-arene-and-its-donor-acceptor-copolymers-for-solution-processable-polymer-solar/pdf/340_a-new-pentacyclic-indacenodiselenophene-arene-and-its-donor-acceptor-copolymers-for-solution-processable-polymer-solar.txt,text_mining_GPT_extended
PIDSTPD-C6,IDS-TPD donor−acceptor alternating backbone,4-hexylphenyl groups,alkyl,C6,investigate alkyl/alkoxy side-chain effect,OPV; OFET,electronic,40−60 nm,100 μm,N/A,N/A,N/A,2.0 × 10−2 cm2 V−1 s−1,N/A,N/A,N/A,3.8%,7.96 mA/cm2,0.92 V,51%,amorphous,N/A,N/A,1:4 in wt %,spin-coating,ortho-dichlorobenzene,chlorobenzene,N/A,ITO/PEDOT:PSS/polymer:PC71BM/Ca/Al; bottom-gate/top-contact,amorphous nature,340_a-new-pentacyclic-indacenodiselenophene-arene-and-its-donor-acceptor-copolymers-for-solution-processable-polymer-solar.txt,scratch/prj/ch_sce_mine/MatAGen/outputs_example/340_a-new-pentacyclic-indacenodiselenophene-arene-and-its-donor-acceptor-copolymers-for-solution-processable-polymer-solar/340_a-new-pentacyclic-indacenodiselenophene-arene-and-its-donor-acceptor-copolymers-for-solution-processable-polymer-solar/pdf/340_a-new-pentacyclic-indacenodiselenophene-arene-and-its-donor-acceptor-copolymers-for-solution-processable-polymer-solar.txt,text_mining_GPT_extended
PIDSTPD-C6,IDS-TPD donor−acceptor alternating backbone,4-hexylphenyl groups,alkyl,C6,investigate alkyl/alkoxy side-chain effect,OPV; OFET,electronic,40−60 nm,100 μm,N/A,N/A,N/A,2.0 × 10−2 cm2 V−1 s−1,N/A,N/A,N/A,4.6%,9.77 mA/cm2,0.92 V,50%,amorphous,N/A,N/A,1:4 in wt %; 5 vol% CN,spin-coating,ortho-dichlorobenzene,chlorobenzene,N/A,ITO/PEDOT:PSS/polymer:PC71BM/Ca/Al; bottom-gate/top-contact,amorphous nature,340_a-new-pentacyclic-indacenodiselenophene-arene-and-its-donor-acceptor-copolymers-for-solution-processable-polymer-solar.txt,scratch/prj/ch_sce_mine/MatAGen/outputs_example/340_a-new-pentacyclic-indacenodiselenophene-arene-and-its-donor-acceptor-copolymers-for-solution-processable-polymer-solar/340_a-new-pentacyclic-indacenodiselenophene-arene-and-its-donor-acceptor-copolymers-for-solution-processable-polymer-solar/pdf/340_a-new-pentacyclic-indacenodiselenophene-arene-and-its-donor-acceptor-copolymers-for-solution-processable-polymer-solar.txt,text_mining_GPT_extended
P2:PC71BM,N/A,N/A,N/A,N/A,N/A,OPV,N/A,N/A,N/A,N/A,N/A,N/A,N/A,N/A,N/A,N/A,N/A,N/A,N/A,N/A,N/A,N/A,N/A,2%DIO,N/A,N/A,N/A,N/A,N/A,N/A,331_doi-10%2E1039%2Fc6qm00130k.txt,scratch/prj/ch_sce_mine/MatAGen/outputs_example/331_doi-10%2E1039%2Fc6qm00130k/331_doi-10%2E1039%2Fc6qm00130k/pdf/331_doi-10%2E1039%2Fc6qm00130k.txt,text_mining_GPT_extended
PTBT-DA6,thiophene-benzotriazole alternating backbone,6-C alkyl chain on benzotriazole unit,alkyl,6-C,optimize film morphology and solubility,BHJ solar cell,electronic,65 nm,N/A,2.6 kDa,N/A,3.96,N/A,N/A,N/A,N/A,0.73,2.98 mA/cm2,0.66 V,38.6,N/A,N/A,N/A,1:2 w/w ratio,doctor-blading at 80 °C,chlorobenzene (CB),N/A,N/A,ITO/PEDOT:PSS/polymer:fullerene/Al,quite smooth,346_1-s2.0-S0379677912003402-main.txt,scratch/prj/ch_sce_mine/MatAGen/outputs_example/346_1-s2.0-S0379677912003402-main/346_1-s2.0-S0379677912003402-main/pdf/346_1-s2.0-S0379677912003402-main.txt,text_mining_GPT_extended
PTBT-DA6,thiophene-benzotriazole alternating backbone,6-C alkyl chain on benzotriazole unit,alkyl,6-C,optimize film morphology and solubility,BHJ solar cell,electronic,80 nm,N/A,2.6 kDa,N/A,3.96,N/A,N/A,N/A,N/A,0.9,3.27 mA/cm2,0.69 V,40.1,N/A,N/A,N/A,1:4 w/w ratio,doctor-blading at 80 °C,chlorobenzene (CB),N/A,N/A,ITO/PEDOT:PSS/polymer:fullerene/Al,no clear phase separation,346_1-s2.0-S0379677912003402-main.txt,scratch/prj/ch_sce_mine/MatAGen/outputs_example/346_1-s2.0-S0379677912003402-main/346_1-s2.0-S0379677912003402-main/pdf/346_1-s2.0-S0379677912003402-main.txt,text_mining_GPT_extended
PTBT-DA6,thiophene-benzotriazole alternating backbone,6-C alkyl chain on benzotriazole unit,alkyl,6-C,optimize film morphology and solubility,BHJ solar cell,electronic,90 nm,N/A,2.6 kDa,N/A,3.96,4.91 × 10−5 cm2/V s,N/A,N/A,N/A,1.11,3.4 mA/cm2,0.8 V,41.1,N/A,N/A,N/A,1:4 w/w ratio,doctor-blading at 80 °C,chlorobenzene (CB),N/A,N/A,ITO/PEDOT:PSS/polymer:fullerene/Al,no clear phase separation,346_1-s2.0-S0379677912003402-main.txt,scratch/prj/ch_sce_mine/MatAGen/outputs_example/346_1-s2.0-S0379677912003402-main/346_1-s2.0-S0379677912003402-main/pdf/346_1-s2.0-S0379677912003402-main.txt,text_mining_GPT_extended
PTBT-DA10,thiophene-benzotriazole alternating backbone,10-C alkyl chain on benzotriazole unit,alkyl,10-C,optimize film morphology and solubility,BHJ solar cell,electronic,65 nm,N/A,10 kDa,N/A,2.50,N/A,N/A,N/A,N/A,0.48,1.71 mA/cm2,0.7 V,40.8,N/A,N/A,N/A,1:2 w/w ratio,doctor-blading at 80 °C,chlorobenzene (CB),N/A,N/A,ITO/PEDOT:PSS/polymer:fullerene/Al,N/A,346_1-s2.0-S0379677912003402-main.txt,scratch/prj/ch_sce_mine/MatAGen/outputs_example/346_1-s2.0-S0379677912003402-main/346_1-s2.0-S0379677912003402-main/pdf/346_1-s2.0-S0379677912003402-main.txt,text_mining_GPT_extended
PTBT-DA10,thiophene-benzotriazole alternating backbone,10-C alkyl chain on benzotriazole unit,alkyl,10-C,optimize film morphology and solubility,BHJ solar cell,electronic,85 nm,N/A,10 kDa,N/A,2.50,N/A,N/A,N/A,N/A,0.91,3.23 mA/cm2,0.71 V,39.5,N/A,N/A,N/A,1:4 w/w ratio,doctor-blading at 80 °C,chlorobenzene (CB),N/A,N/A,ITO/PEDOT:PSS/polymer:fullerene/Al,N/A,346_1-s2.0-S0379677912003402-main.txt,scratch/prj/ch_sce_mine/MatAGen/outputs_example/346_1-s2.0-S0379677912003402-main/346_1-s2.0-S0379677912003402-main/pdf/346_1-s2.0-S0379677912003402-main.txt,text_mining_GPT_extended
PTBT-DA10,thiophene-benzotriazole alternating backbone,10-C alkyl chain on benzotriazole unit,alkyl,10-C,optimize film morphology and solubility,BHJ solar cell,electronic,100 nm,N/A,10 kDa,N/A,2.50,4.8 × 10−5 cm2/V s,N/A,N/A,N/A,1.23,3.7 mA/cm2,0.75 V,44.8,N/A,N/A,N/A,1:4 w/w ratio,doctor-blading at 80 °C,chlorobenzene (CB),N/A,N/A,ITO/PEDOT:PSS/polymer:fullerene/Al,smooth and uniform ones,346_1-s2.0-S0379677912003402-main.txt,scratch/prj/ch_sce_mine/MatAGen/outputs_example/346_1-s2.0-S0379677912003402-main/346_1-s2.0-S0379677912003402-main/pdf/346_1-s2.0-S0379677912003402-main.txt,text_mining_GPT_extended
PTBT-DA12,thiophene-benzotriazole alternating backbone,dodecyl side chains on benzotriazole unit,alkyl,C12H25,optimize film morphology and solubility,BHJ solar cell,electronic,70 nm,N/A,23.2 kDa,N/A,2.20,N/A,N/A,N/A,N/A,0.25,1.16 mA/cm2,0.64 V,33.4,N/A,N/A,N/A,1:2 w/w ratio,doctor-blading at 80 °C,chlorobenzene (CB),N/A,N/A,ITO/PEDOT:PSS/polymer:fullerene/Al,very large phase separation,346_1-s2.0-S0379677912003402-main.txt,scratch/prj/ch_sce_mine/MatAGen/outputs_example/346_1-s2.0-S0379677912003402-main/346_1-s2.0-S0379677912003402-main/pdf/346_1-s2.0-S0379677912003402-main.txt,text_mining_GPT_extended
PTBT-DA12,thiophene-benzotriazole alternating backbone,dodecyl side chains on benzotriazole unit,alkyl,C12H25,optimize film morphology and solubility,BHJ solar cell,electronic,90 nm,N/A,23.2 kDa,N/A,2.20,N/A,N/A,N/A,N/A,0.26,1.33 mA/cm2,0.65 V,30.5,N/A,N/A,N/A,1:4 w/w ratio,doctor-blading at 80 °C,chlorobenzene (CB),N/A,N/A,ITO/PEDOT:PSS/polymer:fullerene/Al,very large phase separation,346_1-s2.0-S0379677912003402-main.txt,scratch/prj/ch_sce_mine/MatAGen/outputs_example/346_1-s2.0-S0379677912003402-main/346_1-s2.0-S0379677912003402-main/pdf/346_1-s2.0-S0379677912003402-main.txt,text_mining_GPT_extended
PTBT-DA12,thiophene-benzotriazole alternating backbone,dodecyl side chains on benzotriazole unit,alkyl,C12H25,optimize film morphology and solubility,BHJ solar cell,electronic,95 nm,N/A,23.2 kDa,N/A,2.20,N/A,N/A,N/A,N/A,0.33,1.55 mA/cm2,0.67 V,32.2,N/A,N/A,N/A,1:4 w/w ratio,doctor-blading at 80 °C,chlorobenzene (CB),N/A,N/A,ITO/PEDOT:PSS/polymer:fullerene/Al,very large phase separation,346_1-s2.0-S0379677912003402-main.txt,scratch/prj/ch_sce_mine/MatAGen/outputs_example/346_1-s2.0-S0379677912003402-main/346_1-s2.0-S0379677912003402-main/pdf/346_1-s2.0-S0379677912003402-main.txt,text_mining_GPT_extended
PTBT-DA6,thiophene-benzotriazole alternating backbone,6-C alkyl chain on benzotriazole unit,alkyl,6-C,optimize film morphology and solubility,BHJ solar cell,electronic,100 nm,N/A,2.6 kDa,N/A,3.96,7.46 × 10−5 cm2/V s,N/A,N/A,N/A,N/A,N/A,N/A,N/A,N/A,N/A,N/A,pristine film,doctor-blading at 80 °C,chlorobenzene (CB),N/A,N/A,hole-only SCLC (ITO/PEDOT:PSS/Ag),N/A,346_1-s2.0-S0379677912003402-main.txt,scratch/prj/ch_sce_mine/MatAGen/outputs_example/346_1-s2.0-S0379677912003402-main/346_1-s2.0-S0379677912003402-main/pdf/346_1-s2.0-S0379677912003402-main.txt,text_mining_GPT_extended
PTBT-DA10,thiophene-benzotriazole alternating backbone,10-C alkyl chain on benzotriazole unit,alkyl,10-C,optimize film morphology and solubility,BHJ solar cell,electronic,100 nm,N/A,10 kDa,N/A,2.50,7.74 × 10−5 cm2/V s,N/A,N/A,N/A,N/A,N/A,N/A,N/A,N/A,N/A,N/A,pristine film,doctor-blading at 80 °C,chlorobenzene (CB),N/A,N/A,hole-only SCLC (ITO/PEDOT:PSS/Ag),N/A,346_1-s2.0-S0379677912003402-main.txt,scratch/prj/ch_sce_mine/MatAGen/outputs_example/346_1-s2.0-S0379677912003402-main/346_1-s2.0-S0379677912003402-main/pdf/346_1-s2.0-S0379677912003402-main.txt,text_mining_GPT_extended
PTBT-DA12,thiophene-benzotriazole alternating backbone,dodecyl side chains on benzotriazole unit,alkyl,C12H25,optimize film morphology and solubility,BHJ solar cell,electronic,70 nm,N/A,23.2 kDa,N/A,2.20,2.1 × 10−6 cm2/V s,N/A,N/A,N/A,N/A,N/A,N/A,N/A,N/A,N/A,N/A,pristine film,doctor-blading at 80 °C,chlorobenzene (CB),N/A,N/A,hole-only SCLC (ITO/PEDOT:PSS/Ag),large phase separation,346_1-s2.0-S0379677912003402-main.txt,scratch/prj/ch_sce_mine/MatAGen/outputs_example/346_1-s2.0-S0379677912003402-main/346_1-s2.0-S0379677912003402-main/pdf/346_1-s2.0-S0379677912003402-main.txt,text_mining_GPT_extended
PII2T-PS100,poly(isoindigo-dithiophene),atactic polystyrene (Mn = 1300 g/mol) and 2-octyldodecanyl,polystyrene and branched alkyl,Mn = 1300 g/mol; 2-octyldodecanyl,"solubility, processability",OPV (BHJ solar cell),electronic,80−90 nm,N/A,95 kg/mol,N/A,2.1,<1 × 10−5 cm2/(V·s),N/A,N/A,N/A,0.20 (0.13 ± 0.06),0.47,0.93,0.46,decrease of thin film crystallinity,3.87 Å,29.9 Å,inverted BHJ; donor/PC61BM 1/1.5; annealed 100°C,spin-cast,o-DCB,N/A,N/A,inverted architecture ITO/ZnO/active/MoO3/Ag,decrease of thin film crystallinity,319_side-chain-engineering-of-isoindigo-containing-conjugated-polymers-using-polystyrene-for-high-performance-bulk.txt,scratch/prj/ch_sce_mine/MatAGen/outputs_example/319_side-chain-engineering-of-isoindigo-containing-conjugated-polymers-using-polystyrene-for-high-performance-bulk/319_side-chain-engineering-of-isoindigo-containing-conjugated-polymers-using-polystyrene-for-high-performance-bulk/pdf/319_side-chain-engineering-of-isoindigo-containing-conjugated-polymers-using-polystyrene-for-high-performance-bulk.txt,text_mining_GPT_extended
PII2T-PS33,poly(isoindigo-dithiophene),atactic polystyrene (Mn = 1300 g/mol) and 2-octyldodecanyl,polystyrene and branched alkyl,Mn = 1300 g/mol; 2-octyldodecanyl,"solubility, processability",OPV (BHJ solar cell),electronic,80−90 nm,N/A,106 kg/mol,N/A,2.5,(8.9 ± 2.1) × 10−3 cm2/(V·s),N/A,N/A,N/A,0.74 (0.68 ± 0.05),1.5,0.92,0.51,decrease of thin film crystallinity,3.61−3.70 Å,32.3 Å,inverted BHJ; donor/PC61BM 1/1.5; annealed 100°C,spin-cast,o-DCB,N/A,N/A,inverted architecture ITO/ZnO/active/MoO3/Ag,decrease of thin film crystallinity,319_side-chain-engineering-of-isoindigo-containing-conjugated-polymers-using-polystyrene-for-high-performance-bulk.txt,scratch/prj/ch_sce_mine/MatAGen/outputs_example/319_side-chain-engineering-of-isoindigo-containing-conjugated-polymers-using-polystyrene-for-high-performance-bulk/319_side-chain-engineering-of-isoindigo-containing-conjugated-polymers-using-polystyrene-for-high-performance-bulk/pdf/319_side-chain-engineering-of-isoindigo-containing-conjugated-polymers-using-polystyrene-for-high-performance-bulk.txt,text_mining_GPT_extended
PII2T-PS10 (batch I),poly(isoindigo-dithiophene),atactic polystyrene (Mn = 1300 g/mol) and 2-octyldodecanyl,polystyrene and branched alkyl,Mn = 1300 g/mol; 2-octyldodecanyl,"solubility, processability",OPV (BHJ solar cell),electronic,80−90 nm,N/A,117 kg/mol,N/A,5.0,0.25 ± 0.03 cm2/(V·s),N/A,N/A,N/A,4.9 (4.3 ± 0.2),9.4,0.96,0.54,comparable molecular ordering,3.61−3.70 Å,19.4−21.1 Å,inverted BHJ; donor/PC61BM 1/1.5; annealed 100°C,spin-cast,o-DCB,N/A,N/A,inverted architecture ITO/ZnO/active/MoO3/Ag,comparable molecular ordering,319_side-chain-engineering-of-isoindigo-containing-conjugated-polymers-using-polystyrene-for-high-performance-bulk.txt,scratch/prj/ch_sce_mine/MatAGen/outputs_example/319_side-chain-engineering-of-isoindigo-containing-conjugated-polymers-using-polystyrene-for-high-performance-bulk/319_side-chain-engineering-of-isoindigo-containing-conjugated-polymers-using-polystyrene-for-high-performance-bulk/pdf/319_side-chain-engineering-of-isoindigo-containing-conjugated-polymers-using-polystyrene-for-high-performance-bulk.txt,text_mining_GPT_extended
PII2T-PS10 (batch II),poly(isoindigo-dithiophene),atactic polystyrene (Mn = 1300 g/mol) and 2-octyldodecanyl,polystyrene and branched alkyl,Mn = 1300 g/mol; 2-octyldodecanyl,"solubility, processability",OPV (BHJ solar cell),electronic,80−90 nm,N/A,132 kg/mol,N/A,5.0,N/A,N/A,N/A,N/A,5.0 (4.7 ± 0.2),10.3,0.89,0.54,comparable molecular ordering,3.61−3.70 Å,19.4−21.1 Å,inverted BHJ; donor/PC61BM 1/1.5; annealed 100°C,spin-cast,o-DCB,N/A,N/A,inverted architecture ITO/ZnO/active/MoO3/Ag,comparable molecular ordering,319_side-chain-engineering-of-isoindigo-containing-conjugated-polymers-using-polystyrene-for-high-performance-bulk.txt,scratch/prj/ch_sce_mine/MatAGen/outputs_example/319_side-chain-engineering-of-isoindigo-containing-conjugated-polymers-using-polystyrene-for-high-performance-bulk/319_side-chain-engineering-of-isoindigo-containing-conjugated-polymers-using-polystyrene-for-high-performance-bulk/pdf/319_side-chain-engineering-of-isoindigo-containing-conjugated-polymers-using-polystyrene-for-high-performance-bulk.txt,text_mining_GPT_extended
PII2T-PS10 (batch III),poly(isoindigo-dithiophene),atactic polystyrene (Mn = 1300 g/mol) and 2-octyldodecanyl,polystyrene and branched alkyl,Mn = 1300 g/mol; 2-octyldodecanyl,"solubility, processability",OPV (BHJ solar cell),electronic,80−90 nm,N/A,151 kg/mol,N/A,5.2,N/A,N/A,N/A,N/A,6.1 (5.8 ± 0.2),10.1,0.96,0.63,comparable molecular ordering,3.61−3.70 Å,19.4−21.1 Å,inverted BHJ; donor/PC61BM 1/1.5; annealed 100°C,spin-cast,o-DCB,N/A,N/A,inverted architecture ITO/ZnO/active/MoO3/Ag,comparable molecular ordering,319_side-chain-engineering-of-isoindigo-containing-conjugated-polymers-using-polystyrene-for-high-performance-bulk.txt,scratch/prj/ch_sce_mine/MatAGen/outputs_example/319_side-chain-engineering-of-isoindigo-containing-conjugated-polymers-using-polystyrene-for-high-performance-bulk/319_side-chain-engineering-of-isoindigo-containing-conjugated-polymers-using-polystyrene-for-high-performance-bulk/pdf/319_side-chain-engineering-of-isoindigo-containing-conjugated-polymers-using-polystyrene-for-high-performance-bulk.txt,text_mining_GPT_extended
PII2T-PS5 (batch I),poly(isoindigo-dithiophene),atactic polystyrene (Mn = 1300 g/mol) and 2-octyldodecanyl,polystyrene and branched alkyl,Mn = 1300 g/mol; 2-octyldodecanyl,"solubility, processability",OPV (BHJ solar cell),electronic,80−90 nm,N/A,184 kg/mol,N/A,5.9,0.20 ± 0.07 cm2/(V·s),N/A,N/A,N/A,5.6 (5.2 ± 0.3),11.1,0.92,0.55,comparable molecular ordering,3.61−3.70 Å,19.4−21.1 Å,inverted BHJ; donor/PC61BM 1/1.5; annealed 100°C,spin-cast,o-DCB,N/A,N/A,inverted architecture ITO/ZnO/active/MoO3/Ag,comparable molecular ordering,319_side-chain-engineering-of-isoindigo-containing-conjugated-polymers-using-polystyrene-for-high-performance-bulk.txt,scratch/prj/ch_sce_mine/MatAGen/outputs_example/319_side-chain-engineering-of-isoindigo-containing-conjugated-polymers-using-polystyrene-for-high-performance-bulk/319_side-chain-engineering-of-isoindigo-containing-conjugated-polymers-using-polystyrene-for-high-performance-bulk/pdf/319_side-chain-engineering-of-isoindigo-containing-conjugated-polymers-using-polystyrene-for-high-performance-bulk.txt,text_mining_GPT_extended
PII2T-PS5 (batch II),poly(isoindigo-dithiophene),atactic polystyrene (Mn = 1300 g/mol) and 2-octyldodecanyl,polystyrene and branched alkyl,Mn = 1300 g/mol; 2-octyldodecanyl,"solubility, processability",OPV (BHJ solar cell),electronic,80−90 nm,N/A,185 kg/mol,N/A,6.1,N/A,N/A,N/A,N/A,5.7 (5.2 ± 0.3),11.1,0.92,0.56,comparable molecular ordering,3.61−3.70 Å,19.4−21.1 Å,inverted BHJ; donor/PC61BM 1/1.5; annealed 100°C,spin-cast,o-DCB,N/A,N/A,inverted architecture ITO/ZnO/active/MoO3/Ag,comparable molecular ordering,319_side-chain-engineering-of-isoindigo-containing-conjugated-polymers-using-polystyrene-for-high-performance-bulk.txt,scratch/prj/ch_sce_mine/MatAGen/outputs_example/319_side-chain-engineering-of-isoindigo-containing-conjugated-polymers-using-polystyrene-for-high-performance-bulk/319_side-chain-engineering-of-isoindigo-containing-conjugated-polymers-using-polystyrene-for-high-performance-bulk/pdf/319_side-chain-engineering-of-isoindigo-containing-conjugated-polymers-using-polystyrene-for-high-performance-bulk.txt,text_mining_GPT_extended
PII2T-PS5 (batch III),poly(isoindigo-dithiophene),atactic polystyrene (Mn = 1300 g/mol) and 2-octyldodecanyl,polystyrene and branched alkyl,Mn = 1300 g/mol; 2-octyldodecanyl,"solubility, processability",OPV (BHJ solar cell),electronic,80−90 nm,N/A,196 kg/mol,N/A,5.3,N/A,N/A,N/A,N/A,5.6 (5.4 ± 0.1),11.7,0.92,0.52,comparable molecular ordering,3.61−3.70 Å,19.4−21.1 Å,inverted BHJ; donor/PC61BM 1/1.5; annealed 100°C,spin-cast,o-DCB,N/A,N/A,inverted architecture ITO/ZnO/active/MoO3/Ag,comparable molecular ordering,319_side-chain-engineering-of-isoindigo-containing-conjugated-polymers-using-polystyrene-for-high-performance-bulk.txt,scratch/prj/ch_sce_mine/MatAGen/outputs_example/319_side-chain-engineering-of-isoindigo-containing-conjugated-polymers-using-polystyrene-for-high-performance-bulk/319_side-chain-engineering-of-isoindigo-containing-conjugated-polymers-using-polystyrene-for-high-performance-bulk/pdf/319_side-chain-engineering-of-isoindigo-containing-conjugated-polymers-using-polystyrene-for-high-performance-bulk.txt,text_mining_GPT_extended
PII2T-PS0 (batch I),poly(isoindigo-dithiophene),2-octyldodecanyl (no PS side chain),branched alkyl,2-octyldodecanyl,"solubility, processability",OPV (BHJ solar cell),electronic,80−90 nm,N/A,44 kg/mol,N/A,5.0,0.33 ± 0.13 cm2/(V·s),N/A,N/A,N/A,5.1 (4.8 ± 0.2),9.1,0.96,0.58,comparable molecular ordering,3.61−3.70 Å,19.4−21.1 Å,inverted BHJ; donor/PC61BM 1/1.5; annealed 100°C,spin-cast,o-DCB,N/A,N/A,inverted architecture ITO/ZnO/active/MoO3/Ag,comparable molecular ordering,319_side-chain-engineering-of-isoindigo-containing-conjugated-polymers-using-polystyrene-for-high-performance-bulk.txt,scratch/prj/ch_sce_mine/MatAGen/outputs_example/319_side-chain-engineering-of-isoindigo-containing-conjugated-polymers-using-polystyrene-for-high-performance-bulk/319_side-chain-engineering-of-isoindigo-containing-conjugated-polymers-using-polystyrene-for-high-performance-bulk/pdf/319_side-chain-engineering-of-isoindigo-containing-conjugated-polymers-using-polystyrene-for-high-performance-bulk.txt,text_mining_GPT_extended
PII2T-PS0 (batch II),poly(isoindigo-dithiophene),2-octyldodecanyl (no PS side chain),branched alkyl,2-octyldodecanyl,"solubility, processability",OPV (BHJ solar cell),electronic,80−90 nm,N/A,149 kg/mol,N/A,8.1,N/A,N/A,N/A,N/A,4.8 (4.5 ± 0.3),10.1,0.91,0.52,comparable molecular ordering,3.61−3.70 Å,19.4−21.1 Å,inverted BHJ; donor/PC61BM 1/1.5; annealed 100°C,spin-cast,o-DCB,N/A,N/A,inverted architecture ITO/ZnO/active/MoO3/Ag,comparable molecular ordering,319_side-chain-engineering-of-isoindigo-containing-conjugated-polymers-using-polystyrene-for-high-performance-bulk.txt,scratch/prj/ch_sce_mine/MatAGen/outputs_example/319_side-chain-engineering-of-isoindigo-containing-conjugated-polymers-using-polystyrene-for-high-performance-bulk/319_side-chain-engineering-of-isoindigo-containing-conjugated-polymers-using-polystyrene-for-high-performance-bulk/pdf/319_side-chain-engineering-of-isoindigo-containing-conjugated-polymers-using-polystyrene-for-high-performance-bulk.txt,text_mining_GPT_extended
PII2T-PS0 (batch III),poly(isoindigo-dithiophene),2-octyldodecanyl (no PS side chain),branched alkyl,2-octyldodecanyl,"solubility, processability",OPV (BHJ solar cell),electronic,80−90 nm,N/A,176 kg/mol,N/A,5.1,N/A,N/A,N/A,N/A,6.5 (6.2 ± 0.3),11.5,0.94,0.60,comparable molecular ordering,3.61−3.70 Å,19.4−21.1 Å,inverted BHJ; donor/PC61BM 1/1.5; annealed 100°C,spin-cast,o-DCB,N/A,N/A,inverted architecture ITO/ZnO/active/MoO3/Ag,comparable molecular ordering,319_side-chain-engineering-of-isoindigo-containing-conjugated-polymers-using-polystyrene-for-high-performance-bulk.txt,scratch/prj/ch_sce_mine/MatAGen/outputs_example/319_side-chain-engineering-of-isoindigo-containing-conjugated-polymers-using-polystyrene-for-high-performance-bulk/319_side-chain-engineering-of-isoindigo-containing-conjugated-polymers-using-polystyrene-for-high-performance-bulk/pdf/319_side-chain-engineering-of-isoindigo-containing-conjugated-polymers-using-polystyrene-for-high-performance-bulk.txt,text_mining_GPT_extended
"PII2T-PS10 (purified, Table 3 batch I)",poly(isoindigo-dithiophene),atactic polystyrene (Mn = 1300 g/mol) and 2-octyldodecanyl,polystyrene and branched alkyl,Mn = 1300 g/mol; 2-octyldodecanyl,"solubility, processability; purifiable by SEC",OPV (BHJ solar cell),electronic,80−90 nm,N/A,166 kg/mol,N/A,4.3,N/A,N/A,N/A,N/A,6.2 (6.1 ± 0.2),12.0,0.92,0.56,comparable molecular ordering,3.61−3.70 Å,19.4−21.1 Å,inverted BHJ; donor/PC61BM 1/1.5; annealed 100°C,spin-cast (solution shearing reported for mobility),o-DCB,N/A,N/A,inverted architecture ITO/ZnO/active/MoO3/Ag,comparable molecular ordering,319_side-chain-engineering-of-isoindigo-containing-conjugated-polymers-using-polystyrene-for-high-performance-bulk.txt,scratch/prj/ch_sce_mine/MatAGen/outputs_example/319_side-chain-engineering-of-isoindigo-containing-conjugated-polymers-using-polystyrene-for-high-performance-bulk/319_side-chain-engineering-of-isoindigo-containing-conjugated-polymers-using-polystyrene-for-high-performance-bulk/pdf/319_side-chain-engineering-of-isoindigo-containing-conjugated-polymers-using-polystyrene-for-high-performance-bulk.txt,text_mining_GPT_extended
"PII2T-PS10 (purified, Table 3 batch II)",poly(isoindigo-dithiophene),atactic polystyrene (Mn = 1300 g/mol) and 2-octyldodecanyl,polystyrene and branched alkyl,Mn = 1300 g/mol; 2-octyldodecanyl,"solubility, processability; purifiable by SEC",OPV (BHJ solar cell),electronic,80−90 nm,N/A,341 kg/mol,N/A,5.3,0.39 ± 0.05 cm2/(V·s),N/A,N/A,N/A,7.0 (6.7 ± 0.3),11.6,0.96,0.63,comparable molecular ordering,3.61−3.70 Å,19.4−21.1 Å,inverted BHJ; donor/PC61BM 1/1.5; annealed 100°C,spin-cast (solution shearing reported for mobility),o-DCB,N/A,N/A,inverted architecture ITO/ZnO/active/MoO3/Ag,comparable molecular ordering,319_side-chain-engineering-of-isoindigo-containing-conjugated-polymers-using-polystyrene-for-high-performance-bulk.txt,scratch/prj/ch_sce_mine/MatAGen/outputs_example/319_side-chain-engineering-of-isoindigo-containing-conjugated-polymers-using-polystyrene-for-high-performance-bulk/319_side-chain-engineering-of-isoindigo-containing-conjugated-polymers-using-polystyrene-for-high-performance-bulk/pdf/319_side-chain-engineering-of-isoindigo-containing-conjugated-polymers-using-polystyrene-for-high-performance-bulk.txt,text_mining_GPT_extended
"PII2T-PS5 (purified, Table 3 batch I)",poly(isoindigo-dithiophene),atactic polystyrene (Mn = 1300 g/mol) and 2-octyldodecanyl,polystyrene and branched alkyl,Mn = 1300 g/mol; 2-octyldodecanyl,"solubility, processability; purifiable by SEC",OPV (BHJ solar cell),electronic,80−90 nm,N/A,241 kg/mol,N/A,4.5,N/A,N/A,N/A,N/A,6.5 (6.0 ± 0.2),10.9,0.93,0.64,comparable molecular ordering,3.61−3.70 Å,19.4−21.1 Å,inverted BHJ; donor/PC61BM 1/1.5; annealed 100°C,spin-cast,o-DCB,N/A,N/A,inverted architecture ITO/ZnO/active/MoO3/Ag,comparable molecular ordering,319_side-chain-engineering-of-isoindigo-containing-conjugated-polymers-using-polystyrene-for-high-performance-bulk.txt,scratch/prj/ch_sce_mine/MatAGen/outputs_example/319_side-chain-engineering-of-isoindigo-containing-conjugated-polymers-using-polystyrene-for-high-performance-bulk/319_side-chain-engineering-of-isoindigo-containing-conjugated-polymers-using-polystyrene-for-high-performance-bulk/pdf/319_side-chain-engineering-of-isoindigo-containing-conjugated-polymers-using-polystyrene-for-high-performance-bulk.txt,text_mining_GPT_extended
"PII2T-PS5 (purified, Table 3 batch II)",poly(isoindigo-dithiophene),atactic polystyrene (Mn = 1300 g/mol) and 2-octyldodecanyl,polystyrene and branched alkyl,Mn = 1300 g/mol; 2-octyldodecanyl,"solubility, processability; purifiable by SEC",OPV (BHJ solar cell),electronic,80−90 nm,N/A,259 kg/mol,N/A,3.1,N/A,N/A,N/A,N/A,6.3 (6.0 ± 0.1),11.6,0.93,0.58,comparable molecular ordering,3.61−3.70 Å,19.4−21.1 Å,inverted BHJ; donor/PC61BM 1/1.5; annealed 100°C,spin-cast,o-DCB,N/A,N/A,inverted architecture ITO/ZnO/active/MoO3/Ag,comparable molecular ordering,319_side-chain-engineering-of-isoindigo-containing-conjugated-polymers-using-polystyrene-for-high-performance-bulk.txt,scratch/prj/ch_sce_mine/MatAGen/outputs_example/319_side-chain-engineering-of-isoindigo-containing-conjugated-polymers-using-polystyrene-for-high-performance-bulk/319_side-chain-engineering-of-isoindigo-containing-conjugated-polymers-using-polystyrene-for-high-performance-bulk/pdf/319_side-chain-engineering-of-isoindigo-containing-conjugated-polymers-using-polystyrene-for-high-performance-bulk.txt,text_mining_GPT_extended
PNDI-TVT-100OD,NDI–TVT alternating backbone,"2-octyldodecyl (OD, 100%)",alkyl,2-octyldodecyl,control conformational interchain interactions and solubility,OPV,electronic,ca. 100 nm,N/A,31.4 kDa,50.7 kDa,1.6,2.09 × 10−4 cm2 V−1 s−1,1.75 × 10−5 cm2 V−1 s−1,N/A,N/A,2.94%,7.41 mA cm−2,0.795 V,0.499,crystalline,3.92 Å,23.26 Å,AM 1.5G 100 mW cm−2; D/A 2:1,spin-coating,DCB,toluene,N/A,ITO/PEDOT:PSS/PTB7-Th:acceptor/PDIN/Al,N/A,312_s10854-016-6201-y.txt,scratch/prj/ch_sce_mine/MatAGen/outputs_example/312_s10854-016-6201-y/312_s10854-016-6201-y/pdf/312_s10854-016-6201-y.txt,text_mining_GPT_extended
PNDI-TVT-100OD,NDI–TVT alternating backbone,"2-octyldodecyl (OD, 100%)",alkyl,2-octyldodecyl,control conformational interchain interactions and solubility,OPV,electronic,ca. 100 nm,N/A,31.4 kDa,50.7 kDa,1.6,N/A,N/A,N/A,N/A,2.65%,8.04 mA cm−2,0.778 V,0.424,crystalline,3.92 Å,23.26 Å,AM 1.5G 100 mW cm−2; D/A 3:1,spin-coating,DCB,toluene,N/A,ITO/PEDOT:PSS/PTB7-Th:acceptor/PDIN/Al,N/A,312_s10854-016-6201-y.txt,scratch/prj/ch_sce_mine/MatAGen/outputs_example/312_s10854-016-6201-y/312_s10854-016-6201-y/pdf/312_s10854-016-6201-y.txt,text_mining_GPT_extended
PNDI-TVT-90OD,NDI–TVT alternating backbone,"2-octyldodecyl (OD, 90%) and 2-butyloctyl (BO, 10%)",alkyl,2-octyldodecyl; 2-butyloctyl,control conformational interchain interactions and solubility,OPV,electronic,ca. 100 nm,N/A,37.7 kDa,74.8 kDa,2.0,2.37 × 10−4 cm2 V−1 s−1,5.49 × 10−5 cm2 V−1 s−1,N/A,N/A,4.55%,12.88 mA cm−2,0.792 V,0.446,crystalline,3.89 Å,22.74 Å,AM 1.5G 100 mW cm−2; D/A 2:1,spin-coating,DCB,toluene,N/A,ITO/PEDOT:PSS/PTB7-Th:acceptor/PDIN/Al,low surface roughness,312_s10854-016-6201-y.txt,scratch/prj/ch_sce_mine/MatAGen/outputs_example/312_s10854-016-6201-y/312_s10854-016-6201-y/pdf/312_s10854-016-6201-y.txt,text_mining_GPT_extended
PNDI-TVT-90OD,NDI–TVT alternating backbone,"2-octyldodecyl (OD, 90%) and 2-butyloctyl (BO, 10%)",alkyl,2-octyldodecyl; 2-butyloctyl,control conformational interchain interactions and solubility,OPV,electronic,ca. 100 nm,N/A,37.7 kDa,74.8 kDa,2.0,N/A,N/A,N/A,N/A,3.86%,11.01 mA cm−2,0.808 V,0.435,crystalline,3.89 Å,22.74 Å,AM 1.5G 100 mW cm−2; D/A 3:1,spin-coating,DCB,toluene,N/A,ITO/PEDOT:PSS/PTB7-Th:acceptor/PDIN/Al,N/A,312_s10854-016-6201-y.txt,scratch/prj/ch_sce_mine/MatAGen/outputs_example/312_s10854-016-6201-y/312_s10854-016-6201-y/pdf/312_s10854-016-6201-y.txt,text_mining_GPT_extended
PNDI-TVT-70OD,NDI–TVT alternating backbone,"2-octyldodecyl (OD, 70%) and 2-butyloctyl (BO, 30%)",alkyl,2-octyldodecyl; 2-butyloctyl,control conformational interchain interactions and solubility,OPV,electronic,ca. 100 nm,N/A,34.3 kDa,71.8 kDa,2.1,N/A,N/A,N/A,N/A,3.27%,10.30 mA cm−2,0.769 V,0.412,crystalline,3.75 Å,21.66 Å,AM 1.5G 100 mW cm−2; D/A 2:1,spin-coating,DCB,toluene,N/A,ITO/PEDOT:PSS/PTB7-Th:acceptor/PDIN/Al,N/A,312_s10854-016-6201-y.txt,scratch/prj/ch_sce_mine/MatAGen/outputs_example/312_s10854-016-6201-y/312_s10854-016-6201-y/pdf/312_s10854-016-6201-y.txt,text_mining_GPT_extended
PNDI-TVT-70OD,NDI–TVT alternating backbone,"2-octyldodecyl (OD, 70%) and 2-butyloctyl (BO, 30%)",alkyl,2-octyldodecyl; 2-butyloctyl,control conformational interchain interactions and solubility,OPV,electronic,ca. 100 nm,N/A,34.3 kDa,71.8 kDa,2.1,2.07 × 10−4 cm2 V−1 s−1,4.05 × 10−5 cm2 V−1 s−1,N/A,N/A,3.72%,11.96 mA cm−2,0.791 V,0.393,crystalline,3.75 Å,21.66 Å,AM 1.5G 100 mW cm−2; D/A 3:1,spin-coating,DCB,toluene,N/A,ITO/PEDOT:PSS/PTB7-Th:acceptor/PDIN/Al,N/A,312_s10854-016-6201-y.txt,scratch/prj/ch_sce_mine/MatAGen/outputs_example/312_s10854-016-6201-y/312_s10854-016-6201-y/pdf/312_s10854-016-6201-y.txt,text_mining_GPT_extended
PNDI-TVT-50OD,NDI–TVT alternating backbone,"2-octyldodecyl (OD, 50%) and 2-butyloctyl (BO, 50%)",alkyl,2-octyldodecyl; 2-butyloctyl,control conformational interchain interactions and solubility,OPV,electronic,ca. 100 nm,N/A,28.9 kDa,67.5 kDa,2.3,N/A,N/A,N/A,N/A,3.17%,9.57 mA cm−2,0.774 V,0.428,semi-crystalline,3.69 Å,21.58 Å,AM 1.5G 100 mW cm−2; D/A 2:1,spin-coating,DCB,toluene,N/A,ITO/PEDOT:PSS/PTB7-Th:acceptor/PDIN/Al,N/A,312_s10854-016-6201-y.txt,scratch/prj/ch_sce_mine/MatAGen/outputs_example/312_s10854-016-6201-y/312_s10854-016-6201-y/pdf/312_s10854-016-6201-y.txt,text_mining_GPT_extended
PNDI-TVT-50OD,NDI–TVT alternating backbone,"2-octyldodecyl (OD, 50%) and 2-butyloctyl (BO, 50%)",alkyl,2-octyldodecyl; 2-butyloctyl,control conformational interchain interactions and solubility,OPV,electronic,ca. 100 nm,N/A,28.9 kDa,67.5 kDa,2.3,2.06 × 10−4 cm2 V−1 s−1,2.90 × 10−5 cm2 V−1 s−1,N/A,N/A,3.62%,10.46 mA cm−2,0.793 V,0.436,semi-crystalline,3.69 Å,21.58 Å,AM 1.5G 100 mW cm−2; D/A 3:1,spin-coating,DCB,toluene,N/A,ITO/PEDOT:PSS/PTB7-Th:acceptor/PDIN/Al,N/A,312_s10854-016-6201-y.txt,scratch/prj/ch_sce_mine/MatAGen/outputs_example/312_s10854-016-6201-y/312_s10854-016-6201-y/pdf/312_s10854-016-6201-y.txt,text_mining_GPT_extended
PPTa-Y,"1,4-[4-(2-hexylundecyl)phenylene]dioxythiophene-2,5-diyl",2-hexylundecyl,alkyl,2-hexylundecyl,solubility,N/A,N/A,N/A,N/A,26.3 kg mol^-1,44.6 kg mol^-1,1.7,N/A,N/A,N/A,N/A,N/A,N/A,N/A,N/A,N/A,4.3 Å,N/A,in CHCl3,drop-cast,N/A,"DMF, THF",0.1 M Et4NBF4 in acetonitrile,N/A,diffraction halo at about 19–20°,375_1-s2.0-S0379677915001447-main.txt,scratch/prj/ch_sce_mine/MatAGen/outputs_example/375_1-s2.0-S0379677915001447-main/375_1-s2.0-S0379677915001447-main/pdf/375_1-s2.0-S0379677915001447-main.txt,text_mining_GPT_extended
PPTb-Y,"1,4-[4-fluoro-5-(2-hexylundecyl)phenylene]dioxythiophene-2,6-diyl",2-hexylundecyl,alkyl,2-hexylundecyl,solubility,N/A,N/A,N/A,N/A,24.3 kg mol^-1,48.3 kg mol^-1,2.0,N/A,N/A,N/A,N/A,N/A,N/A,N/A,N/A,N/A,4.3 Å,N/A,in CHCl3,drop-cast,N/A,"DMF, THF",0.1 M Et4NBF4 in acetonitrile,N/A,diffraction halo at about 19–20°,375_1-s2.0-S0379677915001447-main.txt,scratch/prj/ch_sce_mine/MatAGen/outputs_example/375_1-s2.0-S0379677915001447-main/375_1-s2.0-S0379677915001447-main/pdf/375_1-s2.0-S0379677915001447-main.txt,text_mining_GPT_extended
PPTa-G,"1,4-[4-(2-hexylundecyl)phenylene]dioxythiophene-2,5-diyl",2-hexylundecyl,alkyl,2-hexylundecyl,solubility,OFET,electronic,N/A,N/A,19.6 kg mol^-1,27.2 kg mol^-1,1.4,2.52  103 cm2 V1 s1,N/A,N/A,N/A,N/A,N/A,N/A,N/A,N/A,3.9 Å,N/A,N/A,spin-coated,N/A,THF,N/A,SiO2/p-Si substrate with Au electrodes,good among general amorphous conjugated polymers,375_1-s2.0-S0379677915001447-main.txt,scratch/prj/ch_sce_mine/MatAGen/outputs_example/375_1-s2.0-S0379677915001447-main/375_1-s2.0-S0379677915001447-main/pdf/375_1-s2.0-S0379677915001447-main.txt,text_mining_GPT_extended
PPTa-G,"1,4-[4-(2-hexylundecyl)phenylene]dioxythiophene-2,5-diyl",2-hexylundecyl,alkyl,2-hexylundecyl,solubility,OFET,electronic,N/A,50 mm,19.6 kg mol^-1,27.2 kg mol^-1,1.4,1.92  103 cm2 V1 s1,N/A,N/A,N/A,N/A,N/A,N/A,N/A,N/A,3.9 Å,N/A,drain voltage -50 V,spin-coated,N/A,THF,N/A,SiO2/p-Si substrate with Au electrodes,N/A,375_1-s2.0-S0379677915001447-main.txt,scratch/prj/ch_sce_mine/MatAGen/outputs_example/375_1-s2.0-S0379677915001447-main/375_1-s2.0-S0379677915001447-main/pdf/375_1-s2.0-S0379677915001447-main.txt,text_mining_GPT_extended
PPheDOT-(C12)2,"PheDOT with two dodecyl side chains at 4,5-positions",two dodecyl side chains,alkyl,dodecyl,N/A,N/A,N/A,N/A,N/A,14800 g/mol,N/A,N/A,N/A,N/A,N/A,N/A,N/A,N/A,N/A,N/A,N/A,4.6 Å,N/A,N/A,N/A,N/A,N/A,N/A,N/A,poor soluble in common organic solvents,375_1-s2.0-S0379677915001447-main.txt,scratch/prj/ch_sce_mine/MatAGen/outputs_example/375_1-s2.0-S0379677915001447-main/375_1-s2.0-S0379677915001447-main/pdf/375_1-s2.0-S0379677915001447-main.txt,text_mining_GPT_extended
PT-ttTPD,ttTPD acceptor alternating with thiophene (tt p-bridge),5-hexyltridecyl; 6-octyl,e-branched alkyl,5-hexyltridecyl; 6-octyl,solubility and packing control,OPV,electronic,N/A,N/A,85 000 g mol-1,N/A,2.4,1.78×10^-3 cm2 V^-1 s^-1,N/A,N/A,N/A,9.21%,15.30 mA cm-2,0.86 V,70%,N/A,3.69 Å,N/A,polymer:PC71BM 1:1.5 w/w; CB + 3 vol% DIO; AM1.5G 100 mW cm-2,spin-cast,chlorobenzene with 3 vol% DIO,N/A,N/A,inverted ITO/ZnO/polymers:PC71BM/MoO3/Ag,preferentially face-on orientation,347_c5ee01627d.txt,scratch/prj/ch_sce_mine/MatAGen/outputs_example/347_c5ee01627d/347_c5ee01627d/pdf/347_c5ee01627d.txt,text_mining_GPT_extended
PBT-ttTPD,ttTPD acceptor alternating with bithiophene (BT) donor and tt p-bridge,5-hexyltridecyl; 6-octyl,e-branched alkyl,5-hexyltridecyl; 6-octyl,solubility and packing control,OPV,electronic,N/A,N/A,70 000 g mol-1,N/A,2.8,3.78×10^-5 cm2 V^-1 s^-1,N/A,N/A,N/A,5.05%,10.56 mA cm-2,0.78 V,62%,N/A,N/A,N/A,polymer:PC71BM 1:1.5 w/w; CB + 3 vol% DIO; AM1.5G 100 mW cm-2,spin-cast,chlorobenzene with 3 vol% DIO,N/A,N/A,inverted ITO/ZnO/polymers:PC71BM/MoO3/Ag,edge-on orientation,347_c5ee01627d.txt,scratch/prj/ch_sce_mine/MatAGen/outputs_example/347_c5ee01627d/347_c5ee01627d/pdf/347_c5ee01627d.txt,text_mining_GPT_extended
P1,"4,8-di(thiophene-2-yl)benzo[1,2-b:4,5-b']dithiophene (DTBDT) and 4,7-di(thiophene-2-yl)benzo[c][1,2,5]thiadiazole (DTBT)",2-hexyldecyl (donor); hexyl (acceptor),alkyl,2-hexyldecyl; hexyl,improve photochemical/thermal stability and processability,PSC,electronic,around 110 nm,N/A,22.5 kDa,N/A,3.9,N/A,N/A,N/A,N/A,4.50 (5.27),9.74,0.75,0.61,amorphous,N/A,N/A,spin-coating in N2 glovebox,spin-coating,CF,toluene,N/A,glass/ITO/PEDOT:PSS/polymer:PC61BM/Ca/Al,amorphous,351_c6ta07244e.txt,scratch/prj/ch_sce_mine/MatAGen/outputs_example/351_c6ta07244e/351_c6ta07244e/pdf/351_c6ta07244e.txt,text_mining_GPT_extended
P1,"4,8-di(thiophene-2-yl)benzo[1,2-b:4,5-b']dithiophene (DTBDT) and 4,7-di(thiophene-2-yl)benzo[c][1,2,5]thiadiazole (DTBT)",2-hexyldecyl (donor); hexyl (acceptor),alkyl,2-hexyldecyl; hexyl,improve photochemical/thermal stability and processability,PSC,electronic,450 nm,N/A,22.5 kDa,N/A,3.9,N/A,N/A,N/A,N/A,3.43 (3.60),7.79,0.73,0.60,amorphous,N/A,N/A,roll-coating in air at 80 °C,roll-coating,ODCB/CB 4/1,toluene,N/A,PET/Ag grid/PEDOT:PSS/ZnO/polymer:PC61BM/PEDOT:PSS/Ag grid,amorphous,351_c6ta07244e.txt,scratch/prj/ch_sce_mine/MatAGen/outputs_example/351_c6ta07244e/351_c6ta07244e/pdf/351_c6ta07244e.txt,text_mining_GPT_extended
P2a,"4,8-di(thiophene-2-yl)benzo[1,2-b:4,5-b']dithiophene (DTBDT) and 4,7-di(thiophene-2-yl)benzo[c][1,2,5]thiadiazole (DTBT)",5% D-EtPh (2-phenylethyl) on donor; remaining 2-hexyldecyl; hexyl acceptor,alkyl; phenylethyl,5% EtPh; 2-hexyldecyl; hexyl,improve photochemical/thermal stability and processability,PSC,electronic,around 110 nm,N/A,19.3 kDa,N/A,4.1,N/A,N/A,N/A,N/A,4.58 (4.73),9.79,0.76,0.62,amorphous,N/A,N/A,spin-coating in N2 glovebox,spin-coating,CF,toluene,N/A,glass/ITO/PEDOT:PSS/polymer:PC61BM/Ca/Al,amorphous,351_c6ta07244e.txt,scratch/prj/ch_sce_mine/MatAGen/outputs_example/351_c6ta07244e/351_c6ta07244e/pdf/351_c6ta07244e.txt,text_mining_GPT_extended
P2a,"4,8-di(thiophene-2-yl)benzo[1,2-b:4,5-b']dithiophene (DTBDT) and 4,7-di(thiophene-2-yl)benzo[c][1,2,5]thiadiazole (DTBT)",5% D-EtPh (2-phenylethyl) on donor; remaining 2-hexyldecyl; hexyl acceptor,alkyl; phenylethyl,5% EtPh; 2-hexyldecyl; hexyl,improve photochemical/thermal stability and processability,PSC,electronic,450 nm,N/A,19.3 kDa,N/A,4.1,N/A,N/A,N/A,N/A,3.35 (3.47),7.73,0.73,0.59,amorphous,N/A,N/A,roll-coating in air at 80 °C,roll-coating,ODCB/CB 4/1,toluene,N/A,PET/Ag grid/PEDOT:PSS/ZnO/polymer:PC61BM/PEDOT:PSS/Ag grid,amorphous,351_c6ta07244e.txt,scratch/prj/ch_sce_mine/MatAGen/outputs_example/351_c6ta07244e/351_c6ta07244e/pdf/351_c6ta07244e.txt,text_mining_GPT_extended
P2b,"4,8-di(thiophene-2-yl)benzo[1,2-b:4,5-b']dithiophene (DTBDT) and 4,7-di(thiophene-2-yl)benzo[c][1,2,5]thiadiazole (DTBT)",10% D-EtPh (2-phenylethyl) on donor; remaining 2-hexyldecyl; hexyl acceptor,alkyl; phenylethyl,10% EtPh; 2-hexyldecyl; hexyl,improve photochemical/thermal stability and processability,PSC,electronic,around 110 nm,N/A,18.3 kDa,N/A,3.7,N/A,N/A,N/A,N/A,4.31 (4.49),9.23,0.76,0.61,amorphous,N/A,N/A,spin-coating in N2 glovebox,spin-coating,CF,toluene,N/A,glass/ITO/PEDOT:PSS/polymer:PC61BM/Ca/Al,amorphous,351_c6ta07244e.txt,scratch/prj/ch_sce_mine/MatAGen/outputs_example/351_c6ta07244e/351_c6ta07244e/pdf/351_c6ta07244e.txt,text_mining_GPT_extended
P2b,"4,8-di(thiophene-2-yl)benzo[1,2-b:4,5-b']dithiophene (DTBDT) and 4,7-di(thiophene-2-yl)benzo[c][1,2,5]thiadiazole (DTBT)",10% D-EtPh (2-phenylethyl) on donor; remaining 2-hexyldecyl; hexyl acceptor,alkyl; phenylethyl,10% EtPh; 2-hexyldecyl; hexyl,improve photochemical/thermal stability and processability,PSC,electronic,450 nm,N/A,18.3 kDa,N/A,3.7,N/A,N/A,N/A,N/A,3.25 (3.43),7.79,0.73,0.57,amorphous,N/A,N/A,roll-coating in air at 80 °C,roll-coating,ODCB/CB 4/1,toluene,N/A,PET/Ag grid/PEDOT:PSS/ZnO/polymer:PC61BM/PEDOT:PSS/Ag grid,amorphous,351_c6ta07244e.txt,scratch/prj/ch_sce_mine/MatAGen/outputs_example/351_c6ta07244e/351_c6ta07244e/pdf/351_c6ta07244e.txt,text_mining_GPT_extended
P3a,"4,8-di(thiophene-2-yl)benzo[1,2-b:4,5-b']dithiophene (DTBDT) and 4,7-di(thiophene-2-yl)benzo[c][1,2,5]thiadiazole (DTBT)",5% D-EtOH (2-hydroxyethyl) on donor; remaining 2-hexyldecyl; hexyl acceptor,alkyl; hydroxyethyl,5% EtOH; 2-hexyldecyl; hexyl,improve photochemical/thermal stability and processability,PSC,electronic,around 110 nm,N/A,23.1 kDa,N/A,4.5,N/A,N/A,N/A,N/A,4.89 (5.55),10.80,0.76,0.60,amorphous,N/A,N/A,spin-coating in N2 glovebox,spin-coating,CF,toluene,N/A,glass/ITO/PEDOT:PSS/polymer:PC61BM/Ca/Al,amorphous,351_c6ta07244e.txt,scratch/prj/ch_sce_mine/MatAGen/outputs_example/351_c6ta07244e/351_c6ta07244e/pdf/351_c6ta07244e.txt,text_mining_GPT_extended
P3a,"4,8-di(thiophene-2-yl)benzo[1,2-b:4,5-b']dithiophene (DTBDT) and 4,7-di(thiophene-2-yl)benzo[c][1,2,5]thiadiazole (DTBT)",5% D-EtOH (2-hydroxyethyl) on donor; remaining 2-hexyldecyl; hexyl acceptor,alkyl; hydroxyethyl,5% EtOH; 2-hexyldecyl; hexyl,improve photochemical/thermal stability and processability,PSC,electronic,450 nm,N/A,23.1 kDa,N/A,4.5,N/A,N/A,N/A,N/A,3.17 (3.38),7.63,0.72,0.58,amorphous,N/A,N/A,roll-coating in air at 80 °C,roll-coating,ODCB/CB 3/2,toluene,N/A,PET/Ag grid/PEDOT:PSS/ZnO/polymer:PC61BM/PEDOT:PSS/Ag grid,amorphous,351_c6ta07244e.txt,scratch/prj/ch_sce_mine/MatAGen/outputs_example/351_c6ta07244e/351_c6ta07244e/pdf/351_c6ta07244e.txt,text_mining_GPT_extended
P3b,"4,8-di(thiophene-2-yl)benzo[1,2-b:4,5-b']dithiophene (DTBDT) and 4,7-di(thiophene-2-yl)benzo[c][1,2,5]thiadiazole (DTBT)",10% D-EtOH (2-hydroxyethyl) on donor; remaining 2-hexyldecyl; hexyl acceptor,alkyl; hydroxyethyl,10% EtOH; 2-hexyldecyl; hexyl,improve photochemical/thermal stability and processability,PSC,electronic,around 110 nm,N/A,25.4 kDa,N/A,7.9,N/A,N/A,N/A,N/A,5.03 (5.33),10.48,0.72,0.67,amorphous,N/A,N/A,spin-coating in N2 glovebox,spin-coating,CF,toluene,N/A,glass/ITO/PEDOT:PSS/polymer:PC61BM/Ca/Al,amorphous,351_c6ta07244e.txt,scratch/prj/ch_sce_mine/MatAGen/outputs_example/351_c6ta07244e/351_c6ta07244e/pdf/351_c6ta07244e.txt,text_mining_GPT_extended
P3b,"4,8-di(thiophene-2-yl)benzo[1,2-b:4,5-b']dithiophene (DTBDT) and 4,7-di(thiophene-2-yl)benzo[c][1,2,5]thiadiazole (DTBT)",10% D-EtOH (2-hydroxyethyl) on donor; remaining 2-hexyldecyl; hexyl acceptor,alkyl; hydroxyethyl,10% EtOH; 2-hexyldecyl; hexyl,improve photochemical/thermal stability and processability,PSC,electronic,450 nm,N/A,25.4 kDa,N/A,7.9,N/A,N/A,N/A,N/A,3.27 (3.54),7.76,0.71,0.60,amorphous,N/A,N/A,roll-coating in air at 80 °C,roll-coating,ODCB/CB 3/2,toluene,N/A,PET/Ag grid/PEDOT:PSS/ZnO/polymer:PC61BM/PEDOT:PSS/Ag grid,amorphous,351_c6ta07244e.txt,scratch/prj/ch_sce_mine/MatAGen/outputs_example/351_c6ta07244e/351_c6ta07244e/pdf/351_c6ta07244e.txt,text_mining_GPT_extended
P4a,"4,8-di(thiophene-2-yl)benzo[1,2-b:4,5-b']dithiophene (DTBDT) and 4,7-di(thiophene-2-yl)benzo[c][1,2,5]thiadiazole (DTBT)",5% A-EtOH (2-hydroxyethyl) on acceptor; 2-hexyldecyl donor; remaining hexyl acceptor,alkyl; hydroxyethyl,5% EtOH; 2-hexyldecyl; hexyl,improve photochemical/thermal stability and processability,PSC,electronic,around 110 nm,N/A,16.2 kDa,N/A,3.8,N/A,N/A,N/A,N/A,4.50 (4.74),9.93,0.76,0.60,amorphous,N/A,N/A,spin-coating in N2 glovebox,spin-coating,CF,toluene,N/A,glass/ITO/PEDOT:PSS/polymer:PC61BM/Ca/Al,amorphous,351_c6ta07244e.txt,scratch/prj/ch_sce_mine/MatAGen/outputs_example/351_c6ta07244e/351_c6ta07244e/pdf/351_c6ta07244e.txt,text_mining_GPT_extended
P4a,"4,8-di(thiophene-2-yl)benzo[1,2-b:4,5-b']dithiophene (DTBDT) and 4,7-di(thiophene-2-yl)benzo[c][1,2,5]thiadiazole (DTBT)",5% A-EtOH (2-hydroxyethyl) on acceptor; 2-hexyldecyl donor; remaining hexyl acceptor,alkyl; hydroxyethyl,5% EtOH; 2-hexyldecyl; hexyl,improve photochemical/thermal stability and processability,PSC,electronic,450 nm,N/A,16.2 kDa,N/A,3.8,N/A,N/A,N/A,N/A,3.16 (3.42),7.99,0.72,0.55,amorphous,N/A,N/A,roll-coating in air at 80 °C,roll-coating,ODCB/CB 3/2,toluene,N/A,PET/Ag grid/PEDOT:PSS/ZnO/polymer:PC61BM/PEDOT:PSS/Ag grid,amorphous,351_c6ta07244e.txt,scratch/prj/ch_sce_mine/MatAGen/outputs_example/351_c6ta07244e/351_c6ta07244e/pdf/351_c6ta07244e.txt,text_mining_GPT_extended
P4b,"4,8-di(thiophene-2-yl)benzo[1,2-b:4,5-b']dithiophene (DTBDT) and 4,7-di(thiophene-2-yl)benzo[c][1,2,5]thiadiazole (DTBT)",10% A-EtOH (2-hydroxyethyl) on acceptor; 2-hexyldecyl donor; remaining hexyl acceptor,alkyl; hydroxyethyl,10% EtOH; 2-hexyldecyl; hexyl,improve photochemical/thermal stability and processability,PSC,electronic,around 110 nm,N/A,13.3 kDa,N/A,3.2,N/A,N/A,N/A,N/A,4.34 (4.54),9.30,0.76,0.61,amorphous,N/A,N/A,spin-coating in N2 glovebox,spin-coating,CF,toluene,N/A,glass/ITO/PEDOT:PSS/polymer:PC61BM/Ca/Al,amorphous,351_c6ta07244e.txt,scratch/prj/ch_sce_mine/MatAGen/outputs_example/351_c6ta07244e/351_c6ta07244e/pdf/351_c6ta07244e.txt,text_mining_GPT_extended
P4b,"4,8-di(thiophene-2-yl)benzo[1,2-b:4,5-b']dithiophene (DTBDT) and 4,7-di(thiophene-2-yl)benzo[c][1,2,5]thiadiazole (DTBT)",10% A-EtOH (2-hydroxyethyl) on acceptor; 2-hexyldecyl donor; remaining hexyl acceptor,alkyl; hydroxyethyl,10% EtOH; 2-hexyldecyl; hexyl,improve photochemical/thermal stability and processability,PSC,electronic,450 nm,N/A,13.3 kDa,N/A,3.2,N/A,N/A,N/A,N/A,3.04 (3.16),7.76,0.73,0.54,amorphous,N/A,N/A,roll-coating in air at 80 °C,roll-coating,ODCB/CB 3/2,toluene,N/A,PET/Ag grid/PEDOT:PSS/ZnO/polymer:PC61BM/PEDOT:PSS/Ag grid,amorphous,351_c6ta07244e.txt,scratch/prj/ch_sce_mine/MatAGen/outputs_example/351_c6ta07244e/351_c6ta07244e/pdf/351_c6ta07244e.txt,text_mining_GPT_extended
Si-C1C6C8-DPP-C5,DPP-C5,siloxane-terminated alkyl chain and branched alkyl chain,"siloxane-terminated alkyl, branched alkyl",C1C6C8,solubilizing groups; lower melting temperature,OFET,electronic,∼1.5 μm,N/A,19.1 kDa,N/A,1.2,6.50 × 10−3 cm2/(V s),N/A,N/A,N/A,N/A,N/A,N/A,N/A,crystalline,3.68 Å,24.7 Å,melt-processed at 130 °C,melt pressing (delamination−lamination),N/A,N/A,N/A,bottom-gate bottom-contact (delamination−lamination),smooth upon delamination,382_attaining-melt-processing-of-complementary-semiconducting-polymer-blends-at-130-c-via-side-chain-engineering.txt,scratch/prj/ch_sce_mine/MatAGen/outputs_example/382_attaining-melt-processing-of-complementary-semiconducting-polymer-blends-at-130-c-via-side-chain-engineering/382_attaining-melt-processing-of-complementary-semiconducting-polymer-blends-at-130-c-via-side-chain-engineering/pdf/382_attaining-melt-processing-of-complementary-semiconducting-polymer-blends-at-130-c-via-side-chain-engineering.txt,text_mining_GPT_extended
Si-C1C6C8-DPP-C0,DPP-C0,siloxane-terminated alkyl chain and branched alkyl chain,"siloxane-terminated alkyl, branched alkyl",C1C6C8,solubilizing groups,OFET,electronic,N/A,N/A,5.8 kDa,N/A,1.2,2.89 cm2/(V s),N/A,N/A,N/A,N/A,N/A,N/A,N/A,crystalline,3.61 Å,21.5 Å,drop-cast; hot-pressed at 130 °C,drop-casting; hot-pressing,chloroform,N/A,N/A,bottom-gate bottom-contact (delamination−lamination),clear edge-on orientation,382_attaining-melt-processing-of-complementary-semiconducting-polymer-blends-at-130-c-via-side-chain-engineering.txt,scratch/prj/ch_sce_mine/MatAGen/outputs_example/382_attaining-melt-processing-of-complementary-semiconducting-polymer-blends-at-130-c-via-side-chain-engineering/382_attaining-melt-processing-of-complementary-semiconducting-polymer-blends-at-130-c-via-side-chain-engineering/pdf/382_attaining-melt-processing-of-complementary-semiconducting-polymer-blends-at-130-c-via-side-chain-engineering.txt,text_mining_GPT_extended
5% c-SPB,DPP-C5 matrix + DPP-C0 tie,siloxane-terminated alkyl chain and branched alkyl chain,"siloxane-terminated alkyl, branched alkyl",C1C6C8,solubilizing groups; lower melting temperature,OFET,electronic,∼1.5 μm,N/A,N/A,N/A,N/A,0.57 cm2/(V s),N/A,N/A,N/A,N/A,N/A,N/A,N/A,crystalline,3.65 Å,23.7 Å,melt-processed at 130 °C,melt pressing (delamination−lamination),N/A,N/A,N/A,bottom-gate bottom-contact (delamination−lamination),no detectable phase separation,382_attaining-melt-processing-of-complementary-semiconducting-polymer-blends-at-130-c-via-side-chain-engineering.txt,scratch/prj/ch_sce_mine/MatAGen/outputs_example/382_attaining-melt-processing-of-complementary-semiconducting-polymer-blends-at-130-c-via-side-chain-engineering/382_attaining-melt-processing-of-complementary-semiconducting-polymer-blends-at-130-c-via-side-chain-engineering/pdf/382_attaining-melt-processing-of-complementary-semiconducting-polymer-blends-at-130-c-via-side-chain-engineering.txt,text_mining_GPT_extended
10% c-SPB,DPP-C5 matrix + DPP-C0 tie,siloxane-terminated alkyl chain and branched alkyl chain,"siloxane-terminated alkyl, branched alkyl",C1C6C8,solubilizing groups; lower melting temperature,OFET,electronic,∼1.5 μm,N/A,N/A,N/A,N/A,0.75 cm2/(V s),N/A,N/A,N/A,N/A,N/A,N/A,N/A,crystalline,N/A,N/A,melt-processed at 130 °C,melt pressing (delamination−lamination),N/A,N/A,N/A,bottom-gate bottom-contact (delamination−lamination),no detectable phase separation,382_attaining-melt-processing-of-complementary-semiconducting-polymer-blends-at-130-c-via-side-chain-engineering.txt,scratch/prj/ch_sce_mine/MatAGen/outputs_example/382_attaining-melt-processing-of-complementary-semiconducting-polymer-blends-at-130-c-via-side-chain-engineering/382_attaining-melt-processing-of-complementary-semiconducting-polymer-blends-at-130-c-via-side-chain-engineering/pdf/382_attaining-melt-processing-of-complementary-semiconducting-polymer-blends-at-130-c-via-side-chain-engineering.txt,text_mining_GPT_extended
50% c-SPB,DPP-C5 matrix + DPP-C0 tie,siloxane-terminated alkyl chain and branched alkyl chain,"siloxane-terminated alkyl, branched alkyl",C1C6C8,solubilizing groups; lower melting temperature,OFET,electronic,∼1.5 μm,N/A,N/A,N/A,N/A,0.88 cm2/(V s),N/A,N/A,N/A,N/A,N/A,N/A,N/A,crystalline,N/A,N/A,melt-processed at 130 °C,melt pressing (delamination−lamination),N/A,N/A,N/A,bottom-gate bottom-contact (delamination−lamination),no detectable phase separation,382_attaining-melt-processing-of-complementary-semiconducting-polymer-blends-at-130-c-via-side-chain-engineering.txt,scratch/prj/ch_sce_mine/MatAGen/outputs_example/382_attaining-melt-processing-of-complementary-semiconducting-polymer-blends-at-130-c-via-side-chain-engineering/382_attaining-melt-processing-of-complementary-semiconducting-polymer-blends-at-130-c-via-side-chain-engineering/pdf/382_attaining-melt-processing-of-complementary-semiconducting-polymer-blends-at-130-c-via-side-chain-engineering.txt,text_mining_GPT_extended
pTBTD-5DH(H),terthiophene (T) between benzothiadiazole (B) and diketopyrrolopyrrole (D),5-decylheptadecyl (5-DH),branched,5-decylheptadecyl,improve solubility; reduce steric hindrance; packing control,OFET,electronic,N/A,50 µm,50 kDa,N/A,2.1,1.02 cm 2 V −1 s −1,N/A,N/A,N/A,N/A,N/A,N/A,N/A,crystalline,3.59 Å,24.88 Å,as-spun,spin-coat,"1,2-dichlorobenzene",N/A,N/A,bottom-contact-bottom-gate OFET,nano-fibrillar texture,391_Adv Funct Materials - 2014 - Fu - Enhancing Field%E2%80%90Effect Mobility of Conjugated Polymers Through Rational Design of.txt,scratch/prj/ch_sce_mine/MatAGen/outputs_example/391_Adv Funct Materials - 2014 - Fu - Enhancing Field%E2%80%90Effect Mobility of Conjugated Polymers Through Rational Design of/391_Adv Funct Materials - 2014 - Fu - Enhancing Field%E2%80%90Effect Mobility of Conjugated Polymers Through Rational Design of/pdf/391_Adv Funct Materials - 2014 - Fu - Enhancing Field%E2%80%90Effect Mobility of Conjugated Polymers Through Rational Design of.txt,text_mining_GPT_extended
pTBTD-5DH(H),terthiophene (T) between benzothiadiazole (B) and diketopyrrolopyrrole (D),5-decylheptadecyl (5-DH),branched,5-decylheptadecyl,improve solubility; reduce steric hindrance; packing control,OFET,electronic,N/A,50 µm,50 kDa,N/A,2.1,2.32 cm 2 V −1 s −1,N/A,N/A,N/A,N/A,N/A,N/A,N/A,crystalline,3.59 Å,24.55 Å,annealed at 300 °C,spin-coat,"1,2-dichlorobenzene",N/A,N/A,bottom-contact-bottom-gate OFET,nano-fibrillar texture,391_Adv Funct Materials - 2014 - Fu - Enhancing Field%E2%80%90Effect Mobility of Conjugated Polymers Through Rational Design of.txt,scratch/prj/ch_sce_mine/MatAGen/outputs_example/391_Adv Funct Materials - 2014 - Fu - Enhancing Field%E2%80%90Effect Mobility of Conjugated Polymers Through Rational Design of/391_Adv Funct Materials - 2014 - Fu - Enhancing Field%E2%80%90Effect Mobility of Conjugated Polymers Through Rational Design of/pdf/391_Adv Funct Materials - 2014 - Fu - Enhancing Field%E2%80%90Effect Mobility of Conjugated Polymers Through Rational Design of.txt,text_mining_GPT_extended
pTBTD-5DH,terthiophene (T) between benzothiadiazole (B) and diketopyrrolopyrrole (D),5-decylheptadecyl (5-DH),branched,5-decylheptadecyl,improve solubility; reduce steric hindrance; packing control,OFET,electronic,N/A,50 µm,44 kDa,N/A,2.3,0.62 cm 2 V −1 s −1,N/A,N/A,N/A,N/A,N/A,N/A,N/A,crystalline,3.62 Å,24.88 Å,as-spun,spin-coat,"1,2-dichlorobenzene",N/A,N/A,bottom-contact-bottom-gate OFET,nano-fibrillar texture,391_Adv Funct Materials - 2014 - Fu - Enhancing Field%E2%80%90Effect Mobility of Conjugated Polymers Through Rational Design of.txt,scratch/prj/ch_sce_mine/MatAGen/outputs_example/391_Adv Funct Materials - 2014 - Fu - Enhancing Field%E2%80%90Effect Mobility of Conjugated Polymers Through Rational Design of/391_Adv Funct Materials - 2014 - Fu - Enhancing Field%E2%80%90Effect Mobility of Conjugated Polymers Through Rational Design of/pdf/391_Adv Funct Materials - 2014 - Fu - Enhancing Field%E2%80%90Effect Mobility of Conjugated Polymers Through Rational Design of.txt,text_mining_GPT_extended
pTBTD-5DH,terthiophene (T) between benzothiadiazole (B) and diketopyrrolopyrrole (D),5-decylheptadecyl (5-DH),branched,5-decylheptadecyl,improve solubility; reduce steric hindrance; packing control,OFET,electronic,N/A,50 µm,44 kDa,N/A,2.3,0.43 cm 2 V −1 s −1,N/A,N/A,N/A,N/A,N/A,N/A,N/A,crystalline,3.62 Å,24.88 Å,as-spun,drop-cast,"1,2-dichlorobenzene",N/A,N/A,bottom-contact-bottom-gate OFET,nano-fibrillar texture,391_Adv Funct Materials - 2014 - Fu - Enhancing Field%E2%80%90Effect Mobility of Conjugated Polymers Through Rational Design of.txt,scratch/prj/ch_sce_mine/MatAGen/outputs_example/391_Adv Funct Materials - 2014 - Fu - Enhancing Field%E2%80%90Effect Mobility of Conjugated Polymers Through Rational Design of/391_Adv Funct Materials - 2014 - Fu - Enhancing Field%E2%80%90Effect Mobility of Conjugated Polymers Through Rational Design of/pdf/391_Adv Funct Materials - 2014 - Fu - Enhancing Field%E2%80%90Effect Mobility of Conjugated Polymers Through Rational Design of.txt,text_mining_GPT_extended
pTBTD-5DH,terthiophene (T) between benzothiadiazole (B) and diketopyrrolopyrrole (D),5-decylheptadecyl (5-DH),branched,5-decylheptadecyl,improve solubility; reduce steric hindrance; packing control,OFET,electronic,N/A,50 µm,44 kDa,N/A,2.3,1.74 cm 2 V −1 s −1,N/A,N/A,N/A,N/A,N/A,N/A,N/A,crystalline,3.61 Å,24.88 Å,annealed at 300 °C,spin-coat,"1,2-dichlorobenzene",N/A,N/A,bottom-contact-bottom-gate OFET,nano-fibrillar texture,391_Adv Funct Materials - 2014 - Fu - Enhancing Field%E2%80%90Effect Mobility of Conjugated Polymers Through Rational Design of.txt,scratch/prj/ch_sce_mine/MatAGen/outputs_example/391_Adv Funct Materials - 2014 - Fu - Enhancing Field%E2%80%90Effect Mobility of Conjugated Polymers Through Rational Design of/391_Adv Funct Materials - 2014 - Fu - Enhancing Field%E2%80%90Effect Mobility of Conjugated Polymers Through Rational Design of/pdf/391_Adv Funct Materials - 2014 - Fu - Enhancing Field%E2%80%90Effect Mobility of Conjugated Polymers Through Rational Design of.txt,text_mining_GPT_extended
pTBTD-5DH,terthiophene (T) between benzothiadiazole (B) and diketopyrrolopyrrole (D),5-decylheptadecyl (5-DH),branched,5-decylheptadecyl,improve solubility; reduce steric hindrance; packing control,OFET,electronic,N/A,50 µm,44 kDa,N/A,2.3,1.06 cm 2 V −1 s −1,N/A,N/A,N/A,N/A,N/A,N/A,N/A,crystalline,3.61 Å,24.88 Å,annealed at 300 °C,drop-cast,"1,2-dichlorobenzene",N/A,N/A,bottom-contact-bottom-gate OFET,nano-fibrillar texture,391_Adv Funct Materials - 2014 - Fu - Enhancing Field%E2%80%90Effect Mobility of Conjugated Polymers Through Rational Design of.txt,scratch/prj/ch_sce_mine/MatAGen/outputs_example/391_Adv Funct Materials - 2014 - Fu - Enhancing Field%E2%80%90Effect Mobility of Conjugated Polymers Through Rational Design of/391_Adv Funct Materials - 2014 - Fu - Enhancing Field%E2%80%90Effect Mobility of Conjugated Polymers Through Rational Design of/pdf/391_Adv Funct Materials - 2014 - Fu - Enhancing Field%E2%80%90Effect Mobility of Conjugated Polymers Through Rational Design of.txt,text_mining_GPT_extended
pTBTD-2DT,terthiophene (T) between benzothiadiazole (B) and diketopyrrolopyrrole (D),2-tetradecyl (2-DT),branched,2-tetradecyl,solubility (branched); comparative study of packing,OFET,electronic,N/A,50 µm,28 kDa,N/A,2.5,0.49 cm 2 V −1 s −1,N/A,N/A,N/A,N/A,N/A,N/A,N/A,crystalline,3.68 Å,21.56 Å,as-spun,spin-coat,"1,2-dichlorobenzene",N/A,N/A,bottom-contact-bottom-gate OFET,nano-fibrillar texture,391_Adv Funct Materials - 2014 - Fu - Enhancing Field%E2%80%90Effect Mobility of Conjugated Polymers Through Rational Design of.txt,scratch/prj/ch_sce_mine/MatAGen/outputs_example/391_Adv Funct Materials - 2014 - Fu - Enhancing Field%E2%80%90Effect Mobility of Conjugated Polymers Through Rational Design of/391_Adv Funct Materials - 2014 - Fu - Enhancing Field%E2%80%90Effect Mobility of Conjugated Polymers Through Rational Design of/pdf/391_Adv Funct Materials - 2014 - Fu - Enhancing Field%E2%80%90Effect Mobility of Conjugated Polymers Through Rational Design of.txt,text_mining_GPT_extended
pTBTD-2DT,terthiophene (T) between benzothiadiazole (B) and diketopyrrolopyrrole (D),2-tetradecyl (2-DT),branched,2-tetradecyl,solubility (branched); comparative study of packing,OFET,electronic,N/A,50 µm,28 kDa,N/A,2.5,0.32 cm 2 V −1 s −1,N/A,N/A,N/A,N/A,N/A,N/A,N/A,crystalline,3.68 Å,21.56 Å,as-spun,drop-cast,"1,2-dichlorobenzene",N/A,N/A,bottom-contact-bottom-gate OFET,nano-fibrillar texture,391_Adv Funct Materials - 2014 - Fu - Enhancing Field%E2%80%90Effect Mobility of Conjugated Polymers Through Rational Design of.txt,scratch/prj/ch_sce_mine/MatAGen/outputs_example/391_Adv Funct Materials - 2014 - Fu - Enhancing Field%E2%80%90Effect Mobility of Conjugated Polymers Through Rational Design of/391_Adv Funct Materials - 2014 - Fu - Enhancing Field%E2%80%90Effect Mobility of Conjugated Polymers Through Rational Design of/pdf/391_Adv Funct Materials - 2014 - Fu - Enhancing Field%E2%80%90Effect Mobility of Conjugated Polymers Through Rational Design of.txt,text_mining_GPT_extended
pTBTD-2DT,terthiophene (T) between benzothiadiazole (B) and diketopyrrolopyrrole (D),2-tetradecyl (2-DT),branched,2-tetradecyl,solubility (branched); comparative study of packing,OFET,electronic,N/A,50 µm,28 kDa,N/A,2.5,0.40 cm 2 V −1 s −1,N/A,N/A,N/A,N/A,N/A,N/A,N/A,crystalline,3.73 Å,22.07 Å,annealed at 300 °C,spin-coat,"1,2-dichlorobenzene",N/A,N/A,bottom-contact-bottom-gate OFET,nano-fibrillar texture,391_Adv Funct Materials - 2014 - Fu - Enhancing Field%E2%80%90Effect Mobility of Conjugated Polymers Through Rational Design of.txt,scratch/prj/ch_sce_mine/MatAGen/outputs_example/391_Adv Funct Materials - 2014 - Fu - Enhancing Field%E2%80%90Effect Mobility of Conjugated Polymers Through Rational Design of/391_Adv Funct Materials - 2014 - Fu - Enhancing Field%E2%80%90Effect Mobility of Conjugated Polymers Through Rational Design of/pdf/391_Adv Funct Materials - 2014 - Fu - Enhancing Field%E2%80%90Effect Mobility of Conjugated Polymers Through Rational Design of.txt,text_mining_GPT_extended
pTBTD-2DT,terthiophene (T) between benzothiadiazole (B) and diketopyrrolopyrrole (D),2-tetradecyl (2-DT),branched,2-tetradecyl,solubility (branched); comparative study of packing,OFET,electronic,N/A,50 µm,28 kDa,N/A,2.5,0.40 cm 2 V −1 s −1,N/A,N/A,N/A,N/A,N/A,N/A,N/A,crystalline,3.73 Å,22.07 Å,annealed at 300 °C,drop-cast,"1,2-dichlorobenzene",N/A,N/A,bottom-contact-bottom-gate OFET,nano-fibrillar texture,391_Adv Funct Materials - 2014 - Fu - Enhancing Field%E2%80%90Effect Mobility of Conjugated Polymers Through Rational Design of.txt,scratch/prj/ch_sce_mine/MatAGen/outputs_example/391_Adv Funct Materials - 2014 - Fu - Enhancing Field%E2%80%90Effect Mobility of Conjugated Polymers Through Rational Design of/391_Adv Funct Materials - 2014 - Fu - Enhancing Field%E2%80%90Effect Mobility of Conjugated Polymers Through Rational Design of/pdf/391_Adv Funct Materials - 2014 - Fu - Enhancing Field%E2%80%90Effect Mobility of Conjugated Polymers Through Rational Design of.txt,text_mining_GPT_extended
pTBTD-OD,terthiophene (T) between benzothiadiazole (B) and diketopyrrolopyrrole (D),n-octadecyl (OD),linear,n-octadecyl,solubility; packing control (linear),OFET,electronic,N/A,50 µm,14 kDa,N/A,2.5,0.05 cm 2 V −1 s −1,N/A,N/A,N/A,N/A,N/A,N/A,N/A,crystalline,3.59 Å,22.29 Å,as-spun,spin-coat,"1,2-dichlorobenzene",N/A,N/A,bottom-contact-bottom-gate OFET,nano-granular character,391_Adv Funct Materials - 2014 - Fu - Enhancing Field%E2%80%90Effect Mobility of Conjugated Polymers Through Rational Design of.txt,scratch/prj/ch_sce_mine/MatAGen/outputs_example/391_Adv Funct Materials - 2014 - Fu - Enhancing Field%E2%80%90Effect Mobility of Conjugated Polymers Through Rational Design of/391_Adv Funct Materials - 2014 - Fu - Enhancing Field%E2%80%90Effect Mobility of Conjugated Polymers Through Rational Design of/pdf/391_Adv Funct Materials - 2014 - Fu - Enhancing Field%E2%80%90Effect Mobility of Conjugated Polymers Through Rational Design of.txt,text_mining_GPT_extended
pTBTD-OD,terthiophene (T) between benzothiadiazole (B) and diketopyrrolopyrrole (D),n-octadecyl (OD),linear,n-octadecyl,solubility; packing control (linear),OFET,electronic,N/A,50 µm,14 kDa,N/A,2.5,0.04 cm 2 V −1 s −1,N/A,N/A,N/A,N/A,N/A,N/A,N/A,crystalline,3.59 Å,22.29 Å,as-spun,drop-cast,"1,2-dichlorobenzene",N/A,N/A,bottom-contact-bottom-gate OFET,nano-granular character,391_Adv Funct Materials - 2014 - Fu - Enhancing Field%E2%80%90Effect Mobility of Conjugated Polymers Through Rational Design of.txt,scratch/prj/ch_sce_mine/MatAGen/outputs_example/391_Adv Funct Materials - 2014 - Fu - Enhancing Field%E2%80%90Effect Mobility of Conjugated Polymers Through Rational Design of/391_Adv Funct Materials - 2014 - Fu - Enhancing Field%E2%80%90Effect Mobility of Conjugated Polymers Through Rational Design of/pdf/391_Adv Funct Materials - 2014 - Fu - Enhancing Field%E2%80%90Effect Mobility of Conjugated Polymers Through Rational Design of.txt,text_mining_GPT_extended
pTBTD-OD,terthiophene (T) between benzothiadiazole (B) and diketopyrrolopyrrole (D),n-octadecyl (OD),linear,n-octadecyl,solubility; packing control (linear),OFET,electronic,N/A,50 µm,14 kDa,N/A,2.5,0.30 cm 2 V −1 s −1,N/A,N/A,N/A,N/A,N/A,N/A,N/A,crystalline,3.62 Å,22.29 Å,annealed at 300 °C,spin-coat,"1,2-dichlorobenzene",N/A,N/A,bottom-contact-bottom-gate OFET,nano-granular character,391_Adv Funct Materials - 2014 - Fu - Enhancing Field%E2%80%90Effect Mobility of Conjugated Polymers Through Rational Design of.txt,scratch/prj/ch_sce_mine/MatAGen/outputs_example/391_Adv Funct Materials - 2014 - Fu - Enhancing Field%E2%80%90Effect Mobility of Conjugated Polymers Through Rational Design of/391_Adv Funct Materials - 2014 - Fu - Enhancing Field%E2%80%90Effect Mobility of Conjugated Polymers Through Rational Design of/pdf/391_Adv Funct Materials - 2014 - Fu - Enhancing Field%E2%80%90Effect Mobility of Conjugated Polymers Through Rational Design of.txt,text_mining_GPT_extended
pTBTD-OD,terthiophene (T) between benzothiadiazole (B) and diketopyrrolopyrrole (D),n-octadecyl (OD),linear,n-octadecyl,solubility; packing control (linear),OFET,electronic,N/A,50 µm,14 kDa,N/A,2.5,0.16 cm 2 V −1 s −1,N/A,N/A,N/A,N/A,N/A,N/A,N/A,crystalline,3.62 Å,22.29 Å,annealed at 300 °C,drop-cast,"1,2-dichlorobenzene",N/A,N/A,bottom-contact-bottom-gate OFET,nano-granular character,391_Adv Funct Materials - 2014 - Fu - Enhancing Field%E2%80%90Effect Mobility of Conjugated Polymers Through Rational Design of.txt,scratch/prj/ch_sce_mine/MatAGen/outputs_example/391_Adv Funct Materials - 2014 - Fu - Enhancing Field%E2%80%90Effect Mobility of Conjugated Polymers Through Rational Design of/391_Adv Funct Materials - 2014 - Fu - Enhancing Field%E2%80%90Effect Mobility of Conjugated Polymers Through Rational Design of/pdf/391_Adv Funct Materials - 2014 - Fu - Enhancing Field%E2%80%90Effect Mobility of Conjugated Polymers Through Rational Design of.txt,text_mining_GPT_extended
P3HT,polythiophene main chain,3-hexyl,alkyl,hexyl,solubility and packing control,OPV,electronic,about 150 nm,N/A,Mn * 64 000,N/A,N/A,N/A,N/A,N/A,N/A,1.37%,N/A,N/A,N/A,semi-crystalline,N/A,N/A,as-cast,spin-coated,ODCB,N/A,N/A,ITO/PEDOT:PSS/active layer/Ca/Al,nanowire-like phases,341_c2cp42935g.txt,scratch/prj/ch_sce_mine/MatAGen/outputs_example/341_c2cp42935g/341_c2cp42935g/pdf/341_c2cp42935g.txt,text_mining_GPT_extended
P3HT,polythiophene main chain,3-hexyl,alkyl,hexyl,solubility and packing control,OPV,electronic,about 150 nm,N/A,Mn * 64 000,N/A,N/A,N/A,N/A,N/A,N/A,4.43%,N/A,N/A,N/A,semi-crystalline,3.91 A˚,17.24 A˚,150 1C for 30 min,spin-coated,ODCB,N/A,N/A,ITO/PEDOT:PSS/active layer/Ca/Al,nanowires 10–15 nm,341_c2cp42935g.txt,scratch/prj/ch_sce_mine/MatAGen/outputs_example/341_c2cp42935g/341_c2cp42935g/pdf/341_c2cp42935g.txt,text_mining_GPT_extended
P3DDT,polythiophene main chain,3-dodecyl,alkyl,C12H25,solubility and packing control,OPV,electronic,80 nm,N/A,Mn * 60 000,N/A,N/A,N/A,N/A,N/A,N/A,0.73%,N/A,N/A,N/A,semi-crystalline,N/A,N/A,as-cast,spin-coated,ODCB,N/A,N/A,ITO/PEDOT:PSS/active layer/Ca/Al,sphere-like aggregations,341_c2cp42935g.txt,scratch/prj/ch_sce_mine/MatAGen/outputs_example/341_c2cp42935g/341_c2cp42935g/pdf/341_c2cp42935g.txt,text_mining_GPT_extended
P3DDT,polythiophene main chain,3-dodecyl,alkyl,C12H25,solubility and packing control,OPV,electronic,80 nm,N/A,Mn * 60 000,N/A,N/A,N/A,N/A,N/A,N/A,1.80%,N/A,N/A,N/A,semi-crystalline,3.87 A˚,27.25 A˚,70 1C for 60 min,spin-coated,ODCB,N/A,N/A,ITO/PEDOT:PSS/active layer/Ca/Al,nanowires 15–20 nm,341_c2cp42935g.txt,scratch/prj/ch_sce_mine/MatAGen/outputs_example/341_c2cp42935g/341_c2cp42935g/pdf/341_c2cp42935g.txt,text_mining_GPT_extended
P3DDTT,polythiophene main chain,3-dodecyl,alkyl,C12H25,solubility and packing control,OPV,electronic,70 nm,N/A,Mn * 57 000,N/A,N/A,N/A,N/A,N/A,N/A,0.24%,N/A,N/A,N/A,semi-crystalline,N/A,26.43 A˚,as-cast,spin-coated,ODCB,N/A,N/A,ITO/PEDOT:PSS/active layer/Ca/Al,featureless phase image,341_c2cp42935g.txt,scratch/prj/ch_sce_mine/MatAGen/outputs_example/341_c2cp42935g/341_c2cp42935g/pdf/341_c2cp42935g.txt,text_mining_GPT_extended
P3DDTT,polythiophene main chain,3-dodecyl,alkyl,C12H25,solubility and packing control,OPV,electronic,70 nm,N/A,Mn * 57 000,N/A,N/A,N/A,N/A,N/A,N/A,0.72%,N/A,N/A,N/A,semi-crystalline,N/A,26.43 A˚,150 1C for 60 min,spin-coated,ODCB,N/A,N/A,ITO/PEDOT:PSS/active layer/Ca/Al,nanowires about 35–40 nm,341_c2cp42935g.txt,scratch/prj/ch_sce_mine/MatAGen/outputs_example/341_c2cp42935g/341_c2cp42935g/pdf/341_c2cp42935g.txt,text_mining_GPT_extended
P1,"thieno[3,2-b]thiophene–4,7-diethynylbenzo[2,1,3]thiadiazole co-polymer",Ph,aromatic,Ph,modify optical and electrical properties,OFET,electronic,N/A,30 mm,4000,6600,1.65,0.03  0.011,N/A,N/A,N/A,N/A,N/A,N/A,N/A,N/A,N/A,N/A,ambient conditions (air with 40–50% relative humidity),spin-coating; annealed 90 1C 2 h,chloroform,THF/Et3N,N/A,"bottom-gate, top-contact (BGTC) OFET",N/A,383_d2tc01222g.txt,scratch/prj/ch_sce_mine/MatAGen/outputs_example/383_d2tc01222g/383_d2tc01222g/pdf/383_d2tc01222g.txt,text_mining_GPT_extended
P2,"thieno[3,2-b]thiophene–4,7-diethynylbenzo[2,1,3]thiadiazole co-polymer",PhOMe,aromatic,PhOMe,modify optical and electrical properties,OFET,electronic,N/A,30 mm,4400,6800,1.53,0.05  0.013,N/A,N/A,N/A,N/A,N/A,N/A,N/A,N/A,N/A,N/A,ambient conditions (air with 40–50% relative humidity),spin-coating; annealed 90 1C 2 h,chloroform,THF/Et3N,N/A,"bottom-gate, top-contact (BGTC) OFET",N/A,383_d2tc01222g.txt,scratch/prj/ch_sce_mine/MatAGen/outputs_example/383_d2tc01222g/383_d2tc01222g/pdf/383_d2tc01222g.txt,text_mining_GPT_extended
P3,"thieno[3,2-b]thiophene–4,7-diethynylbenzo[2,1,3]thiadiazole co-polymer",C6H13,alkyl,C6H13,modify optical and electrical properties,OFET,electronic,N/A,30 mm,5200,7300,1.40,0.08  0.008,N/A,N/A,N/A,N/A,N/A,N/A,N/A,N/A,N/A,N/A,operated below 3 V; ambient conditions (air with 40–50% relative humidity),spin-coating; annealed 90 1C 2 h,chloroform,THF/Et3N,N/A,"bottom-gate, top-contact (BGTC) OFET",negligible hysteresis,383_d2tc01222g.txt,scratch/prj/ch_sce_mine/MatAGen/outputs_example/383_d2tc01222g/383_d2tc01222g/pdf/383_d2tc01222g.txt,text_mining_GPT_extended
P4,"thieno[3,2-b]thiophene–4,7-diethynylbenzo[2,1,3]thiadiazole co-polymer",C9H19,alkyl,C9H19,modify optical and electrical properties,OFET,electronic,N/A,30 mm,8600,14 800,1.71,0.10  0.012,N/A,N/A,N/A,N/A,N/A,N/A,N/A,N/A,N/A,N/A,operated below 3 V; ambient conditions (air with 40–50% relative humidity),spin-coating; annealed 90 1C 2 h,chloroform,THF/Et3N,N/A,"bottom-gate, top-contact (BGTC) OFET",negligible hysteresis,383_d2tc01222g.txt,scratch/prj/ch_sce_mine/MatAGen/outputs_example/383_d2tc01222g/383_d2tc01222g/pdf/383_d2tc01222g.txt,text_mining_GPT_extended
RR-PDPP-CNTVT-6,DPP-CNTVT donor-acceptor backbone,2-decyltetradecyl on DPP; hexyl on CNTVT,alkyl,2-decyltetradecyl; hexyl,solubility,OFET,electronic,N/A,80 μm,33.2 kDa,57.3 kDa,1.73,0.48 cm2 V−1 s−1,0.052 cm2 V−1 s−1,N/A,N/A,N/A,N/A,N/A,N/A,semi-crystalline,3.61 Å,22.8 Å,annealed 160 °C,spin-coating,toluene/o-DCB (1:1),toluene,N/A,TGBC,better-organized lamellar structure,355_influence-of-backbone-regioregularity-on-high-mobility-conjugated-polymers-based-on-alkylated-dithienylacrylonitrile.txt,scratch/prj/ch_sce_mine/MatAGen/outputs_example/355_influence-of-backbone-regioregularity-on-high-mobility-conjugated-polymers-based-on-alkylated-dithienylacrylonitrile/355_influence-of-backbone-regioregularity-on-high-mobility-conjugated-polymers-based-on-alkylated-dithienylacrylonitrile/pdf/355_influence-of-backbone-regioregularity-on-high-mobility-conjugated-polymers-based-on-alkylated-dithienylacrylonitrile.txt,text_mining_GPT_extended
RI-PDPP-CNTVT-6,DPP-CNTVT donor-acceptor backbone,2-decyltetradecyl on DPP; hexyl on CNTVT,alkyl,2-decyltetradecyl; hexyl,solubility,OFET,electronic,N/A,80 μm,35.7 kDa,73.8 kDa,2.07,1.48 cm2 V−1 s−1,1.27 cm2 V−1 s−1,N/A,N/A,N/A,N/A,N/A,N/A,semi-crystalline,N/A,22.8 Å,annealed 240 °C,spin-coating,toluene/o-DCB (1:1),toluene,N/A,TGBC,relatively larger roughness of surface morphology,355_influence-of-backbone-regioregularity-on-high-mobility-conjugated-polymers-based-on-alkylated-dithienylacrylonitrile.txt,scratch/prj/ch_sce_mine/MatAGen/outputs_example/355_influence-of-backbone-regioregularity-on-high-mobility-conjugated-polymers-based-on-alkylated-dithienylacrylonitrile/355_influence-of-backbone-regioregularity-on-high-mobility-conjugated-polymers-based-on-alkylated-dithienylacrylonitrile/pdf/355_influence-of-backbone-regioregularity-on-high-mobility-conjugated-polymers-based-on-alkylated-dithienylacrylonitrile.txt,text_mining_GPT_extended
PDTSi6-DTBTz (P1),"dithienosilole and 4,7-dithienyl-2-octylbenzotriazole",two hexyl chains,alkyl,hexyl,investigate p–p interactions and morphology,OFET,electronic,N/A,75 lm,8.4 kg mol−1,15.6 kg mol−1,1.85,1.2  105 cm2 V1 s1,N/A,N/A,N/A,N/A,N/A,N/A,N/A,N/A,N/A,N/A,annealed at RT,spin coated,oDCB,toluene,N/A,top-contact OFET geometry,N/A,332_Journal of Polymer Science Part A  Polymer Chemistry - 2012 - Nakanishi - Effect of branched alkyl chains attached at sp3.txt,scratch/prj/ch_sce_mine/MatAGen/outputs_example/332_Journal of Polymer Science Part A  Polymer Chemistry - 2012 - Nakanishi - Effect of branched alkyl chains attached at sp3/332_Journal of Polymer Science Part A  Polymer Chemistry - 2012 - Nakanishi - Effect of branched alkyl chains attached at sp3/pdf/332_Journal of Polymer Science Part A  Polymer Chemistry - 2012 - Nakanishi - Effect of branched alkyl chains attached at sp3.txt,text_mining_GPT_extended
PDTSi6-DTBTz (P1),"dithienosilole and 4,7-dithienyl-2-octylbenzotriazole",two hexyl chains,alkyl,hexyl,investigate p–p interactions and morphology,OFET,electronic,N/A,75 lm,8.4 kg mol−1,15.6 kg mol−1,1.85,2.0  105 cm2 V1 s1,N/A,N/A,N/A,N/A,N/A,N/A,N/A,N/A,N/A,N/A,annealed at 110 C,spin coated,oDCB,toluene,N/A,top-contact OFET geometry,N/A,332_Journal of Polymer Science Part A  Polymer Chemistry - 2012 - Nakanishi - Effect of branched alkyl chains attached at sp3.txt,scratch/prj/ch_sce_mine/MatAGen/outputs_example/332_Journal of Polymer Science Part A  Polymer Chemistry - 2012 - Nakanishi - Effect of branched alkyl chains attached at sp3/332_Journal of Polymer Science Part A  Polymer Chemistry - 2012 - Nakanishi - Effect of branched alkyl chains attached at sp3/pdf/332_Journal of Polymer Science Part A  Polymer Chemistry - 2012 - Nakanishi - Effect of branched alkyl chains attached at sp3.txt,text_mining_GPT_extended
PDTSiEH-DTBTz (P2),"dithienosilole and 4,7-dithienyl-2-octylbenzotriazole",two 2-ethylhexyl chains,alkyl,2-ethylhexyl,investigate p–p interactions and morphology,OFET,electronic,N/A,75 lm,15.3 kg mol−1,35.2 kg mol−1,2.30,9.7  105 cm2 V1 s1,N/A,N/A,N/A,N/A,N/A,N/A,N/A,N/A,N/A,N/A,annealed at RT,spin coated,oDCB,toluene,N/A,top-contact OFET geometry,higher by an order of magnitude,332_Journal of Polymer Science Part A  Polymer Chemistry - 2012 - Nakanishi - Effect of branched alkyl chains attached at sp3.txt,scratch/prj/ch_sce_mine/MatAGen/outputs_example/332_Journal of Polymer Science Part A  Polymer Chemistry - 2012 - Nakanishi - Effect of branched alkyl chains attached at sp3/332_Journal of Polymer Science Part A  Polymer Chemistry - 2012 - Nakanishi - Effect of branched alkyl chains attached at sp3/pdf/332_Journal of Polymer Science Part A  Polymer Chemistry - 2012 - Nakanishi - Effect of branched alkyl chains attached at sp3.txt,text_mining_GPT_extended
PDTSiEH-DTBTz (P2),"dithienosilole and 4,7-dithienyl-2-octylbenzotriazole",two 2-ethylhexyl chains,alkyl,2-ethylhexyl,investigate p–p interactions and morphology,OFET,electronic,N/A,75 lm,15.3 kg mol−1,35.2 kg mol−1,2.30,1.3  104 cm2 V1 s1,N/A,N/A,N/A,N/A,N/A,N/A,N/A,N/A,N/A,N/A,annealed at 110 C,spin coated,oDCB,toluene,N/A,top-contact OFET geometry,higher by an order of magnitude,332_Journal of Polymer Science Part A  Polymer Chemistry - 2012 - Nakanishi - Effect of branched alkyl chains attached at sp3.txt,scratch/prj/ch_sce_mine/MatAGen/outputs_example/332_Journal of Polymer Science Part A  Polymer Chemistry - 2012 - Nakanishi - Effect of branched alkyl chains attached at sp3/332_Journal of Polymer Science Part A  Polymer Chemistry - 2012 - Nakanishi - Effect of branched alkyl chains attached at sp3/pdf/332_Journal of Polymer Science Part A  Polymer Chemistry - 2012 - Nakanishi - Effect of branched alkyl chains attached at sp3.txt,text_mining_GPT_extended
PDTSi6-DTBTz (P1),"dithienosilole and 4,7-dithienyl-2-octylbenzotriazole",two hexyl chains,alkyl,hexyl,investigate p–p interactions and morphology,OPV,electronic,129 nm,N/A,8.4 kg mol−1,15.6 kg mol−1,1.85,N/A,N/A,N/A,N/A,0.65,2.89 mA cm−2,0.55 V,0.41,N/A,N/A,N/A,annealed at 70 C,spin coated,oDCB,toluene,N/A,ITO/PEDOT:PSS/active layer/LiF/Al,N/A,332_Journal of Polymer Science Part A  Polymer Chemistry - 2012 - Nakanishi - Effect of branched alkyl chains attached at sp3.txt,scratch/prj/ch_sce_mine/MatAGen/outputs_example/332_Journal of Polymer Science Part A  Polymer Chemistry - 2012 - Nakanishi - Effect of branched alkyl chains attached at sp3/332_Journal of Polymer Science Part A  Polymer Chemistry - 2012 - Nakanishi - Effect of branched alkyl chains attached at sp3/pdf/332_Journal of Polymer Science Part A  Polymer Chemistry - 2012 - Nakanishi - Effect of branched alkyl chains attached at sp3.txt,text_mining_GPT_extended
PDTSi6-DTBTz (P1),"dithienosilole and 4,7-dithienyl-2-octylbenzotriazole",two hexyl chains,alkyl,hexyl,investigate p–p interactions and morphology,OPV,electronic,91 nm,N/A,8.4 kg mol−1,15.6 kg mol−1,1.85,N/A,N/A,N/A,N/A,1.04,4.84 mA cm−2,0.55 V,0.39,N/A,N/A,N/A,annealed at 70 C,spin coated,oDCB,toluene,N/A,ITO/PEDOT:PSS/active layer/LiF/Al,N/A,332_Journal of Polymer Science Part A  Polymer Chemistry - 2012 - Nakanishi - Effect of branched alkyl chains attached at sp3.txt,scratch/prj/ch_sce_mine/MatAGen/outputs_example/332_Journal of Polymer Science Part A  Polymer Chemistry - 2012 - Nakanishi - Effect of branched alkyl chains attached at sp3/332_Journal of Polymer Science Part A  Polymer Chemistry - 2012 - Nakanishi - Effect of branched alkyl chains attached at sp3/pdf/332_Journal of Polymer Science Part A  Polymer Chemistry - 2012 - Nakanishi - Effect of branched alkyl chains attached at sp3.txt,text_mining_GPT_extended
PDTSi6-DTBTz (P1),"dithienosilole and 4,7-dithienyl-2-octylbenzotriazole",two hexyl chains,alkyl,hexyl,investigate p–p interactions and morphology,OPV,electronic,48 nm,N/A,8.4 kg mol−1,15.6 kg mol−1,1.85,N/A,N/A,N/A,N/A,1.33,5.96 mA cm−2,0.56 V,0.40,N/A,N/A,N/A,annealed at 70 C,spin coated,oDCB,toluene,N/A,ITO/PEDOT:PSS/active layer/LiF/Al,N/A,332_Journal of Polymer Science Part A  Polymer Chemistry - 2012 - Nakanishi - Effect of branched alkyl chains attached at sp3.txt,scratch/prj/ch_sce_mine/MatAGen/outputs_example/332_Journal of Polymer Science Part A  Polymer Chemistry - 2012 - Nakanishi - Effect of branched alkyl chains attached at sp3/332_Journal of Polymer Science Part A  Polymer Chemistry - 2012 - Nakanishi - Effect of branched alkyl chains attached at sp3/pdf/332_Journal of Polymer Science Part A  Polymer Chemistry - 2012 - Nakanishi - Effect of branched alkyl chains attached at sp3.txt,text_mining_GPT_extended
PDTSi6-DTBTz (P1),"dithienosilole and 4,7-dithienyl-2-octylbenzotriazole",two hexyl chains,alkyl,hexyl,investigate p–p interactions and morphology,OPV,electronic,111 nm,N/A,8.4 kg mol−1,15.6 kg mol−1,1.85,N/A,N/A,N/A,N/A,0.64,3.26 mA cm−2,0.58 V,0.34,N/A,N/A,N/A,annealed at 110 C,spin coated,oDCB,toluene,N/A,ITO/PEDOT:PSS/active layer/LiF/Al,N/A,332_Journal of Polymer Science Part A  Polymer Chemistry - 2012 - Nakanishi - Effect of branched alkyl chains attached at sp3.txt,scratch/prj/ch_sce_mine/MatAGen/outputs_example/332_Journal of Polymer Science Part A  Polymer Chemistry - 2012 - Nakanishi - Effect of branched alkyl chains attached at sp3/332_Journal of Polymer Science Part A  Polymer Chemistry - 2012 - Nakanishi - Effect of branched alkyl chains attached at sp3/pdf/332_Journal of Polymer Science Part A  Polymer Chemistry - 2012 - Nakanishi - Effect of branched alkyl chains attached at sp3.txt,text_mining_GPT_extended
PDTSi6-DTBTz (P1),"dithienosilole and 4,7-dithienyl-2-octylbenzotriazole",two hexyl chains,alkyl,hexyl,investigate p–p interactions and morphology,OPV,electronic,75 nm,N/A,8.4 kg mol−1,15.6 kg mol−1,1.85,N/A,N/A,N/A,N/A,1.37,5.61 mA cm−2,0.61 V,0.40,N/A,N/A,N/A,annealed at 110 C,spin coated,oDCB,toluene,N/A,ITO/PEDOT:PSS/active layer/LiF/Al,N/A,332_Journal of Polymer Science Part A  Polymer Chemistry - 2012 - Nakanishi - Effect of branched alkyl chains attached at sp3.txt,scratch/prj/ch_sce_mine/MatAGen/outputs_example/332_Journal of Polymer Science Part A  Polymer Chemistry - 2012 - Nakanishi - Effect of branched alkyl chains attached at sp3/332_Journal of Polymer Science Part A  Polymer Chemistry - 2012 - Nakanishi - Effect of branched alkyl chains attached at sp3/pdf/332_Journal of Polymer Science Part A  Polymer Chemistry - 2012 - Nakanishi - Effect of branched alkyl chains attached at sp3.txt,text_mining_GPT_extended
PDTSi6-DTBTz (P1),"dithienosilole and 4,7-dithienyl-2-octylbenzotriazole",two hexyl chains,alkyl,hexyl,investigate p–p interactions and morphology,OPV,electronic,64 nm,N/A,8.4 kg mol−1,15.6 kg mol−1,1.85,N/A,N/A,N/A,N/A,1.41,5.60 mA cm−2,0.61 V,0.41,N/A,N/A,N/A,annealed at 110 C,spin coated,oDCB,toluene,N/A,ITO/PEDOT:PSS/active layer/LiF/Al,smooth surface (RMS 0.35 nm),332_Journal of Polymer Science Part A  Polymer Chemistry - 2012 - Nakanishi - Effect of branched alkyl chains attached at sp3.txt,scratch/prj/ch_sce_mine/MatAGen/outputs_example/332_Journal of Polymer Science Part A  Polymer Chemistry - 2012 - Nakanishi - Effect of branched alkyl chains attached at sp3/332_Journal of Polymer Science Part A  Polymer Chemistry - 2012 - Nakanishi - Effect of branched alkyl chains attached at sp3/pdf/332_Journal of Polymer Science Part A  Polymer Chemistry - 2012 - Nakanishi - Effect of branched alkyl chains attached at sp3.txt,text_mining_GPT_extended
PDTSi6-DTBTz (P1),"dithienosilole and 4,7-dithienyl-2-octylbenzotriazole",two hexyl chains,alkyl,hexyl,investigate p–p interactions and morphology,OPV,electronic,64 nm,N/A,8.4 kg mol−1,15.6 kg mol−1,1.85,N/A,N/A,N/A,N/A,1.57,6.00 mA cm−2,0.60 V,0.43,N/A,N/A,N/A,annealed at 70 C,spin coated,oDCB,toluene,N/A,ITO/PEDOT:PSS/active layer/LiF/Al,smooth surface (RMS 0.35 nm),332_Journal of Polymer Science Part A  Polymer Chemistry - 2012 - Nakanishi - Effect of branched alkyl chains attached at sp3.txt,scratch/prj/ch_sce_mine/MatAGen/outputs_example/332_Journal of Polymer Science Part A  Polymer Chemistry - 2012 - Nakanishi - Effect of branched alkyl chains attached at sp3/332_Journal of Polymer Science Part A  Polymer Chemistry - 2012 - Nakanishi - Effect of branched alkyl chains attached at sp3/pdf/332_Journal of Polymer Science Part A  Polymer Chemistry - 2012 - Nakanishi - Effect of branched alkyl chains attached at sp3.txt,text_mining_GPT_extended
PDTSi6-DTBTz (P1),"dithienosilole and 4,7-dithienyl-2-octylbenzotriazole",two hexyl chains,alkyl,hexyl,investigate p–p interactions and morphology,OPV,electronic,64 nm,N/A,8.4 kg mol−1,15.6 kg mol−1,1.85,N/A,N/A,N/A,N/A,1.69,6.66 mA cm−2,0.58 V,0.44,N/A,N/A,N/A,annealed at RT,spin coated,oDCB,toluene,N/A,ITO/PEDOT:PSS/active layer/LiF/Al,smooth surface (RMS 0.35 nm),332_Journal of Polymer Science Part A  Polymer Chemistry - 2012 - Nakanishi - Effect of branched alkyl chains attached at sp3.txt,scratch/prj/ch_sce_mine/MatAGen/outputs_example/332_Journal of Polymer Science Part A  Polymer Chemistry - 2012 - Nakanishi - Effect of branched alkyl chains attached at sp3/332_Journal of Polymer Science Part A  Polymer Chemistry - 2012 - Nakanishi - Effect of branched alkyl chains attached at sp3/pdf/332_Journal of Polymer Science Part A  Polymer Chemistry - 2012 - Nakanishi - Effect of branched alkyl chains attached at sp3.txt,text_mining_GPT_extended
PDTSiEH-DTBTz (P2),"dithienosilole and 4,7-dithienyl-2-octylbenzotriazole",two 2-ethylhexyl chains,alkyl,2-ethylhexyl,investigate p–p interactions and morphology,OPV,electronic,65 nm,N/A,15.3 kg mol−1,35.2 kg mol−1,2.30,N/A,N/A,N/A,N/A,1.59,6.34 mA cm−2,0.54 V,0.46,N/A,N/A,N/A,annealed at 110 C,spin coated,oDCB,toluene,N/A,ITO/PEDOT:PSS/active layer/LiF/Al,slightly larger domains (RMS 1.29 nm),332_Journal of Polymer Science Part A  Polymer Chemistry - 2012 - Nakanishi - Effect of branched alkyl chains attached at sp3.txt,scratch/prj/ch_sce_mine/MatAGen/outputs_example/332_Journal of Polymer Science Part A  Polymer Chemistry - 2012 - Nakanishi - Effect of branched alkyl chains attached at sp3/332_Journal of Polymer Science Part A  Polymer Chemistry - 2012 - Nakanishi - Effect of branched alkyl chains attached at sp3/pdf/332_Journal of Polymer Science Part A  Polymer Chemistry - 2012 - Nakanishi - Effect of branched alkyl chains attached at sp3.txt,text_mining_GPT_extended
PDTSiEH-DTBTz (P2),"dithienosilole and 4,7-dithienyl-2-octylbenzotriazole",two 2-ethylhexyl chains,alkyl,2-ethylhexyl,investigate p–p interactions and morphology,OPV,electronic,65 nm,N/A,15.3 kg mol−1,35.2 kg mol−1,2.30,N/A,N/A,N/A,N/A,1.79,6.36 mA cm−2,0.57 V,0.50,N/A,N/A,N/A,annealed at 70 C,spin coated,oDCB,toluene,N/A,ITO/PEDOT:PSS/active layer/LiF/Al,slightly larger domains (RMS 1.29 nm),332_Journal of Polymer Science Part A  Polymer Chemistry - 2012 - Nakanishi - Effect of branched alkyl chains attached at sp3.txt,scratch/prj/ch_sce_mine/MatAGen/outputs_example/332_Journal of Polymer Science Part A  Polymer Chemistry - 2012 - Nakanishi - Effect of branched alkyl chains attached at sp3/332_Journal of Polymer Science Part A  Polymer Chemistry - 2012 - Nakanishi - Effect of branched alkyl chains attached at sp3/pdf/332_Journal of Polymer Science Part A  Polymer Chemistry - 2012 - Nakanishi - Effect of branched alkyl chains attached at sp3.txt,text_mining_GPT_extended
PDTSiEH-DTBTz (P2),"dithienosilole and 4,7-dithienyl-2-octylbenzotriazole",two 2-ethylhexyl chains,alkyl,2-ethylhexyl,investigate p–p interactions and morphology,OPV,electronic,65 nm,N/A,15.3 kg mol−1,35.2 kg mol−1,2.30,N/A,N/A,N/A,N/A,2.03,6.38 mA cm−2,0.55 V,0.54,N/A,N/A,N/A,annealed at RT,spin coated,oDCB,toluene,N/A,ITO/PEDOT:PSS/active layer/LiF/Al,slightly larger domains (RMS 1.29 nm),332_Journal of Polymer Science Part A  Polymer Chemistry - 2012 - Nakanishi - Effect of branched alkyl chains attached at sp3.txt,scratch/prj/ch_sce_mine/MatAGen/outputs_example/332_Journal of Polymer Science Part A  Polymer Chemistry - 2012 - Nakanishi - Effect of branched alkyl chains attached at sp3/332_Journal of Polymer Science Part A  Polymer Chemistry - 2012 - Nakanishi - Effect of branched alkyl chains attached at sp3/pdf/332_Journal of Polymer Science Part A  Polymer Chemistry - 2012 - Nakanishi - Effect of branched alkyl chains attached at sp3.txt,text_mining_GPT_extended
P3HT,"3-hexylthiophene-2,5-diyl",hexyl,alkyl,hexyl,solubility and packing control,OFET,electronic,48 nm,100 μm,54 kDa,N/A,1.7,2.71 × 10−4 cm2/V-s,N/A,N/A,N/A,N/A,N/A,N/A,N/A,N/A,N/A,N/A,"annealed 90 °C, N2 atmosphere",spin coating,anhydrous Chloroform,N/A,N/A,bottom gate bottom contact (BGBC),more ordered P3HT thin films,403_1-s2.0-S0379677917302345-main.txt,scratch/prj/ch_sce_mine/MatAGen/outputs_example/403_1-s2.0-S0379677917302345-main/403_1-s2.0-S0379677917302345-main/pdf/403_1-s2.0-S0379677917302345-main.txt,text_mining_GPT_extended
P3OT,"3-octylthiophene-2,5-diyl",octyl,alkyl,octyl,solubility and packing control,OFET,electronic,45 nm,100 μm,25 kDa,N/A,1.43,4.8 × 10−5 cm2/V-s,N/A,N/A,N/A,N/A,N/A,N/A,N/A,inferior crystallinity,N/A,N/A,"annealed 90 °C, N2 atmosphere",spin coating,anhydrous Chloroform,N/A,N/A,bottom gate bottom contact (BGBC),inferior crystallinity of P3OT film,403_1-s2.0-S0379677917302345-main.txt,scratch/prj/ch_sce_mine/MatAGen/outputs_example/403_1-s2.0-S0379677917302345-main/403_1-s2.0-S0379677917302345-main/pdf/403_1-s2.0-S0379677917302345-main.txt,text_mining_GPT_extended
P1,isoindigo-thiophene,2-decyltetradecyl,alkyl,2-decyltetradecyl,solubility,OFET,electronic,40−50 nm,150 μm,20.6 kDa,28.0 kDa,1.4,1.91 × 10−4 cm²/Vs,N/A,N/A,N/A,N/A,N/A,N/A,N/A,semi-crystalline,N/A,26.18 Å,thermal anneal 150 °C; solvent TCE,spin-coating,TCE,N/A,N/A,bottom-gate top-contact (BGTC),nanoﬁbrillar structure,381_enhancing-the-solubility-of-semiconducting-polymers-in-eco-friendly-solvents-with-carbohydrate-containing-side-chains.txt,scratch/prj/ch_sce_mine/MatAGen/outputs_example/381_enhancing-the-solubility-of-semiconducting-polymers-in-eco-friendly-solvents-with-carbohydrate-containing-side-chains/381_enhancing-the-solubility-of-semiconducting-polymers-in-eco-friendly-solvents-with-carbohydrate-containing-side-chains/pdf/381_enhancing-the-solubility-of-semiconducting-polymers-in-eco-friendly-solvents-with-carbohydrate-containing-side-chains.txt,text_mining_GPT_extended
P2b,isoindigo-thiophene,galactose-containing and 2-decyltetradecyl alkyl,carbohydrate + alkyl,C9 spacer; 2-decyltetradecyl,improve solubility in green solvents,OFET,electronic,40−50 nm,150 μm,N/A,N/A,N/A,2.29 × 10−4 cm²/Vs,N/A,N/A,N/A,N/A,N/A,N/A,N/A,semi-crystalline,N/A,24.17 Å,thermal anneal 150 °C; solvent TCE,spin-coating,TCE,N/A,N/A,bottom-gate top-contact (BGTC),nanoﬁbrillar structure,381_enhancing-the-solubility-of-semiconducting-polymers-in-eco-friendly-solvents-with-carbohydrate-containing-side-chains.txt,scratch/prj/ch_sce_mine/MatAGen/outputs_example/381_enhancing-the-solubility-of-semiconducting-polymers-in-eco-friendly-solvents-with-carbohydrate-containing-side-chains/381_enhancing-the-solubility-of-semiconducting-polymers-in-eco-friendly-solvents-with-carbohydrate-containing-side-chains/pdf/381_enhancing-the-solubility-of-semiconducting-polymers-in-eco-friendly-solvents-with-carbohydrate-containing-side-chains.txt,text_mining_GPT_extended
P2b,isoindigo-thiophene,galactose-containing and 2-decyltetradecyl alkyl,carbohydrate + alkyl,C9 spacer; 2-decyltetradecyl,improve solubility in green solvents,OFET,electronic,40−50 nm,150 μm,N/A,N/A,N/A,1.27 × 10−4 cm²/Vs,N/A,N/A,N/A,N/A,N/A,N/A,N/A,semi-crystalline,N/A,24.17 Å,thermal anneal 150 °C; solvent 30% o-anisole/n-BuOH,spin-coating,30% o-anisole/n-BuOH,N/A,N/A,bottom-gate top-contact (BGTC),disrupt solution-state aggregation,381_enhancing-the-solubility-of-semiconducting-polymers-in-eco-friendly-solvents-with-carbohydrate-containing-side-chains.txt,scratch/prj/ch_sce_mine/MatAGen/outputs_example/381_enhancing-the-solubility-of-semiconducting-polymers-in-eco-friendly-solvents-with-carbohydrate-containing-side-chains/381_enhancing-the-solubility-of-semiconducting-polymers-in-eco-friendly-solvents-with-carbohydrate-containing-side-chains/pdf/381_enhancing-the-solubility-of-semiconducting-polymers-in-eco-friendly-solvents-with-carbohydrate-containing-side-chains.txt,text_mining_GPT_extended
P3b,isoindigo-thiophene,galactose-containing and 2-decyltetradecyl alkyl,carbohydrate + alkyl,C9 spacer; 2-decyltetradecyl,improve solubility in green solvents,OFET,electronic,40−50 nm,150 μm,N/A,N/A,N/A,0.373 × 10−4 cm²/Vs,N/A,N/A,N/A,N/A,N/A,N/A,N/A,semi-crystalline,N/A,26.18 Å,thermal anneal 150 °C; solvent TCE,spin-coating,TCE,N/A,N/A,bottom-gate top-contact (BGTC),slightly rougher surface,381_enhancing-the-solubility-of-semiconducting-polymers-in-eco-friendly-solvents-with-carbohydrate-containing-side-chains.txt,scratch/prj/ch_sce_mine/MatAGen/outputs_example/381_enhancing-the-solubility-of-semiconducting-polymers-in-eco-friendly-solvents-with-carbohydrate-containing-side-chains/381_enhancing-the-solubility-of-semiconducting-polymers-in-eco-friendly-solvents-with-carbohydrate-containing-side-chains/pdf/381_enhancing-the-solubility-of-semiconducting-polymers-in-eco-friendly-solvents-with-carbohydrate-containing-side-chains.txt,text_mining_GPT_extended
P3b,isoindigo-thiophene,galactose-containing and 2-decyltetradecyl alkyl,carbohydrate + alkyl,C9 spacer; 2-decyltetradecyl,improve solubility in green solvents,OFET,electronic,40−50 nm,150 μm,N/A,N/A,N/A,0.240 × 10−4 cm²/Vs,N/A,N/A,N/A,N/A,N/A,N/A,N/A,semi-crystalline,N/A,25.13 Å; 18.48 Å,thermal anneal 150 °C; solvent 10% o-anisole/n-BuOH,spin-coating,10% o-anisole/n-BuOH,N/A,N/A,bottom-gate top-contact (BGTC),roughness decreased significantly,381_enhancing-the-solubility-of-semiconducting-polymers-in-eco-friendly-solvents-with-carbohydrate-containing-side-chains.txt,scratch/prj/ch_sce_mine/MatAGen/outputs_example/381_enhancing-the-solubility-of-semiconducting-polymers-in-eco-friendly-solvents-with-carbohydrate-containing-side-chains/381_enhancing-the-solubility-of-semiconducting-polymers-in-eco-friendly-solvents-with-carbohydrate-containing-side-chains/pdf/381_enhancing-the-solubility-of-semiconducting-polymers-in-eco-friendly-solvents-with-carbohydrate-containing-side-chains.txt,text_mining_GPT_extended
P4b,isoindigo-thiophene,80 mol% galactose-containing and 2-decyltetradecyl alkyl,carbohydrate + alkyl,C9 spacer; 2-decyltetradecyl,improve solubility in green solvents,N/A,N/A,N/A,N/A,N/A,N/A,N/A,N/A,N/A,N/A,N/A,N/A,N/A,N/A,N/A,semi-crystalline,N/A,N/A,N/A,N/A,N/A,N/A,N/A,N/A,extensive hydrogen bonding,381_enhancing-the-solubility-of-semiconducting-polymers-in-eco-friendly-solvents-with-carbohydrate-containing-side-chains.txt,scratch/prj/ch_sce_mine/MatAGen/outputs_example/381_enhancing-the-solubility-of-semiconducting-polymers-in-eco-friendly-solvents-with-carbohydrate-containing-side-chains/381_enhancing-the-solubility-of-semiconducting-polymers-in-eco-friendly-solvents-with-carbohydrate-containing-side-chains/pdf/381_enhancing-the-solubility-of-semiconducting-polymers-in-eco-friendly-solvents-with-carbohydrate-containing-side-chains.txt,text_mining_GPT_extended
P2a,isoindigo-thiophene,acetyl-protected galactose and 2-decyltetradecyl alkyl,carbohydrate (protected) + alkyl,C9 spacer; 2-decyltetradecyl,improve solubility in green solvents,N/A,N/A,N/A,N/A,14.8 kDa,28.8 kDa,1.9,N/A,N/A,N/A,N/A,N/A,N/A,N/A,N/A,semi-crystalline,N/A,N/A,N/A,N/A,N/A,N/A,N/A,N/A,N/A,381_enhancing-the-solubility-of-semiconducting-polymers-in-eco-friendly-solvents-with-carbohydrate-containing-side-chains.txt,scratch/prj/ch_sce_mine/MatAGen/outputs_example/381_enhancing-the-solubility-of-semiconducting-polymers-in-eco-friendly-solvents-with-carbohydrate-containing-side-chains/381_enhancing-the-solubility-of-semiconducting-polymers-in-eco-friendly-solvents-with-carbohydrate-containing-side-chains/pdf/381_enhancing-the-solubility-of-semiconducting-polymers-in-eco-friendly-solvents-with-carbohydrate-containing-side-chains.txt,text_mining_GPT_extended
P3a,isoindigo-thiophene,acetyl-protected galactose and 2-decyltetradecyl alkyl,carbohydrate (protected) + alkyl,C9 spacer; 2-decyltetradecyl,improve solubility in green solvents,N/A,N/A,N/A,N/A,11.1 kDa,22.3 kDa,2.0,N/A,N/A,N/A,N/A,N/A,N/A,N/A,N/A,semi-crystalline,N/A,N/A,N/A,N/A,N/A,N/A,N/A,N/A,N/A,381_enhancing-the-solubility-of-semiconducting-polymers-in-eco-friendly-solvents-with-carbohydrate-containing-side-chains.txt,scratch/prj/ch_sce_mine/MatAGen/outputs_example/381_enhancing-the-solubility-of-semiconducting-polymers-in-eco-friendly-solvents-with-carbohydrate-containing-side-chains/381_enhancing-the-solubility-of-semiconducting-polymers-in-eco-friendly-solvents-with-carbohydrate-containing-side-chains/pdf/381_enhancing-the-solubility-of-semiconducting-polymers-in-eco-friendly-solvents-with-carbohydrate-containing-side-chains.txt,text_mining_GPT_extended
P4a,isoindigo-thiophene,acetyl-protected galactose and 2-decyltetradecyl alkyl,carbohydrate (protected) + alkyl,C9 spacer; 2-decyltetradecyl,improve solubility in green solvents,N/A,N/A,N/A,N/A,8.7 kDa,11.2 kDa,1.3,N/A,N/A,N/A,N/A,N/A,N/A,N/A,N/A,semi-crystalline,N/A,N/A,N/A,N/A,N/A,N/A,N/A,N/A,N/A,381_enhancing-the-solubility-of-semiconducting-polymers-in-eco-friendly-solvents-with-carbohydrate-containing-side-chains.txt,scratch/prj/ch_sce_mine/MatAGen/outputs_example/381_enhancing-the-solubility-of-semiconducting-polymers-in-eco-friendly-solvents-with-carbohydrate-containing-side-chains/381_enhancing-the-solubility-of-semiconducting-polymers-in-eco-friendly-solvents-with-carbohydrate-containing-side-chains/pdf/381_enhancing-the-solubility-of-semiconducting-polymers-in-eco-friendly-solvents-with-carbohydrate-containing-side-chains.txt,text_mining_GPT_extended
PBDPOx-TT,N/A,2-ethylhexyloxy; octyloxy,alkoxy,2-ethylhexyloxy; octyloxy,solubility,OPV,electronic,N/A,N/A,"13,500 g/mol","36,300 g/mol",2.69,N/A,N/A,N/A,N/A,2.4 %,5.3 mA/cm2,0.75 V,58.7 %,relatively very low crystallinity,N/A,20.72 Å,polymer:PC70BM 1:2 blend,spin-coating,N/A,toluene; THF,0.1 M Bu4NPF6 in acetonitrile,conventional BHJ architecture (ITO/PEDOT:PSS/active/Ba/Al),4.41 nm RMS roughness,352_1-s2.0-S1226086X18302041-main.txt,scratch/prj/ch_sce_mine/MatAGen/outputs_example/352_1-s2.0-S1226086X18302041-main/352_1-s2.0-S1226086X18302041-main/pdf/352_1-s2.0-S1226086X18302041-main.txt,text_mining_GPT_extended
PBDPOx-biT,N/A,2-ethylhexyloxy; octyloxy,alkoxy,2-ethylhexyloxy; octyloxy,solubility,OPV,electronic,N/A,N/A,"21,900 g/mol","42,600 g/mol",1.95,N/A,N/A,N/A,N/A,3.3 %,6.4 mA/cm2,0.78 V,59.8 %,high crystallinity,3.50 Å,19.84 Å,polymer:PC70BM 1:2 blend,spin-coating,N/A,toluene; THF,0.1 M Bu4NPF6 in acetonitrile,conventional BHJ architecture (ITO/PEDOT:PSS/active/Ba/Al),small RMS roughness 0.53 nm,352_1-s2.0-S1226086X18302041-main.txt,scratch/prj/ch_sce_mine/MatAGen/outputs_example/352_1-s2.0-S1226086X18302041-main/352_1-s2.0-S1226086X18302041-main/pdf/352_1-s2.0-S1226086X18302041-main.txt,text_mining_GPT_extended
PQcOx-TT,N/A,2-octyldodecyl; octyloxy,alkyl/alkoxy,2-octyldodecyl; octyloxy,solubility,OPV,electronic,N/A,N/A,"19,300 g/mol","51,700 g/mol",2.68,N/A,N/A,N/A,N/A,3.4 %,8.1 mA/cm2,0.76 V,51.9 %,high crystallinity,3.55 Å,20.74 Å,polymer:PC70BM 1:2 blend,spin-coating,N/A,toluene; THF,0.1 M Bu4NPF6 in acetonitrile,conventional BHJ architecture (ITO/PEDOT:PSS/active/Ba/Al),small RMS roughness 0.48 nm,352_1-s2.0-S1226086X18302041-main.txt,scratch/prj/ch_sce_mine/MatAGen/outputs_example/352_1-s2.0-S1226086X18302041-main/352_1-s2.0-S1226086X18302041-main/pdf/352_1-s2.0-S1226086X18302041-main.txt,text_mining_GPT_extended
PQcOx-biT,N/A,2-octyldodecyl; octyloxy,alkyl/alkoxy,2-octyldodecyl; octyloxy,solubility,OPV,electronic,N/A,N/A,"32,800 g/mol","59,800 g/mol",1.82,N/A,N/A,N/A,N/A,2.4 %,5.8 mA/cm2,0.74 V,54.8 %,very small diffraction peaks,4.14 Å,22.85 Å,polymer:PC70BM 1:2 blend,spin-coating,N/A,toluene; THF,0.1 M Bu4NPF6 in acetonitrile,conventional BHJ architecture (ITO/PEDOT:PSS/active/Ba/Al),6.20 nm RMS roughness,352_1-s2.0-S1226086X18302041-main.txt,scratch/prj/ch_sce_mine/MatAGen/outputs_example/352_1-s2.0-S1226086X18302041-main/352_1-s2.0-S1226086X18302041-main/pdf/352_1-s2.0-S1226086X18302041-main.txt,text_mining_GPT_extended
P1,"2,6-anthracene-alt-4,7-bis(thiophen-2-yl)-5,6-bis(octyloxy)benzo[c][1,2,5]thiadiazole",octyloxy,alkoxy,octyloxy,solubility,OPV,electronic,N/A,N/A,"15,000 g/mol","24,000 g/mol",1.6,N/A,N/A,N/A,N/A,N/A,N/A,N/A,N/A,semi-crystalline,4.08 A˚,22.43 A˚,N/A,spin-coating,o-dichlorobenzene,toluene,N/A,ITO/PEDOT:PSS/polymer:PC71BM/BaF2/Ba/Al,face-on rich mixed orientation,342_1-s2.0-S1226086X15004554-main.txt,scratch/prj/ch_sce_mine/MatAGen/outputs_example/342_1-s2.0-S1226086X15004554-main/342_1-s2.0-S1226086X15004554-main/pdf/342_1-s2.0-S1226086X15004554-main.txt,text_mining_GPT_extended
P2,"2,6-anthracene-alt-4,7-bis(thiophen-2-yl)-5,6-bis(octyloxy)benzo[c][1,2,5]oxadiazole",octyloxy,alkoxy,octyloxy,solubility,OPV,electronic,N/A,N/A,"13,000 g/mol","19,500 g/mol",1.5,N/A,N/A,N/A,N/A,1.2%,3.1 mA/cm2,0.737 V,48.8%,semi-crystalline,4.12 A˚,19.12 A˚,1:4 blend ratio,spin-coating,o-dichlorobenzene,toluene,N/A,ITO/PEDOT:PSS/polymer:PC71BM/BaF2/Ba/Al,uniform nanostructures,342_1-s2.0-S1226086X15004554-main.txt,scratch/prj/ch_sce_mine/MatAGen/outputs_example/342_1-s2.0-S1226086X15004554-main/342_1-s2.0-S1226086X15004554-main/pdf/342_1-s2.0-S1226086X15004554-main.txt,text_mining_GPT_extended
P3,"9,10-bis(2-ethylhexyloxy)anthracene-alt-4,7-bis(thiophen-2-yl)-5,6-bis(octyloxy)benzo[c][1,2,5]thiadiazole",2-ethylhexyloxy and octyloxy,alkoxy,2-ethylhexyloxy; octyloxy,solubility,OPV,electronic,N/A,N/A,"21,000 g/mol","41,000 g/mol",1.9,N/A,N/A,N/A,N/A,0.23%,1.4 mA/cm2,0.636 V,25.2%,semi-crystalline,N/A,16.88 A˚,1:3 blend ratio,spin-coating,o-dichlorobenzene,toluene,N/A,ITO/PEDOT:PSS/polymer:PC71BM/BaF2/Ba/Al,no phase separation,342_1-s2.0-S1226086X15004554-main.txt,scratch/prj/ch_sce_mine/MatAGen/outputs_example/342_1-s2.0-S1226086X15004554-main/342_1-s2.0-S1226086X15004554-main/pdf/342_1-s2.0-S1226086X15004554-main.txt,text_mining_GPT_extended
P4,"9,10-bis(2-ethylhexyloxy)anthracene-alt-4,7-bis(thiophen-2-yl)-5,6-bis(octyloxy)benzo[c][1,2,5]oxadiazole",2-ethylhexyloxy and octyloxy,alkoxy,2-ethylhexyloxy; octyloxy,solubility,OPV,electronic,N/A,N/A,"23,000 g/mol","32,000 g/mol",1.3,N/A,N/A,N/A,N/A,1.0%,3.8 mA/cm2,0.838 V,31.4%,semi-crystalline,N/A,17.31 A˚,1:2 blend ratio,spin-coating,o-dichlorobenzene,toluene,N/A,ITO/PEDOT:PSS/polymer:PC71BM/BaF2/Ba/Al,uniform nanostructures,342_1-s2.0-S1226086X15004554-main.txt,scratch/prj/ch_sce_mine/MatAGen/outputs_example/342_1-s2.0-S1226086X15004554-main/342_1-s2.0-S1226086X15004554-main/pdf/342_1-s2.0-S1226086X15004554-main.txt,text_mining_GPT_extended
BO,benzodithiophene−thiophene−benzooxadiazole,bis[5-(2-ethylhexyl)thien-2-yl] side chain,alkyl,2-ethylhexyl,tune surface energy and packing,OPV,electronic,N/A,N/A,N/A,N/A,N/A,3.3 × 10−5 cm2 V−1 s−1,1.2 × 10−5 cm2 V−1 s−1,N/A,N/A,8.44 %,19.2 ± 0.2 mA cm−2,0.72 ± 0.01 V,58.5 ± 0.05 %,N/A,N/A,21.6 Å,Weight ratio = 1:1.5.,N/A,N/A,N/A,inverted OPV stack,both edge-on and face-on packing orientations,N/A,317_atom-varied-side-chains-in-conjugated-polymers-affect-efficiencies-of-photovoltaic-devices-incorporating-small-molecules.txt,scratch/prj/ch_sce_mine/MatAGen/outputs_example/317_atom-varied-side-chains-in-conjugated-polymers-affect-efficiencies-of-photovoltaic-devices-incorporating-small-molecules/317_atom-varied-side-chains-in-conjugated-polymers-affect-efficiencies-of-photovoltaic-devices-incorporating-small-molecules/pdf/317_atom-varied-side-chains-in-conjugated-polymers-affect-efficiencies-of-photovoltaic-devices-incorporating-small-molecules.txt,text_mining_GPT_extended
BO2S,benzodithiophene−thiophene−benzooxadiazole,S-inserted bis[5-(2-ethylhexyl)thien-2-yl] side chain,S-inserted; alkyl,2-ethylhexyl,tune surface energy and packing,OPV,electronic,N/A,N/A,N/A,N/A,N/A,3.6 × 10−4 cm2 V−1 s−1,1.7 × 10−4 cm2 V−1 s−1,N/A,N/A,9.97 %,19.7 ± 0.2 mA cm−2,0.76 ± 0.01 V,64.3 ± 0.03 %,N/A,N/A,23.7 Å,Weight ratio = 1:1.5.,N/A,N/A,N/A,inverted OPV stack,face-on orientations,N/A,317_atom-varied-side-chains-in-conjugated-polymers-affect-efficiencies-of-photovoltaic-devices-incorporating-small-molecules.txt,scratch/prj/ch_sce_mine/MatAGen/outputs_example/317_atom-varied-side-chains-in-conjugated-polymers-affect-efficiencies-of-photovoltaic-devices-incorporating-small-molecules/317_atom-varied-side-chains-in-conjugated-polymers-affect-efficiencies-of-photovoltaic-devices-incorporating-small-molecules/pdf/317_atom-varied-side-chains-in-conjugated-polymers-affect-efficiencies-of-photovoltaic-devices-incorporating-small-molecules.txt,text_mining_GPT_extended
BO2Cl,benzodithiophene−thiophene−benzooxadiazole,Cl-substituted bis[5-(2-ethylhexyl)thien-2-yl] side chain,Cl-substituted; alkyl,2-ethylhexyl,tune surface energy and packing,OPV,electronic,N/A,N/A,N/A,N/A,N/A,5.5 × 10−5 cm2 V−1 s−1,2.1 × 10−5 cm2 V−1 s−1,N/A,N/A,11.11 %,19.9 ± 0.2 mA cm−2,0.83 ± 0.01 V,65.4 ± 0.05 %,N/A,N/A,21.6 Å,Weight ratio = 1:1.5.,N/A,N/A,N/A,inverted OPV stack,both edge-on and face-on packing orientations,N/A,317_atom-varied-side-chains-in-conjugated-polymers-affect-efficiencies-of-photovoltaic-devices-incorporating-small-molecules.txt,scratch/prj/ch_sce_mine/MatAGen/outputs_example/317_atom-varied-side-chains-in-conjugated-polymers-affect-efficiencies-of-photovoltaic-devices-incorporating-small-molecules/317_atom-varied-side-chains-in-conjugated-polymers-affect-efficiencies-of-photovoltaic-devices-incorporating-small-molecules/pdf/317_atom-varied-side-chains-in-conjugated-polymers-affect-efficiencies-of-photovoltaic-devices-incorporating-small-molecules.txt,text_mining_GPT_extended
BO2S2Cl,benzodithiophene−thiophene−benzooxadiazole,S-inserted and Cl-substituted bis[5-(2-ethylhexyl)thien-2-yl] side chain,S-inserted; Cl-substituted; alkyl,2-ethylhexyl,tune surface energy and packing,OPV,electronic,N/A,N/A,N/A,N/A,N/A,6.6 × 10−4 cm2 V−1 s−1,3.7 × 10−4 cm2 V−1 s−1,N/A,N/A,12.06 %,20.8 ± 0.2 mA cm−2,0.85 ± 0.01 V,66.5 ± 0.04 %,N/A,N/A,22.6 Å,Weight ratio = 1:1.5.,N/A,N/A,N/A,inverted OPV stack,face-on orientations,N/A,317_atom-varied-side-chains-in-conjugated-polymers-affect-efficiencies-of-photovoltaic-devices-incorporating-small-molecules.txt,scratch/prj/ch_sce_mine/MatAGen/outputs_example/317_atom-varied-side-chains-in-conjugated-polymers-affect-efficiencies-of-photovoltaic-devices-incorporating-small-molecules/317_atom-varied-side-chains-in-conjugated-polymers-affect-efficiencies-of-photovoltaic-devices-incorporating-small-molecules/pdf/317_atom-varied-side-chains-in-conjugated-polymers-affect-efficiencies-of-photovoltaic-devices-incorporating-small-molecules.txt,text_mining_GPT_extended
PAQM-BT,quinoid-donor-acceptor (Q-D-A) backbone,branched 2-decyltetradecyl (DT) only,alkyl,2-decyltetradecyl (DT),solubility and packing control,OFET,electronic,N/A,N/A,16.2 kDa,N/A,2.5,5.10 cm2 V−1 s−1,N/A,N/A,N/A,N/A,N/A,N/A,N/A,crystalline,N/A,25.2 Å,annealed,spun-cast,CB,N/A,N/A,BGTC,intertwined nanofibrillar structures,361_side-chain-modulation-enables-high-performance-quinoid-donor-acceptor-terpolymer-transistors-processed-with.txt,scratch/prj/ch_sce_mine/MatAGen/outputs_example/361_side-chain-modulation-enables-high-performance-quinoid-donor-acceptor-terpolymer-transistors-processed-with/361_side-chain-modulation-enables-high-performance-quinoid-donor-acceptor-terpolymer-transistors-processed-with/pdf/361_side-chain-modulation-enables-high-performance-quinoid-donor-acceptor-terpolymer-transistors-processed-with.txt,text_mining_GPT_extended
PAQM-BT,quinoid-donor-acceptor (Q-D-A) backbone,branched 2-decyltetradecyl (DT) only,alkyl,2-decyltetradecyl (DT),solubility and packing control,OFET,electronic,N/A,N/A,16.2 kDa,N/A,2.5,1.56 cm2 V−1 s−1,N/A,N/A,N/A,N/A,N/A,N/A,N/A,semi-crystalline,N/A,25.5 Å,annealed,spun-cast,o-XY,N/A,N/A,BGTC,rougher surfaces with fiber-like aggregates,361_side-chain-modulation-enables-high-performance-quinoid-donor-acceptor-terpolymer-transistors-processed-with.txt,scratch/prj/ch_sce_mine/MatAGen/outputs_example/361_side-chain-modulation-enables-high-performance-quinoid-donor-acceptor-terpolymer-transistors-processed-with/361_side-chain-modulation-enables-high-performance-quinoid-donor-acceptor-terpolymer-transistors-processed-with/pdf/361_side-chain-modulation-enables-high-performance-quinoid-donor-acceptor-terpolymer-transistors-processed-with.txt,text_mining_GPT_extended
PAQM-BT-5,quinoid-donor-acceptor (Q-D-A) backbone,5% linear n-dodecyl; 95% branched DT,alkyl,n-dodecyl (C12); 2-decyltetradecyl (DT),solubility and packing control,OFET,electronic,N/A,N/A,10.1 kDa,N/A,2.6,2.97 cm2 V−1 s−1,N/A,N/A,N/A,N/A,N/A,N/A,N/A,semi-crystalline,N/A,23.4 Å,annealed,spun-cast,CB,N/A,N/A,BGTC,weakened and arc-shaped patterns,361_side-chain-modulation-enables-high-performance-quinoid-donor-acceptor-terpolymer-transistors-processed-with.txt,scratch/prj/ch_sce_mine/MatAGen/outputs_example/361_side-chain-modulation-enables-high-performance-quinoid-donor-acceptor-terpolymer-transistors-processed-with/361_side-chain-modulation-enables-high-performance-quinoid-donor-acceptor-terpolymer-transistors-processed-with/pdf/361_side-chain-modulation-enables-high-performance-quinoid-donor-acceptor-terpolymer-transistors-processed-with.txt,text_mining_GPT_extended
PAQM-BT-5,quinoid-donor-acceptor (Q-D-A) backbone,5% linear n-dodecyl; 95% branched DT,alkyl,n-dodecyl (C12); 2-decyltetradecyl (DT),solubility and packing control,OFET,electronic,N/A,N/A,10.1 kDa,N/A,2.6,1.19 cm2 V−1 s−1,N/A,N/A,N/A,N/A,N/A,N/A,N/A,semi-crystalline,N/A,24.7 Å,annealed,spun-cast,o-XY,N/A,N/A,BGTC,rougher surfaces with fiber-like aggregates,361_side-chain-modulation-enables-high-performance-quinoid-donor-acceptor-terpolymer-transistors-processed-with.txt,scratch/prj/ch_sce_mine/MatAGen/outputs_example/361_side-chain-modulation-enables-high-performance-quinoid-donor-acceptor-terpolymer-transistors-processed-with/361_side-chain-modulation-enables-high-performance-quinoid-donor-acceptor-terpolymer-transistors-processed-with/pdf/361_side-chain-modulation-enables-high-performance-quinoid-donor-acceptor-terpolymer-transistors-processed-with.txt,text_mining_GPT_extended
PAQM-BT-10,quinoid-donor-acceptor (Q-D-A) backbone,10% linear n-dodecyl; 90% branched DT,alkyl,n-dodecyl (C12); 2-decyltetradecyl (DT),solubility and packing control,OFET,electronic,N/A,N/A,14.2 kDa,N/A,2.5,5.02 cm2 V−1 s−1,N/A,N/A,N/A,N/A,N/A,N/A,N/A,semi-crystalline,N/A,23.9 Å,annealed,spun-cast,CB,N/A,N/A,BGTC,weakened and arc-shaped patterns,361_side-chain-modulation-enables-high-performance-quinoid-donor-acceptor-terpolymer-transistors-processed-with.txt,scratch/prj/ch_sce_mine/MatAGen/outputs_example/361_side-chain-modulation-enables-high-performance-quinoid-donor-acceptor-terpolymer-transistors-processed-with/361_side-chain-modulation-enables-high-performance-quinoid-donor-acceptor-terpolymer-transistors-processed-with/pdf/361_side-chain-modulation-enables-high-performance-quinoid-donor-acceptor-terpolymer-transistors-processed-with.txt,text_mining_GPT_extended
PAQM-BT-10,quinoid-donor-acceptor (Q-D-A) backbone,10% linear n-dodecyl; 90% branched DT,alkyl,n-dodecyl (C12); 2-decyltetradecyl (DT),solubility and packing control,OFET,electronic,N/A,N/A,14.2 kDa,N/A,2.5,1.89 cm2 V−1 s−1,N/A,N/A,N/A,N/A,N/A,N/A,N/A,semi-crystalline,N/A,24.1 Å,annealed,spun-cast,o-XY,N/A,N/A,BGTC,rougher surfaces with fiber-like aggregates,361_side-chain-modulation-enables-high-performance-quinoid-donor-acceptor-terpolymer-transistors-processed-with.txt,scratch/prj/ch_sce_mine/MatAGen/outputs_example/361_side-chain-modulation-enables-high-performance-quinoid-donor-acceptor-terpolymer-transistors-processed-with/361_side-chain-modulation-enables-high-performance-quinoid-donor-acceptor-terpolymer-transistors-processed-with/pdf/361_side-chain-modulation-enables-high-performance-quinoid-donor-acceptor-terpolymer-transistors-processed-with.txt,text_mining_GPT_extended
PAQM-BT-15,quinoid-donor-acceptor (Q-D-A) backbone,15% linear n-dodecyl; 85% branched DT,alkyl,n-dodecyl (C12); 2-decyltetradecyl (DT),solubility and packing control,OFET,electronic,N/A,N/A,18.3 kDa,N/A,2.5,6.13 cm2 V−1 s−1,N/A,N/A,N/A,N/A,N/A,N/A,N/A,crystalline,N/A,23.3 Å,annealed,spun-cast,CB,N/A,N/A,BGTC,highly ordered edge-on lamellar packing,361_side-chain-modulation-enables-high-performance-quinoid-donor-acceptor-terpolymer-transistors-processed-with.txt,scratch/prj/ch_sce_mine/MatAGen/outputs_example/361_side-chain-modulation-enables-high-performance-quinoid-donor-acceptor-terpolymer-transistors-processed-with/361_side-chain-modulation-enables-high-performance-quinoid-donor-acceptor-terpolymer-transistors-processed-with/pdf/361_side-chain-modulation-enables-high-performance-quinoid-donor-acceptor-terpolymer-transistors-processed-with.txt,text_mining_GPT_extended
PAQM-BT-15,quinoid-donor-acceptor (Q-D-A) backbone,15% linear n-dodecyl; 85% branched DT,alkyl,n-dodecyl (C12); 2-decyltetradecyl (DT),solubility and packing control,OFET,electronic,N/A,N/A,18.3 kDa,N/A,2.5,3.02 cm2 V−1 s−1,N/A,N/A,N/A,N/A,N/A,N/A,N/A,semi-crystalline,N/A,23.5 Å,annealed,spun-cast,o-XY,N/A,N/A,BGTC,most ordered packing,361_side-chain-modulation-enables-high-performance-quinoid-donor-acceptor-terpolymer-transistors-processed-with.txt,scratch/prj/ch_sce_mine/MatAGen/outputs_example/361_side-chain-modulation-enables-high-performance-quinoid-donor-acceptor-terpolymer-transistors-processed-with/361_side-chain-modulation-enables-high-performance-quinoid-donor-acceptor-terpolymer-transistors-processed-with/pdf/361_side-chain-modulation-enables-high-performance-quinoid-donor-acceptor-terpolymer-transistors-processed-with.txt,text_mining_GPT_extended
PAQM-BT-20,quinoid-donor-acceptor (Q-D-A) backbone,20% linear n-dodecyl; 80% branched DT,alkyl,n-dodecyl (C12); 2-decyltetradecyl (DT),solubility and packing control,OFET,electronic,N/A,N/A,25.8 kDa,N/A,2.4,2.11 cm2 V−1 s−1,N/A,N/A,N/A,N/A,N/A,N/A,N/A,semi-crystalline,N/A,23.2 Å,annealed,spun-cast,CB,N/A,N/A,BGTC,rougher and less uniform surface,361_side-chain-modulation-enables-high-performance-quinoid-donor-acceptor-terpolymer-transistors-processed-with.txt,scratch/prj/ch_sce_mine/MatAGen/outputs_example/361_side-chain-modulation-enables-high-performance-quinoid-donor-acceptor-terpolymer-transistors-processed-with/361_side-chain-modulation-enables-high-performance-quinoid-donor-acceptor-terpolymer-transistors-processed-with/pdf/361_side-chain-modulation-enables-high-performance-quinoid-donor-acceptor-terpolymer-transistors-processed-with.txt,text_mining_GPT_extended
PAQM-BT-20,quinoid-donor-acceptor (Q-D-A) backbone,20% linear n-dodecyl; 80% branched DT,alkyl,n-dodecyl (C12); 2-decyltetradecyl (DT),solubility and packing control,OFET,electronic,N/A,N/A,25.8 kDa,N/A,2.4,0.71 cm2 V−1 s−1,N/A,N/A,N/A,N/A,N/A,N/A,N/A,semi-crystalline,N/A,23.3 Å,annealed,spun-cast,o-XY,N/A,N/A,BGTC,rougher surfaces with fiber-like aggregates,361_side-chain-modulation-enables-high-performance-quinoid-donor-acceptor-terpolymer-transistors-processed-with.txt,scratch/prj/ch_sce_mine/MatAGen/outputs_example/361_side-chain-modulation-enables-high-performance-quinoid-donor-acceptor-terpolymer-transistors-processed-with/361_side-chain-modulation-enables-high-performance-quinoid-donor-acceptor-terpolymer-transistors-processed-with/pdf/361_side-chain-modulation-enables-high-performance-quinoid-donor-acceptor-terpolymer-transistors-processed-with.txt,text_mining_GPT_extended
P3BT,polythiophene,butyl,alkyl,C4,N/A,OFET,electronic,N/A,30 μm,3.1 kg/mol,N/A,1.12,1.33×10−4 cm2‧V−1‧s−1,N/A,N/A,N/A,N/A,N/A,N/A,N/A,crystalline,N/A,1.21 nm,solution concentration 1 g/L,drop-casting,toluene,N/A,N/A,bottom-gate top-contact architecture,nanowhisker morphology,363_337b841d-3447-4bd1-99a3-ff91b01477ea.txt,scratch/prj/ch_sce_mine/MatAGen/outputs_example/363_337b841d-3447-4bd1-99a3-ff91b01477ea/363_337b841d-3447-4bd1-99a3-ff91b01477ea/pdf/363_337b841d-3447-4bd1-99a3-ff91b01477ea.txt,text_mining_GPT_extended
P3BT,polythiophene,butyl,alkyl,C4,N/A,OFET,electronic,N/A,30 μm,3.1 kg/mol,N/A,1.12,1.93×10−4 cm2‧V−1‧s−1,N/A,N/A,N/A,N/A,N/A,N/A,N/A,crystalline,N/A,0.97 nm,solution concentration 5 g/L,drop-casting,toluene,N/A,N/A,bottom-gate top-contact architecture,form I and II coexist,363_337b841d-3447-4bd1-99a3-ff91b01477ea.txt,scratch/prj/ch_sce_mine/MatAGen/outputs_example/363_337b841d-3447-4bd1-99a3-ff91b01477ea/363_337b841d-3447-4bd1-99a3-ff91b01477ea/pdf/363_337b841d-3447-4bd1-99a3-ff91b01477ea.txt,text_mining_GPT_extended
P3BT,polythiophene,butyl,alkyl,C4,N/A,OFET,electronic,N/A,30 μm,3.1 kg/mol,N/A,1.12,7.81×10−4 cm2‧V−1‧s−1,N/A,N/A,N/A,N/A,N/A,N/A,N/A,crystalline,0.42 nm,N/A,solution concentration 10 g/L,drop-casting,toluene,N/A,N/A,bottom-gate top-contact architecture,form II dominant,363_337b841d-3447-4bd1-99a3-ff91b01477ea.txt,scratch/prj/ch_sce_mine/MatAGen/outputs_example/363_337b841d-3447-4bd1-99a3-ff91b01477ea/363_337b841d-3447-4bd1-99a3-ff91b01477ea/pdf/363_337b841d-3447-4bd1-99a3-ff91b01477ea.txt,text_mining_GPT_extended
P3BT,polythiophene,butyl,alkyl,C4,N/A,OFET,electronic,N/A,30 μm,3.1 kg/mol,N/A,1.12,4.45×10−4 cm2‧V−1‧s−1,N/A,N/A,N/A,N/A,N/A,N/A,N/A,crystalline,0.42 nm,N/A,solution concentration 20 g/L,drop-casting,toluene,N/A,N/A,bottom-gate top-contact architecture,edge-on and flat-on coexist,363_337b841d-3447-4bd1-99a3-ff91b01477ea.txt,scratch/prj/ch_sce_mine/MatAGen/outputs_example/363_337b841d-3447-4bd1-99a3-ff91b01477ea/363_337b841d-3447-4bd1-99a3-ff91b01477ea/pdf/363_337b841d-3447-4bd1-99a3-ff91b01477ea.txt,text_mining_GPT_extended
PBDTDPQ-EH,benzodithiophene-alt-di-2-thienyl-quinoxaline,2-ethylhexyloxy,alkoxy,2-ethylhexyl,increase molecular weight; solubility,OPV,electronic,N/A,N/A,9.8 kg mol21,N/A,1.55,N/A,N/A,N/A,N/A,1.1,4.0 mA cm22,0.56 V,50.6%,N/A,N/A,N/A,polymer:PC71BM 1:1 wt/wt,spin-coating,o-dichlorobenzene (o-DCB),toluene,N/A,ITO/PEDOT:PSS/polymer:PCBM/BaF2/Ba/Al,N/A,324_Journal of Polymer Science Part A  Polymer Chemistry - 2014 - Song - Polymer solar cells based on quinoxaline and.txt,scratch/prj/ch_sce_mine/MatAGen/outputs_example/324_Journal of Polymer Science Part A  Polymer Chemistry - 2014 - Song - Polymer solar cells based on quinoxaline and/324_Journal of Polymer Science Part A  Polymer Chemistry - 2014 - Song - Polymer solar cells based on quinoxaline and/pdf/324_Journal of Polymer Science Part A  Polymer Chemistry - 2014 - Song - Polymer solar cells based on quinoxaline and.txt,text_mining_GPT_extended
PBDTDPQ-OD,benzodithiophene-alt-di-2-thienyl-quinoxaline,2-octyldodecyloxy,alkoxy,2-octyldodecyl,increase molecular weight; solubility,OPV,electronic,N/A,N/A,24.3 kg mol21,N/A,2.86,N/A,N/A,N/A,N/A,1.6,3.4 mA cm22,0.79 V,57.5%,semi-crystalline,3.75 Å,21.2 Å,polymer:PC71BM 1:1 wt/wt,spin-coating,o-dichlorobenzene (o-DCB),toluene,N/A,ITO/PEDOT:PSS/polymer:PCBM/BaF2/Ba/Al,slightly edge-on structure,324_Journal of Polymer Science Part A  Polymer Chemistry - 2014 - Song - Polymer solar cells based on quinoxaline and.txt,scratch/prj/ch_sce_mine/MatAGen/outputs_example/324_Journal of Polymer Science Part A  Polymer Chemistry - 2014 - Song - Polymer solar cells based on quinoxaline and/324_Journal of Polymer Science Part A  Polymer Chemistry - 2014 - Song - Polymer solar cells based on quinoxaline and/pdf/324_Journal of Polymer Science Part A  Polymer Chemistry - 2014 - Song - Polymer solar cells based on quinoxaline and.txt,text_mining_GPT_extended
PBDTDPQ-OD,benzodithiophene-alt-di-2-thienyl-quinoxaline,2-octyldodecyloxy,alkoxy,2-octyldodecyl,increase molecular weight; solubility,OPV,electronic,N/A,N/A,24.3 kg mol21,N/A,2.86,N/A,N/A,N/A,N/A,1.3,2.5 mA cm22,0.78 V,65.8%,semi-crystalline,3.75 Å,21.2 Å,polymer:PC71BM 1:3 wt/wt,spin-coating,o-dichlorobenzene (o-DCB),toluene,N/A,ITO/PEDOT:PSS/polymer:PCBM/BaF2/Ba/Al,slightly edge-on structure,324_Journal of Polymer Science Part A  Polymer Chemistry - 2014 - Song - Polymer solar cells based on quinoxaline and.txt,scratch/prj/ch_sce_mine/MatAGen/outputs_example/324_Journal of Polymer Science Part A  Polymer Chemistry - 2014 - Song - Polymer solar cells based on quinoxaline and/324_Journal of Polymer Science Part A  Polymer Chemistry - 2014 - Song - Polymer solar cells based on quinoxaline and/pdf/324_Journal of Polymer Science Part A  Polymer Chemistry - 2014 - Song - Polymer solar cells based on quinoxaline and.txt,text_mining_GPT_extended
PBDTDPQ-HDT,benzodithiophene-alt-di-2-thienyl-quinoxaline,2-decyl-4-hexyl-thiophen-yl (HDT),thiophene,2-decyl-4-hexyl,lower HOMO level; promote mixing with PCBM,OPV,electronic,N/A,N/A,20.0 kg mol21,N/A,1.88,N/A,N/A,N/A,N/A,2.8,8.0 mA cm22,0.88 V,39.2%,amorphous,3.94 Å,N/A,polymer:PC71BM 1:2 wt/wt,spin-coating,o-dichlorobenzene (o-DCB),toluene,N/A,ITO/PEDOT:PSS/polymer:PCBM/BaF2/Ba/Al,amorphous due to the thiophene side chain,324_Journal of Polymer Science Part A  Polymer Chemistry - 2014 - Song - Polymer solar cells based on quinoxaline and.txt,scratch/prj/ch_sce_mine/MatAGen/outputs_example/324_Journal of Polymer Science Part A  Polymer Chemistry - 2014 - Song - Polymer solar cells based on quinoxaline and/324_Journal of Polymer Science Part A  Polymer Chemistry - 2014 - Song - Polymer solar cells based on quinoxaline and/pdf/324_Journal of Polymer Science Part A  Polymer Chemistry - 2014 - Song - Polymer solar cells based on quinoxaline and.txt,text_mining_GPT_extended
PBDTDPQ-HDT,benzodithiophene-alt-di-2-thienyl-quinoxaline,2-decyl-4-hexyl-thiophen-yl (HDT),thiophene,2-decyl-4-hexyl,lower HOMO level; promote mixing with PCBM,OPV,electronic,N/A,N/A,20.0 kg mol21,N/A,1.88,N/A,N/A,N/A,N/A,3.2,7.9 mA cm22,0.88 V,45.4%,amorphous,3.94 Å,N/A,polymer:PC71BM 1:3 wt/wt,spin-coating,o-dichlorobenzene (o-DCB),toluene,N/A,ITO/PEDOT:PSS/polymer:PCBM/BaF2/Ba/Al,well-mixed flat layer,324_Journal of Polymer Science Part A  Polymer Chemistry - 2014 - Song - Polymer solar cells based on quinoxaline and.txt,scratch/prj/ch_sce_mine/MatAGen/outputs_example/324_Journal of Polymer Science Part A  Polymer Chemistry - 2014 - Song - Polymer solar cells based on quinoxaline and/324_Journal of Polymer Science Part A  Polymer Chemistry - 2014 - Song - Polymer solar cells based on quinoxaline and/pdf/324_Journal of Polymer Science Part A  Polymer Chemistry - 2014 - Song - Polymer solar cells based on quinoxaline and.txt,text_mining_GPT_extended
PBDTDPQ-HDT,benzodithiophene-alt-di-2-thienyl-quinoxaline,2-decyl-4-hexyl-thiophen-yl (HDT),thiophene,2-decyl-4-hexyl,lower HOMO level; promote mixing with PCBM,OPV,electronic,N/A,N/A,20.0 kg mol21,N/A,1.88,N/A,N/A,N/A,N/A,3.0,8.5 mA cm22,0.86 V,41.5%,amorphous,3.94 Å,N/A,polymer:PC71BM 1:4 wt/wt,spin-coating,o-dichlorobenzene (o-DCB),toluene,N/A,ITO/PEDOT:PSS/polymer:PCBM/BaF2/Ba/Al,well-distributed PC71BM,324_Journal of Polymer Science Part A  Polymer Chemistry - 2014 - Song - Polymer solar cells based on quinoxaline and.txt,scratch/prj/ch_sce_mine/MatAGen/outputs_example/324_Journal of Polymer Science Part A  Polymer Chemistry - 2014 - Song - Polymer solar cells based on quinoxaline and/324_Journal of Polymer Science Part A  Polymer Chemistry - 2014 - Song - Polymer solar cells based on quinoxaline and/pdf/324_Journal of Polymer Science Part A  Polymer Chemistry - 2014 - Song - Polymer solar cells based on quinoxaline and.txt,text_mining_GPT_extended
PBDTTs-fBT,"two-dimensional benzo[1,2-b:4,5-b’]dithiophene polymer backbone",N/A,N/A,N/A,N/A,OPV,electronic,N/A,N/A,N/A,N/A,N/A,9.94×10^-5 cm2V-1s-1,N/A,N/A,N/A,N/A,N/A,N/A,N/A,N/A,N/A,N/A,ε = 3ε0,cast from their chloroform solutions,chloroform,THF,N/A,ITO (120 nm)/PEDOT:PSS(40 nm)/PBDTTs-fBT:PC71BM (1:2)/MoO3(10 nm)/Al(100 nm),N/A,334_doi-10%2E1039%2Fc5py01632k.txt,scratch/prj/ch_sce_mine/MatAGen/outputs_example/334_doi-10%2E1039%2Fc5py01632k/334_doi-10%2E1039%2Fc5py01632k/pdf/334_doi-10%2E1039%2Fc5py01632k.txt,text_mining_GPT_extended
S1,oligo(p-phenylenevinylene),4-fluoro-3-trifluoromethylbenzyl,aryl,N/A,"solubility, packing control",OFET,electronic,40 nm to 90 nm,10 l,N/A,N/A,N/A,4.0 3×10^22 cm2 V21 s21,N/A,N/A,N/A,N/A,N/A,N/A,N/A,amorphous,N/A,N/A,annealed at 150 8C,"spin-coated, annealed films",N/A,dry THF,N/A,bottom-gate bottom-contact OFET (SiO2/Au),better packing,367_J of Applied Polymer Sci - 2017 - Chini - Effect of side%E2%80%90chain functionality on the organic field%E2%80%90effect transistor.txt,scratch/prj/ch_sce_mine/MatAGen/outputs_example/367_J of Applied Polymer Sci - 2017 - Chini - Effect of side%E2%80%90chain functionality on the organic field%E2%80%90effect transistor/367_J of Applied Polymer Sci - 2017 - Chini - Effect of side%E2%80%90chain functionality on the organic field%E2%80%90effect transistor/pdf/367_J of Applied Polymer Sci - 2017 - Chini - Effect of side%E2%80%90chain functionality on the organic field%E2%80%90effect transistor.txt,text_mining_GPT_extended
S2,oligo(p-phenylenevinylene),a-napthyl-3-trifluoromethylbenzyl,aryl,N/A,"solubility, packing control",OFET,electronic,40 nm to 90 nm,10 l,N/A,N/A,N/A,1.2 3×10^22 cm2 V21 s21,N/A,N/A,N/A,N/A,N/A,N/A,N/A,amorphous,N/A,N/A,annealed at 150 8C,"spin-coated, annealed films",N/A,dry THF,N/A,bottom-gate bottom-contact OFET (SiO2/Au),better packing,367_J of Applied Polymer Sci - 2017 - Chini - Effect of side%E2%80%90chain functionality on the organic field%E2%80%90effect transistor.txt,scratch/prj/ch_sce_mine/MatAGen/outputs_example/367_J of Applied Polymer Sci - 2017 - Chini - Effect of side%E2%80%90chain functionality on the organic field%E2%80%90effect transistor/367_J of Applied Polymer Sci - 2017 - Chini - Effect of side%E2%80%90chain functionality on the organic field%E2%80%90effect transistor/pdf/367_J of Applied Polymer Sci - 2017 - Chini - Effect of side%E2%80%90chain functionality on the organic field%E2%80%90effect transistor.txt,text_mining_GPT_extended
S3,oligo(p-phenylenevinylene),b-napthyl-3-trifluoromethylbenzyl,aryl,N/A,"solubility, packing control",OFET,electronic,40 nm to 90 nm,10 l,N/A,N/A,N/A,2.7 3×10^23 cm2 V21 s21,N/A,N/A,N/A,N/A,N/A,N/A,N/A,amorphous,N/A,N/A,annealed at 150 8C,"spin-coated, annealed films",N/A,dry THF,N/A,bottom-gate bottom-contact OFET (SiO2/Au),better packing,367_J of Applied Polymer Sci - 2017 - Chini - Effect of side%E2%80%90chain functionality on the organic field%E2%80%90effect transistor.txt,scratch/prj/ch_sce_mine/MatAGen/outputs_example/367_J of Applied Polymer Sci - 2017 - Chini - Effect of side%E2%80%90chain functionality on the organic field%E2%80%90effect transistor/367_J of Applied Polymer Sci - 2017 - Chini - Effect of side%E2%80%90chain functionality on the organic field%E2%80%90effect transistor/pdf/367_J of Applied Polymer Sci - 2017 - Chini - Effect of side%E2%80%90chain functionality on the organic field%E2%80%90effect transistor.txt,text_mining_GPT_extended
PB(C12DTP)V-DTDPP-C12,"bis-dithieno[3,2-b;2',3'-d]pyrrole vinylene donor and diketopyrrolopyrrole acceptor",dodecyl (C12) on DPP units,alkyl,C12,packing control,OFET,electronic,∼40 nm,100 μm,38 kDa,N/A,2.2,0.10(0.21),N/A,N/A,N/A,N/A,N/A,N/A,N/A,semi-crystalline,N/A,N/A,annealed 180 °C; OCSC; parallel,OCSC,ODCB,chlorobenzene,N/A,BGTC,highly aligned polymer films,389_c7py01340j.txt,scratch/prj/ch_sce_mine/MatAGen/outputs_example/389_c7py01340j/389_c7py01340j/pdf/389_c7py01340j.txt,text_mining_GPT_extended
PB(C12DTP)V-DTDPP-C12,"bis-dithieno[3,2-b;2',3'-d]pyrrole vinylene donor and diketopyrrolopyrrole acceptor",dodecyl (C12) on DPP units,alkyl,C12,packing control,OFET,electronic,∼40 nm,100 μm,38 kDa,N/A,2.2,0.27(0.35),N/A,N/A,N/A,N/A,N/A,N/A,N/A,semi-crystalline,N/A,N/A,annealed 200 °C; OCSC; parallel,OCSC,ODCB,chlorobenzene,N/A,BGTC,highly aligned polymer films,389_c7py01340j.txt,scratch/prj/ch_sce_mine/MatAGen/outputs_example/389_c7py01340j/389_c7py01340j/pdf/389_c7py01340j.txt,text_mining_GPT_extended
PB(C12DTP)V-DTDPP-C12,"bis-dithieno[3,2-b;2',3'-d]pyrrole vinylene donor and diketopyrrolopyrrole acceptor",dodecyl (C12) on DPP units,alkyl,C12,packing control,OFET,electronic,∼40 nm,100 μm,38 kDa,N/A,2.2,0.52(0.69),N/A,N/A,N/A,N/A,N/A,N/A,N/A,semi-crystalline,3.8 Å,18.5 Å,annealed 220 °C; OCSC; parallel,OCSC,ODCB,chlorobenzene,N/A,BGTC,highly aligned polymer films,389_c7py01340j.txt,scratch/prj/ch_sce_mine/MatAGen/outputs_example/389_c7py01340j/389_c7py01340j/pdf/389_c7py01340j.txt,text_mining_GPT_extended
PB(C12DTP)V-DTDPP-C12,"bis-dithieno[3,2-b;2',3'-d]pyrrole vinylene donor and diketopyrrolopyrrole acceptor",dodecyl (C12) on DPP units,alkyl,C12,packing control,OFET,electronic,∼40 nm,100 μm,38 kDa,N/A,2.2,0.008(0.012),N/A,N/A,N/A,N/A,N/A,N/A,N/A,semi-crystalline,N/A,N/A,annealed 220 °C; OCSC; vertical,OCSC,ODCB,chlorobenzene,N/A,BGTC,polymer chains were perpendicular to the source–drain axis,389_c7py01340j.txt,scratch/prj/ch_sce_mine/MatAGen/outputs_example/389_c7py01340j/389_c7py01340j/pdf/389_c7py01340j.txt,text_mining_GPT_extended
PB(C12DTP)V-DTDPP-C12,"bis-dithieno[3,2-b;2',3'-d]pyrrole vinylene donor and diketopyrrolopyrrole acceptor",dodecyl (C12) on DPP units,alkyl,C12,packing control,OFET,electronic,∼40 nm,100 μm,38 kDa,N/A,2.2,0.037(0.061),N/A,N/A,N/A,N/A,N/A,N/A,N/A,semi-crystalline,4.0 Å,20.5 Å,annealed 220 °C; SC,SC,ODCB,chlorobenzene,N/A,BGTC,spin-coated (SC) films exhibited a smaller μh,389_c7py01340j.txt,scratch/prj/ch_sce_mine/MatAGen/outputs_example/389_c7py01340j/389_c7py01340j/pdf/389_c7py01340j.txt,text_mining_GPT_extended
PB(C12DTP)V-DTDPP-C12C8,"bis-dithieno[3,2-b;2',3'-d]pyrrole vinylene donor and diketopyrrolopyrrole acceptor",2-octyldodecyl (branched C12C8) on DPP units,alkyl,C12C8,packing control,OFET,electronic,∼40 nm,100 μm,16 kDa,N/A,1.3,1.0(1.2),N/A,N/A,N/A,N/A,N/A,N/A,N/A,semi-crystalline,4.0 Å,20.3 Å,annealed 180 °C; OCSC; parallel,OCSC,ODCB,chlorobenzene,N/A,BGTC,highly aligned polymer films,389_c7py01340j.txt,scratch/prj/ch_sce_mine/MatAGen/outputs_example/389_c7py01340j/389_c7py01340j/pdf/389_c7py01340j.txt,text_mining_GPT_extended
PB(C12DTP)V-DTDPP-C12C8,"bis-dithieno[3,2-b;2',3'-d]pyrrole vinylene donor and diketopyrrolopyrrole acceptor",2-octyldodecyl (branched C12C8) on DPP units,alkyl,C12C8,packing control,OFET,electronic,∼40 nm,100 μm,16 kDa,N/A,1.3,0.032(0.036),N/A,N/A,N/A,N/A,N/A,N/A,N/A,semi-crystalline,N/A,N/A,annealed 180 °C; OCSC; vertical,OCSC,ODCB,chlorobenzene,N/A,BGTC,polymer chains were perpendicular to the source–drain axis,389_c7py01340j.txt,scratch/prj/ch_sce_mine/MatAGen/outputs_example/389_c7py01340j/389_c7py01340j/pdf/389_c7py01340j.txt,text_mining_GPT_extended
PB(C12DTP)V-DTDPP-C12C8,"bis-dithieno[3,2-b;2',3'-d]pyrrole vinylene donor and diketopyrrolopyrrole acceptor",2-octyldodecyl (branched C12C8) on DPP units,alkyl,C12C8,packing control,OFET,electronic,∼40 nm,100 μm,16 kDa,N/A,1.3,0.53(0.75),N/A,N/A,N/A,N/A,N/A,N/A,N/A,semi-crystalline,N/A,N/A,annealed 200 °C; OCSC; parallel,OCSC,ODCB,chlorobenzene,N/A,BGTC,highly aligned polymer films,389_c7py01340j.txt,scratch/prj/ch_sce_mine/MatAGen/outputs_example/389_c7py01340j/389_c7py01340j/pdf/389_c7py01340j.txt,text_mining_GPT_extended
PB(C12DTP)V-DTDPP-C12C8,"bis-dithieno[3,2-b;2',3'-d]pyrrole vinylene donor and diketopyrrolopyrrole acceptor",2-octyldodecyl (branched C12C8) on DPP units,alkyl,C12C8,packing control,OFET,electronic,∼40 nm,100 μm,16 kDa,N/A,1.3,0.12(0.43),N/A,N/A,N/A,N/A,N/A,N/A,N/A,semi-crystalline,N/A,N/A,annealed 220 °C; OCSC; parallel,OCSC,ODCB,chlorobenzene,N/A,BGTC,highly aligned polymer films,389_c7py01340j.txt,scratch/prj/ch_sce_mine/MatAGen/outputs_example/389_c7py01340j/389_c7py01340j/pdf/389_c7py01340j.txt,text_mining_GPT_extended
PB(C12DTP)V-DTDPP-C12C8,"bis-dithieno[3,2-b;2',3'-d]pyrrole vinylene donor and diketopyrrolopyrrole acceptor",2-octyldodecyl (branched C12C8) on DPP units,alkyl,C12C8,packing control,OFET,electronic,∼40 nm,100 μm,16 kDa,N/A,1.3,0.062(0.11),N/A,N/A,N/A,N/A,N/A,N/A,N/A,semi-crystalline,4.0 Å,20.4 Å,annealed 180 °C; SC,SC,ODCB,chlorobenzene,N/A,BGTC,spin-coated (SC) films exhibited a smaller μh,389_c7py01340j.txt,scratch/prj/ch_sce_mine/MatAGen/outputs_example/389_c7py01340j/389_c7py01340j/pdf/389_c7py01340j.txt,text_mining_GPT_extended
PBDT-DTBTz,benzodithiophene-alt-benzotriazole (DTBTz),symmetrically branched alkyl (heptadecan-9-yl),alkyl,heptadecan-9-yl,ensure polymer solubility and enhance interchain interaction,OTFT,electronic,50 nm,12 μm,15000 g mol−1,40000 g mol−1,2.1,7.4 × 10−4 cm2 V−1 s−1,N/A,N/A,N/A,N/A,N/A,N/A,N/A,weakly crystalline,3.63 Å,17.5 Å,OTS-treated SiO2 dielectric,spin coating,chloroform,toluene/DMF,N/A,"bottom-contact OTFT, OTS-treated SiO2",mainly face-on orientation,343_high-crystalline-medium-band-gap-polymers-consisting-of-benzodithiophene-and-benzotriazole-derivatives-for-organic.txt,scratch/prj/ch_sce_mine/MatAGen/outputs_example/343_high-crystalline-medium-band-gap-polymers-consisting-of-benzodithiophene-and-benzotriazole-derivatives-for-organic/343_high-crystalline-medium-band-gap-polymers-consisting-of-benzodithiophene-and-benzotriazole-derivatives-for-organic/pdf/343_high-crystalline-medium-band-gap-polymers-consisting-of-benzodithiophene-and-benzotriazole-derivatives-for-organic.txt,text_mining_GPT_extended
PBDT-DTBTz,benzodithiophene-alt-benzotriazole (DTBTz),symmetrically branched alkyl (heptadecan-9-yl),alkyl,heptadecan-9-yl,ensure polymer solubility and enhance interchain interaction,OPV,electronic,N/A,N/A,15000 g mol−1,40000 g mol−1,2.1,N/A,N/A,N/A,N/A,1.63%,4.93 mA cm−2,0.77 V,0.43,weakly crystalline,3.63 Å,17.5 Å,no additive,spin coating,chlorobenzene,toluene/DMF,N/A,ITO/PEDOT:PSS/polymer:PC71BM/Ca/Al,severe phase segregation,343_high-crystalline-medium-band-gap-polymers-consisting-of-benzodithiophene-and-benzotriazole-derivatives-for-organic.txt,scratch/prj/ch_sce_mine/MatAGen/outputs_example/343_high-crystalline-medium-band-gap-polymers-consisting-of-benzodithiophene-and-benzotriazole-derivatives-for-organic/343_high-crystalline-medium-band-gap-polymers-consisting-of-benzodithiophene-and-benzotriazole-derivatives-for-organic/pdf/343_high-crystalline-medium-band-gap-polymers-consisting-of-benzodithiophene-and-benzotriazole-derivatives-for-organic.txt,text_mining_GPT_extended
PBDT-DTBTz,benzodithiophene-alt-benzotriazole (DTBTz),symmetrically branched alkyl (heptadecan-9-yl),alkyl,heptadecan-9-yl,ensure polymer solubility and enhance interchain interaction,OPV,electronic,N/A,N/A,15000 g mol−1,40000 g mol−1,2.1,N/A,N/A,N/A,N/A,2.88%,7.87 mA cm−2,0.77 V,0.48,weakly crystalline,3.63 Å,17.5 Å,3 vol % DIO,spin coating,chlorobenzene,toluene/DMF,N/A,ITO/PEDOT:PSS/polymer:PC71BM/Ca/Al,more homogeneous morphologies,343_high-crystalline-medium-band-gap-polymers-consisting-of-benzodithiophene-and-benzotriazole-derivatives-for-organic.txt,scratch/prj/ch_sce_mine/MatAGen/outputs_example/343_high-crystalline-medium-band-gap-polymers-consisting-of-benzodithiophene-and-benzotriazole-derivatives-for-organic/343_high-crystalline-medium-band-gap-polymers-consisting-of-benzodithiophene-and-benzotriazole-derivatives-for-organic/pdf/343_high-crystalline-medium-band-gap-polymers-consisting-of-benzodithiophene-and-benzotriazole-derivatives-for-organic.txt,text_mining_GPT_extended
PTIPSBDT-DTBTz,TIPS-substituted benzodithiophene-alt-benzotriazole (DTBTz),(triisopropylsilyl)ethynyl (TIPS) and symmetrically branched alkyl (heptadecan-9-yl),TIPS; alkyl,heptadecan-9-yl; TIPS,improve solubility and crystallinity; promote π-orbital overlap,OTFT,electronic,50 nm,12 μm,23000 g mol−1,57000 g mol−1,2.5,3.8 × 10−3 cm2 V−1 s−1,N/A,N/A,N/A,N/A,N/A,N/A,N/A,crystalline,3.65 Å,25.1 Å,OTS-treated SiO2 dielectric,spin coating,chloroform,toluene/DMF,N/A,"bottom-contact OTFT, OTS-treated SiO2",more crystalline lamellar structure,343_high-crystalline-medium-band-gap-polymers-consisting-of-benzodithiophene-and-benzotriazole-derivatives-for-organic.txt,scratch/prj/ch_sce_mine/MatAGen/outputs_example/343_high-crystalline-medium-band-gap-polymers-consisting-of-benzodithiophene-and-benzotriazole-derivatives-for-organic/343_high-crystalline-medium-band-gap-polymers-consisting-of-benzodithiophene-and-benzotriazole-derivatives-for-organic/pdf/343_high-crystalline-medium-band-gap-polymers-consisting-of-benzodithiophene-and-benzotriazole-derivatives-for-organic.txt,text_mining_GPT_extended
PTIPSBDT-DTBTz,TIPS-substituted benzodithiophene-alt-benzotriazole (DTBTz),(triisopropylsilyl)ethynyl (TIPS) and symmetrically branched alkyl (heptadecan-9-yl),TIPS; alkyl,heptadecan-9-yl; TIPS,improve solubility and crystallinity; promote π-orbital overlap,OPV,electronic,N/A,N/A,23000 g mol−1,57000 g mol−1,2.5,N/A,N/A,N/A,N/A,2.04%,5.50 mA cm−2,0.85 V,0.44,crystalline,3.65 Å,25.1 Å,no additive,spin coating,chlorobenzene,toluene/DMF,N/A,ITO/PEDOT:PSS/polymer:PC71BM/Ca/Al,severe phase segregation,343_high-crystalline-medium-band-gap-polymers-consisting-of-benzodithiophene-and-benzotriazole-derivatives-for-organic.txt,scratch/prj/ch_sce_mine/MatAGen/outputs_example/343_high-crystalline-medium-band-gap-polymers-consisting-of-benzodithiophene-and-benzotriazole-derivatives-for-organic/343_high-crystalline-medium-band-gap-polymers-consisting-of-benzodithiophene-and-benzotriazole-derivatives-for-organic/pdf/343_high-crystalline-medium-band-gap-polymers-consisting-of-benzodithiophene-and-benzotriazole-derivatives-for-organic.txt,text_mining_GPT_extended
PTIPSBDT-DTBTz,TIPS-substituted benzodithiophene-alt-benzotriazole (DTBTz),(triisopropylsilyl)ethynyl (TIPS) and symmetrically branched alkyl (heptadecan-9-yl),TIPS; alkyl,heptadecan-9-yl; TIPS,improve solubility and crystallinity; promote π-orbital overlap,OPV,electronic,N/A,N/A,23000 g mol−1,57000 g mol−1,2.5,N/A,N/A,N/A,N/A,5.53%,12.69 mA cm−2,0.80 V,0.55,crystalline,3.65 Å,25.1 Å,3 vol % DIO,spin coating,chlorobenzene,toluene/DMF,N/A,ITO/PEDOT:PSS/polymer:PC71BM/Ca/Al,nanoscale networks,343_high-crystalline-medium-band-gap-polymers-consisting-of-benzodithiophene-and-benzotriazole-derivatives-for-organic.txt,scratch/prj/ch_sce_mine/MatAGen/outputs_example/343_high-crystalline-medium-band-gap-polymers-consisting-of-benzodithiophene-and-benzotriazole-derivatives-for-organic/343_high-crystalline-medium-band-gap-polymers-consisting-of-benzodithiophene-and-benzotriazole-derivatives-for-organic/pdf/343_high-crystalline-medium-band-gap-polymers-consisting-of-benzodithiophene-and-benzotriazole-derivatives-for-organic.txt,text_mining_GPT_extended
P3HT,polythiophene backbone,hexyl,alkyl,C6,N/A,OFET,electronic,30 nm,1000 μm,19.1 kg mol–1,N/A,1.2,(8.8 ± 3.5) × 10−4 cm2 V−1 s−1,N/A,N/A,N/A,N/A,N/A,N/A,N/A,semicrystalline,N/A,N/A,annealed 120 ∘C,spin coating,chlorobenzene,N/A,N/A,bottom gate top contact OFET,N/A,358_Polymer International - 2019 - Pakhnyuk - Enhanced miscibility and strain resistance of blended elastomer  %E2%80%90conjugated.txt,scratch/prj/ch_sce_mine/MatAGen/outputs_example/358_Polymer International - 2019 - Pakhnyuk - Enhanced miscibility and strain resistance of blended elastomer  %E2%80%90conjugated/358_Polymer International - 2019 - Pakhnyuk - Enhanced miscibility and strain resistance of blended elastomer  %E2%80%90conjugated/pdf/358_Polymer International - 2019 - Pakhnyuk - Enhanced miscibility and strain resistance of blended elastomer  %E2%80%90conjugated.txt,text_mining_GPT_extended
P3Br0.25HT,polythiophene backbone,hexyl and 6-bromohexyl (random copolymer),alkyl,C6,improve miscibility; covalent bonding across interfaces,OFET,electronic,30 nm,1000 μm,20.7 kg mol–1,N/A,1.2,(9.4 ± 3.5) × 10−5 cm2 V−1 s−1,N/A,N/A,N/A,N/A,N/A,N/A,N/A,semi-crystalline,N/A,N/A,annealed 120 ∘C,spin coating,chlorobenzene,N/A,N/A,bottom gate top contact OFET,N/A,358_Polymer International - 2019 - Pakhnyuk - Enhanced miscibility and strain resistance of blended elastomer  %E2%80%90conjugated.txt,scratch/prj/ch_sce_mine/MatAGen/outputs_example/358_Polymer International - 2019 - Pakhnyuk - Enhanced miscibility and strain resistance of blended elastomer  %E2%80%90conjugated/358_Polymer International - 2019 - Pakhnyuk - Enhanced miscibility and strain resistance of blended elastomer  %E2%80%90conjugated/pdf/358_Polymer International - 2019 - Pakhnyuk - Enhanced miscibility and strain resistance of blended elastomer  %E2%80%90conjugated.txt,text_mining_GPT_extended
P3Br0.75HT,polythiophene backbone,hexyl and 6-bromohexyl (random copolymer),alkyl,C6,improve miscibility; covalent bonding across interfaces,OFET,electronic,30 nm,1000 μm,24.7 kg mol–1,N/A,<1.1,(7.3 ± 3.4) × 10−5 cm2 V−1 s−1,N/A,N/A,N/A,N/A,N/A,N/A,N/A,semi-crystalline,N/A,N/A,annealed 120 ∘C,spin coating,chlorobenzene,N/A,N/A,bottom gate top contact OFET,N/A,358_Polymer International - 2019 - Pakhnyuk - Enhanced miscibility and strain resistance of blended elastomer  %E2%80%90conjugated.txt,scratch/prj/ch_sce_mine/MatAGen/outputs_example/358_Polymer International - 2019 - Pakhnyuk - Enhanced miscibility and strain resistance of blended elastomer  %E2%80%90conjugated/358_Polymer International - 2019 - Pakhnyuk - Enhanced miscibility and strain resistance of blended elastomer  %E2%80%90conjugated/pdf/358_Polymer International - 2019 - Pakhnyuk - Enhanced miscibility and strain resistance of blended elastomer  %E2%80%90conjugated.txt,text_mining_GPT_extended
P3BrHT,polythiophene backbone,6-bromohexyl,alkyl (brominated),C6,improve miscibility; covalent bonding across interfaces,OFET,electronic,30 nm,1000 μm,15.6 kg mol–1,N/A,1.2,(4.7 ± 1.8) × 10−5 cm2 V−1 s−1,N/A,N/A,N/A,N/A,N/A,N/A,N/A,nearly complete suppression of crystallinity,N/A,N/A,annealed 120 ∘C,spin coating,chlorobenzene,N/A,N/A,bottom gate top contact OFET,N/A,358_Polymer International - 2019 - Pakhnyuk - Enhanced miscibility and strain resistance of blended elastomer  %E2%80%90conjugated.txt,scratch/prj/ch_sce_mine/MatAGen/outputs_example/358_Polymer International - 2019 - Pakhnyuk - Enhanced miscibility and strain resistance of blended elastomer  %E2%80%90conjugated/358_Polymer International - 2019 - Pakhnyuk - Enhanced miscibility and strain resistance of blended elastomer  %E2%80%90conjugated/pdf/358_Polymer International - 2019 - Pakhnyuk - Enhanced miscibility and strain resistance of blended elastomer  %E2%80%90conjugated.txt,text_mining_GPT_extended
P3BrHT-L,polythiophene backbone,6-bromohexyl,alkyl (brominated),C6,improve miscibility; covalent bonding across interfaces,N/A,N/A,ca 1 μm,N/A,4.3 kg mol–1,N/A,1.3,N/A,N/A,N/A,N/A,N/A,N/A,N/A,N/A,N/A,N/A,N/A,drop casting,toluene,N/A,N/A,gel fraction (solvent soak),high solubility at room temperature,N/A,358_Polymer International - 2019 - Pakhnyuk - Enhanced miscibility and strain resistance of blended elastomer  %E2%80%90conjugated.txt,scratch/prj/ch_sce_mine/MatAGen/outputs_example/358_Polymer International - 2019 - Pakhnyuk - Enhanced miscibility and strain resistance of blended elastomer  %E2%80%90conjugated/358_Polymer International - 2019 - Pakhnyuk - Enhanced miscibility and strain resistance of blended elastomer  %E2%80%90conjugated/pdf/358_Polymer International - 2019 - Pakhnyuk - Enhanced miscibility and strain resistance of blended elastomer  %E2%80%90conjugated.txt,text_mining_GPT_extended
PB/P3HT (50/50),polythiophene backbone + polybutadiene,hexyl,alkyl,C6,(P3BrxHT intent) improve miscibility; covalent bonding across interfaces,OFET,electronic,30 nm,1000 μm,N/A,N/A,N/A,(1.5 ± 1.5) × 10−4 cm2 V−1 s−1,N/A,N/A,N/A,N/A,N/A,N/A,N/A,reduced crystallinity,N/A,N/A,annealed 120 ∘C,spin coating,chlorobenzene,N/A,N/A,bottom gate top contact OFET,combination of dispersed and co-continuous morphology,358_Polymer International - 2019 - Pakhnyuk - Enhanced miscibility and strain resistance of blended elastomer  %E2%80%90conjugated.txt,scratch/prj/ch_sce_mine/MatAGen/outputs_example/358_Polymer International - 2019 - Pakhnyuk - Enhanced miscibility and strain resistance of blended elastomer  %E2%80%90conjugated/358_Polymer International - 2019 - Pakhnyuk - Enhanced miscibility and strain resistance of blended elastomer  %E2%80%90conjugated/pdf/358_Polymer International - 2019 - Pakhnyuk - Enhanced miscibility and strain resistance of blended elastomer  %E2%80%90conjugated.txt,text_mining_GPT_extended
PB/P3Br0.25HT (50/50),polythiophene backbone + polybutadiene,hexyl and 6-bromohexyl (random copolymer),alkyl,C6,improve miscibility; covalent bonding across interfaces,OFET,electronic,30 nm,1000 μm,N/A,N/A,N/A,(4.8 ± 1.9) × 10−5 cm2 V−1 s−1,N/A,N/A,N/A,N/A,N/A,N/A,N/A,reduced crystallinity,N/A,N/A,annealed 120 ∘C,spin coating,chlorobenzene,N/A,N/A,bottom gate top contact OFET,dispersed morphology,358_Polymer International - 2019 - Pakhnyuk - Enhanced miscibility and strain resistance of blended elastomer  %E2%80%90conjugated.txt,scratch/prj/ch_sce_mine/MatAGen/outputs_example/358_Polymer International - 2019 - Pakhnyuk - Enhanced miscibility and strain resistance of blended elastomer  %E2%80%90conjugated/358_Polymer International - 2019 - Pakhnyuk - Enhanced miscibility and strain resistance of blended elastomer  %E2%80%90conjugated/pdf/358_Polymer International - 2019 - Pakhnyuk - Enhanced miscibility and strain resistance of blended elastomer  %E2%80%90conjugated.txt,text_mining_GPT_extended
PB/P3Br0.75HT (50/50),polythiophene backbone + polybutadiene,hexyl and 6-bromohexyl (random copolymer),alkyl,C6,improve miscibility; covalent bonding across interfaces,OFET,electronic,30 nm,1000 μm,N/A,N/A,N/A,(4.7 ± 1.1) × 10−5 cm2 V−1 s−1,N/A,N/A,N/A,N/A,N/A,N/A,N/A,reduced crystallinity,N/A,N/A,annealed 120 ∘C,spin coating,chlorobenzene,N/A,N/A,bottom gate top contact OFET,combination of dispersed and co-continuous morphology,358_Polymer International - 2019 - Pakhnyuk - Enhanced miscibility and strain resistance of blended elastomer  %E2%80%90conjugated.txt,scratch/prj/ch_sce_mine/MatAGen/outputs_example/358_Polymer International - 2019 - Pakhnyuk - Enhanced miscibility and strain resistance of blended elastomer  %E2%80%90conjugated/358_Polymer International - 2019 - Pakhnyuk - Enhanced miscibility and strain resistance of blended elastomer  %E2%80%90conjugated/pdf/358_Polymer International - 2019 - Pakhnyuk - Enhanced miscibility and strain resistance of blended elastomer  %E2%80%90conjugated.txt,text_mining_GPT_extended
PB/P3BrHT (50/50),polythiophene backbone + polybutadiene,6-bromohexyl,alkyl (brominated),C6,improve miscibility; covalent bonding across interfaces,OFET,electronic,30 nm,1000 μm,N/A,N/A,N/A,(4.5 ± 0.9) × 10−5 cm2 V−1 s−1,N/A,N/A,N/A,N/A,N/A,N/A,N/A,nearly complete suppression of crystallinity,N/A,N/A,annealed 120 ∘C,spin coating,chlorobenzene,N/A,N/A,bottom gate top contact OFET,co-continuous morphology,358_Polymer International - 2019 - Pakhnyuk - Enhanced miscibility and strain resistance of blended elastomer  %E2%80%90conjugated.txt,scratch/prj/ch_sce_mine/MatAGen/outputs_example/358_Polymer International - 2019 - Pakhnyuk - Enhanced miscibility and strain resistance of blended elastomer  %E2%80%90conjugated/358_Polymer International - 2019 - Pakhnyuk - Enhanced miscibility and strain resistance of blended elastomer  %E2%80%90conjugated/pdf/358_Polymer International - 2019 - Pakhnyuk - Enhanced miscibility and strain resistance of blended elastomer  %E2%80%90conjugated.txt,text_mining_GPT_extended
PTzBT-BOHD,thiophene−thiazolothiazole (TzBT),2-butyloctyl (BO); 2-hexyldecyl (HD),alkyl,2-butyloctyl; 2-hexyldecyl,energy level tuning and packing control,OPV,electronic,N/A,N/A,N/A,N/A,N/A,N/A,N/A,N/A,N/A,6.6,9.8 mA cm−2,0.89 V,0.76,highly crystalline,N/A,N/A,polymer:PCBM 1:2 blend,spin-coating,chlorobenzene,N/A,N/A,ITO/PEDOT:PSS/polymer:PCBM/Ca/Al,highly crystalline,339_molecular-understanding-of-how-the-interfacial-structure-impacts-the-open-circuit-voltage-of-highly-crystalline-polymer.txt,scratch/prj/ch_sce_mine/MatAGen/outputs_example/339_molecular-understanding-of-how-the-interfacial-structure-impacts-the-open-circuit-voltage-of-highly-crystalline-polymer/339_molecular-understanding-of-how-the-interfacial-structure-impacts-the-open-circuit-voltage-of-highly-crystalline-polymer/pdf/339_molecular-understanding-of-how-the-interfacial-structure-impacts-the-open-circuit-voltage-of-highly-crystalline-polymer.txt,text_mining_GPT_extended
PTzBT-12OD,thiophene−thiazolothiazole (TzBT),dodecyl (12); 2-octyldodecyl (OD),alkyl,dodecyl; 2-octyldodecyl,energy level tuning and packing control,OPV,electronic,N/A,N/A,N/A,N/A,N/A,N/A,N/A,N/A,N/A,5.9,9.6 mA cm−2,0.81 V,0.76,highly crystalline,N/A,N/A,polymer:PCBM 1:2 blend,spin-coating,chlorobenzene,N/A,N/A,ITO/PEDOT:PSS/polymer:PCBM/Ca/Al,linear and branched side chains,339_molecular-understanding-of-how-the-interfacial-structure-impacts-the-open-circuit-voltage-of-highly-crystalline-polymer.txt,scratch/prj/ch_sce_mine/MatAGen/outputs_example/339_molecular-understanding-of-how-the-interfacial-structure-impacts-the-open-circuit-voltage-of-highly-crystalline-polymer/339_molecular-understanding-of-how-the-interfacial-structure-impacts-the-open-circuit-voltage-of-highly-crystalline-polymer/pdf/339_molecular-understanding-of-how-the-interfacial-structure-impacts-the-open-circuit-voltage-of-highly-crystalline-polymer.txt,text_mining_GPT_extended
PTB7-Th:P(PDI-BDT),N/A,thiophene conjugated side chain,conjugated,N/A,N/A,OPV,electronic,90 nm,N/A,N/A,N/A,N/A,N/A,N/A,N/A,N/A,4.31 %,11.06 mA cm-2,0.80 V,48.6 %,N/A,N/A,N/A,w/o,N/A,N/A,N/A,N/A,N/A,N/A,308_doi-10%2E1039%2Fc5ta05014f.txt,scratch/prj/ch_sce_mine/MatAGen/outputs_example/308_doi-10%2E1039%2Fc5ta05014f/308_doi-10%2E1039%2Fc5ta05014f/pdf/308_doi-10%2E1039%2Fc5ta05014f.txt,text_mining_GPT_extended
PTB7-Th:P(PDI-BDT),N/A,thiophene conjugated side chain,conjugated,N/A,N/A,OPV,electronic,85 nm,N/A,N/A,N/A,N/A,N/A,N/A,N/A,N/A,4.15 %,10.54 mA cm-2,0.79 V,49.8 %,N/A,N/A,N/A,100℃ 10min,N/A,N/A,N/A,N/A,N/A,N/A,308_doi-10%2E1039%2Fc5ta05014f.txt,scratch/prj/ch_sce_mine/MatAGen/outputs_example/308_doi-10%2E1039%2Fc5ta05014f/308_doi-10%2E1039%2Fc5ta05014f/pdf/308_doi-10%2E1039%2Fc5ta05014f.txt,text_mining_GPT_extended
PTB7-Th:P(PDI-BDT),N/A,thiophene conjugated side chain,conjugated,N/A,N/A,OPV,electronic,83 nm,N/A,N/A,N/A,N/A,N/A,N/A,N/A,N/A,4.17 %,10.42 mA cm-2,0.80 V,50.2 %,N/A,N/A,N/A,120℃ 10min,N/A,N/A,N/A,N/A,N/A,N/A,308_doi-10%2E1039%2Fc5ta05014f.txt,scratch/prj/ch_sce_mine/MatAGen/outputs_example/308_doi-10%2E1039%2Fc5ta05014f/308_doi-10%2E1039%2Fc5ta05014f/pdf/308_doi-10%2E1039%2Fc5ta05014f.txt,text_mining_GPT_extended
PCDT-BT-2EH,cyclopentadithiophene–benzothiadiazole,2-ethylhexyl (2EH),alkyl,2-ethylhexyl,improve solubility,OFET,electronic,N/A,10 μm,21 kDa,N/A,1.60,0.004 cm 2 V −1 s −1,N/A,N/A,N/A,N/A,N/A,N/A,N/A,disordered packing,N/A,1.10 nm,drop-cast; annealed 200 °C 1 h,drop-casting,CHCl 3,toluene,N/A,"bottom contact, bottom gate OFET",−80 nm to 200 nm large aggregates,390_Macro Chemistry   Physics - 2015 - Lee - Improvement in Solubility and Molecular Assembly of Cyclopentadithiophene.txt,scratch/prj/ch_sce_mine/MatAGen/outputs_example/390_Macro Chemistry   Physics - 2015 - Lee - Improvement in Solubility and Molecular Assembly of Cyclopentadithiophene/390_Macro Chemistry   Physics - 2015 - Lee - Improvement in Solubility and Molecular Assembly of Cyclopentadithiophene/pdf/390_Macro Chemistry   Physics - 2015 - Lee - Improvement in Solubility and Molecular Assembly of Cyclopentadithiophene.txt,text_mining_GPT_extended
PCDT-BT-5EN,cyclopentadithiophene–benzothiadiazole,5-ethylnonyl (5EN),alkyl,5-ethylnonyl,improve solubility and packing,OFET,electronic,N/A,10 μm,38 kDa,N/A,2.03,0.09 cm 2 V −1 s −1,N/A,N/A,N/A,N/A,N/A,N/A,N/A,ordered layer structures,0.365 nm,2.00 nm,drop-cast; annealed 200 °C 1 h,drop-casting,CHCl 3,toluene,N/A,"bottom contact, bottom gate OFET",nanoﬁber network,390_Macro Chemistry   Physics - 2015 - Lee - Improvement in Solubility and Molecular Assembly of Cyclopentadithiophene.txt,scratch/prj/ch_sce_mine/MatAGen/outputs_example/390_Macro Chemistry   Physics - 2015 - Lee - Improvement in Solubility and Molecular Assembly of Cyclopentadithiophene/390_Macro Chemistry   Physics - 2015 - Lee - Improvement in Solubility and Molecular Assembly of Cyclopentadithiophene/pdf/390_Macro Chemistry   Physics - 2015 - Lee - Improvement in Solubility and Molecular Assembly of Cyclopentadithiophene.txt,text_mining_GPT_extended
IID-C1,isoindigo,2-octyldodecyl,alkyl,C1,shorten π−π stacking distance,OFET,electronic,80−100 nm,100 μm,20k,N/A,3.8,N/A,N/A,N/A,N/A,N/A,N/A,N/A,N/A,semi-crystalline,3.78-3.96 Å,N/A,20–220 °C; ambient air,spin-coated; annealed,chloroform,N/A,N/A,bottom-gate bottom-contact (BGBC),π−π stacking increased 3.78 to 3.96 Å,359_effects-of-side-chain-on-high-temperature-operation-stability-of-conjugated-polymers.txt,scratch/prj/ch_sce_mine/MatAGen/outputs_example/359_effects-of-side-chain-on-high-temperature-operation-stability-of-conjugated-polymers/359_effects-of-side-chain-on-high-temperature-operation-stability-of-conjugated-polymers/pdf/359_effects-of-side-chain-on-high-temperature-operation-stability-of-conjugated-polymers.txt,text_mining_GPT_extended
IID-C3,isoindigo,4-decyltetracecyl,alkyl,C3,shorten π−π stacking distance,OFET,electronic,80−100 nm,100 μm,32k,N/A,3.2,N/A,N/A,N/A,N/A,N/A,N/A,N/A,N/A,semi-crystalline,3.56-3.66 Å,N/A,20–220 °C; ambient air,spin-coated; annealed,chloroform,N/A,N/A,bottom-gate bottom-contact (BGBC),smaller π−π stacking distances,359_effects-of-side-chain-on-high-temperature-operation-stability-of-conjugated-polymers.txt,scratch/prj/ch_sce_mine/MatAGen/outputs_example/359_effects-of-side-chain-on-high-temperature-operation-stability-of-conjugated-polymers/359_effects-of-side-chain-on-high-temperature-operation-stability-of-conjugated-polymers/pdf/359_effects-of-side-chain-on-high-temperature-operation-stability-of-conjugated-polymers.txt,text_mining_GPT_extended
DPP-C1,diketopyrrolopyrrole,2-octyldodecyl,alkyl,C1,shorten π−π stacking distance,OFET,electronic,80−100 nm,100 μm,52k,N/A,4.3,N/A,N/A,N/A,N/A,N/A,N/A,N/A,N/A,semi-crystalline,N/A,N/A,20–220 °C; ambient air,spin-coated; annealed,chloroform,N/A,N/A,bottom-gate bottom-contact (BGBC),N/A,359_effects-of-side-chain-on-high-temperature-operation-stability-of-conjugated-polymers.txt,scratch/prj/ch_sce_mine/MatAGen/outputs_example/359_effects-of-side-chain-on-high-temperature-operation-stability-of-conjugated-polymers/359_effects-of-side-chain-on-high-temperature-operation-stability-of-conjugated-polymers/pdf/359_effects-of-side-chain-on-high-temperature-operation-stability-of-conjugated-polymers.txt,text_mining_GPT_extended
DPP-C3,diketopyrrolopyrrole,4-decyltetracecyl,alkyl,C3,shorten π−π stacking distance,OFET,electronic,80−100 nm,100 μm,52k,N/A,4.5,N/A,N/A,N/A,N/A,N/A,N/A,N/A,N/A,semi-crystalline,N/A,N/A,20–220 °C; ambient air,spin-coated; annealed,chloroform,N/A,N/A,bottom-gate bottom-contact (BGBC),closer π−π stacking distance,359_effects-of-side-chain-on-high-temperature-operation-stability-of-conjugated-polymers.txt,scratch/prj/ch_sce_mine/MatAGen/outputs_example/359_effects-of-side-chain-on-high-temperature-operation-stability-of-conjugated-polymers/359_effects-of-side-chain-on-high-temperature-operation-stability-of-conjugated-polymers/pdf/359_effects-of-side-chain-on-high-temperature-operation-stability-of-conjugated-polymers.txt,text_mining_GPT_extended
PBDT(F)TPD,"benzo[1,2-b:4,5-b′]dithiophene−thieno[3,4-c]pyrrole-4,6-dione",branched 2-ethylhexyl on BDT; linear octyl on TPD; furan (F) substituent,alkyl; heterocyclic ring,2EH/C8,solubility,OPV,electronic,N/A,N/A,N/A,N/A,N/A,1.9 × 10−4 cm2 V−1 s−1,N/A,N/A,N/A,1.3,3.3,0.90,0.51,N/A,N/A,N/A,as-cast; CF; 1:1 polymer:PC71BM,solution-cast,chloroform (CF),THF,N/A,ITO/PEDOT:PSS/PBDT(F)TPD:PC71BM/Ca/Al,150−350 nm range,330_ring-substituents-mediate-the-morphology-of-pbdttpd-pcbm-bulk-heterojunction-solar-cells.txt,scratch/prj/ch_sce_mine/MatAGen/outputs_example/330_ring-substituents-mediate-the-morphology-of-pbdttpd-pcbm-bulk-heterojunction-solar-cells/330_ring-substituents-mediate-the-morphology-of-pbdttpd-pcbm-bulk-heterojunction-solar-cells/pdf/330_ring-substituents-mediate-the-morphology-of-pbdttpd-pcbm-bulk-heterojunction-solar-cells.txt,text_mining_GPT_extended
PBDT(F)TPD,"benzo[1,2-b:4,5-b′]dithiophene−thieno[3,4-c]pyrrole-4,6-dione",branched 2-ethylhexyl on BDT; linear octyl on TPD; furan (F) substituent,alkyl; heterocyclic ring,2EH/C8,solubility,OPV,electronic,N/A,N/A,N/A,N/A,N/A,2.3 × 10−5 cm2 V−1 s−1,N/A,N/A,N/A,2.7,7.8,0.90,0.42,N/A,ca. 3.7 Å,N/A,3% DIO (v/v); CF; 1:1 polymer:PC71BM,solution-cast,chloroform (CF) with 3% DIO (v/v),THF,N/A,ITO/PEDOT:PSS/PBDT(F)TPD:PC71BM/Ca/Al,more intimately mixed polymer:PC71BM blend morphologies,330_ring-substituents-mediate-the-morphology-of-pbdttpd-pcbm-bulk-heterojunction-solar-cells.txt,scratch/prj/ch_sce_mine/MatAGen/outputs_example/330_ring-substituents-mediate-the-morphology-of-pbdttpd-pcbm-bulk-heterojunction-solar-cells/330_ring-substituents-mediate-the-morphology-of-pbdttpd-pcbm-bulk-heterojunction-solar-cells/pdf/330_ring-substituents-mediate-the-morphology-of-pbdttpd-pcbm-bulk-heterojunction-solar-cells.txt,text_mining_GPT_extended
PBDT(T)TPD,"benzo[1,2-b:4,5-b′]dithiophene−thieno[3,4-c]pyrrole-4,6-dione",branched 2-ethylhexyl on BDT; linear octyl on TPD; thiophene (T) substituent,alkyl; heterocyclic ring,2EH/C8,solubility,OPV,electronic,N/A,N/A,N/A,N/A,N/A,4.7 × 10−4 cm2 V−1 s−1,N/A,N/A,N/A,1.4,3.5,1.0,0.44,N/A,N/A,N/A,as-cast; CF; 1:1 polymer:PC71BM,solution-cast,chloroform (CF),THF,N/A,ITO/PEDOT:PSS/PBDT(T)TPD:PC71BM/Ca/Al,∼100 nm (avg.),330_ring-substituents-mediate-the-morphology-of-pbdttpd-pcbm-bulk-heterojunction-solar-cells.txt,scratch/prj/ch_sce_mine/MatAGen/outputs_example/330_ring-substituents-mediate-the-morphology-of-pbdttpd-pcbm-bulk-heterojunction-solar-cells/330_ring-substituents-mediate-the-morphology-of-pbdttpd-pcbm-bulk-heterojunction-solar-cells/pdf/330_ring-substituents-mediate-the-morphology-of-pbdttpd-pcbm-bulk-heterojunction-solar-cells.txt,text_mining_GPT_extended
PBDT(T)TPD,"benzo[1,2-b:4,5-b′]dithiophene−thieno[3,4-c]pyrrole-4,6-dione",branched 2-ethylhexyl on BDT; linear octyl on TPD; thiophene (T) substituent,alkyl; heterocyclic ring,2EH/C8,solubility,OPV,electronic,N/A,N/A,N/A,N/A,N/A,4.9 × 10−5 cm2 V−1 s−1,N/A,N/A,N/A,6.1,11.1,1.0,0.58,N/A,ca. 3.7 Å,N/A,3% DIO (v/v); CF; 1:1 polymer:PC71BM,solution-cast,chloroform (CF) with 3% DIO (v/v),THF,N/A,ITO/PEDOT:PSS/PBDT(T)TPD:PC71BM/Ca/Al,more intimately mixed polymer:PC71BM blend morphologies,330_ring-substituents-mediate-the-morphology-of-pbdttpd-pcbm-bulk-heterojunction-solar-cells.txt,scratch/prj/ch_sce_mine/MatAGen/outputs_example/330_ring-substituents-mediate-the-morphology-of-pbdttpd-pcbm-bulk-heterojunction-solar-cells/330_ring-substituents-mediate-the-morphology-of-pbdttpd-pcbm-bulk-heterojunction-solar-cells/pdf/330_ring-substituents-mediate-the-morphology-of-pbdttpd-pcbm-bulk-heterojunction-solar-cells.txt,text_mining_GPT_extended
PBDT(S)TPD,"benzo[1,2-b:4,5-b′]dithiophene−thieno[3,4-c]pyrrole-4,6-dione",branched 2-ethylhexyl on BDT; linear octyl on TPD; selenophene (S) substituent,alkyl; heterocyclic ring,2EH/C8,solubility,OPV,electronic,N/A,N/A,N/A,N/A,N/A,2.4 × 10−4 cm2 V−1 s−1,N/A,N/A,N/A,1.1,3.1,1.0,0.39,N/A,N/A,N/A,as-cast; CF; 1:1 polymer:PC71BM,solution-cast,chloroform (CF),THF,N/A,ITO/PEDOT:PSS/PBDT(S)TPD:PC71BM/Ca/Al,∼75 nm (avg.),330_ring-substituents-mediate-the-morphology-of-pbdttpd-pcbm-bulk-heterojunction-solar-cells.txt,scratch/prj/ch_sce_mine/MatAGen/outputs_example/330_ring-substituents-mediate-the-morphology-of-pbdttpd-pcbm-bulk-heterojunction-solar-cells/330_ring-substituents-mediate-the-morphology-of-pbdttpd-pcbm-bulk-heterojunction-solar-cells/pdf/330_ring-substituents-mediate-the-morphology-of-pbdttpd-pcbm-bulk-heterojunction-solar-cells.txt,text_mining_GPT_extended
PBDT(S)TPD,"benzo[1,2-b:4,5-b′]dithiophene−thieno[3,4-c]pyrrole-4,6-dione",branched 2-ethylhexyl on BDT; linear octyl on TPD; selenophene (S) substituent,alkyl; heterocyclic ring,2EH/C8,solubility,OPV,electronic,N/A,N/A,N/A,N/A,N/A,N/A,N/A,N/A,N/A,4.3,8.7,0.98,0.48,N/A,ca. 3.7 Å,N/A,3% DIO (v/v); CF; 1:1 polymer:PC71BM,solution-cast,chloroform (CF) with 3% DIO (v/v),THF,N/A,ITO/PEDOT:PSS/PBDT(S)TPD:PC71BM/Ca/Al,more intimately mixed polymer:PC71BM blend morphologies,330_ring-substituents-mediate-the-morphology-of-pbdttpd-pcbm-bulk-heterojunction-solar-cells.txt,scratch/prj/ch_sce_mine/MatAGen/outputs_example/330_ring-substituents-mediate-the-morphology-of-pbdttpd-pcbm-bulk-heterojunction-solar-cells/330_ring-substituents-mediate-the-morphology-of-pbdttpd-pcbm-bulk-heterojunction-solar-cells/pdf/330_ring-substituents-mediate-the-morphology-of-pbdttpd-pcbm-bulk-heterojunction-solar-cells.txt,text_mining_GPT_extended
P1,TT-BDT,dioctyloxy,alkoxy,C8,N/A,OPV,electronic,∼100 nm,N/A,33.1 kg mol−1,63.8 kg mol−1,N/A,2.14 × 10−5 cm2/(V s),3.79 × 10−5 cm2/(V s),N/A,N/A,7.18%,16.29 mA/cm2,0.66 V,67%,crystalline,3.66 Å,23.10 Å,CB + 3 vol% DIO,spin-coating,chlorobenzene (CB),toluene:DMF (9:1),N/A,ITO/PEDOT:PSS/polymer:PC71BM/Ca/Al,greater phase separation,316_asymmetric-electron-donating-4-alkyl-8-alkoxybenzo-1-2-b-4-5-b-dithiophene-unit-for-use-in-high-efficiency-bulk.txt,scratch/prj/ch_sce_mine/MatAGen/outputs_example/316_asymmetric-electron-donating-4-alkyl-8-alkoxybenzo-1-2-b-4-5-b-dithiophene-unit-for-use-in-high-efficiency-bulk/316_asymmetric-electron-donating-4-alkyl-8-alkoxybenzo-1-2-b-4-5-b-dithiophene-unit-for-use-in-high-efficiency-bulk/pdf/316_asymmetric-electron-donating-4-alkyl-8-alkoxybenzo-1-2-b-4-5-b-dithiophene-unit-for-use-in-high-efficiency-bulk.txt,text_mining_GPT_extended
P2,TT-BDT,4-octyl-8-octyloxy,alkyl/alkoxy,C8/C8,reduce HOMO and maintain Jsc and FF,OPV,electronic,∼110 nm,N/A,41.3 kg mol−1,102.3 kg mol−1,N/A,6.08 × 10−6 cm2/(V s),1.54 × 10−5 cm2/(V s),N/A,N/A,7.64%,15.23 mA/cm2,0.73 V,69%,semi-crystalline,3.72 Å,22.52 Å,CB + 3 vol% DIO,spin-coating,chlorobenzene (CB),toluene:DMF (9:1),N/A,ITO/PEDOT:PSS/polymer:PC71BM/Ca/Al,fine features in its morphology,316_asymmetric-electron-donating-4-alkyl-8-alkoxybenzo-1-2-b-4-5-b-dithiophene-unit-for-use-in-high-efficiency-bulk.txt,scratch/prj/ch_sce_mine/MatAGen/outputs_example/316_asymmetric-electron-donating-4-alkyl-8-alkoxybenzo-1-2-b-4-5-b-dithiophene-unit-for-use-in-high-efficiency-bulk/316_asymmetric-electron-donating-4-alkyl-8-alkoxybenzo-1-2-b-4-5-b-dithiophene-unit-for-use-in-high-efficiency-bulk/pdf/316_asymmetric-electron-donating-4-alkyl-8-alkoxybenzo-1-2-b-4-5-b-dithiophene-unit-for-use-in-high-efficiency-bulk.txt,text_mining_GPT_extended
P3,TT-BDT,dioctyl,alkyl,C8,reduce HOMO energy level,OPV,electronic,∼95 nm,N/A,30.1 kg mol−1,60.8 kg mol−1,N/A,2.24 × 10−6 cm2/(V s),6.70 × 10−6 cm2/(V s),N/A,N/A,6.48%,12.48 mA/cm2,0.78 V,66%,amorphous,3.80 Å,21.96 Å,CB + 3 vol% DIO,spin-coating,chlorobenzene (CB),toluene:DMF (9:1),N/A,ITO/PEDOT:PSS/polymer:PC71BM/Ca/Al,greatest degree of phase separation,316_asymmetric-electron-donating-4-alkyl-8-alkoxybenzo-1-2-b-4-5-b-dithiophene-unit-for-use-in-high-efficiency-bulk.txt,scratch/prj/ch_sce_mine/MatAGen/outputs_example/316_asymmetric-electron-donating-4-alkyl-8-alkoxybenzo-1-2-b-4-5-b-dithiophene-unit-for-use-in-high-efficiency-bulk/316_asymmetric-electron-donating-4-alkyl-8-alkoxybenzo-1-2-b-4-5-b-dithiophene-unit-for-use-in-high-efficiency-bulk/pdf/316_asymmetric-electron-donating-4-alkyl-8-alkoxybenzo-1-2-b-4-5-b-dithiophene-unit-for-use-in-high-efficiency-bulk.txt,text_mining_GPT_extended
P4,TT-BDT,4-octyl-8-butoxydiethoxy,alkyl/alkoxy,C8/butoxydiethoxy,solubilize the polymer and boost the hole mobility,OPV,electronic,∼105 nm,N/A,37.1 kg mol−1,114.7 kg mol−1,N/A,5.40 × 10−5 cm2/(V s),7.84 × 10−5 cm2/(V s),N/A,N/A,8.12%,15.78 mA/cm2,0.73 V,71%,semi-crystalline,3.75 Å,21.44 Å,CB + 3 vol% DIO,spin-coating,chlorobenzene (CB),toluene:DMF (9:1),N/A,ITO/PEDOT:PSS/polymer:PC71BM/Ca/Al,most uniform homogeneous film with a bicontinuous network,316_asymmetric-electron-donating-4-alkyl-8-alkoxybenzo-1-2-b-4-5-b-dithiophene-unit-for-use-in-high-efficiency-bulk.txt,scratch/prj/ch_sce_mine/MatAGen/outputs_example/316_asymmetric-electron-donating-4-alkyl-8-alkoxybenzo-1-2-b-4-5-b-dithiophene-unit-for-use-in-high-efficiency-bulk/316_asymmetric-electron-donating-4-alkyl-8-alkoxybenzo-1-2-b-4-5-b-dithiophene-unit-for-use-in-high-efficiency-bulk/pdf/316_asymmetric-electron-donating-4-alkyl-8-alkoxybenzo-1-2-b-4-5-b-dithiophene-unit-for-use-in-high-efficiency-bulk.txt,text_mining_GPT_extended
iPTzBT-BOBO,thiophene–thiazolothiazole (TzTz),2-butyloctyl (BO) as R1 and R2,alkyl,2-butyloctyl (BO),improve thermal stability,OPV,electronic,N/A,N/A,34 kDa,N/A,1.9,2.4×10^-4 cm2 V-1 s-1,N/A,N/A,N/A,5.7 %,10.6 mA cm-2,0.80 V,0.67,lower crystallinity,3.75 Å,N/A,85 1C in dark under N2,spin-coating,chlorobenzene (CB),chloroform (CF),N/A,inverted ITO/ZnO/(polymer/PC71BM)/WOx/Ag,structural order unchanged,335_c7tc04721e.txt,scratch/prj/ch_sce_mine/MatAGen/outputs_example/335_c7tc04721e/335_c7tc04721e/pdf/335_c7tc04721e.txt,text_mining_GPT_extended
iPTzBT-BOHD,thiophene–thiazolothiazole (TzTz),2-butyloctyl (BO) and 2-hexyldecyl (HD),alkyl,2-butyloctyl (BO) and 2-hexyldecyl (HD),improve thermal stability,OPV,electronic,N/A,N/A,30 kDa,N/A,1.8,2.2×10^-4 cm2 V-1 s-1,N/A,N/A,N/A,5.0 %,9.63 mA cm-2,0.87 V,0.59,lower crystallinity,3.75 Å,N/A,85 1C in dark under N2,spin-coating,chlorobenzene (CB),chloroform (CF),N/A,inverted ITO/ZnO/(polymer/PC71BM)/WOx/Ag,structural order unchanged,335_c7tc04721e.txt,scratch/prj/ch_sce_mine/MatAGen/outputs_example/335_c7tc04721e/335_c7tc04721e/pdf/335_c7tc04721e.txt,text_mining_GPT_extended
PTzBT-BOBO,thiophene–thiazolothiazole (TzTz),2-butyloctyl (BO),alkyl,2-butyloctyl (BO),improve thermal stability (side chain placement studied),OPV,electronic,N/A,N/A,16 kDa,N/A,2.3,7.1×10^-4 cm2 V-1 s-1,N/A,N/A,N/A,5.7 %,10.4 mA cm-2,0.86 V,0.64,higher crystallinity,3.60 Å,N/A,85 1C in dark under N2,spin-coating,chlorobenzene (CB),chloroform (CF),N/A,inverted ITO/ZnO/(polymer/PC71BM)/WOx/Ag,structural order decreased,335_c7tc04721e.txt,scratch/prj/ch_sce_mine/MatAGen/outputs_example/335_c7tc04721e/335_c7tc04721e/pdf/335_c7tc04721e.txt,text_mining_GPT_extended
PTzBT-BOHD,thiophene–thiazolothiazole (TzTz),2-butyloctyl (BO) and 2-hexyldecyl (HD),alkyl,2-butyloctyl (BO) and 2-hexyldecyl (HD),improve thermal stability (side chain placement studied),OPV,electronic,N/A,N/A,35 kDa,N/A,3.1,6.5×10^-4 cm2 V-1 s-1,N/A,N/A,N/A,6.8 %,12.7 mA cm-2,0.84 V,0.64,higher crystallinity,3.60 Å,N/A,85 1C in dark under N2,spin-coating,chlorobenzene (CB),chloroform (CF),N/A,inverted ITO/ZnO/(polymer/PC71BM)/WOx/Ag,structural order decreased,335_c7tc04721e.txt,scratch/prj/ch_sce_mine/MatAGen/outputs_example/335_c7tc04721e/335_c7tc04721e/pdf/335_c7tc04721e.txt,text_mining_GPT_extended
P(NDI1-T),NDI-thiophene backbone,2-hexyloctyl,alkyl,N/A,reduce steric hindrance,OFET,electronic,N/A,N/A,17 kg mol−1,N/A,1.8,N/A,0.034 cm2 V−1 s−1,N/A,N/A,N/A,N/A,N/A,N/A,N/A,4.1 Å,21.3 Å,annealed at 250 °C,spin-coating; annealed at 250 °C,chloroform,toluene and DMF,N/A,bottom-gate top-contact,face-on dominant orientation,395_Adv Funct Materials - 2018 - You - Shift of the Branching Point of the Side%E2%80%90Chain in Naphthalenediimide  NDI %E2%80%90Based Polymer.txt,scratch/prj/ch_sce_mine/MatAGen/outputs_example/395_Adv Funct Materials - 2018 - You - Shift of the Branching Point of the Side%E2%80%90Chain in Naphthalenediimide  NDI %E2%80%90Based Polymer/395_Adv Funct Materials - 2018 - You - Shift of the Branching Point of the Side%E2%80%90Chain in Naphthalenediimide  NDI %E2%80%90Based Polymer/pdf/395_Adv Funct Materials - 2018 - You - Shift of the Branching Point of the Side%E2%80%90Chain in Naphthalenediimide  NDI %E2%80%90Based Polymer.txt,text_mining_GPT_extended
P(NDI2-T),NDI-thiophene backbone,3-hexylnonyl,alkyl,N/A,reduce steric hindrance,OFET,electronic,N/A,N/A,19 kg mol−1,N/A,1.8,N/A,0.093 cm2 V−1 s−1,N/A,N/A,N/A,N/A,N/A,N/A,N/A,4.0 Å,24.6 Å,annealed at 250 °C,spin-coating; annealed at 250 °C,chloroform,toluene and DMF,N/A,bottom-gate top-contact,face-on dominant orientation,395_Adv Funct Materials - 2018 - You - Shift of the Branching Point of the Side%E2%80%90Chain in Naphthalenediimide  NDI %E2%80%90Based Polymer.txt,scratch/prj/ch_sce_mine/MatAGen/outputs_example/395_Adv Funct Materials - 2018 - You - Shift of the Branching Point of the Side%E2%80%90Chain in Naphthalenediimide  NDI %E2%80%90Based Polymer/395_Adv Funct Materials - 2018 - You - Shift of the Branching Point of the Side%E2%80%90Chain in Naphthalenediimide  NDI %E2%80%90Based Polymer/pdf/395_Adv Funct Materials - 2018 - You - Shift of the Branching Point of the Side%E2%80%90Chain in Naphthalenediimide  NDI %E2%80%90Based Polymer.txt,text_mining_GPT_extended
P(NDI3-T),NDI-thiophene backbone,4-hexyldecyl,alkyl,N/A,reduce steric hindrance,OFET,electronic,N/A,N/A,15 kg mol−1,N/A,1.3,N/A,0.142 cm2 V−1 s−1,N/A,N/A,N/A,N/A,N/A,N/A,crystalline,3.9 Å,26.6 Å,annealed at 250 °C,spin-coating; annealed at 250 °C,chloroform,toluene and DMF,N/A,bottom-gate top-contact,well-ordered bimodal structure,395_Adv Funct Materials - 2018 - You - Shift of the Branching Point of the Side%E2%80%90Chain in Naphthalenediimide  NDI %E2%80%90Based Polymer.txt,scratch/prj/ch_sce_mine/MatAGen/outputs_example/395_Adv Funct Materials - 2018 - You - Shift of the Branching Point of the Side%E2%80%90Chain in Naphthalenediimide  NDI %E2%80%90Based Polymer/395_Adv Funct Materials - 2018 - You - Shift of the Branching Point of the Side%E2%80%90Chain in Naphthalenediimide  NDI %E2%80%90Based Polymer/pdf/395_Adv Funct Materials - 2018 - You - Shift of the Branching Point of the Side%E2%80%90Chain in Naphthalenediimide  NDI %E2%80%90Based Polymer.txt,text_mining_GPT_extended
P(NDI4-T),NDI-thiophene backbone,5-hexylundecyl,alkyl,N/A,reduce steric hindrance,OFET,electronic,N/A,N/A,21 kg mol−1,N/A,1.4,N/A,0.217 cm2 V−1 s−1,N/A,N/A,N/A,N/A,N/A,N/A,crystalline,4.0 Å,27.5 Å,annealed at 250 °C,spin-coating; annealed at 250 °C,chloroform,toluene and DMF,N/A,bottom-gate top-contact,highly ordered lamellar structure,395_Adv Funct Materials - 2018 - You - Shift of the Branching Point of the Side%E2%80%90Chain in Naphthalenediimide  NDI %E2%80%90Based Polymer.txt,scratch/prj/ch_sce_mine/MatAGen/outputs_example/395_Adv Funct Materials - 2018 - You - Shift of the Branching Point of the Side%E2%80%90Chain in Naphthalenediimide  NDI %E2%80%90Based Polymer/395_Adv Funct Materials - 2018 - You - Shift of the Branching Point of the Side%E2%80%90Chain in Naphthalenediimide  NDI %E2%80%90Based Polymer/pdf/395_Adv Funct Materials - 2018 - You - Shift of the Branching Point of the Side%E2%80%90Chain in Naphthalenediimide  NDI %E2%80%90Based Polymer.txt,text_mining_GPT_extended
P(NDI1-T) blend,NDI-thiophene backbone,2-hexyloctyl,alkyl,N/A,reduce steric hindrance,all-PSC,electronic,N/A,N/A,17 kg mol−1,N/A,1.8,2.5 × 10−5 cm2 V−1 s−1,1.6 × 10−5 cm2 V−1 s−1,N/A,N/A,6.1 %,9.55 mA cm−2,1.04 V,61.2 %,N/A,N/A,N/A,as-cast from chloroform,spin-coating,chloroform (12.5 mg mL−1) with 1 vol% diphenylether,toluene and DMF,N/A,inverted ITO/ZnO/active layer/MoO3/Ag,≈ 60 nm domain spacing,395_Adv Funct Materials - 2018 - You - Shift of the Branching Point of the Side%E2%80%90Chain in Naphthalenediimide  NDI %E2%80%90Based Polymer.txt,scratch/prj/ch_sce_mine/MatAGen/outputs_example/395_Adv Funct Materials - 2018 - You - Shift of the Branching Point of the Side%E2%80%90Chain in Naphthalenediimide  NDI %E2%80%90Based Polymer/395_Adv Funct Materials - 2018 - You - Shift of the Branching Point of the Side%E2%80%90Chain in Naphthalenediimide  NDI %E2%80%90Based Polymer/pdf/395_Adv Funct Materials - 2018 - You - Shift of the Branching Point of the Side%E2%80%90Chain in Naphthalenediimide  NDI %E2%80%90Based Polymer.txt,text_mining_GPT_extended
P(NDI2-T) blend,NDI-thiophene backbone,3-hexylnonyl,alkyl,N/A,reduce steric hindrance,all-PSC,electronic,N/A,N/A,19 kg mol−1,N/A,1.8,2.4 × 10−5 cm2 V−1 s−1,2.0 × 10−5 cm2 V−1 s−1,N/A,N/A,6.5 %,10.23 mA cm−2,1.04 V,61.2 %,N/A,N/A,N/A,as-cast from chloroform,spin-coating,chloroform (12.5 mg mL−1) with 1 vol% diphenylether,toluene and DMF,N/A,inverted ITO/ZnO/active layer/MoO3/Ag,≈ 60 nm domain spacing,395_Adv Funct Materials - 2018 - You - Shift of the Branching Point of the Side%E2%80%90Chain in Naphthalenediimide  NDI %E2%80%90Based Polymer.txt,scratch/prj/ch_sce_mine/MatAGen/outputs_example/395_Adv Funct Materials - 2018 - You - Shift of the Branching Point of the Side%E2%80%90Chain in Naphthalenediimide  NDI %E2%80%90Based Polymer/395_Adv Funct Materials - 2018 - You - Shift of the Branching Point of the Side%E2%80%90Chain in Naphthalenediimide  NDI %E2%80%90Based Polymer/pdf/395_Adv Funct Materials - 2018 - You - Shift of the Branching Point of the Side%E2%80%90Chain in Naphthalenediimide  NDI %E2%80%90Based Polymer.txt,text_mining_GPT_extended
P(NDI3-T) blend,NDI-thiophene backbone,4-hexyldecyl,alkyl,N/A,reduce steric hindrance,all-PSC,electronic,N/A,N/A,15 kg mol−1,N/A,1.3,2.6 × 10−5 cm2 V−1 s−1,2.4 × 10−5 cm2 V−1 s−1,N/A,N/A,7.1 %,10.96 mA cm−2,1.04 V,62.5 %,N/A,N/A,N/A,as-cast from chloroform,spin-coating,chloroform (12.5 mg mL−1) with 1 vol% diphenylether,toluene and DMF,N/A,inverted ITO/ZnO/active layer/MoO3/Ag,90 nm domain spacing,395_Adv Funct Materials - 2018 - You - Shift of the Branching Point of the Side%E2%80%90Chain in Naphthalenediimide  NDI %E2%80%90Based Polymer.txt,scratch/prj/ch_sce_mine/MatAGen/outputs_example/395_Adv Funct Materials - 2018 - You - Shift of the Branching Point of the Side%E2%80%90Chain in Naphthalenediimide  NDI %E2%80%90Based Polymer/395_Adv Funct Materials - 2018 - You - Shift of the Branching Point of the Side%E2%80%90Chain in Naphthalenediimide  NDI %E2%80%90Based Polymer/pdf/395_Adv Funct Materials - 2018 - You - Shift of the Branching Point of the Side%E2%80%90Chain in Naphthalenediimide  NDI %E2%80%90Based Polymer.txt,text_mining_GPT_extended
P(NDI4-T) blend,NDI-thiophene backbone,5-hexylundecyl,alkyl,N/A,reduce steric hindrance,all-PSC,electronic,N/A,N/A,21 kg mol−1,N/A,1.4,2.4 × 10−5 cm2 V−1 s−1,2.2 × 10−5 cm2 V−1 s−1,N/A,N/A,6.8 %,10.67 mA cm−2,1.03 V,62.0 %,N/A,N/A,N/A,as-cast from chloroform,spin-coating,chloroform (12.5 mg mL−1) with 1 vol% diphenylether,toluene and DMF,N/A,inverted ITO/ZnO/active layer/MoO3/Ag,108 nm domain spacing,395_Adv Funct Materials - 2018 - You - Shift of the Branching Point of the Side%E2%80%90Chain in Naphthalenediimide  NDI %E2%80%90Based Polymer.txt,scratch/prj/ch_sce_mine/MatAGen/outputs_example/395_Adv Funct Materials - 2018 - You - Shift of the Branching Point of the Side%E2%80%90Chain in Naphthalenediimide  NDI %E2%80%90Based Polymer/395_Adv Funct Materials - 2018 - You - Shift of the Branching Point of the Side%E2%80%90Chain in Naphthalenediimide  NDI %E2%80%90Based Polymer/pdf/395_Adv Funct Materials - 2018 - You - Shift of the Branching Point of the Side%E2%80%90Chain in Naphthalenediimide  NDI %E2%80%90Based Polymer.txt,text_mining_GPT_extended
PDPPSe-C12,diketopyrrolopyrrole-selenophene alternating backbone,n-dodecyl (C12H24),alkyl,C12,"solubility, packing control",OFET,electronic,N/A,N/A,126.4 kDa,N/A,1.9,2.55 cm2V-1s-1,N/A,N/A,N/A,N/A,N/A,N/A,N/A,semi-crystalline,3.72 Å,~20.1 Å,coating direction parallel; 120°C substrate,bar-coating,o-DCB,N/A,N/A,bottom-gate bottom-contact OFET,thin films are oriented,357_Chemistry A European J - 2022 - Zhou - Hyperbranched Diketopyrrolopyrrole%E2%80%90based Polymers Constructed via Linear Side%E2%80%90Chains.txt,scratch/prj/ch_sce_mine/MatAGen/outputs_example/357_Chemistry A European J - 2022 - Zhou - Hyperbranched Diketopyrrolopyrrole%E2%80%90based Polymers Constructed via Linear Side%E2%80%90Chains/357_Chemistry A European J - 2022 - Zhou - Hyperbranched Diketopyrrolopyrrole%E2%80%90based Polymers Constructed via Linear Side%E2%80%90Chains/pdf/357_Chemistry A European J - 2022 - Zhou - Hyperbranched Diketopyrrolopyrrole%E2%80%90based Polymers Constructed via Linear Side%E2%80%90Chains.txt,text_mining_GPT_extended
PDPPSe-C12,diketopyrrolopyrrole-selenophene alternating backbone,n-dodecyl (C12H24),alkyl,C12,"solubility, packing control",OFET,electronic,N/A,N/A,126.4 kDa,N/A,1.9,0.58 cm2V-1s-1,N/A,N/A,N/A,N/A,N/A,N/A,N/A,semi-crystalline,3.88 Å,~20.1 Å,coating direction perpendicular; 120°C substrate,bar-coating,o-DCB,N/A,N/A,bottom-gate bottom-contact OFET,thin films are oriented,357_Chemistry A European J - 2022 - Zhou - Hyperbranched Diketopyrrolopyrrole%E2%80%90based Polymers Constructed via Linear Side%E2%80%90Chains.txt,scratch/prj/ch_sce_mine/MatAGen/outputs_example/357_Chemistry A European J - 2022 - Zhou - Hyperbranched Diketopyrrolopyrrole%E2%80%90based Polymers Constructed via Linear Side%E2%80%90Chains/357_Chemistry A European J - 2022 - Zhou - Hyperbranched Diketopyrrolopyrrole%E2%80%90based Polymers Constructed via Linear Side%E2%80%90Chains/pdf/357_Chemistry A European J - 2022 - Zhou - Hyperbranched Diketopyrrolopyrrole%E2%80%90based Polymers Constructed via Linear Side%E2%80%90Chains.txt,text_mining_GPT_extended
PDPPSe-C16,diketopyrrolopyrrolopyrrole-selenophene alternating backbone,n-hexadecyl (C16H32),alkyl,C16,"solubility, packing control",OFET,electronic,N/A,N/A,9.96 kDa,N/A,1.7,2.32 cm2V-1s-1,N/A,N/A,N/A,N/A,N/A,N/A,N/A,semi-crystalline,3.79 Å,~20.1 Å,coating direction parallel; 120°C substrate,bar-coating,o-DCB,N/A,N/A,bottom-gate bottom-contact OFET,thin films are oriented,357_Chemistry A European J - 2022 - Zhou - Hyperbranched Diketopyrrolopyrrole%E2%80%90based Polymers Constructed via Linear Side%E2%80%90Chains.txt,scratch/prj/ch_sce_mine/MatAGen/outputs_example/357_Chemistry A European J - 2022 - Zhou - Hyperbranched Diketopyrrolopyrrole%E2%80%90based Polymers Constructed via Linear Side%E2%80%90Chains/357_Chemistry A European J - 2022 - Zhou - Hyperbranched Diketopyrrolopyrrole%E2%80%90based Polymers Constructed via Linear Side%E2%80%90Chains/pdf/357_Chemistry A European J - 2022 - Zhou - Hyperbranched Diketopyrrolopyrrole%E2%80%90based Polymers Constructed via Linear Side%E2%80%90Chains.txt,text_mining_GPT_extended
PDPPSe-C16,diketopyrrolopyrrolopyrrole-selenophene alternating backbone,n-hexadecyl (C16H32),alkyl,C16,"solubility, packing control",OFET,electronic,N/A,N/A,9.96 kDa,N/A,1.7,0.44 cm2V-1s-1,N/A,N/A,N/A,N/A,N/A,N/A,N/A,semi-crystalline,3.90 Å,~20.1 Å,coating direction perpendicular; 120°C substrate,bar-coating,o-DCB,N/A,N/A,bottom-gate bottom-contact OFET,thin films are oriented,357_Chemistry A European J - 2022 - Zhou - Hyperbranched Diketopyrrolopyrrole%E2%80%90based Polymers Constructed via Linear Side%E2%80%90Chains.txt,scratch/prj/ch_sce_mine/MatAGen/outputs_example/357_Chemistry A European J - 2022 - Zhou - Hyperbranched Diketopyrrolopyrrole%E2%80%90based Polymers Constructed via Linear Side%E2%80%90Chains/357_Chemistry A European J - 2022 - Zhou - Hyperbranched Diketopyrrolopyrrole%E2%80%90based Polymers Constructed via Linear Side%E2%80%90Chains/pdf/357_Chemistry A European J - 2022 - Zhou - Hyperbranched Diketopyrrolopyrrole%E2%80%90based Polymers Constructed via Linear Side%E2%80%90Chains.txt,text_mining_GPT_extended
PDPPSe-C18,diketopyrrolopyrrolopyrrole-selenophene alternating backbone,n-octadecyl (C18H36),alkyl,C18,"solubility, packing control",OFET,electronic,N/A,N/A,8.17 kDa,N/A,1.5,2.37 cm2V-1s-1,N/A,N/A,N/A,N/A,N/A,N/A,N/A,semi-crystalline,3.81 Å,~20.1 Å,coating direction parallel; 120°C substrate,bar-coating,o-DCB,N/A,N/A,bottom-gate bottom-contact OFET,thin films are oriented,357_Chemistry A European J - 2022 - Zhou - Hyperbranched Diketopyrrolopyrrole%E2%80%90based Polymers Constructed via Linear Side%E2%80%90Chains.txt,scratch/prj/ch_sce_mine/MatAGen/outputs_example/357_Chemistry A European J - 2022 - Zhou - Hyperbranched Diketopyrrolopyrrole%E2%80%90based Polymers Constructed via Linear Side%E2%80%90Chains/357_Chemistry A European J - 2022 - Zhou - Hyperbranched Diketopyrrolopyrrole%E2%80%90based Polymers Constructed via Linear Side%E2%80%90Chains/pdf/357_Chemistry A European J - 2022 - Zhou - Hyperbranched Diketopyrrolopyrrole%E2%80%90based Polymers Constructed via Linear Side%E2%80%90Chains.txt,text_mining_GPT_extended
PDPPSe-C18,diketopyrrolopyrrolopyrrole-selenophrole alternating backbone,n-octadecyl (C18H36),alkyl,C18,"solubility, packing control",OFET,electronic,N/A,N/A,8.17 kDa,N/A,1.5,0.47 cm2V-1s-1,N/A,N/A,N/A,N/A,N/A,N/A,N/A,semi-crystalline,3.90 Å,~20.1 Å,coating direction perpendicular; 120°C substrate,bar-coating,o-DCB,N/A,N/A,bottom-gate bottom-contact OFET,thin films are oriented,357_Chemistry A European J - 2022 - Zhou - Hyperbranched Diketopyrrolopyrrole%E2%80%90based Polymers Constructed via Linear Side%E2%80%90Chains.txt,scratch/prj/ch_sce_mine/MatAGen/outputs_example/357_Chemistry A European J - 2022 - Zhou - Hyperbranched Diketopyrrolopyrrole%E2%80%90based Polymers Constructed via Linear Side%E2%80%90Chains/357_Chemistry A European J - 2022 - Zhou - Hyperbranched Diketopyrrolopyrrole%E2%80%90based Polymers Constructed via Linear Side%E2%80%90Chains/pdf/357_Chemistry A European J - 2022 - Zhou - Hyperbranched Diketopyrrolopyrrole%E2%80%90based Polymers Constructed via Linear Side%E2%80%90Chains.txt,text_mining_GPT_extended
PDPPSe,diketopyrrolopyrrolopyrrole-selenophene alternating backbone,branching alkyl chain and linear alkyl linker,alkyl,N/A,"solubility, packing control",OFET,electronic,N/A,N/A,169.8 kDa,N/A,1.6,1.33 cm2V-1s-1,N/A,N/A,N/A,N/A,N/A,N/A,N/A,semi-crystalline,3.85 Å,~20.1 Å,coating direction parallel; 120°C substrate,bar-coating,o-DCB,N/A,N/A,bottom-gate bottom-contact OFET,thin films are oriented,357_Chemistry A European J - 2022 - Zhou - Hyperbranched Diketopyrrolopyrrole%E2%80%90based Polymers Constructed via Linear Side%E2%80%90Chains.txt,scratch/prj/ch_sce_mine/MatAGen/outputs_example/357_Chemistry A European J - 2022 - Zhou - Hyperbranched Diketopyrrolopyrrole%E2%80%90based Polymers Constructed via Linear Side%E2%80%90Chains/357_Chemistry A European J - 2022 - Zhou - Hyperbranched Diketopyrrolopyrrole%E2%80%90based Polymers Constructed via Linear Side%E2%80%90Chains/pdf/357_Chemistry A European J - 2022 - Zhou - Hyperbranched Diketopyrrolopyrrole%E2%80%90based Polymers Constructed via Linear Side%E2%80%90Chains.txt,text_mining_GPT_extended
PDPPSe,diketopyrrolopyrrolopyrrole-selenophene alternating backbone,branching alkyl chain and linear alkyl linker,alkyl,N/A,"solubility, packing control",OFET,electronic,N/A,N/A,169.8 kDa,N/A,1.6,0.70 cm2V-1s-1,N/A,N/A,N/A,N/A,N/A,N/A,N/A,semi-crystalline,3.95 Å,~20.1 Å,coating direction perpendicular; 120°C substrate,bar-coating,o-DCB,N/A,N/A,bottom-gate bottom-contact OFET,thin films are oriented,357_Chemistry A European J - 2022 - Zhou - Hyperbranched Diketopyrrolopyrrole%E2%80%90based Polymers Constructed via Linear Side%E2%80%90Chains.txt,scratch/prj/ch_sce_mine/MatAGen/outputs_example/357_Chemistry A European J - 2022 - Zhou - Hyperbranched Diketopyrrolopyrrole%E2%80%90based Polymers Constructed via Linear Side%E2%80%90Chains/357_Chemistry A European J - 2022 - Zhou - Hyperbranched Diketopyrrolopyrrole%E2%80%90based Polymers Constructed via Linear Side%E2%80%90Chains/pdf/357_Chemistry A European J - 2022 - Zhou - Hyperbranched Diketopyrrolopyrrole%E2%80%90based Polymers Constructed via Linear Side%E2%80%90Chains.txt,text_mining_GPT_extended
PCDTBT-Br,"poly[N-9-heptadecanyl-2,7-carbazole-alt-5,5-(4,7-di-2-thienyl-2,1,3-benzothiadiazole)]",bromo groups at the side chain termini,bromo,N-9-heptadecanyl,"crosslinking, morphology control",OPV,electronic,2 nm,N/A,32000,N/A,1.80,N/A,N/A,N/A,N/A,6.59%,11.33 mAcm¢2,0.88 V,0.66,N/A,N/A,N/A,"UV irradiation (l=254 nm, 12 W) for 10 min",spin-coating,o-DCB,toluene,N/A,ITO/PEDOT:PSS/PCDTBT-Br/PCDTBT:PC71BM/LiF/Al,improved phase separation with fibrillar nanostructure,321_Chemistry   An Asian Journal - 2015 - Meng - A Bromo%E2%80%90Functionalized Conjugated Polymer as a Cross%E2%80%90Linkable Anode Interlayer.txt,scratch/prj/ch_sce_mine/MatAGen/outputs_example/321_Chemistry   An Asian Journal - 2015 - Meng - A Bromo%E2%80%90Functionalized Conjugated Polymer as a Cross%E2%80%90Linkable Anode Interlayer/321_Chemistry   An Asian Journal - 2015 - Meng - A Bromo%E2%80%90Functionalized Conjugated Polymer as a Cross%E2%80%90Linkable Anode Interlayer/pdf/321_Chemistry   An Asian Journal - 2015 - Meng - A Bromo%E2%80%90Functionalized Conjugated Polymer as a Cross%E2%80%90Linkable Anode Interlayer.txt,text_mining_GPT_extended
PDPPCp-C4-OD,cyclopentadiene-DPP copolymer,alkyl side chains (C4-OD),alkyl,C4,solubility; packing control,OFET,electronic,N/A,N/A,108 KDa,246 KDa,2.3,0.70 cm2 V^-1 s^-1,N/A,N/A,N/A,N/A,N/A,N/A,N/A,N/A,4.11 Å,23.70 Å,annealed at 120 1C,spin coating,N/A,toluene,N/A,"bottom gate, top contact configuration",interdigitated arrangement,386_d4tc00258j.txt,scratch/prj/ch_sce_mine/MatAGen/outputs_example/386_d4tc00258j/386_d4tc00258j/pdf/386_d4tc00258j.txt,text_mining_GPT_extended
PDPPCp-C4-OD,cyclopentadiene-DPP copolymer,alkyl side chains (C4-OD),alkyl,C4,solubility; packing control,OFET,electronic,N/A,N/A,108 KDa,246 KDa,2.3,1.3 cm2 V^-1 s^-1,N/A,N/A,N/A,N/A,N/A,N/A,N/A,N/A,N/A,N/A,annealed at 200 1C,spin coating,N/A,toluene,N/A,"bottom gate, top contact configuration",higher degree of alignment order and crystallinity,386_d4tc00258j.txt,scratch/prj/ch_sce_mine/MatAGen/outputs_example/386_d4tc00258j/386_d4tc00258j/pdf/386_d4tc00258j.txt,text_mining_GPT_extended
PDPPCp-C7-OD,cyclopentadiene-DPP copolymer,alkyl side chains (C7-OD),alkyl,C7,solubility; packing control,OFET,electronic,N/A,N/A,103 KDa,181 KDa,1.8,0.93 cm2 V^-1 s^-1,N/A,N/A,N/A,N/A,N/A,N/A,N/A,N/A,4.10 Å,24.92 Å,annealed at 120 1C,spin coating,N/A,toluene,N/A,"bottom gate, top contact configuration",interdigitated arrangement,386_d4tc00258j.txt,scratch/prj/ch_sce_mine/MatAGen/outputs_example/386_d4tc00258j/386_d4tc00258j/pdf/386_d4tc00258j.txt,text_mining_GPT_extended
PDPPCp-C7-OD,cyclopentadiene-DPP copolymer,alkyl side chains (C7-OD),alkyl,C7,solubility; packing control,OFET,electronic,N/A,N/A,103 KDa,181 KDa,1.8,1.1 cm2 V^-1 s^-1,N/A,N/A,N/A,N/A,N/A,N/A,N/A,N/A,N/A,N/A,annealed at 200 1C,spin coating,N/A,toluene,N/A,"bottom gate, top contact configuration",little effect on its crystallinity,386_d4tc00258j.txt,scratch/prj/ch_sce_mine/MatAGen/outputs_example/386_d4tc00258j/386_d4tc00258j/pdf/386_d4tc00258j.txt,text_mining_GPT_extended
PDPPCp-C7-HO,cyclopentadiene-DPP copolymer,alkyl side chains (C7-HO),alkyl,C7,solubility; packing control,OFET,electronic,N/A,N/A,106 KDa,202 KDa,1.9,0.85 cm2 V^-1 s^-1,N/A,N/A,N/A,N/A,N/A,N/A,N/A,N/A,4.09 Å,24.06 Å,annealed at 120 1C,spin coating,N/A,toluene,N/A,"bottom gate, top contact configuration",interdigitated arrangement,386_d4tc00258j.txt,scratch/prj/ch_sce_mine/MatAGen/outputs_example/386_d4tc00258j/386_d4tc00258j/pdf/386_d4tc00258j.txt,text_mining_GPT_extended
PDPPCp-C7-HO,cyclopentadiene-DPP copolymer,alkyl side chains (C7-HO),alkyl,C7,solubility; packing control,OFET,electronic,N/A,N/A,106 KDa,202 KDa,1.9,2.1 cm2 V^-1 s^-1,N/A,N/A,N/A,N/A,N/A,N/A,N/A,N/A,4.05 Å,N/A,annealed at 200 1C,spin coating,N/A,toluene,N/A,"bottom gate, top contact configuration",most significant edge-on orientation,386_d4tc00258j.txt,scratch/prj/ch_sce_mine/MatAGen/outputs_example/386_d4tc00258j/386_d4tc00258j/pdf/386_d4tc00258j.txt,text_mining_GPT_extended
PDFBC-DPP,difluorobenzo[c]cinnoline-based low-bandgap copolymer,2-hexyldecyl,alkyl,2-hexyldecyl,N/A,OPV,electronic,about 110 nm,N/A,N/A,N/A,N/A,N/A,N/A,N/A,N/A,7.33(7.01),13.15,0.80,0.68,N/A,N/A,N/A,PDFBC-DPP:PC61BM=1:1; 3: 97,spin-coated,chlorobenzene,toluene,N/A,ITO/PEDOT:PSS/active/LiF/Al sandwich,N/A,326_doi-10%2E1039%2Fc7ta00495h.txt,scratch/prj/ch_sce_mine/MatAGen/outputs_example/326_doi-10%2E1039%2Fc7ta00495h/326_doi-10%2E1039%2Fc7ta00495h/pdf/326_doi-10%2E1039%2Fc7ta00495h.txt,text_mining_GPT_extended
PDFBC-DPP,difluorobenzo[c]cinnoline-based low-bandgap copolymer,2-hexyldecyl,alkyl,2-hexyldecyl,N/A,OPV,electronic,about 110 nm,N/A,N/A,N/A,N/A,N/A,N/A,N/A,N/A,6.95(6.64),12.12,0.79,0.69,N/A,N/A,N/A,PDFBC-DPP:PC61BM=1:2; 3: 97,spin-coated,chlorobenzene,toluene,N/A,ITO/PEDOT:PSS/active/LiF/Al sandwich,N/A,326_doi-10%2E1039%2Fc7ta00495h.txt,scratch/prj/ch_sce_mine/MatAGen/outputs_example/326_doi-10%2E1039%2Fc7ta00495h/326_doi-10%2E1039%2Fc7ta00495h/pdf/326_doi-10%2E1039%2Fc7ta00495h.txt,text_mining_GPT_extended
PDFBC-DPP,difluorobenzo[c]cinnoline-based low-bandgap copolymer,2-hexyldecyl,alkyl,2-hexyldecyl,N/A,OPV,electronic,about 110 nm,N/A,N/A,N/A,N/A,N/A,N/A,N/A,N/A,6.05(5.72),10.28,0.79,0.70,N/A,N/A,N/A,PDFBC-DPP:PC61BM=1:3; 3: 97,spin-coated,chlorobenzene,toluene,N/A,ITO/PEDOT:PSS/active/LiF/Al sandwich,N/A,326_doi-10%2E1039%2Fc7ta00495h.txt,scratch/prj/ch_sce_mine/MatAGen/outputs_example/326_doi-10%2E1039%2Fc7ta00495h/326_doi-10%2E1039%2Fc7ta00495h/pdf/326_doi-10%2E1039%2Fc7ta00495h.txt,text_mining_GPT_extended
PDFBC-DPP,difluorobenzo[c]cinnoline-based low-bandgap copolymer,2-hexyldecyl,alkyl,2-hexyldecyl,N/A,OPV,electronic,about 110 nm,N/A,N/A,N/A,N/A,N/A,N/A,N/A,N/A,3.57(3.45),8.30,0.79,0.53,N/A,N/A,N/A,PDFBC-DPP:PC61BM=1:1; 0,spin-coated,chlorobenzene,toluene,N/A,ITO/PEDOT:PSS/active/LiF/Al sandwich,N/A,326_doi-10%2E1039%2Fc7ta00495h.txt,scratch/prj/ch_sce_mine/MatAGen/outputs_example/326_doi-10%2E1039%2Fc7ta00495h/326_doi-10%2E1039%2Fc7ta00495h/pdf/326_doi-10%2E1039%2Fc7ta00495h.txt,text_mining_GPT_extended
PDFBC-DPP,difluorobenzo[c]cinnoline-based low-bandgap copolymer,2-hexyldecyl,alkyl,2-hexyldecyl,N/A,OPV,electronic,about 110 nm,N/A,N/A,N/A,N/A,1.03×10^-4,N/A,N/A,N/A,6.11(5.97),11.87,0.79,0.65,N/A,N/A,N/A,PDFBC-DPP:PC71BM=1:1; 0,spin-coated,chlorobenzene,toluene,N/A,ITO/PEDOT:PSS/active/LiF/Al sandwich,N/A,326_doi-10%2E1039%2Fc7ta00495h.txt,scratch/prj/ch_sce_mine/MatAGen/outputs_example/326_doi-10%2E1039%2Fc7ta00495h/326_doi-10%2E1039%2Fc7ta00495h/pdf/326_doi-10%2E1039%2Fc7ta00495h.txt,text_mining_GPT_extended
PDFBC-DPP,difluorobenzo[c]cinnoline-based low-bandgap copolymer,2-hexyldecyl,alkyl,2-hexyldecyl,N/A,OPV,electronic,about 110 nm,N/A,N/A,N/A,N/A,N/A,N/A,N/A,N/A,7.14(7.06),13.42,0.78,0.68,N/A,N/A,N/A,PDFBC-DPP:PC71BM=1:1; 1: 99,spin-coated,chlorobenzene,toluene,N/A,ITO/PEDOT:PSS/active/LiF/Al sandwich,N/A,326_doi-10%2E1039%2Fc7ta00495h.txt,scratch/prj/ch_sce_mine/MatAGen/outputs_example/326_doi-10%2E1039%2Fc7ta00495h/326_doi-10%2E1039%2Fc7ta00495h/pdf/326_doi-10%2E1039%2Fc7ta00495h.txt,text_mining_GPT_extended
PDFBC-DPP,difluorobenzo[c]cinnoline-based low-bandgap copolymer,2-hexyldecyl,alkyl,2-hexyldecyl,N/A,OPV,electronic,about 110 nm,N/A,N/A,N/A,N/A,1.85×10^-4,N/A,N/A,N/A,7.92(7.63),14.58,0.78,0.70,N/A,N/A,N/A,PDFBC-DPP:PC71BM=1:1; 2: 98,spin-coated,chlorobenzene,toluene,N/A,ITO/PEDOT:PSS/active/LiF/Al sandwich,N/A,326_doi-10%2E1039%2Fc7ta00495h.txt,scratch/prj/ch_sce_mine/MatAGen/outputs_example/326_doi-10%2E1039%2Fc7ta00495h/326_doi-10%2E1039%2Fc7ta00495h/pdf/326_doi-10%2E1039%2Fc7ta00495h.txt,text_mining_GPT_extended
PDFBC-DPP,difluorobenzo[c]cinnoline-based low-bandgap copolymer,2-hexyldecyl,alkyl,2-hexyldecyl,N/A,OPV,electronic,about 110 nm,N/A,N/A,N/A,N/A,N/A,N/A,N/A,N/A,7.71(7.52),13.86,0.78,0.71,N/A,N/A,N/A,PDFBC-DPP:PC71BM=1:1; 3: 97,spin-coated,chlorobenzene,toluene,N/A,ITO/PEDOT:PSS/active/LiF/Al sandwich,N/A,326_doi-10%2E1039%2Fc7ta00495h.txt,scratch/prj/ch_sce_mine/MatAGen/outputs_example/326_doi-10%2E1039%2Fc7ta00495h/326_doi-10%2E1039%2Fc7ta00495h/pdf/326_doi-10%2E1039%2Fc7ta00495h.txt,text_mining_GPT_extended
P0,polythiophene,3-hexyl,alkyl,N/A,N/A,OFET,electronic,N/A,50 μm,45 kDa,N/A,2.3,3.56 cm2 V−1 s−1,N/A,N/A,N/A,N/A,N/A,N/A,N/A,crystalline,1.66 Å,17.0 Å,annealed at 150 °C,spin-coating,chlorobenzene,N/A,[EMIM][TFSI],TG-BC OFET with SEGI gate,interconnected networks of nanoscale fibrils,374_configurationally-random-polythiophene-for-improved-polymer-ordering-and-charge-transporting-ability.txt,scratch/prj/ch_sce_mine/MatAGen/outputs_example/374_configurationally-random-polythiophene-for-improved-polymer-ordering-and-charge-transporting-ability/374_configurationally-random-polythiophene-for-improved-polymer-ordering-and-charge-transporting-ability/pdf/374_configurationally-random-polythiophene-for-improved-polymer-ordering-and-charge-transporting-ability.txt,text_mining_GPT_extended
P1,polythiophene,3-hexyl,alkyl,N/A,N/A,OFET,electronic,N/A,50 μm,52 kDa,N/A,2.5,1.10 cm2 V−1 s−1,N/A,N/A,N/A,N/A,N/A,N/A,N/A,amorphous,N/A,N/A,annealed at 150 °C,spin-coating,chlorobenzene,N/A,[EMIM][TFSI],TG-BC OFET with SEGI gate,amorphous microstructure,374_configurationally-random-polythiophene-for-improved-polymer-ordering-and-charge-transporting-ability.txt,scratch/prj/ch_sce_mine/MatAGen/outputs_example/374_configurationally-random-polythiophene-for-improved-polymer-ordering-and-charge-transporting-ability/374_configurationally-random-polythiophene-for-improved-polymer-ordering-and-charge-transporting-ability/pdf/374_configurationally-random-polythiophene-for-improved-polymer-ordering-and-charge-transporting-ability.txt,text_mining_GPT_extended
P2,polythiophene,2-ethylhexyl,alkyl,N/A,solubility,OFET,electronic,N/A,50 μm,15 kDa,N/A,1.9,2.99 cm2 V−1 s−1,N/A,N/A,N/A,N/A,N/A,N/A,N/A,crystalline,1.74 Å,18.8 Å,annealed at 200 °C,spin-coating,chlorobenzene,toluene/DMF,[EMIM][TFSI],TG-BC OFET with SEGI gate,interconnected networks of nanoscale fibrils,374_configurationally-random-polythiophene-for-improved-polymer-ordering-and-charge-transporting-ability.txt,scratch/prj/ch_sce_mine/MatAGen/outputs_example/374_configurationally-random-polythiophene-for-improved-polymer-ordering-and-charge-transporting-ability/374_configurationally-random-polythiophene-for-improved-polymer-ordering-and-charge-transporting-ability/pdf/374_configurationally-random-polythiophene-for-improved-polymer-ordering-and-charge-transporting-ability.txt,text_mining_GPT_extended
P3,polythiophene,2-ethylhexyl,alkyl,N/A,solubility,OFET,electronic,N/A,50 μm,18 kDa,N/A,1.5,4.52 cm2 V−1 s−1,N/A,N/A,N/A,N/A,N/A,N/A,N/A,crystalline,1.76 Å,18.9 Å,annealed at 200 °C,spin-coating,chlorobenzene,toluene/DMF,[EMIM][TFSI],TG-BC OFET with SEGI gate,edge-on orientation,374_configurationally-random-polythiophene-for-improved-polymer-ordering-and-charge-transporting-ability.txt,scratch/prj/ch_sce_mine/MatAGen/outputs_example/374_configurationally-random-polythiophene-for-improved-polymer-ordering-and-charge-transporting-ability/374_configurationally-random-polythiophene-for-improved-polymer-ordering-and-charge-transporting-ability/pdf/374_configurationally-random-polythiophene-for-improved-polymer-ordering-and-charge-transporting-ability.txt,text_mining_GPT_extended
XPL1,indacenodithiophene-alt-thienopyrroledione,tetraoctylphenyl on IDT; octyl on TPD,alkyl,tetraoctylphenyl; octyl,"solubility, packing control",OPV,electronic,80–90 nm,N/A,38.600 g mol−1,N/A,1.95,N/A,N/A,N/A,N/A,3.68 %,8.74 mA cm−2,1.00 V,41.98 %,N/A,N/A,N/A,inverted architecture; doctor-blade processing,doctor-blade,DCB:CN 97:3 mixture,toluene,N/A,inverted ITO/ZnO-Ba(OH)2/active layer/MoOx/Ag,N/A,323_Macromolecular Rapid Communications - 2016 - Chochos - Rational Design of High%E2%80%90Performance Wide%E2%80%90Bandgap   2 eV  Polymer.txt,scratch/prj/ch_sce_mine/MatAGen/outputs_example/323_Macromolecular Rapid Communications - 2016 - Chochos - Rational Design of High%E2%80%90Performance Wide%E2%80%90Bandgap   2 eV  Polymer/323_Macromolecular Rapid Communications - 2016 - Chochos - Rational Design of High%E2%80%90Performance Wide%E2%80%90Bandgap   2 eV  Polymer/pdf/323_Macromolecular Rapid Communications - 2016 - Chochos - Rational Design of High%E2%80%90Performance Wide%E2%80%90Bandgap   2 eV  Polymer.txt,text_mining_GPT_extended
XPL2,indacenodithiophene-alt-thienopyrroledione,tetrahexylphenyl on IDT; octyl on TPD,alkyl,tetrahexylphenyl; octyl,"solubility, packing control",OPV,electronic,80–90 nm,N/A,47.400 g mol−1,N/A,1.80,N/A,N/A,N/A,N/A,3.85 %,9.53 mA cm−2,1.00 V,41.51 %,N/A,N/A,N/A,inverted architecture; doctor-blade processing,doctor-blade,DCB:CN 97:3 mixture,toluene,N/A,inverted ITO/ZnO-Ba(OH)2/active layer/MoOx/Ag,N/A,323_Macromolecular Rapid Communications - 2016 - Chochos - Rational Design of High%E2%80%90Performance Wide%E2%80%90Bandgap   2 eV  Polymer.txt,scratch/prj/ch_sce_mine/MatAGen/outputs_example/323_Macromolecular Rapid Communications - 2016 - Chochos - Rational Design of High%E2%80%90Performance Wide%E2%80%90Bandgap   2 eV  Polymer/323_Macromolecular Rapid Communications - 2016 - Chochos - Rational Design of High%E2%80%90Performance Wide%E2%80%90Bandgap   2 eV  Polymer/pdf/323_Macromolecular Rapid Communications - 2016 - Chochos - Rational Design of High%E2%80%90Performance Wide%E2%80%90Bandgap   2 eV  Polymer.txt,text_mining_GPT_extended
XPL3,indacenodithiophene-alt-thienopyrroledione,tetrahexylphenyl on IDT; 2-ethylhexyl on TPD,alkyl,tetrahexylphenyl; 2-ethylhexyl,"solubility, packing control",OPV,electronic,80–90 nm,N/A,66.900 g mol−1,N/A,1.40,N/A,N/A,N/A,N/A,4.20 %,9.78 mA cm−2,0.95 V,45.57 %,N/A,N/A,N/A,inverted architecture; doctor-blade processing,doctor-blade,DCB:CN 97:3 mixture,toluene,N/A,inverted ITO/ZnO-Ba(OH)2/active layer/MoOx/Ag,N/A,323_Macromolecular Rapid Communications - 2016 - Chochos - Rational Design of High%E2%80%90Performance Wide%E2%80%90Bandgap   2 eV  Polymer.txt,scratch/prj/ch_sce_mine/MatAGen/outputs_example/323_Macromolecular Rapid Communications - 2016 - Chochos - Rational Design of High%E2%80%90Performance Wide%E2%80%90Bandgap   2 eV  Polymer/323_Macromolecular Rapid Communications - 2016 - Chochos - Rational Design of High%E2%80%90Performance Wide%E2%80%90Bandgap   2 eV  Polymer/pdf/323_Macromolecular Rapid Communications - 2016 - Chochos - Rational Design of High%E2%80%90Performance Wide%E2%80%90Bandgap   2 eV  Polymer.txt,text_mining_GPT_extended
XPL4,indacenodithienothiophene-alt-thienopyrroledione,tetrahexylphenyl on IDTT; octyl on TPD,alkyl,tetrahexylphenyl; octyl,"solubility, packing control",OPV,electronic,80–90 nm,N/A,41.200 g mol−1,N/A,2.80,N/A,N/A,N/A,N/A,5.85 %,11.11 mA cm−2,0.94 V,53.66 %,N/A,N/A,N/A,inverted architecture; doctor-blade processing,doctor-blade,DCB:CN 97:3 mixture,toluene,N/A,inverted ITO/ZnO-Ba(OH)2/active layer/MoOx/Ag,N/A,323_Macromolecular Rapid Communications - 2016 - Chochos - Rational Design of High%E2%80%90Performance Wide%E2%80%90Bandgap   2 eV  Polymer.txt,scratch/prj/ch_sce_mine/MatAGen/outputs_example/323_Macromolecular Rapid Communications - 2016 - Chochos - Rational Design of High%E2%80%90Performance Wide%E2%80%90Bandgap   2 eV  Polymer/323_Macromolecular Rapid Communications - 2016 - Chochos - Rational Design of High%E2%80%90Performance Wide%E2%80%90Bandgap   2 eV  Polymer/pdf/323_Macromolecular Rapid Communications - 2016 - Chochos - Rational Design of High%E2%80%90Performance Wide%E2%80%90Bandgap   2 eV  Polymer.txt,text_mining_GPT_extended
XPL5,indacenodithiophene-alt-thienopyrroledione,tetraoctylphenyl on IDT; 2-ethylhexyl on TPD,alkyl,tetraoctylphenyl; 2-ethylhexyl,"solubility, packing control",OPV,electronic,80–90 nm,N/A,37.900 g mol−1,N/A,1.95,N/A,N/A,N/A,N/A,4.13 %,9.70 mA cm−2,0.95 V,45.37 %,N/A,N/A,N/A,inverted architecture; doctor-blade processing,doctor-blade,DCB:CN 97:3 mixture,toluene,N/A,inverted ITO/ZnO-Ba(OH)2/active layer/MoOx/Ag,N/A,323_Macromolecular Rapid Communications - 2016 - Chochos - Rational Design of High%E2%80%90Performance Wide%E2%80%90Bandgap   2 eV  Polymer.txt,scratch/prj/ch_sce_mine/MatAGen/outputs_example/323_Macromolecular Rapid Communications - 2016 - Chochos - Rational Design of High%E2%80%90Performance Wide%E2%80%90Bandgap   2 eV  Polymer/323_Macromolecular Rapid Communications - 2016 - Chochos - Rational Design of High%E2%80%90Performance Wide%E2%80%90Bandgap   2 eV  Polymer/pdf/323_Macromolecular Rapid Communications - 2016 - Chochos - Rational Design of High%E2%80%90Performance Wide%E2%80%90Bandgap   2 eV  Polymer.txt,text_mining_GPT_extended
XPL6,indacenodithienothiophene-alt-thienopyrroledione,tetrahexylphenyl on IDTT; 2-ethylhexyl on TPD,alkyl,tetrahexylphenyl; 2-ethylhexyl,"solubility, packing control",OPV,electronic,80–90 nm,N/A,48.600 g mol−1,N/A,2.50,N/A,N/A,N/A,N/A,5.13 %,9.50 mA cm−2,0.98 V,54.84 %,N/A,N/A,N/A,inverted architecture; doctor-blade processing,doctor-blade,DCB:CN 97:3 mixture,toluene,N/A,inverted ITO/ZnO-Ba(OH)2/active layer/MoOx/Ag,N/A,323_Macromolecular Rapid Communications - 2016 - Chochos - Rational Design of High%E2%80%90Performance Wide%E2%80%90Bandgap   2 eV  Polymer.txt,scratch/prj/ch_sce_mine/MatAGen/outputs_example/323_Macromolecular Rapid Communications - 2016 - Chochos - Rational Design of High%E2%80%90Performance Wide%E2%80%90Bandgap   2 eV  Polymer/323_Macromolecular Rapid Communications - 2016 - Chochos - Rational Design of High%E2%80%90Performance Wide%E2%80%90Bandgap   2 eV  Polymer/pdf/323_Macromolecular Rapid Communications - 2016 - Chochos - Rational Design of High%E2%80%90Performance Wide%E2%80%90Bandgap   2 eV  Polymer.txt,text_mining_GPT_extended
PC12TV12T,thienylene–vinylene–thienylene (TVT),dodecyl,alkyl,C12,solubility,OFET,electronic,~30 nm,50–200 μm,"31,600","71,800",2.3,0.13 cm2 V−1 s−1,N/A,N/A,N/A,N/A,N/A,N/A,N/A,semi-crystalline,N/A,N/A,as-cast,dip-coating,chloroform,N/A,N/A,top-contact bottom-gate,less-ordered edge-on lamellar structure,371_s41428-019-0282-4.txt,scratch/prj/ch_sce_mine/MatAGen/outputs_example/371_s41428-019-0282-4/371_s41428-019-0282-4/pdf/371_s41428-019-0282-4.txt,text_mining_GPT_extended
PC12TV12T,thienylene–vinylene–thienylene (TVT),dodecyl,alkyl,C12,solubility,OFET,electronic,~30 nm,50–200 μm,"31,600","71,800",2.3,0.37 cm2 V−1 s−1,N/A,N/A,N/A,N/A,N/A,N/A,N/A,crystalline,0.38 nm,2.44 nm,100 °C (LC),dip-coating,chloroform,N/A,N/A,top-contact bottom-gate,progression of crystallization,371_s41428-019-0282-4.txt,scratch/prj/ch_sce_mine/MatAGen/outputs_example/371_s41428-019-0282-4/371_s41428-019-0282-4/pdf/371_s41428-019-0282-4.txt,text_mining_GPT_extended
PC12TV12T,thienylene–vinylene–thienylene (TVT),dodecyl,alkyl,C12,solubility,OFET,electronic,~30 nm,50–200 μm,"31,600","71,800",2.3,0.31 cm2 V−1 s−1,N/A,N/A,N/A,N/A,N/A,N/A,N/A,crystalline,0.38 nm,2.44 nm,150 °C (LC),dip-coating,chloroform,N/A,N/A,top-contact bottom-gate,progression of crystallization,371_s41428-019-0282-4.txt,scratch/prj/ch_sce_mine/MatAGen/outputs_example/371_s41428-019-0282-4/371_s41428-019-0282-4/pdf/371_s41428-019-0282-4.txt,text_mining_GPT_extended
PC12TV12T,thienylene–vinylene–thienylene (TVT),dodecyl,alkyl,C12,solubility,OFET,electronic,~30 nm,50–200 μm,"31,600","71,800",2.3,0.078 cm2 V−1 s−1,N/A,N/A,N/A,N/A,N/A,N/A,N/A,semi-crystalline,N/A,2.13 nm,200 °C (Iso),dip-coating,chloroform,N/A,N/A,top-contact bottom-gate,polymorphic crystals,371_s41428-019-0282-4.txt,scratch/prj/ch_sce_mine/MatAGen/outputs_example/371_s41428-019-0282-4/371_s41428-019-0282-4/pdf/371_s41428-019-0282-4.txt,text_mining_GPT_extended
PC12TV12T,thienylene–vinylene–thienylene (TVT),dodecyl,alkyl,C12,solubility,OFET,electronic,N/A,110 μm,"31,600","71,800",2.3,0.02 cm2 V−1 s−1,N/A,N/A,N/A,N/A,N/A,N/A,N/A,N/A,N/A,N/A,drawn from melt at 200 °C,direct drawing,N/A,N/A,N/A,top-contact bottom-gate,thermoplastic semiconducting microfibers,371_s41428-019-0282-4.txt,scratch/prj/ch_sce_mine/MatAGen/outputs_example/371_s41428-019-0282-4/371_s41428-019-0282-4/pdf/371_s41428-019-0282-4.txt,text_mining_GPT_extended
PBDTSe-S-TT,2D-Conjugated Copolymer Based on Benzodithiophene,Alkylthio-selenophene Side Chains,alkylthio-selenophene,N/A,N/A,PSC,N/A,N/A,N/A,N/A,N/A,N/A,N/A,N/A,N/A,N/A,N/A,N/A,N/A,N/A,N/A,N/A,N/A,10 mg/ml chlorobenzene; less than 5 ppm oxygen and moisture,spin-coating,chlorobenzene,N/A,0.1 mol/L tetrabutylammonium hexafluorophosphate (Bu4NPF6) acetonitrile solution,ITO/PEDOT: PSS/PBDTSe-S-TT: PC71BM/Mg/Al,N/A,306_doi-10%2E1039%2Fc5ra27596b.txt,scratch/prj/ch_sce_mine/MatAGen/outputs_example/306_doi-10%2E1039%2Fc5ra27596b/306_doi-10%2E1039%2Fc5ra27596b/pdf/306_doi-10%2E1039%2Fc5ra27596b.txt,text_mining_GPT_extended
PBDTSe-S-TT,2D-Conjugated Copolymer Based on Benzodithiophene,Alkylthio-selenophene Side Chains,alkylthio-selenophene,N/A,N/A,N/A,N/A,N/A,N/A,N/A,N/A,N/A,N/A,N/A,N/A,N/A,N/A,N/A,N/A,N/A,N/A,N/A,pure; w/o; 1% DIO; 3% DIO; 5% DIO,spin-coating,chlorobenzene,N/A,N/A,ITO/PEDOT:PSS/PBDTSe-S-TT/MoO3/Al (SCLC),N/A,N/A,306_doi-10%2E1039%2Fc5ra27596b.txt,scratch/prj/ch_sce_mine/MatAGen/outputs_example/306_doi-10%2E1039%2Fc5ra27596b/306_doi-10%2E1039%2Fc5ra27596b/pdf/306_doi-10%2E1039%2Fc5ra27596b.txt,text_mining_GPT_extended
P29DPP-silole,diketopyrrolopyrrole and silole,7-decylnona-decyl,alkyl,N/A,influence molecular packing and field-effect mobility,OFET,electronic,N/A,100 μm,19.8 kg/mol,N/A,3.11,0.004,N/A,10.5 nFcm−2,N/A,N/A,N/A,N/A,N/A,low crystallinity,N/A,N/A,as-spun,spin-coating,chloroform,N/A,N/A,bottom-gate/top-contact OFET architecture,low RMS roughness,398_1-s2.0-S1566119917306110-main.txt,scratch/prj/ch_sce_mine/MatAGen/outputs_example/398_1-s2.0-S1566119917306110-main/398_1-s2.0-S1566119917306110-main/pdf/398_1-s2.0-S1566119917306110-main.txt,text_mining_GPT_extended
P29DPP-silole,diketopyrrolopyrrole and silole,7-decylnona-decyl,alkyl,N/A,influence molecular packing and field-effect mobility,OFET,electronic,N/A,100 μm,19.8 kg/mol,N/A,3.11,0.10 ± 0.01,0.002,10.5 nFcm−2,N/A,N/A,N/A,N/A,N/A,more crystalline morphology,N/A,30.6 Å,annealed at 150 °C,spin-coating,chloroform,N/A,N/A,bottom-gate/top-contact OFET architecture,typical granular morphologies,398_1-s2.0-S1566119917306110-main.txt,scratch/prj/ch_sce_mine/MatAGen/outputs_example/398_1-s2.0-S1566119917306110-main/398_1-s2.0-S1566119917306110-main/pdf/398_1-s2.0-S1566119917306110-main.txt,text_mining_GPT_extended
P24DPP-silole,diketopyrrolopyrrole and silole,2-decyltetradecyl,alkyl,N/A,influence molecular packing and field-effect mobility,OFET,electronic,N/A,100 μm,22 kg/mol,N/A,2.84,0.006,N/A,10.5 nFcm−2,N/A,N/A,N/A,N/A,N/A,low crystallinity,N/A,N/A,as-spun,spin-coating,chloroform,N/A,N/A,bottom-gate/top-contact OFET architecture,low RMS roughness,398_1-s2.0-S1566119917306110-main.txt,scratch/prj/ch_sce_mine/MatAGen/outputs_example/398_1-s2.0-S1566119917306110-main/398_1-s2.0-S1566119917306110-main/pdf/398_1-s2.0-S1566119917306110-main.txt,text_mining_GPT_extended
P24DPP-silole,diketopyrrolopyrrole and silole,2-decyltetradecyl,alkyl,N/A,influence molecular packing and field-effect mobility,OFET,electronic,N/A,100 μm,22 kg/mol,N/A,2.84,0.09 ± 0.01,0.002,10.5 nFcm−2,N/A,N/A,N/A,N/A,N/A,more crystalline morphology,N/A,30.6 Å,annealed at 150 °C,spin-coating,chloroform,N/A,N/A,bottom-gate/top-contact OFET architecture,typical granular morphologies,398_1-s2.0-S1566119917306110-main.txt,scratch/prj/ch_sce_mine/MatAGen/outputs_example/398_1-s2.0-S1566119917306110-main/398_1-s2.0-S1566119917306110-main/pdf/398_1-s2.0-S1566119917306110-main.txt,text_mining_GPT_extended
P0,naphthalene diimide-bithiophene copolymer,2-octyldodecyl,alkyl,2-octyldodecyl,regulate π-order to π-interconnection,OFET,electronic,N/A,N/A,N/A,N/A,N/A,N/A,N/A,N/A,N/A,N/A,N/A,N/A,N/A,N/A,3.87 Å,25.3 Å,annealed at 110 °C,spin-coated,N/A,Toluene,N/A,N/A,Face-on,368_Adv Elect Materials - 2019 - Yang - Further Examination of Interconnection in Conjugated Polymers for Organic Field%E2%80%90Effect.txt,scratch/prj/ch_sce_mine/MatAGen/outputs_example/368_Adv Elect Materials - 2019 - Yang - Further Examination of Interconnection in Conjugated Polymers for Organic Field%E2%80%90Effect/368_Adv Elect Materials - 2019 - Yang - Further Examination of Interconnection in Conjugated Polymers for Organic Field%E2%80%90Effect/pdf/368_Adv Elect Materials - 2019 - Yang - Further Examination of Interconnection in Conjugated Polymers for Organic Field%E2%80%90Effect.txt,text_mining_GPT_extended
P0,naphthalene diimide-bithiophene copolymer,2-octyldodecyl,alkyl,2-octyldodecyl,regulate π-order to π-interconnection,OFET,electronic,N/A,N/A,N/A,N/A,N/A,N/A,N/A,N/A,N/A,N/A,N/A,N/A,N/A,N/A,3.77 Å,24.7 Å,annealed at 170 °C,spin-coated,N/A,Toluene,N/A,N/A,Face-on,368_Adv Elect Materials - 2019 - Yang - Further Examination of Interconnection in Conjugated Polymers for Organic Field%E2%80%90Effect.txt,scratch/prj/ch_sce_mine/MatAGen/outputs_example/368_Adv Elect Materials - 2019 - Yang - Further Examination of Interconnection in Conjugated Polymers for Organic Field%E2%80%90Effect/368_Adv Elect Materials - 2019 - Yang - Further Examination of Interconnection in Conjugated Polymers for Organic Field%E2%80%90Effect/pdf/368_Adv Elect Materials - 2019 - Yang - Further Examination of Interconnection in Conjugated Polymers for Organic Field%E2%80%90Effect.txt,text_mining_GPT_extended
P5,naphthalene diimide-bithiophene copolymer,2-octyldodecyl and butyl,alkyl,2-octyldodecyl and butyl,regulate π-order to π-interconnection,OFET,electronic,N/A,N/A,N/A,N/A,N/A,N/A,N/A,N/A,N/A,N/A,N/A,N/A,N/A,N/A,3.84 Å,25.0 Å,annealed at 110 °C,spin-coated,N/A,Toluene,N/A,N/A,Face-on,368_Adv Elect Materials - 2019 - Yang - Further Examination of Interconnection in Conjugated Polymers for Organic Field%E2%80%90Effect.txt,scratch/prj/ch_sce_mine/MatAGen/outputs_example/368_Adv Elect Materials - 2019 - Yang - Further Examination of Interconnection in Conjugated Polymers for Organic Field%E2%80%90Effect/368_Adv Elect Materials - 2019 - Yang - Further Examination of Interconnection in Conjugated Polymers for Organic Field%E2%80%90Effect/pdf/368_Adv Elect Materials - 2019 - Yang - Further Examination of Interconnection in Conjugated Polymers for Organic Field%E2%80%90Effect.txt,text_mining_GPT_extended
P5,naphthalene diimide-bithiophene copolymer,2-octyldodecyl and butyl,alkyl,2-octyldodecyl and butyl,regulate π-order to π-interconnection,OFET,electronic,N/A,N/A,N/A,N/A,N/A,N/A,N/A,N/A,N/A,N/A,N/A,N/A,N/A,N/A,3.88 Å,25.6 Å,annealed at 170 °C,spin-coated,N/A,Toluene,N/A,N/A,Face-on,368_Adv Elect Materials - 2019 - Yang - Further Examination of Interconnection in Conjugated Polymers for Organic Field%E2%80%90Effect.txt,scratch/prj/ch_sce_mine/MatAGen/outputs_example/368_Adv Elect Materials - 2019 - Yang - Further Examination of Interconnection in Conjugated Polymers for Organic Field%E2%80%90Effect/368_Adv Elect Materials - 2019 - Yang - Further Examination of Interconnection in Conjugated Polymers for Organic Field%E2%80%90Effect/pdf/368_Adv Elect Materials - 2019 - Yang - Further Examination of Interconnection in Conjugated Polymers for Organic Field%E2%80%90Effect.txt,text_mining_GPT_extended
P10,naphthalene diimide-bithiophene copolymer,2-octyldodecyl and butyl,alkyl,2-octyldodecyl and butyl,regulate π-order to π-interconnection,OFET,electronic,N/A,N/A,N/A,N/A,N/A,N/A,N/A,N/A,N/A,N/A,N/A,N/A,N/A,N/A,3.90 Å,24.7 Å,annealed at 110 °C,spin-coated,N/A,Toluene,N/A,N/A,Face-on,368_Adv Elect Materials - 2019 - Yang - Further Examination of Interconnection in Conjugated Polymers for Organic Field%E2%80%90Effect.txt,scratch/prj/ch_sce_mine/MatAGen/outputs_example/368_Adv Elect Materials - 2019 - Yang - Further Examination of Interconnection in Conjugated Polymers for Organic Field%E2%80%90Effect/368_Adv Elect Materials - 2019 - Yang - Further Examination of Interconnection in Conjugated Polymers for Organic Field%E2%80%90Effect/pdf/368_Adv Elect Materials - 2019 - Yang - Further Examination of Interconnection in Conjugated Polymers for Organic Field%E2%80%90Effect.txt,text_mining_GPT_extended
P10,naphthalene diimide-bithiophene copolymer,2-octyldodecyl and butyl,alkyl,2-octyldodecyl and butyl,regulate π-order to π-interconnection,OFET,electronic,N/A,N/A,N/A,N/A,N/A,N/A,N/A,N/A,N/A,N/A,N/A,N/A,N/A,N/A,3.89 Å,25.0 Å,annealed at 170 °C,spin-coated,N/A,Toluene,N/A,N/A,Face-on,368_Adv Elect Materials - 2019 - Yang - Further Examination of Interconnection in Conjugated Polymers for Organic Field%E2%80%90Effect.txt,scratch/prj/ch_sce_mine/MatAGen/outputs_example/368_Adv Elect Materials - 2019 - Yang - Further Examination of Interconnection in Conjugated Polymers for Organic Field%E2%80%90Effect/368_Adv Elect Materials - 2019 - Yang - Further Examination of Interconnection in Conjugated Polymers for Organic Field%E2%80%90Effect/pdf/368_Adv Elect Materials - 2019 - Yang - Further Examination of Interconnection in Conjugated Polymers for Organic Field%E2%80%90Effect.txt,text_mining_GPT_extended
P20(CF),naphthalene diimide-bithiophene copolymer,2-octyldodecyl and butyl,alkyl,2-octyldodecyl and butyl,regulate π-order to π-interconnection,OFET,electronic,N/A,N/A,N/A,N/A,N/A,N/A,N/A,N/A,N/A,N/A,N/A,N/A,N/A,N/A,3.79 Å,23.2 Å,annealed at 110 °C,spin-coated,N/A,Toluene,N/A,N/A,Face-on,368_Adv Elect Materials - 2019 - Yang - Further Examination of Interconnection in Conjugated Polymers for Organic Field%E2%80%90Effect.txt,scratch/prj/ch_sce_mine/MatAGen/outputs_example/368_Adv Elect Materials - 2019 - Yang - Further Examination of Interconnection in Conjugated Polymers for Organic Field%E2%80%90Effect/368_Adv Elect Materials - 2019 - Yang - Further Examination of Interconnection in Conjugated Polymers for Organic Field%E2%80%90Effect/pdf/368_Adv Elect Materials - 2019 - Yang - Further Examination of Interconnection in Conjugated Polymers for Organic Field%E2%80%90Effect.txt,text_mining_GPT_extended
P20(CF),naphthalene diimide-bithiophene copolymer,2-octyldodecyl and butyl,alkyl,2-octyldodecyl and butyl,regulate π-order to π-interconnection,OFET,electronic,N/A,N/A,N/A,N/A,N/A,N/A,N/A,N/A,N/A,N/A,N/A,N/A,N/A,N/A,3.89 Å,22.2 Å,annealed at 110 °C,spin-coated,N/A,Toluene,N/A,N/A,Edge-on,368_Adv Elect Materials - 2019 - Yang - Further Examination of Interconnection in Conjugated Polymers for Organic Field%E2%80%90Effect.txt,scratch/prj/ch_sce_mine/MatAGen/outputs_example/368_Adv Elect Materials - 2019 - Yang - Further Examination of Interconnection in Conjugated Polymers for Organic Field%E2%80%90Effect/368_Adv Elect Materials - 2019 - Yang - Further Examination of Interconnection in Conjugated Polymers for Organic Field%E2%80%90Effect/pdf/368_Adv Elect Materials - 2019 - Yang - Further Examination of Interconnection in Conjugated Polymers for Organic Field%E2%80%90Effect.txt,text_mining_GPT_extended
P20(CB),naphthalene diimide-bithiophene copolymer,2-octyldodecyl and butyl,alkyl,2-octyldodecyl and butyl,regulate π-order to π-interconnection,OFET,electronic,N/A,N/A,N/A,N/A,N/A,N/A,N/A,N/A,N/A,N/A,N/A,N/A,N/A,N/A,3.77 Å,23.6 Å,annealed at 110 °C,spin-coated,N/A,Toluene,N/A,N/A,Face-on,368_Adv Elect Materials - 2019 - Yang - Further Examination of Interconnection in Conjugated Polymers for Organic Field%E2%80%90Effect.txt,scratch/prj/ch_sce_mine/MatAGen/outputs_example/368_Adv Elect Materials - 2019 - Yang - Further Examination of Interconnection in Conjugated Polymers for Organic Field%E2%80%90Effect/368_Adv Elect Materials - 2019 - Yang - Further Examination of Interconnection in Conjugated Polymers for Organic Field%E2%80%90Effect/pdf/368_Adv Elect Materials - 2019 - Yang - Further Examination of Interconnection in Conjugated Polymers for Organic Field%E2%80%90Effect.txt,text_mining_GPT_extended
P20(CB),naphthalene diimide-bithiophene copolymer,2-octyldodecyl and butyl,alkyl,2-octyldodecyl and butyl,regulate π-order to π-interconnection,OFET,electronic,N/A,N/A,N/A,N/A,N/A,N/A,N/A,N/A,N/A,N/A,N/A,N/A,N/A,N/A,3.92 Å,22.4 Å,annealed at 110 °C,spin-coated,N/A,Toluene,N/A,N/A,Edge-on,368_Adv Elect Materials - 2019 - Yang - Further Examination of Interconnection in Conjugated Polymers for Organic Field%E2%80%90Effect.txt,scratch/prj/ch_sce_mine/MatAGen/outputs_example/368_Adv Elect Materials - 2019 - Yang - Further Examination of Interconnection in Conjugated Polymers for Organic Field%E2%80%90Effect/368_Adv Elect Materials - 2019 - Yang - Further Examination of Interconnection in Conjugated Polymers for Organic Field%E2%80%90Effect/pdf/368_Adv Elect Materials - 2019 - Yang - Further Examination of Interconnection in Conjugated Polymers for Organic Field%E2%80%90Effect.txt,text_mining_GPT_extended
P20(CF),naphthalene diimide-bithiophene copolymer,2-octyldodecyl and butyl,alkyl,2-octyldodecyl and butyl,regulate π-order to π-interconnection,OFET,electronic,N/A,N/A,N/A,N/A,N/A,N/A,N/A,N/A,N/A,N/A,N/A,N/A,N/A,N/A,3.74 Å,23.4 Å,annealed at 170 °C,spin-coated,N/A,Toluene,N/A,N/A,Face-on,368_Adv Elect Materials - 2019 - Yang - Further Examination of Interconnection in Conjugated Polymers for Organic Field%E2%80%90Effect.txt,scratch/prj/ch_sce_mine/MatAGen/outputs_example/368_Adv Elect Materials - 2019 - Yang - Further Examination of Interconnection in Conjugated Polymers for Organic Field%E2%80%90Effect/368_Adv Elect Materials - 2019 - Yang - Further Examination of Interconnection in Conjugated Polymers for Organic Field%E2%80%90Effect/pdf/368_Adv Elect Materials - 2019 - Yang - Further Examination of Interconnection in Conjugated Polymers for Organic Field%E2%80%90Effect.txt,text_mining_GPT_extended
P20(CF),naphthalene diimide-bithiophene copolymer,2-octyldodecyl and butyl,alkyl,2-octyldodecyl and butyl,regulate π-order to π-interconnection,OFET,electronic,N/A,N/A,N/A,N/A,N/A,N/A,N/A,N/A,N/A,N/A,N/A,N/A,N/A,N/A,3.65 Å,21.7 Å,annealed at 170 °C,spin-coated,N/A,Toluene,N/A,N/A,Edge-on,368_Adv Elect Materials - 2019 - Yang - Further Examination of Interconnection in Conjugated Polymers for Organic Field%E2%80%90Effect.txt,scratch/prj/ch_sce_mine/MatAGen/outputs_example/368_Adv Elect Materials - 2019 - Yang - Further Examination of Interconnection in Conjugated Polymers for Organic Field%E2%80%90Effect/368_Adv Elect Materials - 2019 - Yang - Further Examination of Interconnection in Conjugated Polymers for Organic Field%E2%80%90Effect/pdf/368_Adv Elect Materials - 2019 - Yang - Further Examination of Interconnection in Conjugated Polymers for Organic Field%E2%80%90Effect.txt,text_mining_GPT_extended
P20(CB),naphthalene diimide-bithiophene copolymer,2-octyldodecyl and butyl,alkyl,2-octyldodecyl and butyl,regulate π-order to π-interconnection,OFET,electronic,N/A,N/A,N/A,N/A,N/A,N/A,N/A,N/A,N/A,N/A,N/A,N/A,N/A,N/A,3.79 Å,23.8 Å,annealed at 170 °C,spin-coated,N/A,Toluene,N/A,N/A,Face-on,368_Adv Elect Materials - 2019 - Yang - Further Examination of Interconnection in Conjugated Polymers for Organic Field%E2%80%90Effect.txt,scratch/prj/ch_sce_mine/MatAGen/outputs_example/368_Adv Elect Materials - 2019 - Yang - Further Examination of Interconnection in Conjugated Polymers for Organic Field%E2%80%90Effect/368_Adv Elect Materials - 2019 - Yang - Further Examination of Interconnection in Conjugated Polymers for Organic Field%E2%80%90Effect/pdf/368_Adv Elect Materials - 2019 - Yang - Further Examination of Interconnection in Conjugated Polymers for Organic Field%E2%80%90Effect.txt,text_mining_GPT_extended
P20(CB),naphthalene diimide-bithiophene copolymer,2-octyldodecyl and butyl,alkyl,2-octyldodecyl and butyl,regulate π-order to π-interconnection,OFET,electronic,N/A,N/A,N/A,N/A,N/A,N/A,N/A,N/A,N/A,N/A,N/A,N/A,N/A,N/A,3.84 Å,22.4 Å,annealed at 170 °C,spin-coated,N/A,Toluene,N/A,N/A,Edge-on,368_Adv Elect Materials - 2019 - Yang - Further Examination of Interconnection in Conjugated Polymers for Organic Field%E2%80%90Effect.txt,scratch/prj/ch_sce_mine/MatAGen/outputs_example/368_Adv Elect Materials - 2019 - Yang - Further Examination of Interconnection in Conjugated Polymers for Organic Field%E2%80%90Effect/368_Adv Elect Materials - 2019 - Yang - Further Examination of Interconnection in Conjugated Polymers for Organic Field%E2%80%90Effect/pdf/368_Adv Elect Materials - 2019 - Yang - Further Examination of Interconnection in Conjugated Polymers for Organic Field%E2%80%90Effect.txt,text_mining_GPT_extended
P5,naphthalene diimide-bithiophene copolymer,2-octyldodecyl and butyl,alkyl,2-octyldodecyl and butyl,regulate π-order to π-interconnection,OFET,electronic,N/A,N/A,N/A,N/A,N/A,N/A,0.31 cm2 V−1 s−1,N/A,N/A,N/A,N/A,N/A,N/A,N/A,N/A,N/A,N/A,spin-coated,N/A,Toluene,N/A,bottom-gate/top-contact,N/A,368_Adv Elect Materials - 2019 - Yang - Further Examination of Interconnection in Conjugated Polymers for Organic Field%E2%80%90Effect.txt,scratch/prj/ch_sce_mine/MatAGen/outputs_example/368_Adv Elect Materials - 2019 - Yang - Further Examination of Interconnection in Conjugated Polymers for Organic Field%E2%80%90Effect/368_Adv Elect Materials - 2019 - Yang - Further Examination of Interconnection in Conjugated Polymers for Organic Field%E2%80%90Effect/pdf/368_Adv Elect Materials - 2019 - Yang - Further Examination of Interconnection in Conjugated Polymers for Organic Field%E2%80%90Effect.txt,text_mining_GPT_extended
P0,naphthalene diimide-bithiophene copolymer,2-octyldodecyl,alkyl,2-octyldodecyl,regulate π-order to π-interconnection,OFET,electronic,N/A,N/A,N/A,N/A,N/A,N/A,0.06 cm2 V−1 s−1,N/A,N/A,N/A,N/A,N/A,N/A,N/A,N/A,N/A,N/A,spin-coated,N/A,Toluene,N/A,bottom-gate/top-contact,N/A,368_Adv Elect Materials - 2019 - Yang - Further Examination of Interconnection in Conjugated Polymers for Organic Field%E2%80%90Effect.txt,scratch/prj/ch_sce_mine/MatAGen/outputs_example/368_Adv Elect Materials - 2019 - Yang - Further Examination of Interconnection in Conjugated Polymers for Organic Field%E2%80%90Effect/368_Adv Elect Materials - 2019 - Yang - Further Examination of Interconnection in Conjugated Polymers for Organic Field%E2%80%90Effect/pdf/368_Adv Elect Materials - 2019 - Yang - Further Examination of Interconnection in Conjugated Polymers for Organic Field%E2%80%90Effect.txt,text_mining_GPT_extended
PQCDTB,quinacridone-alt-dithienylbenzothiadiazole,"N,N'-di(2-octyldodecyl) and octyloxy",alkyl; alkoxy,"N,N'-di(2-octyldodecyl); octyloxy","solubility, packing control",OPV,electronic,50 nm,N/A,49.8 kg/mol,96.0 kg/mol,1.92,N/A,N/A,N/A,N/A,1.6%,4.4 mA cm−2,0.76 V,47.5%,amorphous,3.7 Å,21.8 Å,1:1 P:PC61BM blend,spin-coating,o-dichlorobenzene (ODCB),toluene,N/A,ITO/PEDOT:PSS/active/BaF2/Ba/Al architecture,N/A,344_conjugated-polymer-consisting-of-quinacridone-and-benzothiadiazole-as-donor-materials-for-organic-photovoltaics.txt,scratch/prj/ch_sce_mine/MatAGen/outputs_example/344_conjugated-polymer-consisting-of-quinacridone-and-benzothiadiazole-as-donor-materials-for-organic-photovoltaics/344_conjugated-polymer-consisting-of-quinacridone-and-benzothiadiazole-as-donor-materials-for-organic-photovoltaics/pdf/344_conjugated-polymer-consisting-of-quinacridone-and-benzothiadiazole-as-donor-materials-for-organic-photovoltaics.txt,text_mining_GPT_extended
PQCDTB,quinacridone-alt-dithienylbenzothiadiazole,"N,N'-di(2-octyldodecyl) and octyloxy",alkyl; alkoxy,"N,N'-di(2-octyldodecyl); octyloxy","solubility, packing control",OPV,electronic,50 nm,N/A,49.8 kg/mol,96.0 kg/mol,1.92,N/A,N/A,N/A,N/A,2.5%,5.6 mA cm−2,0.79 V,55.8%,amorphous,3.7 Å,21.8 Å,1:1 P:PC71BM blend,spin-coating,o-dichlorobenzene (ODCB),toluene,N/A,ITO/PEDOT:PSS/active/BaF2/Ba/Al architecture,microphase separation; small fibril-type domain,344_conjugated-polymer-consisting-of-quinacridone-and-benzothiadiazole-as-donor-materials-for-organic-photovoltaics.txt,scratch/prj/ch_sce_mine/MatAGen/outputs_example/344_conjugated-polymer-consisting-of-quinacridone-and-benzothiadiazole-as-donor-materials-for-organic-photovoltaics/344_conjugated-polymer-consisting-of-quinacridone-and-benzothiadiazole-as-donor-materials-for-organic-photovoltaics/pdf/344_conjugated-polymer-consisting-of-quinacridone-and-benzothiadiazole-as-donor-materials-for-organic-photovoltaics.txt,text_mining_GPT_extended
PQCDTB,quinacridone-alt-dithienylbenzothiadiazole,"N,N'-di(2-octyldodecyl) and octyloxy",alkyl; alkoxy,"N,N'-di(2-octyldodecyl); octyloxy","solubility, packing control",OPV,electronic,50 nm,N/A,49.8 kg/mol,96.0 kg/mol,1.92,N/A,N/A,N/A,N/A,2.3%,5.5 mA cm−2,0.77 V,54.6%,amorphous,3.7 Å,21.8 Å,1:2 P:PC71BM blend,spin-coating,o-dichlorobenzene (ODCB),toluene,N/A,ITO/PEDOT:PSS/active/BaF2/Ba/Al architecture,large domain; large-size phase separation,344_conjugated-polymer-consisting-of-quinacridone-and-benzothiadiazole-as-donor-materials-for-organic-photovoltaics.txt,scratch/prj/ch_sce_mine/MatAGen/outputs_example/344_conjugated-polymer-consisting-of-quinacridone-and-benzothiadiazole-as-donor-materials-for-organic-photovoltaics/344_conjugated-polymer-consisting-of-quinacridone-and-benzothiadiazole-as-donor-materials-for-organic-photovoltaics/pdf/344_conjugated-polymer-consisting-of-quinacridone-and-benzothiadiazole-as-donor-materials-for-organic-photovoltaics.txt,text_mining_GPT_extended
PCZDTB,carbazole-alt-dithienylbenzothiadiazole,octyloxy,alkoxy,octyloxy,N/A,OPV,electronic,50 nm,N/A,15.2 kg/mol,26.9 kg/mol,1.77,N/A,N/A,N/A,N/A,0.8%,3.3 mA cm−2,0.85 V,28.2%,N/A,4.3 Å,N/A,1:1 P:PC71BM blend,spin-coating,o-dichlorobenzene (ODCB),toluene,N/A,ITO/PEDOT:PSS/active/BaF2/Ba/Al architecture,"smooth morphology, no fibril domain",344_conjugated-polymer-consisting-of-quinacridone-and-benzothiadiazole-as-donor-materials-for-organic-photovoltaics.txt,scratch/prj/ch_sce_mine/MatAGen/outputs_example/344_conjugated-polymer-consisting-of-quinacridone-and-benzothiadiazole-as-donor-materials-for-organic-photovoltaics/344_conjugated-polymer-consisting-of-quinacridone-and-benzothiadiazole-as-donor-materials-for-organic-photovoltaics/pdf/344_conjugated-polymer-consisting-of-quinacridone-and-benzothiadiazole-as-donor-materials-for-organic-photovoltaics.txt,text_mining_GPT_extended
PCZDTB,carbazole-alt-dithienylbenzothiadiazole,octyloxy,alkoxy,octyloxy,N/A,OPV,electronic,50 nm,N/A,15.2 kg/mol,26.9 kg/mol,1.77,N/A,N/A,N/A,N/A,2.5%,7.2 mA cm−2,0.85 V,40.1%,N/A,4.3 Å,N/A,1:4 P:PC71BM blend,spin-coating,o-dichlorobenzene (ODCB),toluene,N/A,ITO/PEDOT:PSS/active/BaF2/Ba/Al architecture,"smooth morphology, no fibril domain",344_conjugated-polymer-consisting-of-quinacridone-and-benzothiadiazole-as-donor-materials-for-organic-photovoltaics.txt,scratch/prj/ch_sce_mine/MatAGen/outputs_example/344_conjugated-polymer-consisting-of-quinacridone-and-benzothiadiazole-as-donor-materials-for-organic-photovoltaics/344_conjugated-polymer-consisting-of-quinacridone-and-benzothiadiazole-as-donor-materials-for-organic-photovoltaics/pdf/344_conjugated-polymer-consisting-of-quinacridone-and-benzothiadiazole-as-donor-materials-for-organic-photovoltaics.txt,text_mining_GPT_extended
P1,BIID-BT-BIID,largest side chain volume and density,alkyl,long,increase solubility; reduce side chain density,OFET,electronic,N/A,N/A,38.4 kDa,N/A,2.8,N/A,N/A,N/A,N/A,N/A,N/A,N/A,N/A,highly-ordered lamellae,N/A,N/A,annealed at 200 1C,solution-processed,chloroform,chlorobenzene,N/A,bottom-gate/top-contact (BGTC),extremely poor film-forming features,380_c9tc02021g.txt,scratch/prj/ch_sce_mine/MatAGen/outputs_example/380_c9tc02021g/380_c9tc02021g/pdf/380_c9tc02021g.txt,text_mining_GPT_extended
P2,BIID-BT-BIID,lower side chain density and volume,alkyl,long,increase solubility; reduce side chain density,OFET,electronic,N/A,N/A,33.1 kDa,N/A,3.2,N/A,N/A,N/A,N/A,N/A,N/A,N/A,N/A,highly-ordered lamellae,N/A,N/A,annealed at 200 1C,solution-processed,chloroform,chlorobenzene,N/A,bottom-gate/top-contact (BGTC),edge-on orientation,380_c9tc02021g.txt,scratch/prj/ch_sce_mine/MatAGen/outputs_example/380_c9tc02021g/380_c9tc02021g/pdf/380_c9tc02021g.txt,text_mining_GPT_extended
P3,BAID-BT-BAID,bulky side chain volume and density,alkyl,long,increase solubility; packing control,OFET,electronic,N/A,N/A,39.5 kDa,N/A,2.5,N/A,N/A,N/A,N/A,N/A,N/A,N/A,N/A,comparatively poor crystal structure,N/A,N/A,annealed at 200 1C,solution-processed,chloroform,chlorobenzene,N/A,bottom-gate/top-contact (BGTC),face-on orientation,380_c9tc02021g.txt,scratch/prj/ch_sce_mine/MatAGen/outputs_example/380_c9tc02021g/380_c9tc02021g/pdf/380_c9tc02021g.txt,text_mining_GPT_extended
P4,BAID-BT-BAID,lower side chain density and volume,alkyl,long,reduce side chain density; packing control,OFET,electronic,N/A,N/A,46.8 kDa,N/A,2.3,N/A,N/A,N/A,N/A,N/A,N/A,N/A,N/A,highly-ordered lamellae,N/A,N/A,annealed at 200 1C,solution-processed,chloroform,chlorobenzene,N/A,bottom-gate/top-contact (BGTC),edge-on orientation,380_c9tc02021g.txt,scratch/prj/ch_sce_mine/MatAGen/outputs_example/380_c9tc02021g/380_c9tc02021g/pdf/380_c9tc02021g.txt,text_mining_GPT_extended
P5,BAID-BT-BAID,branch point farther from backbone,alkyl,long,extend branching point positions; reduce side chain density,OFET,electronic,N/A,N/A,42.3 kDa,N/A,2.7,N/A,N/A,N/A,N/A,N/A,N/A,N/A,N/A,highly-ordered lamellae,N/A,N/A,annealed at 200 1C,solution-processed,chloroform,chlorobenzene,N/A,bottom-gate/top-contact (BGTC),edge-on orientation,380_c9tc02021g.txt,scratch/prj/ch_sce_mine/MatAGen/outputs_example/380_c9tc02021g/380_c9tc02021g/pdf/380_c9tc02021g.txt,text_mining_GPT_extended
P6 (PBAID3-2FBT),BAID-2FBT-BAID,reduced side chain density and volume,alkyl,long,reduce side chain density; extend branching point,OFET,electronic,N/A,N/A,40.6 kDa,N/A,2.6,1.31 cm2 V^-1 s^-1,1.31 cm2 V^-1 s^-1,N/A,N/A,N/A,N/A,N/A,N/A,highly-ordered lamellae,3.56 Å,N/A,annealed at 200 1C,solution-processed,chloroform,chlorobenzene,N/A,bottom-gate/top-contact (BGTC),highly-balanced ambipolar transport,380_c9tc02021g.txt,scratch/prj/ch_sce_mine/MatAGen/outputs_example/380_c9tc02021g/380_c9tc02021g/pdf/380_c9tc02021g.txt,text_mining_GPT_extended
P6 (PBAID3-2FBT),BAID-2FBT-BAID,reduced side chain density and volume,alkyl,long,reduce side chain density; extend branching point,OFET,electronic,N/A,N/A,40.6 kDa,N/A,2.6,1.68 cm2 V^-1 s^-1,1.37 cm2 V^-1 s^-1,N/A,N/A,N/A,N/A,N/A,N/A,highly-ordered lamellae,3.56 Å,N/A,after thermal annealing,solution-processed,chloroform,chlorobenzene,N/A,bottom-gate/top-contact (BGTC),highly-balanced ambipolar transport,380_c9tc02021g.txt,scratch/prj/ch_sce_mine/MatAGen/outputs_example/380_c9tc02021g/380_c9tc02021g/pdf/380_c9tc02021g.txt,text_mining_GPT_extended
P6 (PBAID3-2FBT),BAID-2FBT-BAID,reduced side chain density and volume,alkyl,long,reduce side chain density; extend branching point,OFET,electronic,N/A,N/A,40.6 kDa,N/A,2.6,0.428 cm2 V^-1 s^-1,0.276 cm2 V^-1 s^-1,N/A,N/A,N/A,N/A,N/A,N/A,highly-ordered lamellae,3.56 Å,N/A,after 173 day storage in dry glassware,solution-processed,chloroform,chlorobenzene,N/A,bottom-gate/top-contact (BGTC),high air stability,380_c9tc02021g.txt,scratch/prj/ch_sce_mine/MatAGen/outputs_example/380_c9tc02021g/380_c9tc02021g/pdf/380_c9tc02021g.txt,text_mining_GPT_extended
IDTBT,indacenodithiophene-co-benzothiadiazole,alkyl side chains,alkyl,N/A,increase edge-on orientation,OFET,electronic,about 150 nm,200 μm,110 kDa,280 kDa,2.55,0.94 ± 0.07 cm2 V−1 s−1,N/A,N/A,N/A,N/A,N/A,N/A,N/A,near-amorphous,4.36 Å,16.97 Å,drop-cast; neat chloroform,drop-casting,chloroform,N/A,N/A,Bottom-Gate Top-Contact (BGTC),face-on orientation dominated,394_increasing-the-content-of-edge-on-orientation-to-improve-the-hole-mobility-of-idtbt-film-by-the-van-der-waals.txt,scratch/prj/ch_sce_mine/MatAGen/outputs_example/394_increasing-the-content-of-edge-on-orientation-to-improve-the-hole-mobility-of-idtbt-film-by-the-van-der-waals/394_increasing-the-content-of-edge-on-orientation-to-improve-the-hole-mobility-of-idtbt-film-by-the-van-der-waals/pdf/394_increasing-the-content-of-edge-on-orientation-to-improve-the-hole-mobility-of-idtbt-film-by-the-van-der-waals.txt,text_mining_GPT_extended
IDTBT,indacenodithiophene-co-benzothiadiazole,alkyl side chains,alkyl,N/A,increase edge-on orientation,OFET,electronic,about 150 nm,200 μm,110 kDa,280 kDa,2.55,1.38 ± 0.06 cm2 V−1 s−1,N/A,N/A,N/A,N/A,N/A,N/A,N/A,N/A,4.33 Å,17.94 Å,drop-cast; 12C additive,drop-casting,chloroform,N/A,N/A,Bottom-Gate Top-Contact (BGTC),edge-on orientation 35%,394_increasing-the-content-of-edge-on-orientation-to-improve-the-hole-mobility-of-idtbt-film-by-the-van-der-waals.txt,scratch/prj/ch_sce_mine/MatAGen/outputs_example/394_increasing-the-content-of-edge-on-orientation-to-improve-the-hole-mobility-of-idtbt-film-by-the-van-der-waals/394_increasing-the-content-of-edge-on-orientation-to-improve-the-hole-mobility-of-idtbt-film-by-the-van-der-waals/pdf/394_increasing-the-content-of-edge-on-orientation-to-improve-the-hole-mobility-of-idtbt-film-by-the-van-der-waals.txt,text_mining_GPT_extended
IDTBT,indacenodithiophene-co-benzothiadiazole,alkyl side chains,alkyl,N/A,increase edge-on orientation,OFET,electronic,about 150 nm,200 μm,110 kDa,280 kDa,2.55,2.04 ± 0.16 cm2 V−1 s−1,N/A,N/A,N/A,N/A,N/A,N/A,N/A,N/A,4.30 Å,18.47 Å,drop-cast; 14C additive,drop-casting,chloroform,N/A,N/A,Bottom-Gate Top-Contact (BGTC),edge-on orientation 37%,394_increasing-the-content-of-edge-on-orientation-to-improve-the-hole-mobility-of-idtbt-film-by-the-van-der-waals.txt,scratch/prj/ch_sce_mine/MatAGen/outputs_example/394_increasing-the-content-of-edge-on-orientation-to-improve-the-hole-mobility-of-idtbt-film-by-the-van-der-waals/394_increasing-the-content-of-edge-on-orientation-to-improve-the-hole-mobility-of-idtbt-film-by-the-van-der-waals/pdf/394_increasing-the-content-of-edge-on-orientation-to-improve-the-hole-mobility-of-idtbt-film-by-the-van-der-waals.txt,text_mining_GPT_extended
IDTBT,indacenodithiophene-co-benzothiadiazole,alkyl side chains,alkyl,N/A,increase edge-on orientation,OFET,electronic,about 150 nm,200 μm,110 kDa,280 kDa,2.55,3.24 ± 0.19 cm2 V−1 s−1,N/A,N/A,N/A,N/A,N/A,N/A,N/A,N/A,4.19 Å,23.26 Å,drop-cast; 16C additive,drop-casting,chloroform,N/A,N/A,Bottom-Gate Top-Contact (BGTC),edge-on orientation 57%,394_increasing-the-content-of-edge-on-orientation-to-improve-the-hole-mobility-of-idtbt-film-by-the-van-der-waals.txt,scratch/prj/ch_sce_mine/MatAGen/outputs_example/394_increasing-the-content-of-edge-on-orientation-to-improve-the-hole-mobility-of-idtbt-film-by-the-van-der-waals/394_increasing-the-content-of-edge-on-orientation-to-improve-the-hole-mobility-of-idtbt-film-by-the-van-der-waals/pdf/394_increasing-the-content-of-edge-on-orientation-to-improve-the-hole-mobility-of-idtbt-film-by-the-van-der-waals.txt,text_mining_GPT_extended
IDTBT,indacenodithiophene-co-benzothiadiazole,alkyl side chains,alkyl,N/A,increase edge-on orientation,OFET,electronic,about 150 nm,200 μm,110 kDa,280 kDa,2.55,2.44 ± 0.33 cm2 V−1 s−1,N/A,N/A,N/A,N/A,N/A,N/A,N/A,N/A,4.39 Å,23.26 Å,drop-cast; 18C additive,drop-casting,chloroform,N/A,N/A,Bottom-Gate Top-Contact (BGTC),edge-on orientation 56%,394_increasing-the-content-of-edge-on-orientation-to-improve-the-hole-mobility-of-idtbt-film-by-the-van-der-waals.txt,scratch/prj/ch_sce_mine/MatAGen/outputs_example/394_increasing-the-content-of-edge-on-orientation-to-improve-the-hole-mobility-of-idtbt-film-by-the-van-der-waals/394_increasing-the-content-of-edge-on-orientation-to-improve-the-hole-mobility-of-idtbt-film-by-the-van-der-waals/pdf/394_increasing-the-content-of-edge-on-orientation-to-improve-the-hole-mobility-of-idtbt-film-by-the-van-der-waals.txt,text_mining_GPT_extended
P1,"thieno[20,30:4,5]pyrido[2,3-g]thieno[3,2-c]quinoline-4,10(5H,11H)-dione (TPT)","5,11-bis(2-decyltetradecyl)",alkyl,2-decyltetradecyl,improve solubility,OFET,electronic,N/A,60 mm,76.9 kDa,N/A,2.28,0.58 cm2 V−1 s−1,N/A,N/A,N/A,N/A,N/A,N/A,N/A,N/A,3.57 ˚A,24.3 ˚A,thermal annealing at 200 C,spin coating,trichloroethylene (TCE),chlorobenzene,N/A,bottom-gate/top-contact (BGTC),ordered molecular packing,365_c4py00272e.txt,scratch/prj/ch_sce_mine/MatAGen/outputs_example/365_c4py00272e/365_c4py00272e/pdf/365_c4py00272e.txt,text_mining_GPT_extended
P1,"thieno[20,30:4,5]pyrido[2,3-g]thieno[3,2-c]quinoline-4,10(5H,11H)-dione (TPT)","5,11-bis(2-decyltetradecyl)",alkyl,2-decyltetradecyl,improve solubility,OFET,electronic,N/A,60 mm,76.9 kDa,N/A,2.28,0.28 cm2 V−1 s−1,N/A,N/A,N/A,N/A,N/A,N/A,N/A,N/A,3.57 ˚A,24.3 ˚A,thermal annealing at 180 C,spin coating,trichloroethylene (TCE),chlorobenzene,N/A,bottom-gate/top-contact (BGTC),ordered molecular packing,365_c4py00272e.txt,scratch/prj/ch_sce_mine/MatAGen/outputs_example/365_c4py00272e/365_c4py00272e/pdf/365_c4py00272e.txt,text_mining_GPT_extended
P1,"thieno[20,30:4,5]pyrido[2,3-g]thieno[3,2-c]quinoline-4,10(5H,11H)-dione (TPT)","5,11-bis(2-decyltetradecyl)",alkyl,2-decyltetradecyl,improve solubility,OFET,electronic,N/A,60 mm,76.9 kDa,N/A,2.28,0.18 cm2 V−1 s−1,N/A,N/A,N/A,N/A,N/A,N/A,N/A,N/A,3.57 ˚A,24.3 ˚A,thermal annealing at 160 C,spin coating,trichloroethylene (TCE),chlorobenzene,N/A,bottom-gate/top-contact (BGTC),ordered molecular packing,365_c4py00272e.txt,scratch/prj/ch_sce_mine/MatAGen/outputs_example/365_c4py00272e/365_c4py00272e/pdf/365_c4py00272e.txt,text_mining_GPT_extended
P2,"thieno[20,30:4,5]pyrido[2,3-g]thieno[3,2-c]quinoline-4,10(5H,11H)-dione (TPT)","5,11-bis(2-decyltetradecyl)",alkyl,2-decyltetradecyl,improve solubility,OFET,electronic,N/A,60 mm,74.7 kDa,N/A,4.97,0.12 cm2 V−1 s−1,N/A,N/A,N/A,N/A,N/A,N/A,N/A,N/A,3.60 ˚A,25.4 ˚A,thermal annealing at 200 C,spin coating,trichloroethylene (TCE),chlorobenzene,N/A,bottom-gate/top-contact (BGTC),weak in-plane diffraction peak,365_c4py00272e.txt,scratch/prj/ch_sce_mine/MatAGen/outputs_example/365_c4py00272e/365_c4py00272e/pdf/365_c4py00272e.txt,text_mining_GPT_extended
P2,"thieno[20,30:4,5]pyrido[2,3-g]thieno[3,2-c]quinoline-4,10(5H,11H)-dione (TPT)","5,11-bis(2-decyltetradecyl)",alkyl,2-decyltetradecyl,improve solubility,OFET,electronic,N/A,60 mm,74.7 kDa,N/A,4.97,0.15 cm2 V−1 s−1,N/A,N/A,N/A,N/A,N/A,N/A,N/A,N/A,3.60 ˚A,25.4 ˚A,thermal annealing at 180 C,spin coating,trichloroethylene (TCE),chlorobenzene,N/A,bottom-gate/top-contact (BGTC),weak in-plane diffraction peak,365_c4py00272e.txt,scratch/prj/ch_sce_mine/MatAGen/outputs_example/365_c4py00272e/365_c4py00272e/pdf/365_c4py00272e.txt,text_mining_GPT_extended
P2,"thieno[20,30:4,5]pyrido[2,3-g]thieno[3,2-c]quinoline-4,10(5H,11H)-dione (TPT)","5,11-bis(2-decyltetradecyl)",alkyl,2-decyltetradecyl,improve solubility,OFET,electronic,N/A,60 mm,74.7 kDa,N/A,4.97,0.07 cm2 V−1 s−1,N/A,N/A,N/A,N/A,N/A,N/A,N/A,N/A,3.60 ˚A,25.4 ˚A,thermal annealing at 160 C,spin coating,trichloroethylene (TCE),chlorobenzene,N/A,bottom-gate/top-contact (BGTC),weak in-plane diffraction peak,365_c4py00272e.txt,scratch/prj/ch_sce_mine/MatAGen/outputs_example/365_c4py00272e/365_c4py00272e/pdf/365_c4py00272e.txt,text_mining_GPT_extended
P1,"bis(thienyl)dialkoxybenzene donor-alt-benzo[c][1,2,5]thiadiazole (BT)",2-hexyldecyloxy (HD),alkoxy,2-hexyldecyloxy,solubilizing,OPV,electronic,450 nm,N/A,42 kDa,N/A,1.9,N/A,N/A,N/A,N/A,2.81 (3.05),7.83 mA/cm2,0.75 V,0.47,semicrystalline,N/A,N/A,roll-coating in air at 80 ˝C,roll-coating,ODCB,toluene,N/A,inverted PET/Ag/PEDOT-PSS/ZnO/active,large phase-separated domains,310_doi-10%2E3390%2Fma9030181.txt,scratch/prj/ch_sce_mine/MatAGen/outputs_example/310_doi-10%2E3390%2Fma9030181/310_doi-10%2E3390%2Fma9030181/pdf/310_doi-10%2E3390%2Fma9030181.txt,text_mining_GPT_extended
P1,"bis(thienyl)dialkoxybenzene donor-alt-benzo[c][1,2,5]thiadiazole (BT)",2-hexyldecyloxy (HD),alkoxy,2-hexyldecyloxy,solubilizing,OPV,electronic,N/A,N/A,42 kDa,N/A,1.9,N/A,N/A,N/A,N/A,4.31 (4.42),10.38 mA/cm2,0.74 V,0.56,semicrystalline,N/A,N/A,spin-coating under inert atmosphere,spin-coating,ODCB,toluene,N/A,glass/ITO/PEDOT-PSS/active/Ca/Al,large phase-separated domains,310_doi-10%2E3390%2Fma9030181.txt,scratch/prj/ch_sce_mine/MatAGen/outputs_example/310_doi-10%2E3390%2Fma9030181/310_doi-10%2E3390%2Fma9030181/pdf/310_doi-10%2E3390%2Fma9030181.txt,text_mining_GPT_extended
P3a,"bis(thienyl)dialkoxybenzene donor-alt-benzo[c][1,2,5]thiadiazole (BT)",2-hexyldecyloxy (HD) partially substituted with 5% 2-phenylethoxy (EtPh),alkoxy,2-hexyldecyloxy; 5% 2-phenylethoxy,elevate Tg / thermal stability,OPV,electronic,360 nm,N/A,39 kDa,N/A,2.1,N/A,N/A,N/A,N/A,2.51 (2.65),6.52 mA/cm2,0.74 V,0.52,semicrystalline,N/A,N/A,roll-coating in air at 80 ˝C,roll-coating,ODCB,toluene,N/A,inverted PET/Ag/PEDOT-PSS/ZnO/active,formation of particles in the photoactive layer,310_doi-10%2E3390%2Fma9030181.txt,scratch/prj/ch_sce_mine/MatAGen/outputs_example/310_doi-10%2E3390%2Fma9030181/310_doi-10%2E3390%2Fma9030181/pdf/310_doi-10%2E3390%2Fma9030181.txt,text_mining_GPT_extended
P3a,"bis(thienyl)dialkoxybenzene donor-alt-benzo[c][1,2,5]thiadiazole (BT)",2-hexyldecyloxy (HD) partially substituted with 5% 2-phenylethoxy (EtPh),alkoxy,2-hexyldecyloxy; 5% 2-phenylethoxy,elevate Tg / thermal stability,OPV,electronic,N/A,N/A,39 kDa,N/A,2.1,N/A,N/A,N/A,N/A,4.15 (4.54),10.22 mA/cm2,0.72 V,0.56,semicrystalline,N/A,N/A,spin-coating under inert atmosphere,spin-coating,ODCB,toluene,N/A,glass/ITO/PEDOT-PSS/active/Ca/Al,large phase-separated domains,310_doi-10%2E3390%2Fma9030181.txt,scratch/prj/ch_sce_mine/MatAGen/outputs_example/310_doi-10%2E3390%2Fma9030181/310_doi-10%2E3390%2Fma9030181/pdf/310_doi-10%2E3390%2Fma9030181.txt,text_mining_GPT_extended
P3b,"bis(thienyl)dialkoxybenzene donor-alt-benzo[c][1,2,5]thiadiazole (BT)",2-hexyldecyloxy (HD) partially substituted with 10% 2-phenylethoxy (EtPh),alkoxy,2-hexyldecyloxy; 10% 2-phenylethoxy,elevate Tg / thermal stability,OPV,electronic,360 nm,N/A,43 kDa,N/A,2.1,N/A,N/A,N/A,N/A,2.10 (2.17),5.76 mA/cm2,0.73 V,0.50,semicrystalline,N/A,N/A,roll-coating in air at 80 ˝C,roll-coating,ODCB,toluene,N/A,inverted PET/Ag/PEDOT-PSS/ZnO/active,formation of particles in the photoactive layer,310_doi-10%2E3390%2Fma9030181.txt,scratch/prj/ch_sce_mine/MatAGen/outputs_example/310_doi-10%2E3390%2Fma9030181/310_doi-10%2E3390%2Fma9030181/pdf/310_doi-10%2E3390%2Fma9030181.txt,text_mining_GPT_extended
P3b,"bis(thienyl)dialkoxybenzene donor-alt-benzo[c][1,2,5]thiadiazole (BT)",2-hexyldecyloxy (HD) partially substituted with 10% 2-phenylethoxy (EtPh),alkoxy,2-hexyldecyloxy; 10% 2-phenylethoxy,elevate Tg / thermal stability,OPV,electronic,N/A,N/A,43 kDa,N/A,2.1,N/A,N/A,N/A,N/A,3.68 (4.09),9.41 mA/cm2,0.71 V,0.55,semicrystalline,N/A,N/A,spin-coating under inert atmosphere,spin-coating,ODCB,toluene,N/A,glass/ITO/PEDOT-PSS/active/Ca/Al,large phase-separated domains,310_doi-10%2E3390%2Fma9030181.txt,scratch/prj/ch_sce_mine/MatAGen/outputs_example/310_doi-10%2E3390%2Fma9030181/310_doi-10%2E3390%2Fma9030181/pdf/310_doi-10%2E3390%2Fma9030181.txt,text_mining_GPT_extended
P2,"bis(thienyl)di(2-hexyldecyloxy)benzene donor-alt-thiazolo[5,4-d]thiazole (TzTz)",2-hexyldecyloxy (HD),alkoxy,2-hexyldecyloxy,solubilizing,OPV,electronic,400 nm,N/A,44 kDa,N/A,1.9,N/A,N/A,N/A,N/A,2.67 (2.73),6.69 mA/cm2,0.69 V,0.61,amorphous,N/A,N/A,roll-coating in air at 80 ˝C; ODCB/CB = 4:1,roll-coating,ODCB/CB = 4:1,toluene,N/A,inverted PET/Ag/PEDOT-PSS/ZnO/active,no particular features,310_doi-10%2E3390%2Fma9030181.txt,scratch/prj/ch_sce_mine/MatAGen/outputs_example/310_doi-10%2E3390%2Fma9030181/310_doi-10%2E3390%2Fma9030181/pdf/310_doi-10%2E3390%2Fma9030181.txt,text_mining_GPT_extended
P2,"bis(thienyl)di(2-hexyldecyloxy)benzene donor-alt-thiazolo[5,4-d]thiazole (TzTz)",2-hexyldecyloxy (HD),alkoxy,2-hexyldecyloxy,solubilizing,OPV,electronic,N/A,N/A,44 kDa,N/A,1.9,N/A,N/A,N/A,N/A,2.76 (2.92),6.60 mA/cm2,0.72 V,0.58,amorphous,N/A,N/A,spin-coating under inert atmosphere; ODCB/CB = 4:1,spin-coating,ODCB/CB = 4:1,toluene,N/A,glass/ITO/PEDOT-PSS/active/Ca/Al,no particular features,310_doi-10%2E3390%2Fma9030181.txt,scratch/prj/ch_sce_mine/MatAGen/outputs_example/310_doi-10%2E3390%2Fma9030181/310_doi-10%2E3390%2Fma9030181/pdf/310_doi-10%2E3390%2Fma9030181.txt,text_mining_GPT_extended
P4a,"bis(thienyl)di(2-hexyldecyloxy)benzene donor-alt-thiazolo[5,4-d]thiazole (TzTz)",2-hexyldecyloxy (HD) partially substituted with 5% 2-phenylethoxy (EtPh),alkoxy,2-hexyldecyloxy; 5% 2-phenylethoxy,elevate Tg / thermal stability,OPV,electronic,400 nm,N/A,30 kDa,N/A,3.1,N/A,N/A,N/A,N/A,2.59 (2.72),6.95 mA/cm2,0.68 V,0.59,amorphous,N/A,N/A,roll-coating in air at 80 ˝C; ODCB/CB = 4:1,roll-coating,ODCB/CB = 4:1,toluene,N/A,inverted PET/Ag/PEDOT-PSS/ZnO/active,no particular features,310_doi-10%2E3390%2Fma9030181.txt,scratch/prj/ch_sce_mine/MatAGen/outputs_example/310_doi-10%2E3390%2Fma9030181/310_doi-10%2E3390%2Fma9030181/pdf/310_doi-10%2E3390%2Fma9030181.txt,text_mining_GPT_extended
P4a,"bis(thienyl)di(2-hexyldecyloxy)benzene donor-alt-thiazolo[5,4-d]thiazole (TzTz)",2-hexyldecyloxy (HD) partially substituted with 5% 2-phenylethoxy (EtPh),alkoxy,2-hexyldecyloxy; 5% 2-phenylethoxy,elevate Tg / thermal stability,OPV,electronic,N/A,N/A,30 kDa,N/A,3.1,N/A,N/A,N/A,N/A,3.06 (3.06),8.57 mA/cm2,0.65 V,0.55,amorphous,N/A,N/A,spin-coating under inert atmosphere; ODCB/CB = 4:1,spin-coating,ODCB/CB = 4:1,toluene,N/A,glass/ITO/PEDOT-PSS/active/Ca/Al,no particular features,310_doi-10%2E3390%2Fma9030181.txt,scratch/prj/ch_sce_mine/MatAGen/outputs_example/310_doi-10%2E3390%2Fma9030181/310_doi-10%2E3390%2Fma9030181/pdf/310_doi-10%2E3390%2Fma9030181.txt,text_mining_GPT_extended
P4b,"bis(thienyl)di(2-hexyldecyloxy)benzene donor-alt-thiazolo[5,4-d]thiazole (TzTz)",2-hexyldecyloxy (HD) partially substituted with 10% 2-phenylethoxy (EtPh),alkoxy,2-hexyldecyloxy; 10% 2-phenylethoxy,elevate Tg / thermal stability,OPV,electronic,400 nm,N/A,78 kDa,N/A,1.5,N/A,N/A,N/A,N/A,2.66 (2.76),7.00 mA/cm2,0.69 V,0.60,amorphous,N/A,N/A,roll-coating in air at 80 ˝C; ODCB/CB = 4:1,roll-coating,ODCB/CB = 4:1,toluene,N/A,inverted PET/Ag/PEDOT-PSS/ZnO/active,no particular features,310_doi-10%2E3390%2Fma9030181.txt,scratch/prj/ch_sce_mine/MatAGen/outputs_example/310_doi-10%2E3390%2Fma9030181/310_doi-10%2E3390%2Fma9030181/pdf/310_doi-10%2E3390%2Fma9030181.txt,text_mining_GPT_extended
P4b,"bis(thienyl)di(2-hexyldecyloxy)benzene donor-alt-thiazolo[5,4-d]thiazole (TzTz)",2-hexyldecyloxy (HD) partially substituted with 10% 2-phenylethoxy (EtPh),alkoxy,2-hexyldecyloxy; 10% 2-phenylethoxy,elevate Tg / thermal stability,OPV,electronic,N/A,N/A,78 kDa,N/A,1.5,N/A,N/A,N/A,N/A,3.13 (3.21),8.15 mA/cm2,0.61 V,0.63,amorphous,N/A,N/A,spin-coating under inert atmosphere; ODCB/CB = 4:1,spin-coating,ODCB/CB = 4:1,toluene,N/A,glass/ITO/PEDOT-PSS/active/Ca/Al,no particular features,310_doi-10%2E3390%2Fma9030181.txt,scratch/prj/ch_sce_mine/MatAGen/outputs_example/310_doi-10%2E3390%2Fma9030181/310_doi-10%2E3390%2Fma9030181/pdf/310_doi-10%2E3390%2Fma9030181.txt,text_mining_GPT_extended
PTQxF1,"poly[(5,8-(6,7-diﬂuoro-2,3-dihexylquinoxaline))-alt-(2,5-thiophene)]-ran-[(2,5-(3-dodecylthiophene))-alt-(2,5-thiophene)]",dihexyl and 3-dodecyl,alkyl,C6; C12,solubility; photovoltaic performance,OPV,electronic,80 nm,N/A,"47,600 g/mol","248,000 g/mol",5.21,N/A,N/A,N/A,N/A,0.58%,1.84 mA/cm2,0.65 V,0.49,N/A,N/A,N/A,polymer:PC61BM 1:0.8; 2 wt% in DCB; AM1.5G 100 mW/cm2,spin-casting,DCB,chlorobenzene,N/A,ITO/PEDOT:PSS/polymer:PC61BM/Al,good solubility,336_s00289-016-1860-7.txt,scratch/prj/ch_sce_mine/MatAGen/outputs_example/336_s00289-016-1860-7/336_s00289-016-1860-7/pdf/336_s00289-016-1860-7.txt,text_mining_GPT_extended
PTQxF3,"poly[(5,8-(6,7-diﬂuoro-2,3-dihexylquinoxaline))-alt-(2,5-thiophene)]-ran-[(2,5-(3-dodecylthiophene))-alt-(2,5-thiophene)]",dihexyl and 3-dodecyl,alkyl,C6; C12,solubility; photovoltaic performance,OPV,electronic,80 nm,N/A,"22,800 g/mol","117,500 g/mol",5.15,N/A,N/A,N/A,N/A,1.03%,3.54 mA/cm2,0.64 V,0.45,N/A,N/A,N/A,polymer:PC61BM 1:0.8; 2 wt% in DCB; AM1.5G 100 mW/cm2,spin-casting,DCB,chlorobenzene,N/A,ITO/PEDOT:PSS/polymer:PC61BM/Al,good solubility,336_s00289-016-1860-7.txt,scratch/prj/ch_sce_mine/MatAGen/outputs_example/336_s00289-016-1860-7/336_s00289-016-1860-7/pdf/336_s00289-016-1860-7.txt,text_mining_GPT_extended
PTQxF5,"poly[(5,8-(6,7-diﬂuoro-2,3-dihexylquinoxaline))-alt-(2,5-thiophene)]-ran-[(2,5-(3-dodecylthiophene))-alt-(2,5-thiophene)]",dihexyl and 3-dodecyl,alkyl,C6; C12,solubility; photovoltaic performance,OPV,electronic,80 nm,N/A,"13,400 g/mol","44,600 g/mol",3.33,N/A,N/A,N/A,N/A,1.13%,3.94 mA/cm2,0.66 V,0.43,N/A,N/A,N/A,polymer:PC61BM 1:0.8; 2 wt% in DCB; AM1.5G 100 mW/cm2,spin-casting,DCB,chlorobenzene,N/A,ITO/PEDOT:PSS/polymer:PC61BM/Al,good solubility,336_s00289-016-1860-7.txt,scratch/prj/ch_sce_mine/MatAGen/outputs_example/336_s00289-016-1860-7/336_s00289-016-1860-7/pdf/336_s00289-016-1860-7.txt,text_mining_GPT_extended
PTQxF7,"poly[(5,8-(6,7-diﬂuoro-2,3-dihexylquinoxaline))-alt-(2,5-thiophene)]-ran-[(2,5-(3-dodecylthiophene))-alt-(2,5-thiophene)]",dihexyl and 3-dodecyl,alkyl,C6; C12,solubility; photovoltaic performance,OPV,electronic,80 nm,N/A,"7,300 g/mol","9,700 g/mol",1.33,N/A,N/A,N/A,N/A,1.20%,3.19 mA/cm2,0.70 V,0.53,N/A,N/A,N/A,polymer:PC61BM 1:0.8; 2 wt% in DCB; AM1.5G 100 mW/cm2,spin-casting,DCB,chlorobenzene,N/A,ITO/PEDOT:PSS/polymer:PC61BM/Al,poor film formation,336_s00289-016-1860-7.txt,scratch/prj/ch_sce_mine/MatAGen/outputs_example/336_s00289-016-1860-7/336_s00289-016-1860-7/pdf/336_s00289-016-1860-7.txt,text_mining_GPT_extended
PTQxF9,"poly[(5,8-(6,7-diﬂuoro-2,3-dihexylquinoxaline))-alt-(2,5-thiophene)]-ran-[(2,5-(3-dodecylthiophene))-alt-(2,5-thiophene)]",dihexyl and 3-dodecyl,alkyl,C6; C12,solubility; photovoltaic performance,OPV,electronic,80 nm,N/A,"4,000 g/mol","5,300 g/mol",1.35,N/A,N/A,N/A,N/A,0.70%,2.40 mA/cm2,0.70 V,0.42,N/A,N/A,N/A,polymer:PC61BM 1:0.8; 2 wt% in DCB; AM1.5G 100 mW/cm2,spin-casting,DCB,chlorobenzene,N/A,ITO/PEDOT:PSS/polymer:PC61BM/Al,poor film formation,336_s00289-016-1860-7.txt,scratch/prj/ch_sce_mine/MatAGen/outputs_example/336_s00289-016-1860-7/336_s00289-016-1860-7/pdf/336_s00289-016-1860-7.txt,text_mining_GPT_extended
PBDT-TT,BDT-TT copolymer,bisalkylthio side chain,alkylthio,octyl,tune HOMO energy levels,PSC,electronic,around 100 nm,N/A,21.3 kDa,N/A,1.36,4.2  105 cm2 V1 s1,N/A,N/A,N/A,2.40%,6.51 mA/cm2,0.98 V,37.6%,N/A,N/A,N/A,polymer:PC71BM 1:1.5,spin-coating,DCB,dry toluene,N/A,ITO/PEDOT:PSS/polymer:PC71BM/PFN/Al,unexpected phase separation with large domain size,353_1-s2.0-S0143720816305733-main.txt,scratch/prj/ch_sce_mine/MatAGen/outputs_example/353_1-s2.0-S0143720816305733-main/353_1-s2.0-S0143720816305733-main/pdf/353_1-s2.0-S0143720816305733-main.txt,text_mining_GPT_extended
PBDT-TT,BDT-TT copolymer,bisalkylthio side chain,alkylthio,octyl,tune HOMO energy levels,PSC,electronic,around 100 nm,N/A,21.3 kDa,N/A,1.36,4.2  105 cm2 V1 s1,N/A,N/A,N/A,2.15%,5.78 mA/cm2,0.97 V,38.3%,N/A,N/A,N/A,polymer:PC71BM 1:1.5,spin-coating,CB,dry toluene,N/A,ITO/PEDOT:PSS/polymer:PC71BM/PFN/Al,unexpected phase separation with large domain size,353_1-s2.0-S0143720816305733-main.txt,scratch/prj/ch_sce_mine/MatAGen/outputs_example/353_1-s2.0-S0143720816305733-main/353_1-s2.0-S0143720816305733-main/pdf/353_1-s2.0-S0143720816305733-main.txt,text_mining_GPT_extended
PBDT-TT,BDT-TT copolymer,bisalkylthio side chain,alkylthio,octyl,tune HOMO energy levels,PSC,electronic,around 100 nm,N/A,21.3 kDa,N/A,1.36,4.2  105 cm2 V1 s1,N/A,N/A,N/A,2.84%,6.85 mA/cm2,0.98 V,42.3%,N/A,N/A,N/A,polymer:PC71BM 1:1.5,spin-coating,CF,dry toluene,N/A,ITO/PEDOT:PSS/polymer:PC71BM/PFN/Al,unexpected phase separation with large domain size,353_1-s2.0-S0143720816305733-main.txt,scratch/prj/ch_sce_mine/MatAGen/outputs_example/353_1-s2.0-S0143720816305733-main/353_1-s2.0-S0143720816305733-main/pdf/353_1-s2.0-S0143720816305733-main.txt,text_mining_GPT_extended
PBDT-TT,BDT-TT copolymer,bisalkylthio side chain,alkylthio,octyl,tune HOMO energy levels,PSC,electronic,around 100 nm,N/A,21.3 kDa,N/A,1.36,4.2  105 cm2 V1 s1,N/A,N/A,N/A,2.22%,5.49 mA/cm2,0.98 V,41.2%,N/A,N/A,N/A,polymer:PC71BM 1:1,spin-coating,CF,dry toluene,N/A,ITO/PEDOT:PSS/polymer:PC71BM/PFN/Al,unexpected phase separation with large domain size,353_1-s2.0-S0143720816305733-main.txt,scratch/prj/ch_sce_mine/MatAGen/outputs_example/353_1-s2.0-S0143720816305733-main/353_1-s2.0-S0143720816305733-main/pdf/353_1-s2.0-S0143720816305733-main.txt,text_mining_GPT_extended
PBDT-TT,BDT-TT copolymer,bisalkylthio side chain,alkylthio,octyl,tune HOMO energy levels,PSC,electronic,around 100 nm,N/A,21.3 kDa,N/A,1.36,4.2  105 cm2 V1 s1,N/A,N/A,N/A,1.97%,4.86 mA/cm2,1.00 V,40.6%,N/A,N/A,N/A,polymer:PC71BM 1:2,spin-coating,CF,dry toluene,N/A,ITO/PEDOT:PSS/polymer:PC71BM/PFN/Al,unexpected phase separation with large domain size,353_1-s2.0-S0143720816305733-main.txt,scratch/prj/ch_sce_mine/MatAGen/outputs_example/353_1-s2.0-S0143720816305733-main/353_1-s2.0-S0143720816305733-main/pdf/353_1-s2.0-S0143720816305733-main.txt,text_mining_GPT_extended
PBDT-TT,BDT-TT copolymer,bisalkylthio side chain,alkylthio,octyl,tune HOMO energy levels,PSC,electronic,around 100 nm,N/A,21.3 kDa,N/A,1.36,4.2  105 cm2 V1 s1,N/A,N/A,N/A,4.64%,9.93 mA/cm2,0.96 V,48.7%,N/A,N/A,N/A,polymer:PC71BM 1:1.5; 3% DIO,spin-coating,CF+3%DIO,dry toluene,N/A,ITO/PEDOT:PSS/polymer:PC71BM/PFN/Al,unexpected phase separation with large domain size,353_1-s2.0-S0143720816305733-main.txt,scratch/prj/ch_sce_mine/MatAGen/outputs_example/353_1-s2.0-S0143720816305733-main/353_1-s2.0-S0143720816305733-main/pdf/353_1-s2.0-S0143720816305733-main.txt,text_mining_GPT_extended
PBDT-TT,BDT-TT copolymer,bisalkylthio side chain,alkylthio,octyl,tune HOMO energy levels,PSC,electronic,around 100 nm,N/A,21.3 kDa,N/A,1.36,4.2  105 cm2 V1 s1,N/A,N/A,N/A,3.00%,6.85 mA/cm2,0.97 V,45.2%,N/A,N/A,N/A,polymer:PC71BM 1:1.5; 3% CN,spin-coating,CF+3%CN,dry toluene,N/A,ITO/PEDOT:PSS/polymer:PC71BM/PFN/Al,unexpected phase separation with large domain size,353_1-s2.0-S0143720816305733-main.txt,scratch/prj/ch_sce_mine/MatAGen/outputs_example/353_1-s2.0-S0143720816305733-main/353_1-s2.0-S0143720816305733-main/pdf/353_1-s2.0-S0143720816305733-main.txt,text_mining_GPT_extended
PBDT-TT,BDT-TT copolymer,bisalkylthio side chain,alkylthio,octyl,tune HOMO energy levels,PSC,electronic,around 100 nm,N/A,21.3 kDa,N/A,1.36,4.2  105 cm2 V1 s1,N/A,N/A,N/A,5.05(4.87)b%,10.51(10.52)a mA/cm2,0.95 V,50.6%,N/A,N/A,N/A,polymer:PC71BM 1:1.5; 1% DIO,spin-coating,CF+1%DIO,dry toluene,N/A,ITO/PEDOT:PSS/polymer:PC71BM/PFN/Al,unexpected phase separation with large domain size,353_1-s2.0-S0143720816305733-main.txt,scratch/prj/ch_sce_mine/MatAGen/outputs_example/353_1-s2.0-S0143720816305733-main/353_1-s2.0-S0143720816305733-main/pdf/353_1-s2.0-S0143720816305733-main.txt,text_mining_GPT_extended
PBDT-TT,BDT-TT copolymer,bisalkylthio side chain,alkylthio,octyl,tune HOMO energy levels,PSC,electronic,around 100 nm,N/A,21.3 kDa,N/A,1.36,4.2  105 cm2 V1 s1,N/A,N/A,N/A,3.17%,7.65 mA/cm2,0.96 V,43.2%,N/A,N/A,N/A,polymer:PC71BM 1:1.5; 5% DIO,spin-coating,CF+5%DIO,dry toluene,N/A,ITO/PEDOT:PSS/polymer:PC71BM/PFN/Al,unexpected phase separation with large domain size,353_1-s2.0-S0143720816305733-main.txt,scratch/prj/ch_sce_mine/MatAGen/outputs_example/353_1-s2.0-S0143720816305733-main/353_1-s2.0-S0143720816305733-main/pdf/353_1-s2.0-S0143720816305733-main.txt,text_mining_GPT_extended
PBDT-DTBT,BDT-DTBT copolymer,bisalkylthio side chain,alkylthio,octyl,tune HOMO energy levels,PSC,electronic,around 100 nm,N/A,28.7 kDa,N/A,1.66,3.4  104 cm2 V1 s1,N/A,N/A,N/A,3.29%,7.58 mA/cm2,0.94 V,46.2%,N/A,N/A,N/A,polymer:PC71BM 1:1.5,spin-coating,DCB,dry toluene,N/A,ITO/PEDOT:PSS/polymer:PC71BM/PFN/Al,interpenetrating bicontinuous network between polymer and PC71BM,353_1-s2.0-S0143720816305733-main.txt,scratch/prj/ch_sce_mine/MatAGen/outputs_example/353_1-s2.0-S0143720816305733-main/353_1-s2.0-S0143720816305733-main/pdf/353_1-s2.0-S0143720816305733-main.txt,text_mining_GPT_extended
PBDT-DTBT,BDT-DTBT copolymer,bisalkylthio side chain,alkylthio,octyl,tune HOMO energy levels,PSC,electronic,around 100 nm,N/A,28.7 kDa,N/A,1.66,3.4  104 cm2 V1 s1,N/A,N/A,N/A,2.74%,6.83 mA/cm2,0.93 V,43.2%,N/A,N/A,N/A,polymer:PC71BM 1:1.5,spin-coating,CB,dry toluene,N/A,ITO/PEDOT:PSS/polymer:PC71BM/PFN/Al,interpenetrating bicontinuous network between polymer and PC71BM,353_1-s2.0-S0143720816305733-main.txt,scratch/prj/ch_sce_mine/MatAGen/outputs_example/353_1-s2.0-S0143720816305733-main/353_1-s2.0-S0143720816305733-main/pdf/353_1-s2.0-S0143720816305733-main.txt,text_mining_GPT_extended
PBDT-DTBT,BDT-DTBT copolymer,bisalkylthio side chain,alkylthio,octyl,tune HOMO energy levels,PSC,electronic,around 100 nm,N/A,28.7 kDa,N/A,1.66,3.4  104 cm2 V1 s1,N/A,N/A,N/A,2.55%,6.62 mA/cm2,0.93 V,41.5%,N/A,N/A,N/A,polymer:PC71BM 1:1.5,spin-coating,CF,dry toluene,N/A,ITO/PEDOT:PSS/polymer:PC71BM/PFN/Al,interpenetrating bicontinuous network between polymer and PC71BM,353_1-s2.0-S0143720816305733-main.txt,scratch/prj/ch_sce_mine/MatAGen/outputs_example/353_1-s2.0-S0143720816305733-main/353_1-s2.0-S0143720816305733-main/pdf/353_1-s2.0-S0143720816305733-main.txt,text_mining_GPT_extended
PBDT-DTBT,BDT-DTBT copolymer,bisalkylthio side chain,alkylthio,octyl,tune HOMO energy levels,PSC,electronic,around 100 nm,N/A,28.7 kDa,N/A,1.66,3.4  104 cm2 V1 s1,N/A,N/A,N/A,4.12%,9.33 mA/cm2,0.93 V,47.5%,N/A,N/A,N/A,polymer:PC71BM 1:1,spin-coating,DCB,dry toluene,N/A,ITO/PEDOT:PSS/polymer:PC71BM/PFN/Al,interpenetrating bicontinuous network between polymer and PC71BM,353_1-s2.0-S0143720816305733-main.txt,scratch/prj/ch_sce_mine/MatAGen/outputs_example/353_1-s2.0-S0143720816305733-main/353_1-s2.0-S0143720816305733-main/pdf/353_1-s2.0-S0143720816305733-main.txt,text_mining_GPT_extended
PBDT-DTBT,BDT-DTBT copolymer,bisalkylthio side chain,alkylthio,octyl,tune HOMO energy levels,PSC,electronic,around 100 nm,N/A,28.7 kDa,N/A,1.66,3.4  104 cm2 V1 s1,N/A,N/A,N/A,2.49%,6.03 mA/cm2,0.95 V,43.5%,N/A,N/A,N/A,polymer:PC71BM 1:2,spin-coating,DCB,dry toluene,N/A,ITO/PEDOT:PSS/polymer:PC71BM/PFN/Al,interpenetrating bicontinuous network between polymer and PC71BM,353_1-s2.0-S0143720816305733-main.txt,scratch/prj/ch_sce_mine/MatAGen/outputs_example/353_1-s2.0-S0143720816305733-main/353_1-s2.0-S0143720816305733-main/pdf/353_1-s2.0-S0143720816305733-main.txt,text_mining_GPT_extended
PBDT-DTBT,BDT-DTBT copolymer,bisalkylthio side chain,alkylthio,octyl,tune HOMO energy levels,PSC,electronic,around 100 nm,N/A,28.7 kDa,N/A,1.66,3.4  104 cm2 V1 s1,N/A,N/A,N/A,5.37%,10.55 mA/cm2,0.92 V,55.3%,N/A,N/A,N/A,polymer:PC71BM 1:1; 3% DIO,spin-coating,DCB+3%DIO,dry toluene,N/A,ITO/PEDOT:PSS/polymer:PC71BM/PFN/Al,interpenetrating bicontinuous network between polymer and PC71BM,353_1-s2.0-S0143720816305733-main.txt,scratch/prj/ch_sce_mine/MatAGen/outputs_example/353_1-s2.0-S0143720816305733-main/353_1-s2.0-S0143720816305733-main/pdf/353_1-s2.0-S0143720816305733-main.txt,text_mining_GPT_extended
PBDT-DTBT,BDT-DTBT copolymer,bisalkylthio side chain,alkylthio,octyl,tune HOMO energy levels,PSC,electronic,around 100 nm,N/A,28.7 kDa,N/A,1.66,3.4  104 cm2 V1 s1,N/A,N/A,N/A,6.51(6.33)b%,11.69(11.51)a mA/cm2,0.91 V,61.2%,N/A,N/A,N/A,polymer:PC71BM 1:1; 3% CN,spin-coating,DCB+3%CN,dry toluene,N/A,ITO/PEDOT:PSS/polymer:PC71BM/PFN/Al,interpenetrating bicontinuous network between polymer and PC71BM,353_1-s2.0-S0143720816305733-main.txt,scratch/prj/ch_sce_mine/MatAGen/outputs_example/353_1-s2.0-S0143720816305733-main/353_1-s2.0-S0143720816305733-main/pdf/353_1-s2.0-S0143720816305733-main.txt,text_mining_GPT_extended
PBDT-DTBTff,BDT-DTBTff copolymer,bisalkylthio side chain,alkylthio,octyl,tune HOMO energy levels,PSC,electronic,around 100 nm,N/A,25.6 kDa,N/A,1.53,1.1  103 cm2 V1 s1,N/A,N/A,N/A,4.59%,10.25 mA/cm2,0.89 V,50.3%,N/A,N/A,N/A,polymer:PC71BM 1:1.5,spin-coating,DCB,dry toluene,N/A,ITO/PEDOT:PSS/polymer:PC71BM/PFN/Al,more homogeneous film with a more suitable phase separation,353_1-s2.0-S0143720816305733-main.txt,scratch/prj/ch_sce_mine/MatAGen/outputs_example/353_1-s2.0-S0143720816305733-main/353_1-s2.0-S0143720816305733-main/pdf/353_1-s2.0-S0143720816305733-main.txt,text_mining_GPT_extended
PBDT-DTBTff,BDT-DTBTff copolymer,bisalkylthio side chain,alkylthio,octyl,tune HOMO energy levels,PSC,electronic,around 100 nm,N/A,25.6 kDa,N/A,1.53,1.1  103 cm2 V1 s1,N/A,N/A,N/A,3.86%,8.95 mA/cm2,0.89 V,48.5%,N/A,N/A,N/A,polymer:PC71BM 1:1.5,spin-coating,CB,dry toluene,N/A,ITO/PEDOT:PSS/polymer:PC71BM/PFN/Al,more homogeneous film with a more suitable phase separation,353_1-s2.0-S0143720816305733-main.txt,scratch/prj/ch_sce_mine/MatAGen/outputs_example/353_1-s2.0-S0143720816305733-main/353_1-s2.0-S0143720816305733-main/pdf/353_1-s2.0-S0143720816305733-main.txt,text_mining_GPT_extended
PBDT-DTBTff,BDT-DTBTff copolymer,bisalkylthio side chain,alkylthio,octyl,tune HOMO energy levels,PSC,electronic,around 100 nm,N/A,25.6 kDa,N/A,1.53,1.1  103 cm2 V1 s1,N/A,N/A,N/A,3.00%,7.53 mA/cm2,0.88 V,45.2%,N/A,N/A,N/A,polymer:PC71BM 1:1.5,spin-coating,CF,dry toluene,N/A,ITO/PEDOT:PSS/polymer:PC71BM/PFN/Al,more homogeneous film with a more suitable phase separation,353_1-s2.0-S0143720816305733-main.txt,scratch/prj/ch_sce_mine/MatAGen/outputs_example/353_1-s2.0-S0143720816305733-main/353_1-s2.0-S0143720816305733-main/pdf/353_1-s2.0-S0143720816305733-main.txt,text_mining_GPT_extended
PBDT-DTBTff,BDT-DTBTff copolymer,bisalkylthio side chain,alkylthio,octyl,tune HOMO energy levels,PSC,electronic,around 100 nm,N/A,25.6 kDa,N/A,1.53,1.1  103 cm2 V1 s1,N/A,N/A,N/A,5.89%,11.32 mA/cm2,0.88 V,59.1%,N/A,N/A,N/A,polymer:PC71BM 1:1,spin-coating,DCB,dry toluene,N/A,ITO/PEDOT:PSS/polymer:PC71BM/PFN/Al,more homogeneous film with a more suitable phase separation,353_1-s2.0-S0143720816305733-main.txt,scratch/prj/ch_sce_mine/MatAGen/outputs_example/353_1-s2.0-S0143720816305733-main/353_1-s2.0-S0143720816305733-main/pdf/353_1-s2.0-S0143720816305733-main.txt,text_mining_GPT_extended
PBDT-DTBTff,BDT-DTBTff copolymer,bisalkylthio side chain,alkylthio,octyl,tune HOMO energy levels,PSC,electronic,around 100 nm,N/A,25.6 kDa,N/A,1.53,1.1  103 cm2 V1 s1,N/A,N/A,N/A,3.57%,8.76 mA/cm2,0.89 V,45.8%,N/A,N/A,N/A,polymer:PC71BM 1:2,spin-coating,DCB,dry toluene,N/A,ITO/PEDOT:PSS/polymer:PC71BM/PFN/Al,more homogeneous film with a more suitable phase separation,353_1-s2.0-S0143720816305733-main.txt,scratch/prj/ch_sce_mine/MatAGen/outputs_example/353_1-s2.0-S0143720816305733-main/353_1-s2.0-S0143720816305733-main/pdf/353_1-s2.0-S0143720816305733-main.txt,text_mining_GPT_extended
PBDT-DTBTff,BDT-DTBTff copolymer,bisalkylthio side chain,alkylthio,octyl,tune HOMO energy levels,PSC,electronic,around 100 nm,N/A,25.6 kDa,N/A,1.53,1.1  103 cm2 V1 s1,N/A,N/A,N/A,6.12%,12.15 mA/cm2,0.86 V,58.6%,N/A,N/A,N/A,polymer:PC71BM 1:1; 3% DIO,spin-coating,DCB+3%DIO,dry toluene,N/A,ITO/PEDOT:PSS/polymer:PC71BM/PFN/Al,more homogeneous film with a more suitable phase separation,353_1-s2.0-S0143720816305733-main.txt,scratch/prj/ch_sce_mine/MatAGen/outputs_example/353_1-s2.0-S0143720816305733-main/353_1-s2.0-S0143720816305733-main/pdf/353_1-s2.0-S0143720816305733-main.txt,text_mining_GPT_extended
PBDT-DTBTff,BDT-DTBTff copolymer,bisalkylthio side chain,alkylthio,octyl,tune HOMO energy levels,PSC,electronic,around 100 nm,N/A,25.6 kDa,N/A,1.53,1.1  103 cm2 V1 s1,N/A,N/A,N/A,7.65(7.46)b%,13.32(13.26)a mA/cm2,0.86 V,66.8%,N/A,N/A,N/A,polymer:PC71BM 1:1; 3% CN,spin-coating,DCB+3%CN,dry toluene,N/A,ITO/PEDOT:PSS/polymer:PC71BM/PFN/Al,more homogeneous film with a more suitable phase separation,353_1-s2.0-S0143720816305733-main.txt,scratch/prj/ch_sce_mine/MatAGen/outputs_example/353_1-s2.0-S0143720816305733-main/353_1-s2.0-S0143720816305733-main/pdf/353_1-s2.0-S0143720816305733-main.txt,text_mining_GPT_extended
J70,BDTT-alt-FBTA,triethylsilyl (triethyl),alkylsilyl,triethyl,tune packing and photovoltaic properties,PSC,electronic,N/A,N/A,34.6K,N/A,2.10,1.93 × 10−4 cm2 V−1 s−1,8.40 × 10−4 cm2 V−1 s−1,N/A,N/A,11.62%,18.09 mA cm−2,0.920 V,69.82%,N/A,3.735 Å,N/A,D/A 1:1.5; thermal anneal 150 °C 2 min,spin-coating; thermal annealing,chloroform,N/A,N/A,ITO/PEDOT:PSS/active/PDINO/Al,strongest aggregation in solution,325_Advanced Energy Materials - 2017 - Bin - Effect of Alkylsilyl Side%E2%80%90Chain Structure on Photovoltaic Properties of Conjugated.txt,scratch/prj/ch_sce_mine/MatAGen/outputs_example/325_Advanced Energy Materials - 2017 - Bin - Effect of Alkylsilyl Side%E2%80%90Chain Structure on Photovoltaic Properties of Conjugated/325_Advanced Energy Materials - 2017 - Bin - Effect of Alkylsilyl Side%E2%80%90Chain Structure on Photovoltaic Properties of Conjugated/pdf/325_Advanced Energy Materials - 2017 - Bin - Effect of Alkylsilyl Side%E2%80%90Chain Structure on Photovoltaic Properties of Conjugated.txt,text_mining_GPT_extended
J71,BDTT-alt-FBTA,tri-n-propylsilyl (tri-n-propyl),alkylsilyl,tri-n-propyl,tune packing and photovoltaic properties,PSC,electronic,N/A,N/A,23.5K,N/A,2.02,1.09 × 10−4 cm2 V−1 s−1,4.66 × 10−4 cm2 V−1 s−1,N/A,N/A,12.05%,18.09 mA cm−2,0.944 V,70.59%,N/A,3.778 Å,N/A,D/A 1:1.5; thermal anneal 150 °C 2 min,spin-coating; thermal annealing,chloroform,N/A,N/A,ITO/PEDOT:PSS/active/PDINO/Al,strong aggregation in solution,325_Advanced Energy Materials - 2017 - Bin - Effect of Alkylsilyl Side%E2%80%90Chain Structure on Photovoltaic Properties of Conjugated.txt,scratch/prj/ch_sce_mine/MatAGen/outputs_example/325_Advanced Energy Materials - 2017 - Bin - Effect of Alkylsilyl Side%E2%80%90Chain Structure on Photovoltaic Properties of Conjugated/325_Advanced Energy Materials - 2017 - Bin - Effect of Alkylsilyl Side%E2%80%90Chain Structure on Photovoltaic Properties of Conjugated/pdf/325_Advanced Energy Materials - 2017 - Bin - Effect of Alkylsilyl Side%E2%80%90Chain Structure on Photovoltaic Properties of Conjugated.txt,text_mining_GPT_extended
J72,BDTT-alt-FBTA,triisopropylsilyl (tri-isopropyl),alkylsilyl,triisopropyl,tune packing and photovoltaic properties,PSC,electronic,N/A,N/A,16.6K,N/A,2.20,0.46 × 10−4 cm2 V−1 s−1,3.98 × 10−4 cm2 V−1 s−1,N/A,N/A,10.23%,16.35 mA cm−2,0.962 V,65.03%,N/A,3.792 Å,N/A,D/A 1:1.5; thermal anneal 150 °C 2 min,spin-coating; thermal annealing,chloroform,N/A,N/A,ITO/PEDOT:PSS/active/PDINO/Al,one order larger roughness,325_Advanced Energy Materials - 2017 - Bin - Effect of Alkylsilyl Side%E2%80%90Chain Structure on Photovoltaic Properties of Conjugated.txt,scratch/prj/ch_sce_mine/MatAGen/outputs_example/325_Advanced Energy Materials - 2017 - Bin - Effect of Alkylsilyl Side%E2%80%90Chain Structure on Photovoltaic Properties of Conjugated/325_Advanced Energy Materials - 2017 - Bin - Effect of Alkylsilyl Side%E2%80%90Chain Structure on Photovoltaic Properties of Conjugated/pdf/325_Advanced Energy Materials - 2017 - Bin - Effect of Alkylsilyl Side%E2%80%90Chain Structure on Photovoltaic Properties of Conjugated.txt,text_mining_GPT_extended
J73,BDTT-alt-FBTA,tributylsilyl (tributyl),alkylsilyl,tributyl,tune packing and photovoltaic properties,PSC,electronic,N/A,N/A,13.9K,N/A,2.08,0.38 × 10−4 cm2 V−1 s−1,3.10 × 10−4 cm2 V−1 s−1,N/A,N/A,10.71%,16.45 mA cm−2,0.974 V,66.87%,N/A,3.859 Å,N/A,D/A 1:1.5; thermal anneal 150 °C 2 min,spin-coating; thermal annealing,chloroform,N/A,N/A,ITO/PEDOT:PSS/active/PDINO/Al,weaken the interchain interaction,325_Advanced Energy Materials - 2017 - Bin - Effect of Alkylsilyl Side%E2%80%90Chain Structure on Photovoltaic Properties of Conjugated.txt,scratch/prj/ch_sce_mine/MatAGen/outputs_example/325_Advanced Energy Materials - 2017 - Bin - Effect of Alkylsilyl Side%E2%80%90Chain Structure on Photovoltaic Properties of Conjugated/325_Advanced Energy Materials - 2017 - Bin - Effect of Alkylsilyl Side%E2%80%90Chain Structure on Photovoltaic Properties of Conjugated/pdf/325_Advanced Energy Materials - 2017 - Bin - Effect of Alkylsilyl Side%E2%80%90Chain Structure on Photovoltaic Properties of Conjugated.txt,text_mining_GPT_extended
J74,BDTT-alt-FBTA,dimethyloctylsilyl (dimethyloctyl),alkylsilyl,dimethyloctyl,tune packing and photovoltaic properties,PSC,electronic,N/A,N/A,11.4K,N/A,1.69,0.24 × 10−4 cm2 V−1 s−1,4.05 × 10−4 cm2 V−1 s−1,N/A,N/A,9.63%,15.89 mA cm−2,0.990 V,61.18%,N/A,3.862 Å,N/A,D/A 1:1.5; thermal anneal 150 °C 2 min,spin-coating; thermal annealing,chloroform,N/A,N/A,ITO/PEDOT:PSS/active/PDINO/Al,decrease the planarity of the main backbone,325_Advanced Energy Materials - 2017 - Bin - Effect of Alkylsilyl Side%E2%80%90Chain Structure on Photovoltaic Properties of Conjugated.txt,scratch/prj/ch_sce_mine/MatAGen/outputs_example/325_Advanced Energy Materials - 2017 - Bin - Effect of Alkylsilyl Side%E2%80%90Chain Structure on Photovoltaic Properties of Conjugated/325_Advanced Energy Materials - 2017 - Bin - Effect of Alkylsilyl Side%E2%80%90Chain Structure on Photovoltaic Properties of Conjugated/pdf/325_Advanced Energy Materials - 2017 - Bin - Effect of Alkylsilyl Side%E2%80%90Chain Structure on Photovoltaic Properties of Conjugated.txt,text_mining_GPT_extended
J11,"benzo[1,2-b:4,5-b′]dithiophene (BDT)",alkyl flexible substituent,alkyl,N/A,adjust molecular aggregation behavior,N/A,N/A,N/A,N/A,18.8 kDa,N/A,1.81,0.956 ×10−4 cm2 V−1 s−1,N/A,N/A,N/A,N/A,N/A,N/A,N/A,N/A,3.73 Å,22.37 Å,neat film,N/A,N/A,N/A,N/A,SCLC hole-only/electron-only,face-on orientation,333_a-simple-approach-to-prepare-chlorinated-polymer-donors-with-low-lying-homo-level-for-high-performance-polymer-solar.txt,scratch/prj/ch_sce_mine/MatAGen/outputs_example/333_a-simple-approach-to-prepare-chlorinated-polymer-donors-with-low-lying-homo-level-for-high-performance-polymer-solar/333_a-simple-approach-to-prepare-chlorinated-polymer-donors-with-low-lying-homo-level-for-high-performance-polymer-solar/pdf/333_a-simple-approach-to-prepare-chlorinated-polymer-donors-with-low-lying-homo-level-for-high-performance-polymer-solar.txt,text_mining_GPT_extended
J12,"benzo[1,2-b:4,5-b′]dithiophene (BDT)",alkoxy flexible substituent,alkoxy,N/A,adjust molecular aggregation behavior,N/A,N/A,N/A,N/A,31.9 kDa,N/A,1.28,0.338 ×10−4 cm2 V−1 s−1,N/A,N/A,N/A,N/A,N/A,N/A,N/A,N/A,3.70 Å,24.21 Å,neat film,N/A,N/A,N/A,N/A,SCLC hole-only/electron-only,face-on orientation,333_a-simple-approach-to-prepare-chlorinated-polymer-donors-with-low-lying-homo-level-for-high-performance-polymer-solar.txt,scratch/prj/ch_sce_mine/MatAGen/outputs_example/333_a-simple-approach-to-prepare-chlorinated-polymer-donors-with-low-lying-homo-level-for-high-performance-polymer-solar/333_a-simple-approach-to-prepare-chlorinated-polymer-donors-with-low-lying-homo-level-for-high-performance-polymer-solar/pdf/333_a-simple-approach-to-prepare-chlorinated-polymer-donors-with-low-lying-homo-level-for-high-performance-polymer-solar.txt,text_mining_GPT_extended
J11:m-ITTC,"benzo[1,2-b:4,5-b′]dithiophene (BDT)",alkyl flexible substituent,alkyl,N/A,adjust molecular aggregation behavior,PSC,electronic,N/A,N/A,18.8 kDa,N/A,1.81,0.78 ×10−4 cm2 V−1 s−1,2.43 ×10−4 cm2 V−1 s−1,N/A,N/A,10.16%,15.74 mA cm−2,0.944 V,68.4%,N/A,N/A,N/A,as cast,solution processing,N/A,N/A,N/A,conventional ITO/PEDOT:PSS/active/PDINO/Al,moderate-scale phase separation,333_a-simple-approach-to-prepare-chlorinated-polymer-donors-with-low-lying-homo-level-for-high-performance-polymer-solar.txt,scratch/prj/ch_sce_mine/MatAGen/outputs_example/333_a-simple-approach-to-prepare-chlorinated-polymer-donors-with-low-lying-homo-level-for-high-performance-polymer-solar/333_a-simple-approach-to-prepare-chlorinated-polymer-donors-with-low-lying-homo-level-for-high-performance-polymer-solar/pdf/333_a-simple-approach-to-prepare-chlorinated-polymer-donors-with-low-lying-homo-level-for-high-performance-polymer-solar.txt,text_mining_GPT_extended
J11:m-ITTC,"benzo[1,2-b:4,5-b′]dithiophene (BDT)",alkyl flexible substituent,alkyl,N/A,adjust molecular aggregation behavior,PSC,electronic,N/A,N/A,18.8 kDa,N/A,1.81,1.06 ×10−4 cm2 V−1 s−1,2.84 ×10−4 cm2 V−1 s−1,N/A,N/A,12.32%,18.05 mA cm−2,0.935 V,73.0%,N/A,N/A,N/A,"150 °C, 1 min",solution processing,N/A,N/A,N/A,conventional ITO/PEDOT:PSS/active/PDINO/Al,slightly enhanced phase separation,333_a-simple-approach-to-prepare-chlorinated-polymer-donors-with-low-lying-homo-level-for-high-performance-polymer-solar.txt,scratch/prj/ch_sce_mine/MatAGen/outputs_example/333_a-simple-approach-to-prepare-chlorinated-polymer-donors-with-low-lying-homo-level-for-high-performance-polymer-solar/333_a-simple-approach-to-prepare-chlorinated-polymer-donors-with-low-lying-homo-level-for-high-performance-polymer-solar/pdf/333_a-simple-approach-to-prepare-chlorinated-polymer-donors-with-low-lying-homo-level-for-high-performance-polymer-solar.txt,text_mining_GPT_extended
J12:m-ITTC,"benzo[1,2-b:4,5-b′]dithiophene (BDT)",alkoxy flexible substituent,alkoxy,N/A,adjust molecular aggregation behavior,PSC,electronic,N/A,N/A,31.9 kDa,N/A,1.28,0.15 ×10−4 cm2 V−1 s−1,1.93 ×10−4 cm2 V−1 s−1,N/A,N/A,8.31%,15.56 mA cm−2,0.955 V,55.9%,N/A,N/A,N/A,as cast,solution processing,N/A,N/A,N/A,conventional ITO/PEDOT:PSS/active/PDINO/Al,excessive miscibility,333_a-simple-approach-to-prepare-chlorinated-polymer-donors-with-low-lying-homo-level-for-high-performance-polymer-solar.txt,scratch/prj/ch_sce_mine/MatAGen/outputs_example/333_a-simple-approach-to-prepare-chlorinated-polymer-donors-with-low-lying-homo-level-for-high-performance-polymer-solar/333_a-simple-approach-to-prepare-chlorinated-polymer-donors-with-low-lying-homo-level-for-high-performance-polymer-solar/pdf/333_a-simple-approach-to-prepare-chlorinated-polymer-donors-with-low-lying-homo-level-for-high-performance-polymer-solar.txt,text_mining_GPT_extended
J12:m-ITTC,"benzo[1,2-b:4,5-b′]dithiophene (BDT)",alkoxy flexible substituent,alkoxy,N/A,adjust molecular aggregation behavior,PSC,electronic,N/A,N/A,31.9 kDa,N/A,1.28,0.22 ×10−4 cm2 V−1 s−1,2.54 ×10−4 cm2 V−1 s−1,N/A,N/A,8.74%,16.64 mA cm−2,0.943 V,55.7%,N/A,N/A,N/A,"150 °C, 1 min",solution processing,N/A,N/A,N/A,conventional ITO/PEDOT:PSS/active/PDINO/Al,more intermixed morphology,333_a-simple-approach-to-prepare-chlorinated-polymer-donors-with-low-lying-homo-level-for-high-performance-polymer-solar.txt,scratch/prj/ch_sce_mine/MatAGen/outputs_example/333_a-simple-approach-to-prepare-chlorinated-polymer-donors-with-low-lying-homo-level-for-high-performance-polymer-solar/333_a-simple-approach-to-prepare-chlorinated-polymer-donors-with-low-lying-homo-level-for-high-performance-polymer-solar/pdf/333_a-simple-approach-to-prepare-chlorinated-polymer-donors-with-low-lying-homo-level-for-high-performance-polymer-solar.txt,text_mining_GPT_extended
P1,PDPPTVT,SiC8,alkyl,C8,N/A,OFET,electronic,N/A,50 μm,285 kDa,"909,000",3.19,1.70 ± 0.46/2.00 cm2 V−1 s−1,N/A,N/A,N/A,N/A,N/A,N/A,N/A,semi-crystalline,3.59 Å,25.2 Å,annealed at 180 °C under vacuum for 30 min,spin-coated and annealed,chloroform,chlorobenzene (CB),N/A,bottom-gate/top-contact (BG/TC),edge-on orientation,399_study-on-intrinsic-stretchability-of-diketopyrrolopyrrole-based-%CF%80-conjugated-copolymers-with-poly%28acryl-amide%29-side.txt,scratch/prj/ch_sce_mine/MatAGen/outputs_example/399_study-on-intrinsic-stretchability-of-diketopyrrolopyrrole-based-%CF%80-conjugated-copolymers-with-poly%28acryl-amide%29-side/399_study-on-intrinsic-stretchability-of-diketopyrrolopyrrole-based-%CF%80-conjugated-copolymers-with-poly%28acryl-amide%29-side/pdf/399_study-on-intrinsic-stretchability-of-diketopyrrolopyrrole-based-%CF%80-conjugated-copolymers-with-poly%28acryl-amide%29-side.txt,text_mining_GPT_extended
P2,PDPPTVT,SiC8 and PAM-incorporated alkyl side chain,"alkyl, PAM",C8; PAM5,hydrogen-bonding network serving as sacrificial bonding,OFET,electronic,N/A,50 μm,116 kDa,"295,000",2.54,0.90 ± 0.06/0.97 cm2 V−1 s−1,N/A,N/A,N/A,N/A,N/A,N/A,N/A,semi-crystalline,3.58 Å,25.7 Å,annealed at 180 °C under vacuum for 30 min,spin-coated and annealed,chloroform,chlorobenzene (CB),N/A,bottom-gate/top-contact (BG/TC),edge-on orientation,399_study-on-intrinsic-stretchability-of-diketopyrrolopyrrole-based-%CF%80-conjugated-copolymers-with-poly%28acryl-amide%29-side.txt,scratch/prj/ch_sce_mine/MatAGen/outputs_example/399_study-on-intrinsic-stretchability-of-diketopyrrolopyrrole-based-%CF%80-conjugated-copolymers-with-poly%28acryl-amide%29-side/399_study-on-intrinsic-stretchability-of-diketopyrrolopyrrole-based-%CF%80-conjugated-copolymers-with-poly%28acryl-amide%29-side/pdf/399_study-on-intrinsic-stretchability-of-diketopyrrolopyrrole-based-%CF%80-conjugated-copolymers-with-poly%28acryl-amide%29-side.txt,text_mining_GPT_extended
P3,PDPPTVT,SiC8 and PAM-incorporated alkyl side chain,"alkyl, PAM",C8; PAM5,hydrogen-bonding network serving as sacrificial bonding,OFET,electronic,N/A,50 μm,82.1 kDa,"247,000",3.00,0.67 ± 0.07/0.74 cm2 V−1 s−1,N/A,N/A,N/A,N/A,N/A,N/A,N/A,semi-crystalline,3.58 Å,27.4 Å,annealed at 180 °C under vacuum for 30 min,spin-coated and annealed,chloroform,chlorobenzene (CB),N/A,bottom-gate/top-contact (BG/TC),edge-on orientation,399_study-on-intrinsic-stretchability-of-diketopyrrolopyrrole-based-%CF%80-conjugated-copolymers-with-poly%28acryl-amide%29-side.txt,scratch/prj/ch_sce_mine/MatAGen/outputs_example/399_study-on-intrinsic-stretchability-of-diketopyrrolopyrrole-based-%CF%80-conjugated-copolymers-with-poly%28acryl-amide%29-side/399_study-on-intrinsic-stretchability-of-diketopyrrolopyrrole-based-%CF%80-conjugated-copolymers-with-poly%28acryl-amide%29-side/pdf/399_study-on-intrinsic-stretchability-of-diketopyrrolopyrrole-based-%CF%80-conjugated-copolymers-with-poly%28acryl-amide%29-side.txt,text_mining_GPT_extended
P4,PDPPTVT,SiC8 and PAM-incorporated alkyl side chain,"alkyl, PAM",C8; PAM5,hydrogen-bonding network serving as sacrificial bonding,OFET,electronic,N/A,50 μm,45.5 kDa,"80,000",1.76,0.39 ± 0.02/0.42 cm2 V−1 s−1,N/A,N/A,N/A,N/A,N/A,N/A,N/A,semi-crystalline,3.58 Å,26.1 Å,annealed at 180 °C under vacuum for 30 min,spin-coated and annealed,chloroform,chlorobenzene (CB),N/A,bottom-gate/top-contact (BG/TC),amorphous nature,399_study-on-intrinsic-stretchability-of-diketopyrrolopyrrole-based-%CF%80-conjugated-copolymers-with-poly%28acryl-amide%29-side.txt,scratch/prj/ch_sce_mine/MatAGen/outputs_example/399_study-on-intrinsic-stretchability-of-diketopyrrolopyrrole-based-%CF%80-conjugated-copolymers-with-poly%28acryl-amide%29-side/399_study-on-intrinsic-stretchability-of-diketopyrrolopyrrole-based-%CF%80-conjugated-copolymers-with-poly%28acryl-amide%29-side/pdf/399_study-on-intrinsic-stretchability-of-diketopyrrolopyrrole-based-%CF%80-conjugated-copolymers-with-poly%28acryl-amide%29-side.txt,text_mining_GPT_extended
P5,PDPPSe,SiC8 and PAM-incorporated alkyl side chain,"alkyl, PAM",C8; PAM5,hydrogen-bonding network serving as sacrificial bonding,OFET,electronic,N/A,50 μm,97.8 kDa,"148,000",1.51,0.74 ± 0.14/0.96 cm2 V−1 s−1,0.02 cm2 V−1 s−1,N/A,N/A,N/A,N/A,N/A,N/A,semi-crystalline,3.64 Å,30.1 Å,annealed at 180 °C under vacuum for 30 min,spin-coated and annealed,chloroform,chlorobenzene (CB),N/A,bottom-gate/top-contact (BG/TC),less-cracked surface,399_study-on-intrinsic-stretchability-of-diketopyrrolopyrrole-based-%CF%80-conjugated-copolymers-with-poly%28acryl-amide%29-side.txt,scratch/prj/ch_sce_mine/MatAGen/outputs_example/399_study-on-intrinsic-stretchability-of-diketopyrrolopyrrole-based-%CF%80-conjugated-copolymers-with-poly%28acryl-amide%29-side/399_study-on-intrinsic-stretchability-of-diketopyrrolopyrrole-based-%CF%80-conjugated-copolymers-with-poly%28acryl-amide%29-side/pdf/399_study-on-intrinsic-stretchability-of-diketopyrrolopyrrole-based-%CF%80-conjugated-copolymers-with-poly%28acryl-amide%29-side.txt,text_mining_GPT_extended
P6,PDPPTVT,PAM (100%),PAM,PAM5,hydrogen-bonding network (high PAM content),OFET,electronic,N/A,50 μm,6.9 kDa,8×10^0,1.18,0.028 ± 0.003/0.030 cm2 V−1 s−1,N/A,N/A,N/A,N/A,N/A,N/A,N/A,amorphous,N/A,N/A,annealed at 180 °C under vacuum for 30 min,spin-coated and annealed,chloroform,chlorobenzene (CB),N/A,bottom-gate/top-contact (BG/TC),amorphous nature,399_study-on-intrinsic-stretchability-of-diketopyrrolopyrrole-based-%CF%80-conjugated-copolymers-with-poly%28acryl-amide%29-side.txt,scratch/prj/ch_sce_mine/MatAGen/outputs_example/399_study-on-intrinsic-stretchability-of-diketopyrrolopyrrole-based-%CF%80-conjugated-copolymers-with-poly%28acryl-amide%29-side/399_study-on-intrinsic-stretchability-of-diketopyrrolopyrrole-based-%CF%80-conjugated-copolymers-with-poly%28acryl-amide%29-side/pdf/399_study-on-intrinsic-stretchability-of-diketopyrrolopyrrole-based-%CF%80-conjugated-copolymers-with-poly%28acryl-amide%29-side.txt,text_mining_GPT_extended
PAQM-BT,p-AQM (quinoid) + benzothiadiazole (BT) + two thiophenes,2-decyltetradecyl (DT),alkyl,2-decyltetradecyl (DT),solubility,OFET,electronic,N/A,N/A,16.2 kDa,N/A,N/A,0.31 cm2 V−1 s−1,N/A,N/A,N/A,N/A,N/A,N/A,N/A,N/A,N/A,no annealing,spin-coating,N/A,N/A,N/A,bottom-gate top-contact (BGTC),bimodal texture with both face-on and edge-on orientation,N/A,360_d1ta06383a.txt,scratch/prj/ch_sce_mine/MatAGen/outputs_example/360_d1ta06383a/360_d1ta06383a/pdf/360_d1ta06383a.txt,text_mining_GPT_extended
PAQM-BT,p-AQM (quinoid) + benzothiadiazole (BT) + two thiophenes,2-decyltetradecyl (DT),alkyl,2-decyltetradecyl (DT),solubility,OFET,electronic,N/A,N/A,16.2 kDa,N/A,N/A,1.53 cm2 V−1 s−1,N/A,N/A,N/A,N/A,N/A,N/A,N/A,N/A,N/A,annealed at 150 °C,spin-coating,N/A,N/A,N/A,bottom-gate top-contact (BGTC),bimodal texture,N/A,360_d1ta06383a.txt,scratch/prj/ch_sce_mine/MatAGen/outputs_example/360_d1ta06383a/360_d1ta06383a/pdf/360_d1ta06383a.txt,text_mining_GPT_extended
PAQM-BT,p-AQM (quinoid) + benzothiadiazole (BT) + two thiophenes,2-decyltetradecyl (DT),alkyl,2-decyltetradecyl (DT),solubility,OFET,electronic,N/A,N/A,16.2 kDa,N/A,N/A,5.10 cm2 V−1 s−1,N/A,N/A,N/A,N/A,N/A,N/A,N/A,N/A,N/A,annealed at 250 °C,spin-coating,N/A,N/A,N/A,bottom-gate top-contact (BGTC),pure edge-on orientation,N/A,360_d1ta06383a.txt,scratch/prj/ch_sce_mine/MatAGen/outputs_example/360_d1ta06383a/360_d1ta06383a/pdf/360_d1ta06383a.txt,text_mining_GPT_extended
PAQM-3T,p-AQM (quinoid) + terthiophene,2-decyltetradecyloxy side chains,alkyl,2-decyltetradecyloxy,N/A,OFET,electronic,N/A,N/A,N/A,N/A,N/A,0.54 cm2 V−1 s−1,N/A,N/A,N/A,N/A,N/A,N/A,N/A,N/A,N/A,annealed at 200 °C,N/A,N/A,N/A,N/A,N/A,bimodal texture,N/A,360_d1ta06383a.txt,scratch/prj/ch_sce_mine/MatAGen/outputs_example/360_d1ta06383a/360_d1ta06383a/pdf/360_d1ta06383a.txt,text_mining_GPT_extended
PT3B1,BT-terthiophene D–A backbone,N/A,N/A,N/A,N/A,OFET,electronic,N/A,N/A,N/A,N/A,N/A,6.10 × 10−4 cm2 V−1 s−1,N/A,N/A,N/A,N/A,N/A,N/A,N/A,N/A,N/A,N/A,N/A,N/A,N/A,N/A,N/A,N/A,N/A,360_d1ta06383a.txt,scratch/prj/ch_sce_mine/MatAGen/outputs_example/360_d1ta06383a/360_d1ta06383a/pdf/360_d1ta06383a.txt,text_mining_GPT_extended
P(NDI2HD-T2),NDI-bithiophene (NDI-T2) copolymer,2-hexyldecyl (2-HD),alkyl,2-hexyldecyl (2-HD),enhance electron mobility and device performance,OFET,electronic,N/A,50 µm,97.8 kg mol −1,N/A,2.8,N/A,1.90 cm 2 V −1 s −1,N/A,N/A,N/A,N/A,N/A,N/A,crystalline,3.84 Å,23.11 Å,thermal annealing 220 °C 30 min,spin-coating,chloroform,anhydrous toluene,N/A,bottom-gate top-contact (BGTC),densely packed molecular assembly,373_Adv Funct Materials - 2016 - Lee - Side Chain Optimization of Naphthalenediimide Bithiophene%E2%80%90Based Polymers to Enhance the.txt,scratch/prj/ch_sce_mine/MatAGen/outputs_example/373_Adv Funct Materials - 2016 - Lee - Side Chain Optimization of Naphthalenediimide Bithiophene%E2%80%90Based Polymers to Enhance the/373_Adv Funct Materials - 2016 - Lee - Side Chain Optimization of Naphthalenediimide Bithiophene%E2%80%90Based Polymers to Enhance the/pdf/373_Adv Funct Materials - 2016 - Lee - Side Chain Optimization of Naphthalenediimide Bithiophene%E2%80%90Based Polymers to Enhance the.txt,text_mining_GPT_extended
P(NDI2OD-T2),NDI-bithiophene (NDI-T2) copolymer,2-octyldodecyl (2-OD),alkyl,2-octyldodecyl (2-OD),enhance electron mobility and device performance,OFET,electronic,N/A,50 µm,71.0 kg mol −1,N/A,2.0,N/A,1.22 cm 2 V −1 s −1,N/A,N/A,N/A,N/A,N/A,N/A,semi-crystalline,3.90 Å,25.73 Å,thermal annealing 220 °C 30 min,spin-coating,chloroform,anhydrous toluene,N/A,bottom-gate top-contact (BGTC),N/A,373_Adv Funct Materials - 2016 - Lee - Side Chain Optimization of Naphthalenediimide Bithiophene%E2%80%90Based Polymers to Enhance the.txt,scratch/prj/ch_sce_mine/MatAGen/outputs_example/373_Adv Funct Materials - 2016 - Lee - Side Chain Optimization of Naphthalenediimide Bithiophene%E2%80%90Based Polymers to Enhance the/373_Adv Funct Materials - 2016 - Lee - Side Chain Optimization of Naphthalenediimide Bithiophene%E2%80%90Based Polymers to Enhance the/pdf/373_Adv Funct Materials - 2016 - Lee - Side Chain Optimization of Naphthalenediimide Bithiophene%E2%80%90Based Polymers to Enhance the.txt,text_mining_GPT_extended
P(NDI2DT-T2),NDI-bithiophene (NDI-T2) copolymer,2-decyltetradecyl (2-DT),alkyl,2-decyltetradecyl (2-DT),enhance electron mobility and device performance,OFET,electronic,N/A,50 µm,91.7 kg mol −1,N/A,2.5,N/A,0.39 cm 2 V −1 s −1,N/A,N/A,N/A,N/A,N/A,N/A,semi-crystalline,3.89 Å,27.06 Å,thermal annealing 220 °C 30 min,spin-coating,chloroform,anhydrous toluene,N/A,bottom-gate top-contact (BGTC),N/A,373_Adv Funct Materials - 2016 - Lee - Side Chain Optimization of Naphthalenediimide Bithiophene%E2%80%90Based Polymers to Enhance the.txt,scratch/prj/ch_sce_mine/MatAGen/outputs_example/373_Adv Funct Materials - 2016 - Lee - Side Chain Optimization of Naphthalenediimide Bithiophene%E2%80%90Based Polymers to Enhance the/373_Adv Funct Materials - 2016 - Lee - Side Chain Optimization of Naphthalenediimide Bithiophene%E2%80%90Based Polymers to Enhance the/pdf/373_Adv Funct Materials - 2016 - Lee - Side Chain Optimization of Naphthalenediimide Bithiophene%E2%80%90Based Polymers to Enhance the.txt,text_mining_GPT_extended
PTB7-Th:P(NDI2HD-T2),NDI-T2 acceptor with PTB7-Th donor,2-hexyldecyl (2-HD),alkyl,2-hexyldecyl (2-HD),enhance electron mobility and device performance,all-PSC,electronic,around 90–100 nm,N/A,N/A,N/A,N/A,9.79 × 10 −5 cm 2 V −1 s −1,6.18 × 10 −5 cm 2 V −1 s −1,N/A,N/A,6.11%,13.97 mA cm −2,0.82 V,0.53,crystalline,N/A,N/A,"D:A 1.3:1, 0.25 vol% DIO",spin-cast,chloroform with 0.25 vol% DIO,N/A,N/A,inverted stack ITO/ZnO/active/MoO3/Ag,better intermixed bulk-heterojunction morphology,373_Adv Funct Materials - 2016 - Lee - Side Chain Optimization of Naphthalenediimide Bithiophene%E2%80%90Based Polymers to Enhance the.txt,scratch/prj/ch_sce_mine/MatAGen/outputs_example/373_Adv Funct Materials - 2016 - Lee - Side Chain Optimization of Naphthalenediimide Bithiophene%E2%80%90Based Polymers to Enhance the/373_Adv Funct Materials - 2016 - Lee - Side Chain Optimization of Naphthalenediimide Bithiophene%E2%80%90Based Polymers to Enhance the/pdf/373_Adv Funct Materials - 2016 - Lee - Side Chain Optimization of Naphthalenediimide Bithiophene%E2%80%90Based Polymers to Enhance the.txt,text_mining_GPT_extended
PTB7-Th:P(NDI2OD-T2),NDI-T2 acceptor with PTB7-Th donor,2-octyldodecyl (2-OD),alkyl,2-octyldodecyl (2-OD),enhance electron mobility and device performance,all-PSC,electronic,around 90–100 nm,N/A,N/A,N/A,N/A,7.97 × 10 −5 cm 2 V −1 s −1,1.28 × 10 −5 cm 2 V −1 s −1,N/A,N/A,5.30%,12.36 mA cm −2,0.81 V,0.53,semi-crystalline,N/A,N/A,"D:A 1.3:1, 0.25 vol% DIO",spin-cast,chloroform with 0.25 vol% DIO,N/A,N/A,inverted stack ITO/ZnO/active/MoO3/Ag,higher domain purity,373_Adv Funct Materials - 2016 - Lee - Side Chain Optimization of Naphthalenediimide Bithiophene%E2%80%90Based Polymers to Enhance the.txt,scratch/prj/ch_sce_mine/MatAGen/outputs_example/373_Adv Funct Materials - 2016 - Lee - Side Chain Optimization of Naphthalenediimide Bithiophene%E2%80%90Based Polymers to Enhance the/373_Adv Funct Materials - 2016 - Lee - Side Chain Optimization of Naphthalenediimide Bithiophene%E2%80%90Based Polymers to Enhance the/pdf/373_Adv Funct Materials - 2016 - Lee - Side Chain Optimization of Naphthalenediimide Bithiophene%E2%80%90Based Polymers to Enhance the.txt,text_mining_GPT_extended
PTB7-Th:P(NDI2DT-T2),NDI-T2 acceptor with PTB7-Th donor,2-decyltetradecyl (2-DT),alkyl,2-decyltetradecyl (2-DT),enhance electron mobility and device performance,all-PSC,electronic,around 90–100 nm,N/A,N/A,N/A,N/A,1.21 × 10 −4 cm 2 V −1 s −1,1.57 × 10 −5 cm 2 V −1 s −1,N/A,N/A,4.31%,10.48 mA cm −2,0.82 V,0.50,semi-crystalline,N/A,N/A,"D:A 1.3:1, 0.25 vol% DIO",spin-cast,chloroform with 0.25 vol% DIO,N/A,N/A,inverted stack ITO/ZnO/active/MoO3/Ag,largely phase-separated and isolated domains,373_Adv Funct Materials - 2016 - Lee - Side Chain Optimization of Naphthalenediimide Bithiophene%E2%80%90Based Polymers to Enhance the.txt,scratch/prj/ch_sce_mine/MatAGen/outputs_example/373_Adv Funct Materials - 2016 - Lee - Side Chain Optimization of Naphthalenediimide Bithiophene%E2%80%90Based Polymers to Enhance the/373_Adv Funct Materials - 2016 - Lee - Side Chain Optimization of Naphthalenediimide Bithiophene%E2%80%90Based Polymers to Enhance the/pdf/373_Adv Funct Materials - 2016 - Lee - Side Chain Optimization of Naphthalenediimide Bithiophene%E2%80%90Based Polymers to Enhance the.txt,text_mining_GPT_extended
TsCDI monomer 1,semicoronenediimide core,"N,N'-Bis(1-hexylheptyl)",alkyl,1-hexylheptyl,N/A,N/A,N/A,N/A,N/A,N/A,N/A,N/A,N/A,N/A,N/A,N/A,N/A,N/A,N/A,N/A,N/A,N/A,in CHCl3,thin film on quartz,CHCl3,N/A,CH3CN/0.1 M [n-Bu4N]+[PF6]−,CV with glassy-carbon working electrode,N/A,N/A,402_synthesis-and-c-h-functionalization-chemistry-of-thiazole-semicoronenediimides-%28tscdis%29-and-coronenediimides-%28tcdis%29.txt,scratch/prj/ch_sce_mine/MatAGen/outputs_example/402_synthesis-and-c-h-functionalization-chemistry-of-thiazole-semicoronenediimides-%28tscdis%29-and-coronenediimides-%28tcdis%29/402_synthesis-and-c-h-functionalization-chemistry-of-thiazole-semicoronenediimides-%28tscdis%29-and-coronenediimides-%28tcdis%29/pdf/402_synthesis-and-c-h-functionalization-chemistry-of-thiazole-semicoronenediimides-%28tscdis%29-and-coronenediimides-%28tcdis%29.txt,text_mining_GPT_extended
TCDI monomer 2,coronenediimide core,"N,N'-bis(1-nonyldecyl)",alkyl,1-nonyldecyl,N/A,N/A,N/A,N/A,N/A,N/A,N/A,N/A,N/A,N/A,N/A,N/A,N/A,N/A,N/A,N/A,N/A,N/A,in CHCl3,thin film on quartz,CHCl3,N/A,CH3CN/0.1 M [n-Bu4N]+[PF6]−,CV with glassy-carbon working electrode,N/A,N/A,402_synthesis-and-c-h-functionalization-chemistry-of-thiazole-semicoronenediimides-%28tscdis%29-and-coronenediimides-%28tcdis%29.txt,scratch/prj/ch_sce_mine/MatAGen/outputs_example/402_synthesis-and-c-h-functionalization-chemistry-of-thiazole-semicoronenediimides-%28tscdis%29-and-coronenediimides-%28tcdis%29/402_synthesis-and-c-h-functionalization-chemistry-of-thiazole-semicoronenediimides-%28tscdis%29-and-coronenediimides-%28tcdis%29/pdf/402_synthesis-and-c-h-functionalization-chemistry-of-thiazole-semicoronenediimides-%28tscdis%29-and-coronenediimides-%28tcdis%29.txt,text_mining_GPT_extended
TsCDI monomer 4,semicoronenediimide core,"N,N'-bis(2-octyl-dodecyl)",alkyl,2-octyl-dodecyl,N/A,N/A,N/A,N/A,N/A,N/A,N/A,N/A,N/A,N/A,N/A,N/A,N/A,N/A,N/A,N/A,N/A,N/A,solid state red-shift,thin film on quartz,CHCl3,N/A,CH3CN/0.1 M [n-Bu4N]+[PF6]−,CV with glassy-carbon working electrode,less branched side chain,N/A,402_synthesis-and-c-h-functionalization-chemistry-of-thiazole-semicoronenediimides-%28tscdis%29-and-coronenediimides-%28tcdis%29.txt,scratch/prj/ch_sce_mine/MatAGen/outputs_example/402_synthesis-and-c-h-functionalization-chemistry-of-thiazole-semicoronenediimides-%28tscdis%29-and-coronenediimides-%28tcdis%29/402_synthesis-and-c-h-functionalization-chemistry-of-thiazole-semicoronenediimides-%28tscdis%29-and-coronenediimides-%28tcdis%29/pdf/402_synthesis-and-c-h-functionalization-chemistry-of-thiazole-semicoronenediimides-%28tscdis%29-and-coronenediimides-%28tcdis%29.txt,text_mining_GPT_extended
TsCDI dimer 12,TsCDI dimer,"N,N'-bis(2-octyl-dodecyl)",alkyl,2-octyl-dodecyl,N/A,N/A,N/A,N/A,N/A,N/A,N/A,N/A,N/A,N/A,N/A,N/A,N/A,N/A,N/A,N/A,N/A,N/A,solid thin film,thin film on quartz,CHCl3,DMF,N/A,CV with glassy-carbon working electrode,significant aggregation,N/A,402_synthesis-and-c-h-functionalization-chemistry-of-thiazole-semicoronenediimides-%28tscdis%29-and-coronenediimides-%28tcdis%29.txt,scratch/prj/ch_sce_mine/MatAGen/outputs_example/402_synthesis-and-c-h-functionalization-chemistry-of-thiazole-semicoronenediimides-%28tscdis%29-and-coronenediimides-%28tcdis%29/402_synthesis-and-c-h-functionalization-chemistry-of-thiazole-semicoronenediimides-%28tscdis%29-and-coronenediimides-%28tcdis%29/pdf/402_synthesis-and-c-h-functionalization-chemistry-of-thiazole-semicoronenediimides-%28tscdis%29-and-coronenediimides-%28tcdis%29.txt,text_mining_GPT_extended
TsCDI triad 13,"TsCDI-2,5-thiophene triad","N,N'-bis(2-octyl-dodecyl)",alkyl,2-octyl-dodecyl,N/A,N/A,N/A,N/A,N/A,N/A,N/A,N/A,N/A,N/A,N/A,N/A,N/A,N/A,N/A,N/A,N/A,N/A,broader absorption bands,thin film on quartz,CHCl3,DMF,N/A,CV with glassy-carbon working electrode,significant aggregation,N/A,402_synthesis-and-c-h-functionalization-chemistry-of-thiazole-semicoronenediimides-%28tscdis%29-and-coronenediimides-%28tcdis%29.txt,scratch/prj/ch_sce_mine/MatAGen/outputs_example/402_synthesis-and-c-h-functionalization-chemistry-of-thiazole-semicoronenediimides-%28tscdis%29-and-coronenediimides-%28tcdis%29/402_synthesis-and-c-h-functionalization-chemistry-of-thiazole-semicoronenediimides-%28tscdis%29-and-coronenediimides-%28tcdis%29/pdf/402_synthesis-and-c-h-functionalization-chemistry-of-thiazole-semicoronenediimides-%28tscdis%29-and-coronenediimides-%28tcdis%29.txt,text_mining_GPT_extended
TsCDI triad 16,"TsCDI-thieno[3,2-b]thiophene triad","N,N'-bis(2-octyl-dodecyl)",alkyl,2-octyl-dodecyl,N/A,N/A,N/A,N/A,N/A,N/A,N/A,N/A,N/A,N/A,N/A,N/A,N/A,N/A,N/A,N/A,N/A,N/A,in CHCl3,thin film on quartz,CHCl3,DMF,N/A,CV with glassy-carbon working electrode,significant aggregation,N/A,402_synthesis-and-c-h-functionalization-chemistry-of-thiazole-semicoronenediimides-%28tscdis%29-and-coronenediimides-%28tcdis%29.txt,scratch/prj/ch_sce_mine/MatAGen/outputs_example/402_synthesis-and-c-h-functionalization-chemistry-of-thiazole-semicoronenediimides-%28tscdis%29-and-coronenediimides-%28tcdis%29/402_synthesis-and-c-h-functionalization-chemistry-of-thiazole-semicoronenediimides-%28tscdis%29-and-coronenediimides-%28tcdis%29/pdf/402_synthesis-and-c-h-functionalization-chemistry-of-thiazole-semicoronenediimides-%28tscdis%29-and-coronenediimides-%28tcdis%29.txt,text_mining_GPT_extended
TCDI copolymer 22,alternating TCDI-thiophene copolymer,"N,N'-bis(1-nonyldecyl)",alkyl,1-nonyldecyl,N/A,N/A,N/A,N/A,N/A,35.5 kDa,66.4 kDa,1.9,N/A,N/A,N/A,N/A,N/A,N/A,N/A,N/A,N/A,N/A,Stille coupling polymerization,thin film on quartz,CHCl3,PhCH3,N/A,N/A,strong charge transfer band,N/A,402_synthesis-and-c-h-functionalization-chemistry-of-thiazole-semicoronenediimides-%28tscdis%29-and-coronenediimides-%28tcdis%29.txt,scratch/prj/ch_sce_mine/MatAGen/outputs_example/402_synthesis-and-c-h-functionalization-chemistry-of-thiazole-semicoronenediimides-%28tscdis%29-and-coronenediimides-%28tcdis%29/402_synthesis-and-c-h-functionalization-chemistry-of-thiazole-semicoronenediimides-%28tscdis%29-and-coronenediimides-%28tcdis%29/pdf/402_synthesis-and-c-h-functionalization-chemistry-of-thiazole-semicoronenediimides-%28tscdis%29-and-coronenediimides-%28tcdis%29.txt,text_mining_GPT_extended
S-LBG,silaindacenodithiophene donor core; DPP linkers; dicyanomethylene rhodanine end groups,siloxane-terminated side chains,siloxane,N/A,enhance solubility; packing control,OFET,electronic,N/A,20 μm,N/A,3073.2567,N/A,0.×10^2 cm2 V−1 s−1,N/A,N/A,N/A,N/A,N/A,N/A,N/A,crystalline,0.659 nm,N/A,annealed 150 ◦C; slow-cooling 1 ◦C/min,spin-coating,"1,2-dichlorobenzene (DCB; 5 mg mL−1)",chloroform,N/A,top-gate/bottom-contact (TG/BC),edge-on oriented close-packing microstructures,400_1-s2.0-S0143720822009627-main.txt,scratch/prj/ch_sce_mine/MatAGen/outputs_example/400_1-s2.0-S0143720822009627-main/400_1-s2.0-S0143720822009627-main/pdf/400_1-s2.0-S0143720822009627-main.txt,text_mining_GPT_extended
S-LBG,silaindacenodithiophene donor core; DPP linkers; dicyanomethylene rhodanine end groups,siloxane-terminated side chains,siloxane,N/A,enhance solubility; packing control,OFET,electronic,N/A,20 μm,N/A,3073.2567,N/A,0.060 cm2 V−1 s−1,N/A,N/A,N/A,N/A,N/A,N/A,N/A,crystalline,0.31 nm,N/A,annealed 150 ◦C; fast-cooling (rapid),spin-coating,"1,2-dichlorobenzene (DCB; 5 mg mL−1)",chloroform,N/A,top-gate/bottom-contact (TG/BC),RMS roughness 1.69 nm,400_1-s2.0-S0143720822009627-main.txt,scratch/prj/ch_sce_mine/MatAGen/outputs_example/400_1-s2.0-S0143720822009627-main/400_1-s2.0-S0143720822009627-main/pdf/400_1-s2.0-S0143720822009627-main.txt,text_mining_GPT_extended
PBDTBTz-T,BDT-T donor and BTz acceptor D–A backbone,alkyl side chains,alkyl,N/A,N/A,OPV,electronic,N/A,N/A,22.2 KDa,44.0 K,1.98,7.11 × 10 −3 cm 2 V −1 s −1,N/A,N/A,N/A,N/A,N/A,N/A,N/A,crystalline,3.64 Å,22.6 Å,drop-cast from CHCl 3,drop-cast,CHCl 3,dry toluene,N/A,SCLC ITO/PEDOT:PSS/PBDTBTz-T/Au,highly coplanar and crystalline structure,350_Macromolecular Rapid Communications - 2016 - Wang - Broad Bandgap D A Copolymer Based on Bithiazole Acceptor Unit for.txt,scratch/prj/ch_sce_mine/MatAGen/outputs_example/350_Macromolecular Rapid Communications - 2016 - Wang - Broad Bandgap D A Copolymer Based on Bithiazole Acceptor Unit for/350_Macromolecular Rapid Communications - 2016 - Wang - Broad Bandgap D A Copolymer Based on Bithiazole Acceptor Unit for/pdf/350_Macromolecular Rapid Communications - 2016 - Wang - Broad Bandgap D A Copolymer Based on Bithiazole Acceptor Unit for.txt,text_mining_GPT_extended
PBDTBTz-T,BDT-T donor and BTz acceptor D–A backbone,alkyl side chains,alkyl,N/A,N/A,OPV,electronic,N/A,N/A,22.2 KDa,44.0 K,1.98,N/A,N/A,N/A,N/A,3.99%,8.56 mA cm −2,0.93 V,50.0%,crystalline,3.64 Å,22.6 Å,D/A ratio 1:1.5 (60% PC 71 BM),spin-coated,o-DCB,dry toluene,N/A,ITO/PEDOT:PSS/active layer/Ca/Al,N/A,350_Macromolecular Rapid Communications - 2016 - Wang - Broad Bandgap D A Copolymer Based on Bithiazole Acceptor Unit for.txt,scratch/prj/ch_sce_mine/MatAGen/outputs_example/350_Macromolecular Rapid Communications - 2016 - Wang - Broad Bandgap D A Copolymer Based on Bithiazole Acceptor Unit for/350_Macromolecular Rapid Communications - 2016 - Wang - Broad Bandgap D A Copolymer Based on Bithiazole Acceptor Unit for/pdf/350_Macromolecular Rapid Communications - 2016 - Wang - Broad Bandgap D A Copolymer Based on Bithiazole Acceptor Unit for.txt,text_mining_GPT_extended
PBDTBTz-T,BDT-T donor and BTz acceptor D–A backbone,alkyl side chains,alkyl,N/A,N/A,OPV,electronic,N/A,N/A,22.2 KDa,44.0 K,1.98,N/A,N/A,N/A,N/A,5.32%,9.51 mA cm −2,0.91 V,61.5%,crystalline,3.64 Å,22.6 Å,D/A ratio 1:1 (50% PC 71 BM),spin-coated,o-DCB,dry toluene,N/A,ITO/PEDOT:PSS/active layer/Ca/Al,low absorption,350_Macromolecular Rapid Communications - 2016 - Wang - Broad Bandgap D A Copolymer Based on Bithiazole Acceptor Unit for.txt,scratch/prj/ch_sce_mine/MatAGen/outputs_example/350_Macromolecular Rapid Communications - 2016 - Wang - Broad Bandgap D A Copolymer Based on Bithiazole Acceptor Unit for/350_Macromolecular Rapid Communications - 2016 - Wang - Broad Bandgap D A Copolymer Based on Bithiazole Acceptor Unit for/pdf/350_Macromolecular Rapid Communications - 2016 - Wang - Broad Bandgap D A Copolymer Based on Bithiazole Acceptor Unit for.txt,text_mining_GPT_extended
PBDTBTz-T,BDT-T donor and BTz acceptor D–A backbone,alkyl side chains,alkyl,N/A,N/A,OPV,electronic,N/A,N/A,22.2 KDa,44.0 K,1.98,N/A,N/A,N/A,N/A,6.09%,10.53 mA cm −2,0.92 V,62.9%,crystalline,3.64 Å,22.6 Å,D/A ratio 1.5:1 (40% PC 71 BM),spin-coated,o-DCB,dry toluene,N/A,ITO/PEDOT:PSS/active layer/Ca/Al,appropriate D/A febril interpenetrating network,350_Macromolecular Rapid Communications - 2016 - Wang - Broad Bandgap D A Copolymer Based on Bithiazole Acceptor Unit for.txt,scratch/prj/ch_sce_mine/MatAGen/outputs_example/350_Macromolecular Rapid Communications - 2016 - Wang - Broad Bandgap D A Copolymer Based on Bithiazole Acceptor Unit for/350_Macromolecular Rapid Communications - 2016 - Wang - Broad Bandgap D A Copolymer Based on Bithiazole Acceptor Unit for/pdf/350_Macromolecular Rapid Communications - 2016 - Wang - Broad Bandgap D A Copolymer Based on Bithiazole Acceptor Unit for.txt,text_mining_GPT_extended
PBDTBTz-T,BDT-T donor and BTz acceptor D–A backbone,alkyl side chains,alkyl,N/A,N/A,OPV,electronic,N/A,N/A,22.2 KDa,44.0 K,1.98,N/A,N/A,N/A,N/A,4.96%,10.20 mA cm −2,0.91 V,53.4%,crystalline,3.64 Å,22.6 Å,D/A ratio 2:1 (33% PC 71 BM),spin-coated,o-DCB,dry toluene,N/A,ITO/PEDOT:PSS/active layer/Ca/Al,too large aggregation,350_Macromolecular Rapid Communications - 2016 - Wang - Broad Bandgap D A Copolymer Based on Bithiazole Acceptor Unit for.txt,scratch/prj/ch_sce_mine/MatAGen/outputs_example/350_Macromolecular Rapid Communications - 2016 - Wang - Broad Bandgap D A Copolymer Based on Bithiazole Acceptor Unit for/350_Macromolecular Rapid Communications - 2016 - Wang - Broad Bandgap D A Copolymer Based on Bithiazole Acceptor Unit for/pdf/350_Macromolecular Rapid Communications - 2016 - Wang - Broad Bandgap D A Copolymer Based on Bithiazole Acceptor Unit for.txt,text_mining_GPT_extended
PBDTBTz-T (2),BDT-T donor and BTz acceptor D–A backbone,alkyl side chains,alkyl,N/A,N/A,OPV,electronic,N/A,N/A,16.0 KDa,N/A,1.81,N/A,N/A,N/A,N/A,N/A,N/A,N/A,N/A,N/A,N/A,N/A,N/A,N/A,dry toluene,N/A,N/A,N/A,N/A,350_Macromolecular Rapid Communications - 2016 - Wang - Broad Bandgap D A Copolymer Based on Bithiazole Acceptor Unit for.txt,scratch/prj/ch_sce_mine/MatAGen/outputs_example/350_Macromolecular Rapid Communications - 2016 - Wang - Broad Bandgap D A Copolymer Based on Bithiazole Acceptor Unit for/350_Macromolecular Rapid Communications - 2016 - Wang - Broad Bandgap D A Copolymer Based on Bithiazole Acceptor Unit for/pdf/350_Macromolecular Rapid Communications - 2016 - Wang - Broad Bandgap D A Copolymer Based on Bithiazole Acceptor Unit for.txt,text_mining_GPT_extended
PBDTBTz-T (3),BDT-T donor and BTz acceptor D–A backbone,alkyl side chains,alkyl,N/A,N/A,OPV,electronic,N/A,N/A,18.1 KDa,N/A,1.72,N/A,N/A,N/A,N/A,N/A,N/A,N/A,N/A,N/A,N/A,N/A,N/A,N/A,dry toluene,N/A,N/A,N/A,N/A,350_Macromolecular Rapid Communications - 2016 - Wang - Broad Bandgap D A Copolymer Based on Bithiazole Acceptor Unit for.txt,scratch/prj/ch_sce_mine/MatAGen/outputs_example/350_Macromolecular Rapid Communications - 2016 - Wang - Broad Bandgap D A Copolymer Based on Bithiazole Acceptor Unit for/350_Macromolecular Rapid Communications - 2016 - Wang - Broad Bandgap D A Copolymer Based on Bithiazole Acceptor Unit for/pdf/350_Macromolecular Rapid Communications - 2016 - Wang - Broad Bandgap D A Copolymer Based on Bithiazole Acceptor Unit for.txt,text_mining_GPT_extended
P4TI,thiophene-alt-isoindigo,2-octyldodecyl (on isoindigo); no donor side chain,alkyl,2-octyldodecyl,solubility,OPV,electronic,56.7 nm,N/A,14 kDa,58 kDa,3.94,2.15  102 cm2(V1 s1),N/A,N/A,N/A,2.8 %,6.7 mA/cm2,0.82 V,48.9 %,crystalline,3.92 Å,17.53 Å,ODCB; 1:1 polymer:PC70BM,spin-coating,o-dichlorobenzene (ODCB),toluene,N/A,conventional (ITO/PEDOT:PSS/active/Al),face-on structure,329_1-s2.0-S0032386115301427-main.txt,scratch/prj/ch_sce_mine/MatAGen/outputs_example/329_1-s2.0-S0032386115301427-main/329_1-s2.0-S0032386115301427-main/pdf/329_1-s2.0-S0032386115301427-main.txt,text_mining_GPT_extended
P4TI-3,bithiophene-alt-isoindigo,2-octyldodecyl (on isoindigo); dodecyl (on donor),alkyl,dodecyl; 2-octyldodecyl,solubility,OPV,electronic,34.3 nm,N/A,14 kDa,29 kDa,2.07,5.64  104 cm2(V1 s1),N/A,N/A,N/A,0.48 %,1.3 mA/cm2,0.92 V,38.9 %,amorphous,N/A,N/A,ODCB; 1:2 polymer:PC70BM,spin-coating,o-dichlorobenzene (ODCB),toluene,N/A,conventional (ITO/PEDOT:PSS/active/Al),almost amorphous thin film,329_1-s2.0-S0032386115301427-main.txt,scratch/prj/ch_sce_mine/MatAGen/outputs_example/329_1-s2.0-S0032386115301427-main/329_1-s2.0-S0032386115301427-main/pdf/329_1-s2.0-S0032386115301427-main.txt,text_mining_GPT_extended
P4TI-4,bithiophene-alt-isoindigo,2-octyldodecyl (on isoindigo); dodecyl (on donor),alkyl,dodecyl; 2-octyldodecyl,solubility,OPV,electronic,35 nm,N/A,22 kDa,49 kDa,2.17,6.08  104 cm2(V1 s1),N/A,N/A,N/A,0.61 %,1.6 mA/cm2,0.82 V,46.4 %,semi-crystalline,N/A,22.54 Å,ODCB; 1:1 polymer:PC70BM,spin-coating,o-dichlorobenzene (ODCB),toluene,N/A,conventional (ITO/PEDOT:PSS/active/Al),edge-on orientation,329_1-s2.0-S0032386115301427-main.txt,scratch/prj/ch_sce_mine/MatAGen/outputs_example/329_1-s2.0-S0032386115301427-main/329_1-s2.0-S0032386115301427-main/pdf/329_1-s2.0-S0032386115301427-main.txt,text_mining_GPT_extended
P6TI-3,bithiophene-alt-isoindigo,2-octyldodecyl (on isoindigo); dodecyl (on donor),alkyl,dodecyl; 2-octyldodecyl,solubility,OPV,electronic,13.6 nm,N/A,13 kDa,22 kDa,1.69,4.03  103 cm2(V1 s1),N/A,N/A,N/A,1.8 %,5.6 mA/cm2,0.82 V,39.7 %,semi-crystalline,4.67 Å,N/A,ODCB; 1:2 polymer:PC70BM,spin-coating,o-dichlorobenzene (ODCB),toluene,N/A,conventional (ITO/PEDOT:PSS/active/Al),edge-on structure,329_1-s2.0-S0032386115301427-main.txt,scratch/prj/ch_sce_mine/MatAGen/outputs_example/329_1-s2.0-S0032386115301427-main/329_1-s2.0-S0032386115301427-main/pdf/329_1-s2.0-S0032386115301427-main.txt,text_mining_GPT_extended
P6TI-4,bithiophene-alt-isoindigo,2-octyldodecyl (on isoindigo); dodecyl (on donor),alkyl,dodecyl; 2-octyldodecyl,solubility,OPV,electronic,19.7 nm,N/A,17 kDa,28 kDa,1.65,5.80  102 cm2(V1 s1),N/A,N/A,N/A,3.2 %,6.3 mA/cm2,0.76 V,67.1 %,face-on rich,4.67×10^3.70 Å,24 Å,ODCB; 1:0.5 polymer:PC70BM,spin-coating,o-dichlorobenzene (ODCB),toluene,N/A,conventional (ITO/PEDOT:PSS/active/Al),face-on rich structure,329_1-s2.0-S0032386115301427-main.txt,scratch/prj/ch_sce_mine/MatAGen/outputs_example/329_1-s2.0-S0032386115301427-main/329_1-s2.0-S0032386115301427-main/pdf/329_1-s2.0-S0032386115301427-main.txt,text_mining_GPT_extended
P6TI-4,bithiophene-alt-isoindigo,2-octyldodecyl (on isoindigo); dodecyl (on donor),alkyl,dodecyl; 2-octyldodecyl,solubility,OPV,electronic,19.7 nm,N/A,17 kDa,28 kDa,1.65,5.80  102 cm2(V1 s1),N/A,N/A,N/A,2.8 %,6.4 mA/cm2,0.66 V,63.3 %,face-on rich,4.67×10^3.70 Å,24 Å,CB þ DIO; 1:2 polymer:PC70BM,spin-coating,chlorobenzene (CB) þ DIO,toluene,N/A,conventional (ITO/PEDOT:PSS/active/Al),face-on rich structure,329_1-s2.0-S0032386115301427-main.txt,scratch/prj/ch_sce_mine/MatAGen/outputs_example/329_1-s2.0-S0032386115301427-main/329_1-s2.0-S0032386115301427-main/pdf/329_1-s2.0-S0032386115301427-main.txt,text_mining_GPT_extended
P6TI-4,bithiophene-alt-isoindigo,2-octyldodecyl (on isoindigo); dodecyl (on donor),alkyl,dodecyl; 2-octyldodecyl,solubility,OPV,electronic,19.7 nm,N/A,17 kDa,28 kDa,1.65,5.80  102 cm2(V1 s1),N/A,N/A,N/A,3.5 %,7.2 mA/cm2,0.70 V,66.0 %,face-on rich,4.67×10^3.70 Å,24 Å,CB þ DIO; 1:2 polymer:PC70BM,spin-coating,chlorobenzene (CB) þ DIO,toluene,N/A,inverted (ITO/ZnO/active/MoO3/Ag),face-on rich structure,329_1-s2.0-S0032386115301427-main.txt,scratch/prj/ch_sce_mine/MatAGen/outputs_example/329_1-s2.0-S0032386115301427-main/329_1-s2.0-S0032386115301427-main/pdf/329_1-s2.0-S0032386115301427-main.txt,text_mining_GPT_extended
P1,isoindigo-based backbone,0 mol% urea-containing side chains,N/A,N/A,N/A,OFET,electronic,B40 nm,30 mm,13.0 kDa,59.5 kDa,4.6,0.016  0.015,N/A,N/A,N/A,N/A,N/A,N/A,N/A,N/A,N/A,approximately 20 Å,annealed at 200 1C,spin-cast,chlorobenzene (3 mg mL1),N/A,N/A,bottom-gate bottom-contact (BGBC),relatively smooth thin films,356_c8tc03438a.txt,scratch/prj/ch_sce_mine/MatAGen/outputs_example/356_c8tc03438a/356_c8tc03438a/pdf/356_c8tc03438a.txt,text_mining_GPT_extended
P2,isoindigo-based backbone,5 mol% urea-containing side chains,urea,hexyl,enable hydrogen bonding,OFET,electronic,B40 nm,30 mm,12.2 kDa,75.2 kDa,6.1,0.022  0.013,N/A,N/A,N/A,N/A,N/A,N/A,N/A,N/A,N/A,approximately 20 Å,annealed at 200 1C,spin-cast,chlorobenzene (3 mg mL1),N/A,N/A,bottom-gate bottom-contact (BGBC),involved in hydrogen bonds,356_c8tc03438a.txt,scratch/prj/ch_sce_mine/MatAGen/outputs_example/356_c8tc03438a/356_c8tc03438a/pdf/356_c8tc03438a.txt,text_mining_GPT_extended
P3,isoindigo-based backbone,10 mol% urea-containing side chains,urea,hexyl,enable hydrogen bonding,OFET,electronic,B40 nm,30 mm,8.7 kDa,33.8 kDa,3.9,0.022  0.006,N/A,N/A,N/A,N/A,N/A,N/A,N/A,N/A,N/A,approximately 20 Å,annealed at 200 1C,spin-cast,chlorobenzene (3 mg mL1),N/A,N/A,bottom-gate bottom-contact (BGBC),involved in hydrogen bonds,356_c8tc03438a.txt,scratch/prj/ch_sce_mine/MatAGen/outputs_example/356_c8tc03438a/356_c8tc03438a/pdf/356_c8tc03438a.txt,text_mining_GPT_extended
P4,isoindigo-based backbone,20 mol% urea-containing side chains,urea,hexyl,enable hydrogen bonding,OFET,electronic,B40 nm,30 mm,9.6 kDa,17.9 kDa,1.9,0.032  0.012,N/A,N/A,N/A,N/A,N/A,N/A,N/A,N/A,N/A,approximately 20 Å,annealed at 200 1C,spin-cast,chlorobenzene (3 mg mL1),N/A,N/A,bottom-gate bottom-contact (BGBC),involved in hydrogen bonds,356_c8tc03438a.txt,scratch/prj/ch_sce_mine/MatAGen/outputs_example/356_c8tc03438a/356_c8tc03438a/pdf/356_c8tc03438a.txt,text_mining_GPT_extended
P5,isoindigo-based backbone,5 mol% dodecyl side chains,alkyl,dodecyl,influence solid-state morphology,OFET,electronic,B40 nm,30 mm,9.9 kDa,64.0 kDa,6.4,0.041  0.012,N/A,N/A,N/A,N/A,N/A,N/A,N/A,N/A,N/A,approximately 20 Å,annealed at 200 1C,spin-cast,chlorobenzene (3 mg mL1),N/A,N/A,bottom-gate bottom-contact (BGBC),no phase separation at the nanoscale,356_c8tc03438a.txt,scratch/prj/ch_sce_mine/MatAGen/outputs_example/356_c8tc03438a/356_c8tc03438a/pdf/356_c8tc03438a.txt,text_mining_GPT_extended
P6,isoindigo-based backbone,10 mol% dodecyl side chains,alkyl,dodecyl,influence solid-state morphology,OFET,electronic,B40 nm,30 mm,16.8 kDa,102.7 kDa,6.1,0.010  0.003,N/A,N/A,N/A,N/A,N/A,N/A,N/A,N/A,N/A,approximately 20 Å,annealed at 200 1C,spin-cast,chlorobenzene (3 mg mL1),N/A,N/A,bottom-gate bottom-contact (BGBC),no phase separation at the nanoscale,356_c8tc03438a.txt,scratch/prj/ch_sce_mine/MatAGen/outputs_example/356_c8tc03438a/356_c8tc03438a/pdf/356_c8tc03438a.txt,text_mining_GPT_extended
P7,isoindigo-based backbone,20 mol% dodecyl side chains,alkyl,dodecyl,influence solid-state morphology,OFET,electronic,B40 nm,30 mm,7.0 kDa,21.1 kDa,3.0,0.0073  0.0058,N/A,N/A,N/A,N/A,N/A,N/A,N/A,N/A,N/A,approximately 20 Å,annealed at 200 1C,spin-cast,chlorobenzene (3 mg mL1),N/A,N/A,bottom-gate bottom-contact (BGBC),no phase separation at the nanoscale,356_c8tc03438a.txt,scratch/prj/ch_sce_mine/MatAGen/outputs_example/356_c8tc03438a/356_c8tc03438a/pdf/356_c8tc03438a.txt,text_mining_GPT_extended
PEGA13,DG-TDPP-containing polythiophene backbone,tert-butyl-substituted triphenylamine (tTPA)-containing moieties,tTPA-containing pendant,N/A,improve solubility; promote charge balance and conjugation,OPV,electronic,N/A,N/A,13.5 kg mol−1,28.4 kg mol−1,N/A,1.79  105 cm2 V1 s1,N/A,N/A,N/A,1.1,5.8,0.61,0.32,N/A,N/A,N/A,annealing at 110 C for 10 min,"spin-coating (1500 rpm, 30 s)",o-DCB,dry toluene,N/A,ITO-coated glass/HTM/photoactive layer/LiF/Al,phase-separated interpenetrating network with sizable PC61BM domains,349_c6ra26245g.txt,scratch/prj/ch_sce_mine/MatAGen/outputs_example/349_c6ra26245g/349_c6ra26245g/pdf/349_c6ra26245g.txt,text_mining_GPT_extended
PEGA13,DG-TDPP-containing polythiophene backbone,tert-butyl-substituted triphenylamine (tTPA)-containing moieties,tTPA-containing pendant,N/A,improve solubility; promote charge balance and conjugation,OPV,electronic,N/A,N/A,13.5 kg mol−1,28.4 kg mol−1,N/A,2.04  105 cm2 V1 s1,N/A,N/A,N/A,2.0,7.7,0.63,0.41,N/A,N/A,N/A,annealing at 110 C for 10 min,"spin-coating (1500 rpm, 30 s)",o-DCB,dry toluene,N/A,ITO-coated glass/HTM/photoactive layer/LiF/Al,phase-separated interpenetrating network with sizable PC61BM domains,349_c6ra26245g.txt,scratch/prj/ch_sce_mine/MatAGen/outputs_example/349_c6ra26245g/349_c6ra26245g/pdf/349_c6ra26245g.txt,text_mining_GPT_extended
PEGA13,DG-TDPP-containing polythiophene backbone,tert-butyl-substituted triphenylamine (tTPA)-containing moieties,tTPA-containing pendant,N/A,improve solubility; promote charge balance and conjugation,OPV,electronic,N/A,N/A,13.5 kg mol−1,28.4 kg mol−1,N/A,1.86  105 cm2 V1 s1,N/A,N/A,N/A,1.6,6.7,0.60,0.40,N/A,N/A,N/A,annealing at 110 C for 10 min,"spin-coating (1500 rpm, 30 s)",o-DCB,dry toluene,N/A,ITO-coated glass/HTM/photoactive layer/LiF/Al,phase-separated interpenetrating network with sizable PC61BM domains,349_c6ra26245g.txt,scratch/prj/ch_sce_mine/MatAGen/outputs_example/349_c6ra26245g/349_c6ra26245g/pdf/349_c6ra26245g.txt,text_mining_GPT_extended
PEGA12,DG-TDPP-containing polythiophene backbone,tert-butyl-substituted triphenylamine (tTPA)-containing moieties,tTPA-containing pendant,N/A,improve solubility; promote charge balance and conjugation,OPV,electronic,N/A,N/A,7.8 kg mol−1,16.4 kg mol−1,N/A,1.54  105 cm2 V1 s1,N/A,N/A,N/A,0.3,2.9,0.35,0.32,N/A,N/A,N/A,annealing at 110 C for 10 min,"spin-coating (1500 rpm, 30 s)",o-DCB,dry toluene,N/A,ITO-coated glass/HTM/photoactive layer/LiF/Al,poorer hole mobilities,349_c6ra26245g.txt,scratch/prj/ch_sce_mine/MatAGen/outputs_example/349_c6ra26245g/349_c6ra26245g/pdf/349_c6ra26245g.txt,text_mining_GPT_extended
PEGA11,DG-TDPP-containing polythiophene backbone,tert-butyl-substituted triphenylamine (tTPA)-containing moieties,tTPA-containing pendant,N/A,improve solubility; promote charge balance and conjugation,OPV,electronic,N/A,N/A,6.5 kg mol−1,14.5 kg mol−1,N/A,1.36  105 cm2 V1 s1,N/A,N/A,N/A,0.5,3.2,0.51,0.33,N/A,N/A,N/A,annealing at 110 C for 10 min,"spin-coating (1500 rpm, 30 s)",o-DCB,dry toluene,N/A,ITO-coated glass/HTM/photoactive layer/LiF/Al,poorer hole mobilities,349_c6ra26245g.txt,scratch/prj/ch_sce_mine/MatAGen/outputs_example/349_c6ra26245g/349_c6ra26245g/pdf/349_c6ra26245g.txt,text_mining_GPT_extended
PEGA13,DG-TDPP-containing polythiophene backbone,tert-butyl-substituted triphenylamine (tTPA)-containing moieties,tTPA-containing pendant,N/A,improve solubility; promote charge balance and conjugation,OPV,electronic,N/A,N/A,13.5 kg mol−1,28.4 kg mol−1,N/A,3.17  105 cm2 V1 s1,N/A,N/A,N/A,2.5,9.0,0.67,0.42,N/A,N/A,N/A,annealing at 110 C for 10 min,"spin-coating (1500 rpm, 30 s)",o-DCB,dry toluene,N/A,ITO-coated glass/HTM/photoactive layer/LiF/Al,phase-separated interpenetrating networks with sizable domains,349_c6ra26245g.txt,scratch/prj/ch_sce_mine/MatAGen/outputs_example/349_c6ra26245g/349_c6ra26245g/pdf/349_c6ra26245g.txt,text_mining_GPT_extended
PBDT-FTT(E),BDT-FTT alternating copolymer,ester-functionalized FTT,ester,N/A,increase light absorption,OPV,electronic,N/A,N/A,N/A,N/A,N/A,N/A,N/A,N/A,N/A,9.7 ± 0.2 %,17.1 ± 0.2 mA cm−2,0.791 ± 0.001 V,71.4 ± 0.7 %,N/A,N/A,N/A,polymer:PCBM 1:1.6; 2.5 vol.% DIO; solvent anneal,spin coating,o-xylene,N/A,N/A,ITO/ZnO/polymer:PCBM/MoOx/Ag,spherical features; roughness 7.6 nm,318_1-s2.0-S0379677917301650-main.txt,scratch/prj/ch_sce_mine/MatAGen/outputs_example/318_1-s2.0-S0379677917301650-main/318_1-s2.0-S0379677917301650-main/pdf/318_1-s2.0-S0379677917301650-main.txt,text_mining_GPT_extended
PBDT-FTT(N),BDT-FTT alternating copolymer,amide-functionalized FTT,amide,N/A,increase light absorption,OPV,electronic,N/A,N/A,N/A,N/A,N/A,N/A,N/A,N/A,N/A,3.3 ± 0.1 %,9.8 ± 0.1 mA cm−2,0.71 ± 0.03 V,47.7 ± 0.6 %,N/A,N/A,N/A,polymer:PCBM 1:1.6; 2.5 vol.% DIO; solvent anneal,spin coating,o-xylene,N/A,N/A,ITO/ZnO/polymer:PCBM/MoOx/Ag,featureless film; roughness 0.4 nm,318_1-s2.0-S0379677917301650-main.txt,scratch/prj/ch_sce_mine/MatAGen/outputs_example/318_1-s2.0-S0379677917301650-main/318_1-s2.0-S0379677917301650-main/pdf/318_1-s2.0-S0379677917301650-main.txt,text_mining_GPT_extended
PBDT-FTT(R),BDT-FTT random copolymer,both amide and ester-functionalized FTT,amide and ester,N/A,broaden absorption,OPV,electronic,N/A,N/A,N/A,N/A,N/A,N/A,N/A,N/A,N/A,7.4 ± 0.2 %,16.0 ± 0.3 mA cm−2,0.748 ± 0.007 V,62 ± 1 %,N/A,N/A,N/A,polymer:PCBM 1:1.6; 2.5 vol.% DIO; solvent anneal,spin coating,o-xylene,N/A,N/A,ITO/ZnO/polymer:PCBM/MoOx/Ag,"smaller, more uniform particles",318_1-s2.0-S0379677917301650-main.txt,scratch/prj/ch_sce_mine/MatAGen/outputs_example/318_1-s2.0-S0379677917301650-main/318_1-s2.0-S0379677917301650-main/pdf/318_1-s2.0-S0379677917301650-main.txt,text_mining_GPT_extended
3% PBDT-FTT(N) in PBDT-FTT(E),BDT-FTT blend,mixture of ester- and amide-functionalized FTT,amide and ester,N/A,increase light absorption,OPV,electronic,N/A,N/A,N/A,N/A,N/A,N/A,N/A,N/A,N/A,9.8 ± 0.2 %,17.1 ± 0.1 mA cm−2,0.789 ± 0.001 V,72 ± 1 %,N/A,N/A,N/A,polymer:PCBM 1:1.6; 2.5 vol.% DIO; solvent anneal,spin coating,o-xylene,N/A,N/A,ITO/ZnO/polymer:PCBM/MoOx/Ag,N/A,318_1-s2.0-S0379677917301650-main.txt,scratch/prj/ch_sce_mine/MatAGen/outputs_example/318_1-s2.0-S0379677917301650-main/318_1-s2.0-S0379677917301650-main/pdf/318_1-s2.0-S0379677917301650-main.txt,text_mining_GPT_extended
10% PBDT-FTT(N) in PBDT-FTT(E),BDT-FTT blend,mixture of ester- and amide-functionalized FTT,amide and ester,N/A,increase light absorption,OPV,electronic,N/A,N/A,N/A,N/A,N/A,N/A,N/A,N/A,N/A,9.4 ± 0.3 %,16.9 ± 0.2 mA cm−2,0.783 ± 0.003 V,71 ± 1 %,N/A,N/A,N/A,polymer:PCBM 1:1.6; 2.5 vol.% DIO; solvent anneal,spin coating,o-xylene,N/A,N/A,ITO/ZnO/polymer:PCBM/MoOx/Ag,N/A,318_1-s2.0-S0379677917301650-main.txt,scratch/prj/ch_sce_mine/MatAGen/outputs_example/318_1-s2.0-S0379677917301650-main/318_1-s2.0-S0379677917301650-main/pdf/318_1-s2.0-S0379677917301650-main.txt,text_mining_GPT_extended
20% PBDT-FTT(N) in PBDT-FTT(E),BDT-FTT blend,mixture of ester- and amide-functionalized FTT,amide and ester,N/A,increase light absorption,OPV,electronic,N/A,N/A,N/A,N/A,N/A,N/A,N/A,N/A,N/A,8.3 ± 0.1 %,16.6 ± 0.2 mA cm−2,0.778 ± 0.003 V,64 ± 1 %,N/A,N/A,N/A,polymer:PCBM 1:1.6; 2.5 vol.% DIO; solvent anneal,spin coating,o-xylene,N/A,N/A,ITO/ZnO/polymer:PCBM/MoOx/Ag,N/A,318_1-s2.0-S0379677917301650-main.txt,scratch/prj/ch_sce_mine/MatAGen/outputs_example/318_1-s2.0-S0379677917301650-main/318_1-s2.0-S0379677917301650-main/pdf/318_1-s2.0-S0379677917301650-main.txt,text_mining_GPT_extended
25% PBDT-FTT(N) in PBDT-FTT(E),BDT-FTT blend,mixture of ester- and amide-functionalized FTT,amide and ester,N/A,increase light absorption,OPV,electronic,N/A,N/A,N/A,N/A,N/A,N/A,N/A,N/A,N/A,7.9 ± 0.6 %,16.2 ± 0.2 mA cm−2,0.764 ± 0.008 V,64 ± 4 %,N/A,N/A,N/A,polymer:PCBM 1:1.6; 2.5 vol.% DIO; solvent anneal,spin coating,o-xylene,N/A,N/A,ITO/ZnO/polymer:PCBM/MoOx/Ag,N/A,318_1-s2.0-S0379677917301650-main.txt,scratch/prj/ch_sce_mine/MatAGen/outputs_example/318_1-s2.0-S0379677917301650-main/318_1-s2.0-S0379677917301650-main/pdf/318_1-s2.0-S0379677917301650-main.txt,text_mining_GPT_extended
50% PBDT-FTT(N) in PBDT-FTT(E),BDT-FTT blend,mixture of ester- and amide-functionalized FTT,amide and ester,N/A,increase light absorption,OPV,electronic,N/A,N/A,N/A,N/A,N/A,N/A,N/A,N/A,N/A,6.0 ± 0.8 %,14.6 ± 0.7 mA cm−2,0.75 ± 0.03 V,55 ± 4 %,N/A,N/A,N/A,polymer:PCBM 1:1.6; 2.5 vol.% DIO; solvent anneal,spin coating,o-xylene,N/A,N/A,ITO/ZnO/polymer:PCBM/MoOx/Ag,large features; avg diameter 200 ± 45 nm,318_1-s2.0-S0379677917301650-main.txt,scratch/prj/ch_sce_mine/MatAGen/outputs_example/318_1-s2.0-S0379677917301650-main/318_1-s2.0-S0379677917301650-main/pdf/318_1-s2.0-S0379677917301650-main.txt,text_mining_GPT_extended
PDTNT-BThEH,"DTNT and 2,20-bithiophene (BTh)",2-ethylhexyl,alkyl,2-ethylhexyl,solubilizing groups,OPV,electronic,N/A,N/A,5.1 kDa,6.0 kDa,1.17,N/A,N/A,N/A,N/A,2.76%,6.98 mA cm^-2,0.758 V,0.52,amorphous,N/A,N/A,AM1.5G; 1:1 blend,spin coating,oDCB,DMAc,N/A,ITO/PEDOT:PSS/active layer/HBL/Al,amorphous films,348_c4ta05101g.txt,scratch/prj/ch_sce_mine/MatAGen/outputs_example/348_c4ta05101g/348_c4ta05101g/pdf/348_c4ta05101g.txt,text_mining_GPT_extended
PDTNT-BThOD,"DTNT and 2,20-bithiophene (BTh)",2-octyldodecyl,alkyl,2-octyldodecyl,solubilizing groups,OPV,electronic,N/A,N/A,5.2 kDa,6.2 kDa,1.19,N/A,N/A,N/A,N/A,0.019,0.35 mA cm^-2,0.245 V,0.22,amorphous,N/A,N/A,AM1.5G; 1:1 blend,spin coating,CB,DMAc,N/A,ITO/PEDOT:PSS/active layer/HBL/Al,amorphous films,348_c4ta05101g.txt,scratch/prj/ch_sce_mine/MatAGen/outputs_example/348_c4ta05101g/348_c4ta05101g/pdf/348_c4ta05101g.txt,text_mining_GPT_extended
PDTNT-DPPOD,"DTNT and 3,6-bis(2-thienyl)pyrrolo[3,4-c]pyrrole-1,4-dione (DPP)",2-octyldodecyl,alkyl,2-octyldodecyl,solubilizing groups,OPV,electronic,N/A,N/A,5.5 kDa,9.1 kDa,1.66,N/A,N/A,N/A,N/A,0.025,0.23 mA cm^-2,1.08 V,0.10,amorphous,N/A,N/A,AM1.5G; 1:1 blend,spin coating,CB,DMAc,N/A,ITO/PEDOT:PSS/active layer/HBL/Al,amorphous films,348_c4ta05101g.txt,scratch/prj/ch_sce_mine/MatAGen/outputs_example/348_c4ta05101g/348_c4ta05101g/pdf/348_c4ta05101g.txt,text_mining_GPT_extended
PDTNT-DPPOD,"DTNT and 3,6-bis(2-thienyl)pyrrolo[3,4-c]pyrrole-1,4-dione (DPP)",2-octyldodecyl,alkyl,2-octyldodecyl,solubilizing groups,OPV,electronic,N/A,N/A,5.5 kDa,9.1 kDa,1.66,N/A,N/A,N/A,N/A,0.182,1.46 mA cm^-2,0.378 V,0.33,amorphous,N/A,N/A,AM1.5G; 1:1 blend,spin coating,oDCB,DMAc,N/A,ITO/PEDOT:PSS/active layer/HBL/Al,amorphous films,348_c4ta05101g.txt,scratch/prj/ch_sce_mine/MatAGen/outputs_example/348_c4ta05101g/348_c4ta05101g/pdf/348_c4ta05101g.txt,text_mining_GPT_extended
PDTNT-DPPEH,"DTNT and 3,6-bis(2-thienyl)pyrrolo[3,4-c]pyrrole-1,4-dione (DPP)",2-ethylhexyl,alkyl,2-ethylhexyl,solubilizing groups,OPV,electronic,N/A,N/A,1.2 kDa,1.6 kDa,1.32,N/A,N/A,N/A,N/A,N/A,N/A,N/A,N/A,N/A,N/A,N/A,no device fabricated,N/A,N/A,DMAc,N/A,N/A,poor film formation,348_c4ta05101g.txt,scratch/prj/ch_sce_mine/MatAGen/outputs_example/348_c4ta05101g/348_c4ta05101g/pdf/348_c4ta05101g.txt,text_mining_GPT_extended
[10-0],DPP backbone with TVT and Se donor units,N/A,N/A,N/A,solubility,OFET,electronic,N/A,50 μm,22.7 kDa,N/A,2.99,1.93 cm2 V−1 s−1,0.07 cm2 V−1 s−1,N/A,N/A,N/A,N/A,N/A,N/A,semi-crystalline,N/A,23.9 Å,annealed at 220 °C,drop-cast,CB,chlorobenzene (CB),N/A,bottom-gate top-contact OFET,agglomerated grains,396_bioderived-and-eco-friendly-solvent-processed-high-mobility-ambipolar-plastic-transistors-through-controlled.txt,scratch/prj/ch_sce_mine/MatAGen/outputs_example/396_bioderived-and-eco-friendly-solvent-processed-high-mobility-ambipolar-plastic-transistors-through-controlled/396_bioderived-and-eco-friendly-solvent-processed-high-mobility-ambipolar-plastic-transistors-through-controlled/pdf/396_bioderived-and-eco-friendly-solvent-processed-high-mobility-ambipolar-plastic-transistors-through-controlled.txt,text_mining_GPT_extended
[10-0],DPP backbone with TVT and Se donor units,N/A,N/A,N/A,solubility,OFET,electronic,N/A,50 μm,22.7 kDa,N/A,2.99,1.51 cm2 V−1 s−1,0.03 cm2 V−1 s−1,N/A,N/A,N/A,N/A,N/A,N/A,semi-crystalline,N/A,23.9 Å,annealed at 220 °C,drop-cast,MeTHF,chlorobenzene (CB),N/A,bottom-gate top-contact OFET,agglomerated grains,396_bioderived-and-eco-friendly-solvent-processed-high-mobility-ambipolar-plastic-transistors-through-controlled.txt,scratch/prj/ch_sce_mine/MatAGen/outputs_example/396_bioderived-and-eco-friendly-solvent-processed-high-mobility-ambipolar-plastic-transistors-through-controlled/396_bioderived-and-eco-friendly-solvent-processed-high-mobility-ambipolar-plastic-transistors-through-controlled/pdf/396_bioderived-and-eco-friendly-solvent-processed-high-mobility-ambipolar-plastic-transistors-through-controlled.txt,text_mining_GPT_extended
[7-3],DPP backbone with TVT and Se donor units,N/A,N/A,N/A,solubility,OFET,electronic,N/A,50 μm,24.4 kDa,N/A,2.45,N/A,N/A,N/A,N/A,N/A,N/A,N/A,N/A,semi-crystalline,N/A,N/A,annealed at 220 °C,drop-cast,CB,chlorobenzene (CB),N/A,bottom-gate top-contact OFET,highly interconnected nanoﬁbrillar networks,396_bioderived-and-eco-friendly-solvent-processed-high-mobility-ambipolar-plastic-transistors-through-controlled.txt,scratch/prj/ch_sce_mine/MatAGen/outputs_example/396_bioderived-and-eco-friendly-solvent-processed-high-mobility-ambipolar-plastic-transistors-through-controlled/396_bioderived-and-eco-friendly-solvent-processed-high-mobility-ambipolar-plastic-transistors-through-controlled/pdf/396_bioderived-and-eco-friendly-solvent-processed-high-mobility-ambipolar-plastic-transistors-through-controlled.txt,text_mining_GPT_extended
[7-3],DPP backbone with TVT and Se donor units,N/A,N/A,N/A,solubility,OFET,electronic,N/A,50 μm,24.4 kDa,N/A,2.45,2.33 cm2 V−1 s−1,0.10 cm2 V−1 s−1,N/A,N/A,N/A,N/A,N/A,N/A,semi-crystalline,N/A,N/A,annealed at 220 °C,drop-cast,MeTHF,chlorobenzene (CB),N/A,bottom-gate top-contact OFET,highly interconnected nanoﬁbrillar networks,396_bioderived-and-eco-friendly-solvent-processed-high-mobility-ambipolar-plastic-transistors-through-controlled.txt,scratch/prj/ch_sce_mine/MatAGen/outputs_example/396_bioderived-and-eco-friendly-solvent-processed-high-mobility-ambipolar-plastic-transistors-through-controlled/396_bioderived-and-eco-friendly-solvent-processed-high-mobility-ambipolar-plastic-transistors-through-controlled/pdf/396_bioderived-and-eco-friendly-solvent-processed-high-mobility-ambipolar-plastic-transistors-through-controlled.txt,text_mining_GPT_extended
[5-5],DPP backbone with TVT and Se donor units,N/A,N/A,N/A,solubility,OFET,electronic,N/A,50 μm,32.0 kDa,N/A,2.81,N/A,N/A,N/A,N/A,N/A,N/A,N/A,N/A,semi-crystalline,N/A,N/A,annealed at 220 °C,drop-cast,CB,chlorobenzene (CB),N/A,bottom-gate top-contact OFET,highly interconnected nanoﬁbrillar networks,396_bioderived-and-eco-friendly-solvent-processed-high-mobility-ambipolar-plastic-transistors-through-controlled.txt,scratch/prj/ch_sce_mine/MatAGen/outputs_example/396_bioderived-and-eco-friendly-solvent-processed-high-mobility-ambipolar-plastic-transistors-through-controlled/396_bioderived-and-eco-friendly-solvent-processed-high-mobility-ambipolar-plastic-transistors-through-controlled/pdf/396_bioderived-and-eco-friendly-solvent-processed-high-mobility-ambipolar-plastic-transistors-through-controlled.txt,text_mining_GPT_extended
[5-5],DPP backbone with TVT and Se donor units,N/A,N/A,N/A,solubility,OFET,electronic,N/A,50 μm,32.0 kDa,N/A,2.81,3.12 cm2 V−1 s−1,0.24 cm2 V−1 s−1,N/A,N/A,N/A,N/A,N/A,N/A,semi-crystalline,N/A,N/A,annealed at 220 °C,drop-cast,MeTHF,chlorobenzene (CB),N/A,bottom-gate top-contact OFET,highly interconnected nanoﬁbrillar networks,396_bioderived-and-eco-friendly-solvent-processed-high-mobility-ambipolar-plastic-transistors-through-controlled.txt,scratch/prj/ch_sce_mine/MatAGen/outputs_example/396_bioderived-and-eco-friendly-solvent-processed-high-mobility-ambipolar-plastic-transistors-through-controlled/396_bioderived-and-eco-friendly-solvent-processed-high-mobility-ambipolar-plastic-transistors-through-controlled/pdf/396_bioderived-and-eco-friendly-solvent-processed-high-mobility-ambipolar-plastic-transistors-through-controlled.txt,text_mining_GPT_extended
[3-7],DPP backbone with TVT and Se donor units,N/A,N/A,N/A,solubility,OFET,electronic,N/A,50 μm,33.0 kDa,N/A,2.63,6.31 cm2 V−1 s−1,0.78 cm2 V−1 s−1,N/A,N/A,N/A,N/A,N/A,N/A,semi-crystalline,N/A,N/A,annealed at 220 °C,drop-cast,CB,chlorobenzene (CB),N/A,bottom-gate top-contact OFET,largest CCL100,396_bioderived-and-eco-friendly-solvent-processed-high-mobility-ambipolar-plastic-transistors-through-controlled.txt,scratch/prj/ch_sce_mine/MatAGen/outputs_example/396_bioderived-and-eco-friendly-solvent-processed-high-mobility-ambipolar-plastic-transistors-through-controlled/396_bioderived-and-eco-friendly-solvent-processed-high-mobility-ambipolar-plastic-transistors-through-controlled/pdf/396_bioderived-and-eco-friendly-solvent-processed-high-mobility-ambipolar-plastic-transistors-through-controlled.txt,text_mining_GPT_extended
[3-7],DPP backbone with TVT and Se donor units,N/A,N/A,N/A,solubility,OFET,electronic,N/A,50 μm,33.7 kDa,N/A,3.42,4.15 cm2 V−1 s−1,0.34 cm2 V−1 s−1,N/A,N/A,N/A,N/A,N/A,N/A,semi-crystalline,N/A,N/A,annealed at 220 °C,drop-cast,MeTHF,MeTHF,N/A,bottom-gate top-contact OFET,largest CCL100,396_bioderived-and-eco-friendly-solvent-processed-high-mobility-ambipolar-plastic-transistors-through-controlled.txt,scratch/prj/ch_sce_mine/MatAGen/outputs_example/396_bioderived-and-eco-friendly-solvent-processed-high-mobility-ambipolar-plastic-transistors-through-controlled/396_bioderived-and-eco-friendly-solvent-processed-high-mobility-ambipolar-plastic-transistors-through-controlled/pdf/396_bioderived-and-eco-friendly-solvent-processed-high-mobility-ambipolar-plastic-transistors-through-controlled.txt,text_mining_GPT_extended
[2-8],DPP backbone with TVT and Se donor units,N/A,N/A,N/A,solubility,OFET,electronic,N/A,50 μm,44.2 kDa,N/A,3.49,3.95 cm2 V−1 s−1,N/A,N/A,N/A,N/A,N/A,N/A,N/A,semi-crystalline,N/A,N/A,annealed at 220 °C,drop-cast,CB,chlorobenzene (CB),N/A,bottom-gate top-contact OFET,highly interconnected nanoﬁbrillar networks,396_bioderived-and-eco-friendly-solvent-processed-high-mobility-ambipolar-plastic-transistors-through-controlled.txt,scratch/prj/ch_sce_mine/MatAGen/outputs_example/396_bioderived-and-eco-friendly-solvent-processed-high-mobility-ambipolar-plastic-transistors-through-controlled/396_bioderived-and-eco-friendly-solvent-processed-high-mobility-ambipolar-plastic-transistors-through-controlled/pdf/396_bioderived-and-eco-friendly-solvent-processed-high-mobility-ambipolar-plastic-transistors-through-controlled.txt,text_mining_GPT_extended
[2-8],DPP backbone with TVT and Se donor units,N/A,N/A,N/A,solubility,OFET,electronic,N/A,50 μm,44.2 kDa,N/A,3.49,2.95 cm2 V−1 s−1,0.42 cm2 V−1 s−1,N/A,N/A,N/A,N/A,N/A,N/A,semi-crystalline,N/A,N/A,annealed at 220 °C,drop-cast,MeTHF,chlorobenzene (CB),N/A,bottom-gate top-contact OFET,highly interconnected nanoﬁbrillar networks,396_bioderived-and-eco-friendly-solvent-processed-high-mobility-ambipolar-plastic-transistors-through-controlled.txt,scratch/prj/ch_sce_mine/MatAGen/outputs_example/396_bioderived-and-eco-friendly-solvent-processed-high-mobility-ambipolar-plastic-transistors-through-controlled/396_bioderived-and-eco-friendly-solvent-processed-high-mobility-ambipolar-plastic-transistors-through-controlled/pdf/396_bioderived-and-eco-friendly-solvent-processed-high-mobility-ambipolar-plastic-transistors-through-controlled.txt,text_mining_GPT_extended
[1-9],DPP backbone with TVT and Se donor units,N/A,N/A,N/A,solubility,OFET,electronic,N/A,50 μm,57.3 kDa,N/A,2.81,N/A,N/A,N/A,N/A,N/A,N/A,N/A,N/A,semi-crystalline,N/A,N/A,annealed at 220 °C,drop-cast,CB,chlorobenzene (CB),N/A,bottom-gate top-contact OFET,highly interconnected nanoﬁbrillar networks,396_bioderived-and-eco-friendly-solvent-processed-high-mobility-ambipolar-plastic-transistors-through-controlled.txt,scratch/prj/ch_sce_mine/MatAGen/outputs_example/396_bioderived-and-eco-friendly-solvent-processed-high-mobility-ambipolar-plastic-transistors-through-controlled/396_bioderived-and-eco-friendly-solvent-processed-high-mobility-ambipolar-plastic-transistors-through-controlled/pdf/396_bioderived-and-eco-friendly-solvent-processed-high-mobility-ambipolar-plastic-transistors-through-controlled.txt,text_mining_GPT_extended
[1-9],DPP backbone with TVT and Se donor units,N/A,N/A,N/A,solubility,OFET,electronic,N/A,50 μm,57.3 kDa,N/A,2.81,3.01 cm2 V−1 s−1,0.47 cm2 V−1 s−1,N/A,N/A,N/A,N/A,N/A,N/A,semi-crystalline,N/A,N/A,annealed at 220 °C,drop-cast,MeTHF,chlorobenzene (CB),N/A,bottom-gate top-contact OFET,highly interconnected nanoﬁbrillar networks,396_bioderived-and-eco-friendly-solvent-processed-high-mobility-ambipolar-plastic-transistors-through-controlled.txt,scratch/prj/ch_sce_mine/MatAGen/outputs_example/396_bioderived-and-eco-friendly-solvent-processed-high-mobility-ambipolar-plastic-transistors-through-controlled/396_bioderived-and-eco-friendly-solvent-processed-high-mobility-ambipolar-plastic-transistors-through-controlled/pdf/396_bioderived-and-eco-friendly-solvent-processed-high-mobility-ambipolar-plastic-transistors-through-controlled.txt,text_mining_GPT_extended
[0-10],DPP backbone with TVT and Se donor units,N/A,N/A,N/A,solubility,OFET,electronic,N/A,50 μm,41.1 kDa,N/A,2.72,5.74 cm2 V−1 s−1,1.65 cm2 V−1 s−1,N/A,N/A,N/A,N/A,N/A,N/A,semi-crystalline,N/A,N/A,annealed at 220 °C,drop-cast,CB,chlorobenzene (CB),N/A,bottom-gate top-contact OFET,tendency to aggregates,396_bioderived-and-eco-friendly-solvent-processed-high-mobility-ambipolar-plastic-transistors-through-controlled.txt,scratch/prj/ch_sce_mine/MatAGen/outputs_example/396_bioderived-and-eco-friendly-solvent-processed-high-mobility-ambipolar-plastic-transistors-through-controlled/396_bioderived-and-eco-friendly-solvent-processed-high-mobility-ambipolar-plastic-transistors-through-controlled/pdf/396_bioderived-and-eco-friendly-solvent-processed-high-mobility-ambipolar-plastic-transistors-through-controlled.txt,text_mining_GPT_extended
[0-10],DPP backbone with TVT and Se donor units,N/A,N/A,N/A,solubility,OFET,electronic,N/A,50 μm,41.1 kDa,N/A,2.72,3.51 cm2 V−1 s−1,0.64 cm2 V−1 s−1,N/A,N/A,N/A,N/A,N/A,N/A,semi-crystalline,N/A,N/A,annealed at 220 °C,drop-cast,MeTHF,chlorobenzene (CB),N/A,bottom-gate top-contact OFET,tendency to aggregates,396_bioderived-and-eco-friendly-solvent-processed-high-mobility-ambipolar-plastic-transistors-through-controlled.txt,scratch/prj/ch_sce_mine/MatAGen/outputs_example/396_bioderived-and-eco-friendly-solvent-processed-high-mobility-ambipolar-plastic-transistors-through-controlled/396_bioderived-and-eco-friendly-solvent-processed-high-mobility-ambipolar-plastic-transistors-through-controlled/pdf/396_bioderived-and-eco-friendly-solvent-processed-high-mobility-ambipolar-plastic-transistors-through-controlled.txt,text_mining_GPT_extended
P1a,"triphenylamine-alt-benzo[1,2-b:4,5-b0]dithiophene",benzothiadiazole (BT) side chain,acceptor,N/A,improve hole-mobility and broaden absorption,PSC,electronic,90 nm,N/A,1.01×10^4 g mol^-1,1.27×10^4 g mol^-1,1.25,2.23 3×10^25 cm2V21s21,N/A,N/A,N/A,2.36%,7.12 mA/cm2,0.84 V,0.39,N/A,N/A,N/A,"Polymer:PC61BM 1:3; AM 1.5, 100 mW cm22",solution process (spin-cast),N/A,toluene,N/A,ITO/PEDOT:PSS/active layer/LiF/Al,N/A,322_Journal of Polymer Science Part A  Polymer Chemistry - 2013 - Nie - Reduced%E2%80%90bandgap triphenylamine%E2%80%90alt%E2%80%90benzo 1 2%E2%80%90b 4 5%E2%80%90b .txt,scratch/prj/ch_sce_mine/MatAGen/outputs_example/322_Journal of Polymer Science Part A  Polymer Chemistry - 2013 - Nie - Reduced%E2%80%90bandgap triphenylamine%E2%80%90alt%E2%80%90benzo 1 2%E2%80%90b 4 5%E2%80%90b /322_Journal of Polymer Science Part A  Polymer Chemistry - 2013 - Nie - Reduced%E2%80%90bandgap triphenylamine%E2%80%90alt%E2%80%90benzo 1 2%E2%80%90b 4 5%E2%80%90b /pdf/322_Journal of Polymer Science Part A  Polymer Chemistry - 2013 - Nie - Reduced%E2%80%90bandgap triphenylamine%E2%80%90alt%E2%80%90benzo 1 2%E2%80%90b 4 5%E2%80%90b .txt,text_mining_GPT_extended
P1b,"triphenylamine-alt-benzo[1,2-b:4,5-b0]dithiophene",benzothiadiazole (BT) side chain,acceptor,N/A,improve hole-mobility and broaden absorption,PSC,electronic,90 nm,N/A,1.01×10^4 g mol^-1,1.27×10^4 g mol^-1,1.25,2.23 3×10^25 cm2V21s21,N/A,N/A,N/A,3.17%,9.40 mA/cm2,0.86 V,0.39,N/A,N/A,N/A,"Polymer:PC71BM 1:3; AM 1.5, 100 mW cm22",solution process (spin-cast),N/A,toluene,N/A,ITO/PEDOT:PSS/active layer/LiF/Al,rms roughness 0.887 nm,322_Journal of Polymer Science Part A  Polymer Chemistry - 2013 - Nie - Reduced%E2%80%90bandgap triphenylamine%E2%80%90alt%E2%80%90benzo 1 2%E2%80%90b 4 5%E2%80%90b .txt,scratch/prj/ch_sce_mine/MatAGen/outputs_example/322_Journal of Polymer Science Part A  Polymer Chemistry - 2013 - Nie - Reduced%E2%80%90bandgap triphenylamine%E2%80%90alt%E2%80%90benzo 1 2%E2%80%90b 4 5%E2%80%90b /322_Journal of Polymer Science Part A  Polymer Chemistry - 2013 - Nie - Reduced%E2%80%90bandgap triphenylamine%E2%80%90alt%E2%80%90benzo 1 2%E2%80%90b 4 5%E2%80%90b /pdf/322_Journal of Polymer Science Part A  Polymer Chemistry - 2013 - Nie - Reduced%E2%80%90bandgap triphenylamine%E2%80%90alt%E2%80%90benzo 1 2%E2%80%90b 4 5%E2%80%90b .txt,text_mining_GPT_extended
P2a,"triphenylamine-alt-benzo[1,2-b:4,5-b0]dithiophene",diketopyrrolopyrrole (DPP) side chain,acceptor,N/A,improve hole-mobility and broaden absorption,PSC,electronic,90 nm,N/A,0.98×10^4 g mol^-1,1.28×10^4 g mol^-1,1.30,8.68 3×10^25 cm2V21s21,N/A,N/A,N/A,2.15%,8.25 mA/cm2,0.78 V,0.33,N/A,N/A,N/A,"Polymer:PC61BM 1:3; AM 1.5, 100 mW cm22",solution process (spin-cast),N/A,toluene,N/A,ITO/PEDOT:PSS/active layer/LiF/Al,N/A,322_Journal of Polymer Science Part A  Polymer Chemistry - 2013 - Nie - Reduced%E2%80%90bandgap triphenylamine%E2%80%90alt%E2%80%90benzo 1 2%E2%80%90b 4 5%E2%80%90b .txt,scratch/prj/ch_sce_mine/MatAGen/outputs_example/322_Journal of Polymer Science Part A  Polymer Chemistry - 2013 - Nie - Reduced%E2%80%90bandgap triphenylamine%E2%80%90alt%E2%80%90benzo 1 2%E2%80%90b 4 5%E2%80%90b /322_Journal of Polymer Science Part A  Polymer Chemistry - 2013 - Nie - Reduced%E2%80%90bandgap triphenylamine%E2%80%90alt%E2%80%90benzo 1 2%E2%80%90b 4 5%E2%80%90b /pdf/322_Journal of Polymer Science Part A  Polymer Chemistry - 2013 - Nie - Reduced%E2%80%90bandgap triphenylamine%E2%80%90alt%E2%80%90benzo 1 2%E2%80%90b 4 5%E2%80%90b .txt,text_mining_GPT_extended
P2b,"triphenylamine-alt-benzo[1,2-b:4,5-b0]dithiophene",diketopyrrolopyrrole (DPP) side chain,acceptor,N/A,improve hole-mobility and broaden absorption,PSC,electronic,90 nm,N/A,0.98×10^4 g mol^-1,1.28×10^4 g mol^-1,1.30,8.68 3×10^25 cm2V21s21,N/A,N/A,N/A,3.05%,10.77 mA/cm2,0.80 V,0.35,N/A,N/A,N/A,"Polymer:PC71BM 1:3; AM 1.5, 100 mW cm22",solution process (spin-cast),N/A,toluene,N/A,ITO/PEDOT:PSS/active layer/LiF/Al,rms roughness 0.461 nm,322_Journal of Polymer Science Part A  Polymer Chemistry - 2013 - Nie - Reduced%E2%80%90bandgap triphenylamine%E2%80%90alt%E2%80%90benzo 1 2%E2%80%90b 4 5%E2%80%90b .txt,scratch/prj/ch_sce_mine/MatAGen/outputs_example/322_Journal of Polymer Science Part A  Polymer Chemistry - 2013 - Nie - Reduced%E2%80%90bandgap triphenylamine%E2%80%90alt%E2%80%90benzo 1 2%E2%80%90b 4 5%E2%80%90b /322_Journal of Polymer Science Part A  Polymer Chemistry - 2013 - Nie - Reduced%E2%80%90bandgap triphenylamine%E2%80%90alt%E2%80%90benzo 1 2%E2%80%90b 4 5%E2%80%90b /pdf/322_Journal of Polymer Science Part A  Polymer Chemistry - 2013 - Nie - Reduced%E2%80%90bandgap triphenylamine%E2%80%90alt%E2%80%90benzo 1 2%E2%80%90b 4 5%E2%80%90b .txt,text_mining_GPT_extended
PTzBT,thiophene-thiazolothiazole,2-butyloctyl and 2-hexyldecyl groups,alkyl,2-butyloctyl and 2-hexyldecyl,N/A,OPV,electronic,320 nm,N/A,64 kDa,164 kDa,N/A,N/A,N/A,N/A,N/A,7.04,12.4 mA cm¹2,0.86 V,0.66,high crystallinity,3.57 Å,N/A,polymer:PC61BM 1:2 w/w,spin-coating,chlorobenzene,N/A,N/A,inverted ITO/ZnO/polymer:PC61BM/MoOx/Ag,"fibrillar structures, forming fine networks",304_bcsj.20210172.txt,scratch/prj/ch_sce_mine/MatAGen/outputs_example/304_bcsj.20210172/304_bcsj.20210172/pdf/304_bcsj.20210172.txt,text_mining_GPT_extended
PTzBT,thiophene-thiazolothiazole,2-butyloctyl and 2-hexyldecyl groups,alkyl,2-butyloctyl and 2-hexyldecyl,N/A,OPV,electronic,240 nm,N/A,64 kDa,164 kDa,N/A,N/A,N/A,N/A,N/A,7.06,12.5 mA cm¹2,0.83 V,0.68,high crystallinity,3.62 Å,N/A,DPE 0.5 vol%,spin-coating,o-xylene,N/A,N/A,inverted ITO/ZnO/polymer:PC61BM/MoOx/Ag,"fibrillar structures, forming fine networks",304_bcsj.20210172.txt,scratch/prj/ch_sce_mine/MatAGen/outputs_example/304_bcsj.20210172/304_bcsj.20210172/pdf/304_bcsj.20210172.txt,text_mining_GPT_extended
PTzBTE,thiophene-thiazolothiazole,both alkyl and ester groups,alkyl and ester,2-butyloctyl and 2-hexyldecyl,high crystallinity and deep HOMO,OPV,electronic,280 nm,N/A,102 kDa,983 kDa,9.7,N/A,N/A,N/A,N/A,8.88,13.0 mA cm¹2,0.92 V,0.74,high crystallinity,3.56 Å,N/A,polymer:PC61BM 1:2 w/w,spin-coating,chlorobenzene,chlorobenzene,N/A,inverted ITO/ZnO/polymer:PC61BM/MoOx/Ag,"fibrillar structures, forming fine networks",304_bcsj.20210172.txt,scratch/prj/ch_sce_mine/MatAGen/outputs_example/304_bcsj.20210172/304_bcsj.20210172/pdf/304_bcsj.20210172.txt,text_mining_GPT_extended
PTzBTE,thiophene-thiazolothiazole,both alkyl and ester groups,alkyl and ester,2-butyloctyl and 2-hexyldecyl,high crystallinity and deep HOMO,OPV,electronic,370 nm,N/A,102 kDa,983 kDa,9.7,N/A,N/A,N/A,N/A,8.52,14.3 mA cm¹2,0.90 V,0.66,high crystallinity,3.53 Å,N/A,DPE 0.5 vol%,spin-coating,o-xylene,chlorobenzene,N/A,inverted ITO/ZnO/polymer:PC61BM/MoOx/Ag,"fibrillar structures, forming fine networks",304_bcsj.20210172.txt,scratch/prj/ch_sce_mine/MatAGen/outputs_example/304_bcsj.20210172/304_bcsj.20210172/pdf/304_bcsj.20210172.txt,text_mining_GPT_extended
PTzBTEE,thiophene-thiazolothiazole,only ester groups,ester,2-butyloctyl and 2-hexyldecyl,high crystallinity and deep HOMO,OPV,electronic,230 nm,N/A,47 kDa,276 kDa,5.8,N/A,N/A,N/A,N/A,3.74,6.8 mA cm¹2,0.97 V,0.57,high crystallinity,3.49 Å,N/A,polymer:PC61BM 1:2 w/w,spin-coating,chlorobenzene,toluene,N/A,inverted ITO/ZnO/polymer:PC61BM/MoOx/Ag,large fibrils with more needle-like structures,304_bcsj.20210172.txt,scratch/prj/ch_sce_mine/MatAGen/outputs_example/304_bcsj.20210172/304_bcsj.20210172/pdf/304_bcsj.20210172.txt,text_mining_GPT_extended
PTzBTEE,thiophene-thiazolothiazole,only ester groups,ester,2-butyloctyl and 2-hexyldecyl,high crystallinity and deep HOMO,OPV,electronic,200 nm,N/A,47 kDa,276 kDa,5.8,N/A,N/A,N/A,N/A,6.60,10.1 mA cm¹2,0.93 V,0.71,high crystallinity,3.49 Å,N/A,DPE 0.5 vol%,spin-coating,o-xylene,toluene,N/A,inverted ITO/ZnO/polymer:PC61BM/MoOx/Ag,large fibrils with more needle-like structures,304_bcsj.20210172.txt,scratch/prj/ch_sce_mine/MatAGen/outputs_example/304_bcsj.20210172/304_bcsj.20210172/pdf/304_bcsj.20210172.txt,text_mining_GPT_extended
stat-HT70HHT30,thiophene backbone,hexyl and 6-hydroxyhexyl,alkyl and hydroxyl,C6 and 6-hydroxyhexyl,solvent and thermal stability,OFET,electronic,N/A,N/A,33400,N/A,1.08,5.2×10^-3 cm2 V^-1 s^-1,N/A,N/A,N/A,N/A,N/A,N/A,N/A,crystalline,N/A,1.70 nm,as-cast,as-cast,N/A,N/A,N/A,N/A,edge-on orientation,379_Chemistry A European J - 2022 - Zhu - Enhanced Solvent and Thermal Stability in Cross%E2%80%90Linkable Conjugated Statistical.txt,scratch/prj/ch_sce_mine/MatAGen/outputs_example/379_Chemistry A European J - 2022 - Zhu - Enhanced Solvent and Thermal Stability in Cross%E2%80%90Linkable Conjugated Statistical/379_Chemistry A European J - 2022 - Zhu - Enhanced Solvent and Thermal Stability in Cross%E2%80%90Linkable Conjugated Statistical/pdf/379_Chemistry A European J - 2022 - Zhu - Enhanced Solvent and Thermal Stability in Cross%E2%80%90Linkable Conjugated Statistical.txt,text_mining_GPT_extended
stat-HT70HHT30,thiophene backbone,hexyl and 6-hydroxyhexyl,alkyl and hydroxyl,C6 and 6-hydroxyhexyl,solvent and thermal stability,OFET,electronic,N/A,N/A,33400,N/A,1.08,2.92×10^-2 cm2 V^-1 s^-1,N/A,N/A,N/A,N/A,N/A,N/A,N/A,crystalline,N/A,1.76 nm,150°C for 1 h,thermal annealing,N/A,N/A,N/A,N/A,increased crystallinity and ordering,379_Chemistry A European J - 2022 - Zhu - Enhanced Solvent and Thermal Stability in Cross%E2%80%90Linkable Conjugated Statistical.txt,scratch/prj/ch_sce_mine/MatAGen/outputs_example/379_Chemistry A European J - 2022 - Zhu - Enhanced Solvent and Thermal Stability in Cross%E2%80%90Linkable Conjugated Statistical/379_Chemistry A European J - 2022 - Zhu - Enhanced Solvent and Thermal Stability in Cross%E2%80%90Linkable Conjugated Statistical/pdf/379_Chemistry A European J - 2022 - Zhu - Enhanced Solvent and Thermal Stability in Cross%E2%80%90Linkable Conjugated Statistical.txt,text_mining_GPT_extended
stat-HT70HHT30,thiophene backbone,hexyl and 6-hydroxyhexyl,alkyl and hydroxyl,C6 and 6-hydroxyhexyl,solvent and thermal stability,OFET,electronic,N/A,N/A,33400,N/A,1.08,6×10^-4 cm2 V^-1 s^-1,N/A,N/A,N/A,N/A,N/A,N/A,N/A,amorphous,N/A,N/A,300°C for 1 h,thermal annealing,N/A,N/A,N/A,N/A,edge-on orientation destroyed,379_Chemistry A European J - 2022 - Zhu - Enhanced Solvent and Thermal Stability in Cross%E2%80%90Linkable Conjugated Statistical.txt,scratch/prj/ch_sce_mine/MatAGen/outputs_example/379_Chemistry A European J - 2022 - Zhu - Enhanced Solvent and Thermal Stability in Cross%E2%80%90Linkable Conjugated Statistical/379_Chemistry A European J - 2022 - Zhu - Enhanced Solvent and Thermal Stability in Cross%E2%80%90Linkable Conjugated Statistical/pdf/379_Chemistry A European J - 2022 - Zhu - Enhanced Solvent and Thermal Stability in Cross%E2%80%90Linkable Conjugated Statistical.txt,text_mining_GPT_extended
stat-HT42HHT58,thiophene backbone,hexyl and 6-hydroxyhexyl,alkyl and hydroxyl,C6 and 6-hydroxyhexyl,solvent and thermal stability,OFET,electronic,N/A,N/A,32600,N/A,1.09,3.9×10^-3 cm2 V^-1 s^-1,N/A,N/A,N/A,N/A,N/A,N/A,N/A,crystalline,N/A,1.75 nm,as-cast,as-cast,N/A,N/A,N/A,N/A,edge-on orientation,379_Chemistry A European J - 2022 - Zhu - Enhanced Solvent and Thermal Stability in Cross%E2%80%90Linkable Conjugated Statistical.txt,scratch/prj/ch_sce_mine/MatAGen/outputs_example/379_Chemistry A European J - 2022 - Zhu - Enhanced Solvent and Thermal Stability in Cross%E2%80%90Linkable Conjugated Statistical/379_Chemistry A European J - 2022 - Zhu - Enhanced Solvent and Thermal Stability in Cross%E2%80%90Linkable Conjugated Statistical/pdf/379_Chemistry A European J - 2022 - Zhu - Enhanced Solvent and Thermal Stability in Cross%E2%80%90Linkable Conjugated Statistical.txt,text_mining_GPT_extended
stat-HT42HHT58,thiophene backbone,hexyl and 6-hydroxyhexyl,alkyl and hydroxyl,C6 and 6-hydroxyhexyl,solvent and thermal stability,OFET,electronic,N/A,N/A,32600,N/A,1.09,1.02×10^-2 cm2 V^-1 s^-1,N/A,N/A,N/A,N/A,N/A,N/A,N/A,crystalline,N/A,1.77 nm,150°C for 1 h,thermal annealing,N/A,N/A,N/A,N/A,retain edge-on orientation,379_Chemistry A European J - 2022 - Zhu - Enhanced Solvent and Thermal Stability in Cross%E2%80%90Linkable Conjugated Statistical.txt,scratch/prj/ch_sce_mine/MatAGen/outputs_example/379_Chemistry A European J - 2022 - Zhu - Enhanced Solvent and Thermal Stability in Cross%E2%80%90Linkable Conjugated Statistical/379_Chemistry A European J - 2022 - Zhu - Enhanced Solvent and Thermal Stability in Cross%E2%80%90Linkable Conjugated Statistical/pdf/379_Chemistry A European J - 2022 - Zhu - Enhanced Solvent and Thermal Stability in Cross%E2%80%90Linkable Conjugated Statistical.txt,text_mining_GPT_extended
stat-HT42HHT58,thiophene backbone,hexyl and 6-hydroxyhexyl,alkyl and hydroxyl,C6 and 6-hydroxyhexyl,solvent and thermal stability,OFET,electronic,N/A,N/A,32600,N/A,1.09,1.8×10^-3 cm2 V^-1 s^-1,N/A,N/A,N/A,N/A,N/A,N/A,N/A,amorphous,N/A,N/A,300°C for 1 h,thermal annealing,N/A,N/A,N/A,N/A,disrupted completely,379_Chemistry A European J - 2022 - Zhu - Enhanced Solvent and Thermal Stability in Cross%E2%80%90Linkable Conjugated Statistical.txt,scratch/prj/ch_sce_mine/MatAGen/outputs_example/379_Chemistry A European J - 2022 - Zhu - Enhanced Solvent and Thermal Stability in Cross%E2%80%90Linkable Conjugated Statistical/379_Chemistry A European J - 2022 - Zhu - Enhanced Solvent and Thermal Stability in Cross%E2%80%90Linkable Conjugated Statistical/pdf/379_Chemistry A European J - 2022 - Zhu - Enhanced Solvent and Thermal Stability in Cross%E2%80%90Linkable Conjugated Statistical.txt,text_mining_GPT_extended
stat-HT24HHT76,thiophene backbone,hexyl and 6-hydroxyhexyl,alkyl and hydroxyl,C6 and 6-hydroxyhexyl,solvent and thermal stability,OFET,electronic,N/A,N/A,29500,N/A,1.09,2.9×10^-3 cm2 V^-1 s^-1,N/A,N/A,N/A,N/A,N/A,N/A,N/A,crystalline,N/A,1.77 nm,as-cast,as-cast,N/A,N/A,N/A,N/A,edge-on orientation,379_Chemistry A European J - 2022 - Zhu - Enhanced Solvent and Thermal Stability in Cross%E2%80%90Linkable Conjugated Statistical.txt,scratch/prj/ch_sce_mine/MatAGen/outputs_example/379_Chemistry A European J - 2022 - Zhu - Enhanced Solvent and Thermal Stability in Cross%E2%80%90Linkable Conjugated Statistical/379_Chemistry A European J - 2022 - Zhu - Enhanced Solvent and Thermal Stability in Cross%E2%80%90Linkable Conjugated Statistical/pdf/379_Chemistry A European J - 2022 - Zhu - Enhanced Solvent and Thermal Stability in Cross%E2%80%90Linkable Conjugated Statistical.txt,text_mining_GPT_extended
stat-HT24HHT76,thiophene backbone,hexyl and 6-hydroxyhexyl,alkyl and hydroxyl,C6 and 6-hydroxyhexyl,solvent and thermal stability,OFET,electronic,N/A,N/A,29500,N/A,1.09,1.31×10^-2 cm2 V^-1 s^-1,N/A,N/A,N/A,N/A,N/A,N/A,N/A,crystalline,N/A,1.79 nm,150°C for 1 h,thermal annealing,N/A,N/A,N/A,N/A,increased crystallinity and ordering,379_Chemistry A European J - 2022 - Zhu - Enhanced Solvent and Thermal Stability in Cross%E2%80%90Linkable Conjugated Statistical.txt,scratch/prj/ch_sce_mine/MatAGen/outputs_example/379_Chemistry A European J - 2022 - Zhu - Enhanced Solvent and Thermal Stability in Cross%E2%80%90Linkable Conjugated Statistical/379_Chemistry A European J - 2022 - Zhu - Enhanced Solvent and Thermal Stability in Cross%E2%80%90Linkable Conjugated Statistical/pdf/379_Chemistry A European J - 2022 - Zhu - Enhanced Solvent and Thermal Stability in Cross%E2%80%90Linkable Conjugated Statistical.txt,text_mining_GPT_extended
stat-HT24HHT76,thiophene backbone,hexyl and 6-hydroxyhexyl,alkyl and hydroxyl,C6 and 6-hydroxyhexyl,solvent and thermal stability,OFET,electronic,N/A,N/A,29500,N/A,1.09,1.0×10^-3 cm2 V^-1 s^-1,N/A,N/A,N/A,N/A,N/A,N/A,N/A,amorphous,N/A,N/A,300°C for 1 h,thermal annealing,N/A,N/A,N/A,N/A,edge-on orientation destroyed,379_Chemistry A European J - 2022 - Zhu - Enhanced Solvent and Thermal Stability in Cross%E2%80%90Linkable Conjugated Statistical.txt,scratch/prj/ch_sce_mine/MatAGen/outputs_example/379_Chemistry A European J - 2022 - Zhu - Enhanced Solvent and Thermal Stability in Cross%E2%80%90Linkable Conjugated Statistical/379_Chemistry A European J - 2022 - Zhu - Enhanced Solvent and Thermal Stability in Cross%E2%80%90Linkable Conjugated Statistical/pdf/379_Chemistry A European J - 2022 - Zhu - Enhanced Solvent and Thermal Stability in Cross%E2%80%90Linkable Conjugated Statistical.txt,text_mining_GPT_extended
P3HT,thiophene backbone,hexyl,alkyl,C6,N/A,OFET,electronic,N/A,N/A,36200,N/A,1.06,N/A,N/A,N/A,N/A,N/A,N/A,N/A,N/A,crystalline,N/A,1.68 nm,as-cast,as-cast,N/A,N/A,N/A,N/A,edge-on orientation,379_Chemistry A European J - 2022 - Zhu - Enhanced Solvent and Thermal Stability in Cross%E2%80%90Linkable Conjugated Statistical.txt,scratch/prj/ch_sce_mine/MatAGen/outputs_example/379_Chemistry A European J - 2022 - Zhu - Enhanced Solvent and Thermal Stability in Cross%E2%80%90Linkable Conjugated Statistical/379_Chemistry A European J - 2022 - Zhu - Enhanced Solvent and Thermal Stability in Cross%E2%80%90Linkable Conjugated Statistical/pdf/379_Chemistry A European J - 2022 - Zhu - Enhanced Solvent and Thermal Stability in Cross%E2%80%90Linkable Conjugated Statistical.txt,text_mining_GPT_extended
P3HT,thiophene backbone,hexyl,alkyl,C6,N/A,OFET,electronic,N/A,N/A,36200,N/A,1.06,N/A,N/A,N/A,N/A,N/A,N/A,N/A,N/A,crystalline,N/A,1.75 nm,150°C for 1 h,thermal annealing,N/A,N/A,N/A,N/A,increased crystallinity and orientation,379_Chemistry A European J - 2022 - Zhu - Enhanced Solvent and Thermal Stability in Cross%E2%80%90Linkable Conjugated Statistical.txt,scratch/prj/ch_sce_mine/MatAGen/outputs_example/379_Chemistry A European J - 2022 - Zhu - Enhanced Solvent and Thermal Stability in Cross%E2%80%90Linkable Conjugated Statistical/379_Chemistry A European J - 2022 - Zhu - Enhanced Solvent and Thermal Stability in Cross%E2%80%90Linkable Conjugated Statistical/pdf/379_Chemistry A European J - 2022 - Zhu - Enhanced Solvent and Thermal Stability in Cross%E2%80%90Linkable Conjugated Statistical.txt,text_mining_GPT_extended
P3HHT,thiophene backbone,6-hydroxyhexyl,hydroxyl-containing,6-hydroxyhexyl,cross-linking for stability,OFET,electronic,N/A,N/A,17700,N/A,1.04,N/A,N/A,N/A,N/A,N/A,N/A,N/A,N/A,crystalline,N/A,1.81 nm,as-cast,as-cast,N/A,N/A,N/A,N/A,edge-on orientation,379_Chemistry A European J - 2022 - Zhu - Enhanced Solvent and Thermal Stability in Cross%E2%80%90Linkable Conjugated Statistical.txt,scratch/prj/ch_sce_mine/MatAGen/outputs_example/379_Chemistry A European J - 2022 - Zhu - Enhanced Solvent and Thermal Stability in Cross%E2%80%90Linkable Conjugated Statistical/379_Chemistry A European J - 2022 - Zhu - Enhanced Solvent and Thermal Stability in Cross%E2%80%90Linkable Conjugated Statistical/pdf/379_Chemistry A European J - 2022 - Zhu - Enhanced Solvent and Thermal Stability in Cross%E2%80%90Linkable Conjugated Statistical.txt,text_mining_GPT_extended
P3HHT,thiophene backbone,6-hydroxyhexyl,hydroxyl-containing,6-hydroxyhexyl,cross-linking for stability,OFET,electronic,N/A,N/A,17700,N/A,1.04,N/A,N/A,N/A,N/A,N/A,N/A,N/A,N/A,crystalline,N/A,1.83 nm,150°C for 1 h,thermal annealing,N/A,N/A,N/A,N/A,increased crystallinity and orientation,379_Chemistry A European J - 2022 - Zhu - Enhanced Solvent and Thermal Stability in Cross%E2%80%90Linkable Conjugated Statistical.txt,scratch/prj/ch_sce_mine/MatAGen/outputs_example/379_Chemistry A European J - 2022 - Zhu - Enhanced Solvent and Thermal Stability in Cross%E2%80%90Linkable Conjugated Statistical/379_Chemistry A European J - 2022 - Zhu - Enhanced Solvent and Thermal Stability in Cross%E2%80%90Linkable Conjugated Statistical/pdf/379_Chemistry A European J - 2022 - Zhu - Enhanced Solvent and Thermal Stability in Cross%E2%80%90Linkable Conjugated Statistical.txt,text_mining_GPT_extended
P3HHT,thiophene backbone,6-hydroxyhexyl,hydroxyl-containing,6-hydroxyhexyl,cross-linking for stability,OFET,electronic,N/A,N/A,17700,N/A,1.04,N/A,N/A,N/A,N/A,N/A,N/A,N/A,N/A,amorphous,N/A,N/A,300°C for 1 h,thermal annealing,N/A,N/A,N/A,N/A,no (100) peak detected,379_Chemistry A European J - 2022 - Zhu - Enhanced Solvent and Thermal Stability in Cross%E2%80%90Linkable Conjugated Statistical.txt,scratch/prj/ch_sce_mine/MatAGen/outputs_example/379_Chemistry A European J - 2022 - Zhu - Enhanced Solvent and Thermal Stability in Cross%E2%80%90Linkable Conjugated Statistical/379_Chemistry A European J - 2022 - Zhu - Enhanced Solvent and Thermal Stability in Cross%E2%80%90Linkable Conjugated Statistical/pdf/379_Chemistry A European J - 2022 - Zhu - Enhanced Solvent and Thermal Stability in Cross%E2%80%90Linkable Conjugated Statistical.txt,text_mining_GPT_extended
PVPDPP-OD,vinylene-linked DPP donor-acceptor backbone,2-octyldodecyl,alkyl,2-octyldodecyl,solubility,OFET,electronic,N/A,N/A,25.6 kg/mol,48.3 kg/mol,1.89,N/A,N/A,N/A,N/A,N/A,N/A,N/A,N/A,N/A,N/A,N/A,solution and thin film spectra,"spin-coating, annealing 140 °C",ODCB,N/A,N/A,N/A,nonplanar,393_effect-of-chalcogens-on-electronic-and-photophysical-properties-of-vinylene-based-diketopyrrolopyrrole-copolymers.txt,scratch/prj/ch_sce_mine/MatAGen/outputs_example/393_effect-of-chalcogens-on-electronic-and-photophysical-properties-of-vinylene-based-diketopyrrolopyrrole-copolymers/393_effect-of-chalcogens-on-electronic-and-photophysical-properties-of-vinylene-based-diketopyrrolopyrrole-copolymers/pdf/393_effect-of-chalcogens-on-electronic-and-photophysical-properties-of-vinylene-based-diketopyrrolopyrrole-copolymers.txt,text_mining_GPT_extended
PVTDPP-OD,vinylene-linked DPP donor-acceptor backbone,2-octyldodecyl,alkyl,2-octyldodecyl,solubility,OFET,electronic,150 nm,N/A,15.6 kg/mol,38.8 kg/mol,2.49,0.1 cm2 V−1 s−1,0.05 cm2 V−1 s−1,N/A,N/A,N/A,N/A,N/A,N/A,N/A,N/A,N/A,annealed 140 °C,"spin-coating, annealing 140 °C",ODCB,N/A,N/A,top-gate bottom-contact (TG-BC),interchain aggregates,393_effect-of-chalcogens-on-electronic-and-photophysical-properties-of-vinylene-based-diketopyrrolopyrrole-copolymers.txt,scratch/prj/ch_sce_mine/MatAGen/outputs_example/393_effect-of-chalcogens-on-electronic-and-photophysical-properties-of-vinylene-based-diketopyrrolopyrrole-copolymers/393_effect-of-chalcogens-on-electronic-and-photophysical-properties-of-vinylene-based-diketopyrrolopyrrole-copolymers/pdf/393_effect-of-chalcogens-on-electronic-and-photophysical-properties-of-vinylene-based-diketopyrrolopyrrole-copolymers.txt,text_mining_GPT_extended
PVSeDPP-OD,vinylene-linked DPP donor-acceptor backbone,2-octyldodecyl,alkyl,2-octyldodecyl,solubility,OFET,electronic,150 nm,N/A,14.1 kg/mol,32.5 kg/mol,2.3,0.05 cm2 V−1 s−1,0.005 cm2 V−1 s−1,N/A,N/A,N/A,N/A,N/A,N/A,N/A,N/A,N/A,annealed 140 °C,"spin-coating, annealing 140 °C",ODCB,N/A,N/A,top-gate bottom-contact (TG-BC),stronger intermolecular interaction,393_effect-of-chalcogens-on-electronic-and-photophysical-properties-of-vinylene-based-diketopyrrolopyrrole-copolymers.txt,scratch/prj/ch_sce_mine/MatAGen/outputs_example/393_effect-of-chalcogens-on-electronic-and-photophysical-properties-of-vinylene-based-diketopyrrolopyrrole-copolymers/393_effect-of-chalcogens-on-electronic-and-photophysical-properties-of-vinylene-based-diketopyrrolopyrrole-copolymers/pdf/393_effect-of-chalcogens-on-electronic-and-photophysical-properties-of-vinylene-based-diketopyrrolopyrrole-copolymers.txt,text_mining_GPT_extended
J52,bithienyl-benzodithiophene-alt-fluorobenzotriazole,branched alkyl (2-ethylhexyl),alkyl,2-ethylhexyl,study effect on photovoltaic performance,PSC,electronic,N/A,N/A,57.5K,N/A,1.86,1.01 × 10−4 cm2 v−1 s−1,0.31 × 10−4 cm2 v−1 s−1,N/A,N/A,5.18%,11.73 mA/cm2,0.74 V,59.36%,semicrystalline,3.70 Å,21.11 Å,as-cast film,spin-coated,chloroform,N/A,N/A,ITO/PEDOT:PSS/active layer/PDINO/Al,large domains of 30−40 nm,338_non-fullerene-polymer-solar-cells-based-on-alkylthio-and-fluorine-substituted-2d-conjugated-polymers-reach-9-5.txt,scratch/prj/ch_sce_mine/MatAGen/outputs_example/338_non-fullerene-polymer-solar-cells-based-on-alkylthio-and-fluorine-substituted-2d-conjugated-polymers-reach-9-5/338_non-fullerene-polymer-solar-cells-based-on-alkylthio-and-fluorine-substituted-2d-conjugated-polymers-reach-9-5/pdf/338_non-fullerene-polymer-solar-cells-based-on-alkylthio-and-fluorine-substituted-2d-conjugated-polymers-reach-9-5.txt,text_mining_GPT_extended
J52,bithienyl-benzodithiophene-alt-fluorobenzotriazole,branched alkyl (2-ethylhexyl),alkyl,2-ethylhexyl,study effect on photovoltaic performance,PSC,electronic,N/A,N/A,57.5K,N/A,1.86,1.22 × 10−4 cm2 v−1 s−1,0.35 × 10−4 cm2 v−1 s−1,N/A,N/A,5.51%,13.11 mA/cm2,0.73 V,57.80%,semicrystalline,3.70 Å,21.11 Å,thermal annealing at 100 °C for 10 min,spin-coated,chloroform,N/A,N/A,ITO/PEDOT:PSS/active layer/PDINO/Al,face-on orientation,338_non-fullerene-polymer-solar-cells-based-on-alkylthio-and-fluorine-substituted-2d-conjugated-polymers-reach-9-5.txt,scratch/prj/ch_sce_mine/MatAGen/outputs_example/338_non-fullerene-polymer-solar-cells-based-on-alkylthio-and-fluorine-substituted-2d-conjugated-polymers-reach-9-5/338_non-fullerene-polymer-solar-cells-based-on-alkylthio-and-fluorine-substituted-2d-conjugated-polymers-reach-9-5/pdf/338_non-fullerene-polymer-solar-cells-based-on-alkylthio-and-fluorine-substituted-2d-conjugated-polymers-reach-9-5.txt,text_mining_GPT_extended
J60,bithienyl-benzodithiophene-alt-fluorobenzotriazole,branched alkylthio (2-ethylhexylthio),alkylthio,2-ethylhexylthio,study effect on photovoltaic performance,PSC,electronic,N/A,N/A,23.9K,N/A,2.22,0.75 × 10−4 cm2 v−1 s−1,0.21 × 10−4 cm2 v−1 s−1,N/A,N/A,5.17%,9.78 mA/cm2,0.92 V,57.45%,semicrystalline,3.67 Å,22.48 Å,as-cast film,spin-coated,chloroform,N/A,N/A,ITO/PEDOT:PSS/active layer/PDINO/Al,nanoﬁbrillar networks around 10−20 nm,338_non-fullerene-polymer-solar-cells-based-on-alkylthio-and-fluorine-substituted-2d-conjugated-polymers-reach-9-5.txt,scratch/prj/ch_sce_mine/MatAGen/outputs_example/338_non-fullerene-polymer-solar-cells-based-on-alkylthio-and-fluorine-substituted-2d-conjugated-polymers-reach-9-5/338_non-fullerene-polymer-solar-cells-based-on-alkylthio-and-fluorine-substituted-2d-conjugated-polymers-reach-9-5/pdf/338_non-fullerene-polymer-solar-cells-based-on-alkylthio-and-fluorine-substituted-2d-conjugated-polymers-reach-9-5.txt,text_mining_GPT_extended
J60,bithienyl-benzodithiophene-alt-fluorobenzotriazole,branched alkylthio (2-ethylhexylthio),alkylthio,2-ethylhexylthio,study effect on photovoltaic performance,PSC,electronic,N/A,N/A,23.9K,N/A,2.22,1.99 × 10−4 cm2 v−1 s−1,1.46 × 10−4 cm2 v−1 s−1,N/A,N/A,8.97%,16.33 mA/cm2,0.91 V,60.38%,semicrystalline,3.67 Å,22.48 Å,thermal annealing at 100 °C for 10 min,spin-coated,chloroform,N/A,N/A,ITO/PEDOT:PSS/active layer/PDINO/Al,face-on orientation,338_non-fullerene-polymer-solar-cells-based-on-alkylthio-and-fluorine-substituted-2d-conjugated-polymers-reach-9-5.txt,scratch/prj/ch_sce_mine/MatAGen/outputs_example/338_non-fullerene-polymer-solar-cells-based-on-alkylthio-and-fluorine-substituted-2d-conjugated-polymers-reach-9-5/338_non-fullerene-polymer-solar-cells-based-on-alkylthio-and-fluorine-substituted-2d-conjugated-polymers-reach-9-5/pdf/338_non-fullerene-polymer-solar-cells-based-on-alkylthio-and-fluorine-substituted-2d-conjugated-polymers-reach-9-5.txt,text_mining_GPT_extended
J61,bithienyl-benzodithiophene-alt-fluorobenzotriazole,linear alkylthio (dodecylthio),alkylthio,dodecylthio,study effect on photovoltaic performance,PSC,electronic,N/A,N/A,34.2K,N/A,2.29,1.59 × 10−4 cm2 v−1 s−1,1.45 × 10−4 cm2 v−1 s−1,N/A,N/A,9.15%,14.95 mA/cm2,0.91 V,66.55%,semicrystalline,3.65 Å,26.11 Å,as-cast film,spin-coated,chloroform,N/A,N/A,ITO/PEDOT:PSS/active layer/PDINO/Al,preferred domain size of ∼10−15 nm,338_non-fullerene-polymer-solar-cells-based-on-alkylthio-and-fluorine-substituted-2d-conjugated-polymers-reach-9-5.txt,scratch/prj/ch_sce_mine/MatAGen/outputs_example/338_non-fullerene-polymer-solar-cells-based-on-alkylthio-and-fluorine-substituted-2d-conjugated-polymers-reach-9-5/338_non-fullerene-polymer-solar-cells-based-on-alkylthio-and-fluorine-substituted-2d-conjugated-polymers-reach-9-5/pdf/338_non-fullerene-polymer-solar-cells-based-on-alkylthio-and-fluorine-substituted-2d-conjugated-polymers-reach-9-5.txt,text_mining_GPT_extended
J61,bithienyl-benzodithiophene-alt-fluorobenzotriazole,linear alkylthio (dodecylthio),alkylthio,dodecylthio,study effect on photovoltaic performance,PSC,electronic,N/A,N/A,34.2K,N/A,2.29,4.96 × 10−4 cm2 v−1 s−1,2.16 × 10−4 cm2 v−1 s−1,N/A,N/A,9.53%,17.43 mA/cm2,0.89 V,61.48%,semicrystalline,3.65 Å,26.11 Å,thermal annealing at 100 °C for 10 min,spin-coated,chloroform,N/A,N/A,ITO/PEDOT:PSS/active layer/PDINO/Al,face-on orientation,338_non-fullerene-polymer-solar-cells-based-on-alkylthio-and-fluorine-substituted-2d-conjugated-polymers-reach-9-5.txt,scratch/prj/ch_sce_mine/MatAGen/outputs_example/338_non-fullerene-polymer-solar-cells-based-on-alkylthio-and-fluorine-substituted-2d-conjugated-polymers-reach-9-5/338_non-fullerene-polymer-solar-cells-based-on-alkylthio-and-fluorine-substituted-2d-conjugated-polymers-reach-9-5/pdf/338_non-fullerene-polymer-solar-cells-based-on-alkylthio-and-fluorine-substituted-2d-conjugated-polymers-reach-9-5.txt,text_mining_GPT_extended
P1,fluorene-thiophene copolymer,conjugated side-chain with aldehyde end group,conjugated,N/A,extend absorption and improve miscibility,N/A,N/A,N/A,N/A,"41,841",N/A,3.52,N/A,N/A,N/A,N/A,N/A,N/A,N/A,N/A,N/A,N/A,N/A,N/A,N/A,N/A,toluene,N/A,N/A,N/A,345_Journal of Polymer Science Part A  Polymer Chemistry - 2011 - Fan - Copolymers of fluorene and thiophene with conjugated.txt,scratch/prj/ch_sce_mine/MatAGen/outputs_example/345_Journal of Polymer Science Part A  Polymer Chemistry - 2011 - Fan - Copolymers of fluorene and thiophene with conjugated/345_Journal of Polymer Science Part A  Polymer Chemistry - 2011 - Fan - Copolymers of fluorene and thiophene with conjugated/pdf/345_Journal of Polymer Science Part A  Polymer Chemistry - 2011 - Fan - Copolymers of fluorene and thiophene with conjugated.txt,text_mining_GPT_extended
P2,fluorene-thiophene copolymer,conjugated side-chain pending cyanoacetate (octyl cyanoacetate),conjugated acceptor,C8,extend absorption and improve miscibility,N/A,N/A,N/A,N/A,"59,158","205,743",3.48,N/A,N/A,N/A,N/A,N/A,N/A,N/A,N/A,N/A,N/A,N/A,N/A,N/A,N/A,pyridine,N/A,N/A,N/A,345_Journal of Polymer Science Part A  Polymer Chemistry - 2011 - Fan - Copolymers of fluorene and thiophene with conjugated.txt,scratch/prj/ch_sce_mine/MatAGen/outputs_example/345_Journal of Polymer Science Part A  Polymer Chemistry - 2011 - Fan - Copolymers of fluorene and thiophene with conjugated/345_Journal of Polymer Science Part A  Polymer Chemistry - 2011 - Fan - Copolymers of fluorene and thiophene with conjugated/pdf/345_Journal of Polymer Science Part A  Polymer Chemistry - 2011 - Fan - Copolymers of fluorene and thiophene with conjugated.txt,text_mining_GPT_extended
P2:PC71BM,fluorene-thiophene copolymer,conjugated side-chain pending cyanoacetate (octyl cyanoacetate),conjugated acceptor,C8,extend absorption and improve miscibility,OPV,electronic,90 nm,N/A,"59,158","205,743",3.48,2.12  107 cm2/V s,N/A,N/A,N/A,0.48%,1.45 mA/cm2,0.80 V,0.41,N/A,N/A,N/A,"AM 1.5 G, 100 mW/cm2",spin coating,chloroform,pyridine,N/A,ITO/PEDOT:PSS/photoactive layer/Al,coarser surface,345_Journal of Polymer Science Part A  Polymer Chemistry - 2011 - Fan - Copolymers of fluorene and thiophene with conjugated.txt,scratch/prj/ch_sce_mine/MatAGen/outputs_example/345_Journal of Polymer Science Part A  Polymer Chemistry - 2011 - Fan - Copolymers of fluorene and thiophene with conjugated/345_Journal of Polymer Science Part A  Polymer Chemistry - 2011 - Fan - Copolymers of fluorene and thiophene with conjugated/pdf/345_Journal of Polymer Science Part A  Polymer Chemistry - 2011 - Fan - Copolymers of fluorene and thiophene with conjugated.txt,text_mining_GPT_extended
P3,fluorene-thiophene copolymer,conjugated side-chain pending malononitrile,conjugated acceptor,N/A,extend absorption and improve miscibility,N/A,N/A,N/A,N/A,"48,330","162,390",3.36,N/A,N/A,N/A,N/A,N/A,N/A,N/A,N/A,N/A,N/A,N/A,N/A,N/A,N/A,chloroform and pyridine,N/A,N/A,stronger ICT interaction,345_Journal of Polymer Science Part A  Polymer Chemistry - 2011 - Fan - Copolymers of fluorene and thiophene with conjugated.txt,scratch/prj/ch_sce_mine/MatAGen/outputs_example/345_Journal of Polymer Science Part A  Polymer Chemistry - 2011 - Fan - Copolymers of fluorene and thiophene with conjugated/345_Journal of Polymer Science Part A  Polymer Chemistry - 2011 - Fan - Copolymers of fluorene and thiophene with conjugated/pdf/345_Journal of Polymer Science Part A  Polymer Chemistry - 2011 - Fan - Copolymers of fluorene and thiophene with conjugated.txt,text_mining_GPT_extended
P3:PC71BM,fluorene-thiophene copolymer,conjugated side-chain pending malononitrile,conjugated acceptor,N/A,extend absorption and improve miscibility,OPV,electronic,50 nm,N/A,"48,330","162,390",3.36,6.13  107 cm2/V s,N/A,N/A,N/A,1.33%,4.33 mA/cm2,0.90 V,0.34,N/A,N/A,N/A,"AM 1.5 G, 100 mW/cm2",spin coating,chloroform,chloroform and pyridine,N/A,ITO/PEDOT:PSS/photoactive layer/Al,reduced phase separation scale,345_Journal of Polymer Science Part A  Polymer Chemistry - 2011 - Fan - Copolymers of fluorene and thiophene with conjugated.txt,scratch/prj/ch_sce_mine/MatAGen/outputs_example/345_Journal of Polymer Science Part A  Polymer Chemistry - 2011 - Fan - Copolymers of fluorene and thiophene with conjugated/345_Journal of Polymer Science Part A  Polymer Chemistry - 2011 - Fan - Copolymers of fluorene and thiophene with conjugated/pdf/345_Journal of Polymer Science Part A  Polymer Chemistry - 2011 - Fan - Copolymers of fluorene and thiophene with conjugated.txt,text_mining_GPT_extended
P(DPP-SSS),Diketopyrrolopyrrole-based copolymer,SSS,N/A,N/A,π-extended donating units,TFT,electronic,N/A,N/A,N/A,N/A,N/A,N/A,N/A,N/A,N/A,N/A,N/A,N/A,N/A,N/A,3.75 Å,20.76 Å,thermal annealing,thermal annealing,N/A,N/A,N/A,BCBG-TFT (OTS-SiO2/Si gate),annealed film,305_doi-10%2E1039%2Fc4py01112k.txt,scratch/prj/ch_sce_mine/MatAGen/outputs_example/305_doi-10%2E1039%2Fc4py01112k/305_doi-10%2E1039%2Fc4py01112k/pdf/305_doi-10%2E1039%2Fc4py01112k.txt,text_mining_GPT_extended
P(DPP-TST),Diketopyrrolopyrrole-based copolymer,TST,N/A,N/A,π-extended donating units,TFT,electronic,N/A,N/A,N/A,N/A,N/A,N/A,N/A,N/A,N/A,N/A,N/A,N/A,N/A,N/A,3.62 Å,20.48 Å,thermal annealing,thermal annealing,N/A,N/A,N/A,BCBG-TFT (OTS-SiO2/Si gate),annealed film,305_doi-10%2E1039%2Fc4py01112k.txt,scratch/prj/ch_sce_mine/MatAGen/outputs_example/305_doi-10%2E1039%2Fc4py01112k/305_doi-10%2E1039%2Fc4py01112k/pdf/305_doi-10%2E1039%2Fc4py01112k.txt,text_mining_GPT_extended
P(DPP-TTT),Diketopyrrolopyrrole-based copolymer,TTT,N/A,N/A,π-extended donating units,TFT,electronic,N/A,N/A,N/A,N/A,N/A,N/A,N/A,N/A,N/A,N/A,N/A,N/A,N/A,N/A,3.66 Å,20.11 Å,thermal annealing,thermal annealing,N/A,N/A,N/A,BCBG-TFT (OTS-SiO2/Si gate),annealed film,305_doi-10%2E1039%2Fc4py01112k.txt,scratch/prj/ch_sce_mine/MatAGen/outputs_example/305_doi-10%2E1039%2Fc4py01112k/305_doi-10%2E1039%2Fc4py01112k/pdf/305_doi-10%2E1039%2Fc4py01112k.txt,text_mining_GPT_extended
P(DPP-TPhT),Diketopyrrolopyrrole-based copolymer,TPhT,N/A,N/A,π-extended donating units,TFT,electronic,N/A,N/A,N/A,N/A,N/A,N/A,N/A,N/A,N/A,N/A,N/A,N/A,N/A,N/A,3.74 Å,20.05 Å,thermal annealing,thermal annealing,N/A,N/A,N/A,BCBG-TFT (OTS-SiO2/Si gate),annealed film,305_doi-10%2E1039%2Fc4py01112k.txt,scratch/prj/ch_sce_mine/MatAGen/outputs_example/305_doi-10%2E1039%2Fc4py01112k/305_doi-10%2E1039%2Fc4py01112k/pdf/305_doi-10%2E1039%2Fc4py01112k.txt,text_mining_GPT_extended
P1,DPP-based with pyrazine flanked by thiophenes,amide-containing side chains,amide,hexanoyl,promote intramolecular H-bonds,OFET,electronic,∼40 nm,50 μm,N/A,N/A,N/A,0.163 cm2/Vs,N/A,N/A,N/A,N/A,N/A,N/A,N/A,semi-crystalline,N/A,25.1 Å,thermal annealing at 170 °C for 1 h,spin-coating,chlorobenzene,N/A,N/A,"bottom-gate, top-contact OFETs (OTS-treated)",well-deﬁned domains at the nanoscale,384_precise-control-of-noncovalent-interactions-in-semiconducting-polymers-for-high-performance-organic-field-effect.txt,scratch/prj/ch_sce_mine/MatAGen/outputs_example/384_precise-control-of-noncovalent-interactions-in-semiconducting-polymers-for-high-performance-organic-field-effect/384_precise-control-of-noncovalent-interactions-in-semiconducting-polymers-for-high-performance-organic-field-effect/pdf/384_precise-control-of-noncovalent-interactions-in-semiconducting-polymers-for-high-performance-organic-field-effect.txt,text_mining_GPT_extended
P2,DPP-based with benzene flanked by thiophenes,amide-containing side chains,amide,hexanoyl,promote intermolecular H-bonds,OFET,electronic,∼40 nm,50 μm,N/A,N/A,N/A,0.00023 cm2/Vs,N/A,N/A,N/A,N/A,N/A,N/A,N/A,semi-crystalline,N/A,23.3 Å,thermal annealing at 170 °C for 1 h,spin-coating,chlorobenzene,N/A,N/A,"bottom-gate, top-contact OFETs (OTS-treated)",smaller aggregated and interconnected domains,384_precise-control-of-noncovalent-interactions-in-semiconducting-polymers-for-high-performance-organic-field-effect.txt,scratch/prj/ch_sce_mine/MatAGen/outputs_example/384_precise-control-of-noncovalent-interactions-in-semiconducting-polymers-for-high-performance-organic-field-effect/384_precise-control-of-noncovalent-interactions-in-semiconducting-polymers-for-high-performance-organic-field-effect/pdf/384_precise-control-of-noncovalent-interactions-in-semiconducting-polymers-for-high-performance-organic-field-effect.txt,text_mining_GPT_extended
PTBT-ID,TBT donor and isoindigo acceptor,2-ethylhexyl; 2-hexyldecyl,alkyl; alkoxy,2-ethylhexyl; 2-hexyldecyl,N/A,OPV,electronic,N/A,N/A,20.8 kg mol-1,N/A,1.88,3.5  107 cm2 V1 s1,N/A,N/A,N/A,1.05%,2.39 mA cm-2,0.80 V,0.55,semi-crystalline,4.19 Å,17.87 Å,polymer:PC61BM 1:1.5; CHCl3:DCB 3:1; AM1.5G 100 mW cm-2,solution processing,CHCl3:DCB = 3:1 (v/v),toluene/DMF,N/A,ITO/MoO3/polymer:PC61BM/LiF/Al stack,serious phase separation,327_1-s2.0-S1566119915000683-main.txt,scratch/prj/ch_sce_mine/MatAGen/outputs_example/327_1-s2.0-S1566119915000683-main/327_1-s2.0-S1566119915000683-main/pdf/327_1-s2.0-S1566119915000683-main.txt,text_mining_GPT_extended
PTBT-HTID,TBT-hexylthiophene-isoindigo D-A,2-ethylhexyl; 2-hexyldecyl,alkyl; alkoxy,2-ethylhexyl; 2-hexyldecyl,improve aggregation and morphology,OPV,electronic,N/A,N/A,15.2 kg mol-1,N/A,1.36,7.4  105 cm2 V1 s1,N/A,N/A,N/A,3.71%,8.87 mA cm-2,0.71 V,0.59,semi-crystalline,3.70 Å,15.93 Å,polymer:PC61BM 1:1.5; CHCl3:DCB 3:1; AM1.5G 100 mW cm-2,solution processing,CHCl3:DCB = 3:1 (v/v),toluene/DMF,N/A,ITO/MoO3/polymer:PC61BM/LiF/Al stack,better microphase separation,327_1-s2.0-S1566119915000683-main.txt,scratch/prj/ch_sce_mine/MatAGen/outputs_example/327_1-s2.0-S1566119915000683-main/327_1-s2.0-S1566119915000683-main/pdf/327_1-s2.0-S1566119915000683-main.txt,text_mining_GPT_extended
PTBT-HTID-DPP,TBT-hexylthiophene-isoindigo-DPP terpolymer,2-ethylhexyl; 2-hexyldecyl,alkyl; alkoxy,2-ethylhexyl; 2-hexyldecyl,extend absorption; tune aggregation and morphology,OPV,electronic,N/A,N/A,13.1 kg mol-1,N/A,1.37,1.3  104 cm2 V1 s1,N/A,N/A,N/A,4.20%,11.13 mA cm-2,0.66 V,0.57,semi-crystalline,3.77 Å,15.30 Å,polymer:PC61BM 1:1.5; CHCl3:DCB 3:1; AM1.5G 100 mW cm-2,solution processing,CHCl3:DCB = 3:1 (v/v),toluene/DMF,N/A,ITO/MoO3/polymer:PC61BM/LiF/Al stack,smallest domain size,327_1-s2.0-S1566119915000683-main.txt,scratch/prj/ch_sce_mine/MatAGen/outputs_example/327_1-s2.0-S1566119915000683-main/327_1-s2.0-S1566119915000683-main/pdf/327_1-s2.0-S1566119915000683-main.txt,text_mining_GPT_extended
N/A,N/A,N/A,N/A,N/A,N/A,N/A,N/A,N/A,N/A,N/A,N/A,N/A,N/A,N/A,N/A,N/A,N/A,N/A,N/A,N/A,N/A,N/A,annealed at 80 ºC,spin-coating,N/A,N/A,N/A,N/A,N/A,N/A,397_Adv Funct Materials - 2005 - van%E2%80%89Breemen - High%E2%80%90Performance Solution%E2%80%90Processable Poly p%E2%80%90phenylene vinylene s for Air%E2%80%90Stable.txt,scratch/prj/ch_sce_mine/MatAGen/outputs_example/397_Adv Funct Materials - 2005 - van%E2%80%89Breemen - High%E2%80%90Performance Solution%E2%80%90Processable Poly p%E2%80%90phenylene vinylene s for Air%E2%80%90Stable/397_Adv Funct Materials - 2005 - van%E2%80%89Breemen - High%E2%80%90Performance Solution%E2%80%90Processable Poly p%E2%80%90phenylene vinylene s for Air%E2%80%90Stable/pdf/397_Adv Funct Materials - 2005 - van%E2%80%89Breemen - High%E2%80%90Performance Solution%E2%80%90Processable Poly p%E2%80%90phenylene vinylene s for Air%E2%80%90Stable.txt,text_mining_GPT_extended
N/A,N/A,N/A,N/A,N/A,N/A,N/A,N/A,N/A,N/A,N/A,N/A,N/A,N/A,N/A,N/A,N/A,N/A,N/A,N/A,N/A,N/A,N/A,annealed at 110 ºC,spin-coating,N/A,N/A,N/A,N/A,N/A,N/A,397_Adv Funct Materials - 2005 - van%E2%80%89Breemen - High%E2%80%90Performance Solution%E2%80%90Processable Poly p%E2%80%90phenylene vinylene s for Air%E2%80%90Stable.txt,scratch/prj/ch_sce_mine/MatAGen/outputs_example/397_Adv Funct Materials - 2005 - van%E2%80%89Breemen - High%E2%80%90Performance Solution%E2%80%90Processable Poly p%E2%80%90phenylene vinylene s for Air%E2%80%90Stable/397_Adv Funct Materials - 2005 - van%E2%80%89Breemen - High%E2%80%90Performance Solution%E2%80%90Processable Poly p%E2%80%90phenylene vinylene s for Air%E2%80%90Stable/pdf/397_Adv Funct Materials - 2005 - van%E2%80%89Breemen - High%E2%80%90Performance Solution%E2%80%90Processable Poly p%E2%80%90phenylene vinylene s for Air%E2%80%90Stable.txt,text_mining_GPT_extended
N/A,N/A,N/A,N/A,N/A,N/A,N/A,N/A,N/A,N/A,N/A,N/A,N/A,N/A,N/A,N/A,N/A,N/A,N/A,N/A,N/A,N/A,N/A,annealed at 150 ºC,spin-coating,N/A,N/A,N/A,N/A,N/A,N/A,397_Adv Funct Materials - 2005 - van%E2%80%89Breemen - High%E2%80%90Performance Solution%E2%80%90Processable Poly p%E2%80%90phenylene vinylene s for Air%E2%80%90Stable.txt,scratch/prj/ch_sce_mine/MatAGen/outputs_example/397_Adv Funct Materials - 2005 - van%E2%80%89Breemen - High%E2%80%90Performance Solution%E2%80%90Processable Poly p%E2%80%90phenylene vinylene s for Air%E2%80%90Stable/397_Adv Funct Materials - 2005 - van%E2%80%89Breemen - High%E2%80%90Performance Solution%E2%80%90Processable Poly p%E2%80%90phenylene vinylene s for Air%E2%80%90Stable/pdf/397_Adv Funct Materials - 2005 - van%E2%80%89Breemen - High%E2%80%90Performance Solution%E2%80%90Processable Poly p%E2%80%90phenylene vinylene s for Air%E2%80%90Stable.txt,text_mining_GPT_extended
p(C2g3T2-TT),"3,3’-dialkoxybithiophene-thienothiophene backbone",methyl end-capped tetraethylene glycol (no spacer),EG,C2,reduce swelling; improve mobility,OECT; OFET,mixed ionic-electronic,203 nm,N/A,83.4 kDa,N/A,1.36,6.60 ± 1.74 cm2/Vs,N/A,N/A,1099 ± 121.0 F cm^-1 V^-1 s^-1,N/A,N/A,N/A,N/A,semi-crystalline,N/A,N/A,0.1 M NaCl (aq),processed from chloroform,chloroform,N/A,0.1 M NaCl (aq),Top-gate bottom-contact OFET; OECT,more distinct crystalline features,366_Angew Chem Int Ed - 2024 - Yu - The Influence of Alkyl Spacers and Molecular Weight on the Charge Transport and Storage.txt,scratch/prj/ch_sce_mine/MatAGen/outputs_example/366_Angew Chem Int Ed - 2024 - Yu - The Influence of Alkyl Spacers and Molecular Weight on the Charge Transport and Storage/366_Angew Chem Int Ed - 2024 - Yu - The Influence of Alkyl Spacers and Molecular Weight on the Charge Transport and Storage/pdf/366_Angew Chem Int Ed - 2024 - Yu - The Influence of Alkyl Spacers and Molecular Weight on the Charge Transport and Storage.txt,text_mining_GPT_extended
p(C4g3T2-TT),"3,3’-dialkoxybithiophene-thienothiophene backbone",methyl end-capped triethylene glycol with C4 alkyl spacer,EG and alkyl,C4,reduce swelling; improve mobility,OECT; OFET,mixed ionic-electronic,142 nm,N/A,130.5 kDa,N/A,2.06,1.48 ± 0.15 cm2/Vs,N/A,N/A,380.3 ± 25.4 F cm^-1 V^-1 s^-1,N/A,N/A,N/A,N/A,amorphous,N/A,N/A,0.1 M NaCl (aq),processed from chloroform,chloroform,N/A,0.1 M NaCl (aq),Top-gate bottom-contact OFET; OECT,backbone twisting,366_Angew Chem Int Ed - 2024 - Yu - The Influence of Alkyl Spacers and Molecular Weight on the Charge Transport and Storage.txt,scratch/prj/ch_sce_mine/MatAGen/outputs_example/366_Angew Chem Int Ed - 2024 - Yu - The Influence of Alkyl Spacers and Molecular Weight on the Charge Transport and Storage/366_Angew Chem Int Ed - 2024 - Yu - The Influence of Alkyl Spacers and Molecular Weight on the Charge Transport and Storage/pdf/366_Angew Chem Int Ed - 2024 - Yu - The Influence of Alkyl Spacers and Molecular Weight on the Charge Transport and Storage.txt,text_mining_GPT_extended
p(C6g3T2-TT),"3,3’-dialkoxybithiophene-thienothiophene backbone",methyl end-capped triethylene glycol with C6 alkyl spacer,EG and alkyl,C6,reduce swelling; improve mobility,OECT; OFET,mixed ionic-electronic,197 nm,N/A,114.3 kDa,N/A,2.07,1.64 ± 0.22 cm2/Vs,N/A,N/A,267.8 ± 3.1 F cm^-1 V^-1 s^-1,N/A,N/A,N/A,N/A,amorphous,N/A,N/A,0.1 M NaCl (aq),processed from chloroform,chloroform,N/A,0.1 M NaCl (aq),Top-gate bottom-contact OFET; OECT,backbone twisting,366_Angew Chem Int Ed - 2024 - Yu - The Influence of Alkyl Spacers and Molecular Weight on the Charge Transport and Storage.txt,scratch/prj/ch_sce_mine/MatAGen/outputs_example/366_Angew Chem Int Ed - 2024 - Yu - The Influence of Alkyl Spacers and Molecular Weight on the Charge Transport and Storage/366_Angew Chem Int Ed - 2024 - Yu - The Influence of Alkyl Spacers and Molecular Weight on the Charge Transport and Storage/pdf/366_Angew Chem Int Ed - 2024 - Yu - The Influence of Alkyl Spacers and Molecular Weight on the Charge Transport and Storage.txt,text_mining_GPT_extended
p(C8g3T2-TT),"3,3’-dialkoxybithiophene-thienothiophene backbone",methyl end-capped triethylene glycol with C8 alkyl spacer,EG and alkyl,C8,reduce swelling; improve mobility,OECT; OFET,mixed ionic-electronic,145 nm,N/A,110.6 kDa,N/A,2.55,0.98 ± 0.12 cm2/Vs,N/A,N/A,189.2 ± 21.2 F cm^-1 V^-1 s^-1,N/A,N/A,N/A,N/A,amorphous,N/A,N/A,0.1 M NaCl (aq),processed from chloroform,chloroform,N/A,0.1 M NaCl (aq),Top-gate bottom-contact OFET; OECT,backbone twisting,366_Angew Chem Int Ed - 2024 - Yu - The Influence of Alkyl Spacers and Molecular Weight on the Charge Transport and Storage.txt,scratch/prj/ch_sce_mine/MatAGen/outputs_example/366_Angew Chem Int Ed - 2024 - Yu - The Influence of Alkyl Spacers and Molecular Weight on the Charge Transport and Storage/366_Angew Chem Int Ed - 2024 - Yu - The Influence of Alkyl Spacers and Molecular Weight on the Charge Transport and Storage/pdf/366_Angew Chem Int Ed - 2024 - Yu - The Influence of Alkyl Spacers and Molecular Weight on the Charge Transport and Storage.txt,text_mining_GPT_extended
p(C2g3T2-TT) L-MW,"3,3’-dialkoxybithiophene-thienothiophene backbone",methyl end-capped tetraethylene glycol (no spacer),EG,C2,reduce swelling; improve mobility,OECT; OFET,mixed ionic-electronic,183 nm,N/A,7.1 kDa,N/A,1.91,4.45 ± 0.45 cm2/Vs,N/A,N/A,524.8 ± 20.6 F cm^-1 V^-1 s^-1,N/A,N/A,N/A,N/A,semi-crystalline,N/A,N/A,0.1 M NaCl (aq),processed from chloroform,chloroform,N/A,0.1 M NaCl (aq),Top-gate bottom-contact OFET; OECT,reduced swelling,366_Angew Chem Int Ed - 2024 - Yu - The Influence of Alkyl Spacers and Molecular Weight on the Charge Transport and Storage.txt,scratch/prj/ch_sce_mine/MatAGen/outputs_example/366_Angew Chem Int Ed - 2024 - Yu - The Influence of Alkyl Spacers and Molecular Weight on the Charge Transport and Storage/366_Angew Chem Int Ed - 2024 - Yu - The Influence of Alkyl Spacers and Molecular Weight on the Charge Transport and Storage/pdf/366_Angew Chem Int Ed - 2024 - Yu - The Influence of Alkyl Spacers and Molecular Weight on the Charge Transport and Storage.txt,text_mining_GPT_extended
p(C4g3T2-TT) L-MW,"3,3’-dialkoxybithiophene-thienothiophene backbone",methyl end-capped triethylene glycol with C4 alkyl spacer,EG and alkyl,C4,reduce swelling; improve mobility,OECT; OFET,mixed ionic-electronic,139 nm,N/A,10.0 kDa,N/A,2.14,3.36 ± 0.43 cm2/Vs,N/A,N/A,271.8 ± 9.8 F cm^-1 V^-1 s^-1,N/A,N/A,N/A,N/A,semi-crystalline,N/A,N/A,0.1 M NaCl (aq),processed from chloroform,chloroform,N/A,0.1 M NaCl (aq),Top-gate bottom-contact OFET; OECT,more defined crystalline features,366_Angew Chem Int Ed - 2024 - Yu - The Influence of Alkyl Spacers and Molecular Weight on the Charge Transport and Storage.txt,scratch/prj/ch_sce_mine/MatAGen/outputs_example/366_Angew Chem Int Ed - 2024 - Yu - The Influence of Alkyl Spacers and Molecular Weight on the Charge Transport and Storage/366_Angew Chem Int Ed - 2024 - Yu - The Influence of Alkyl Spacers and Molecular Weight on the Charge Transport and Storage/pdf/366_Angew Chem Int Ed - 2024 - Yu - The Influence of Alkyl Spacers and Molecular Weight on the Charge Transport and Storage.txt,text_mining_GPT_extended
p(C6g3T2-TT) L-MW,"3,3’-dialkoxybithiophene-thienothiophene backbone",methyl end-capped triethylene glycol with C6 alkyl spacer,EG and alkyl,C6,reduce swelling; improve mobility,OECT; OFET,mixed ionic-electronic,103 nm,N/A,11.6 kDa,N/A,2.59,0.91 ± 0.10 cm2/Vs,N/A,N/A,266.5 ± 1.2 F cm^-1 V^-1 s^-1,N/A,N/A,N/A,N/A,semi-crystalline,N/A,N/A,0.1 M NaCl (aq),processed from chloroform,chloroform,N/A,0.1 M NaCl (aq),Top-gate bottom-contact OFET; OECT,N/A,366_Angew Chem Int Ed - 2024 - Yu - The Influence of Alkyl Spacers and Molecular Weight on the Charge Transport and Storage.txt,scratch/prj/ch_sce_mine/MatAGen/outputs_example/366_Angew Chem Int Ed - 2024 - Yu - The Influence of Alkyl Spacers and Molecular Weight on the Charge Transport and Storage/366_Angew Chem Int Ed - 2024 - Yu - The Influence of Alkyl Spacers and Molecular Weight on the Charge Transport and Storage/pdf/366_Angew Chem Int Ed - 2024 - Yu - The Influence of Alkyl Spacers and Molecular Weight on the Charge Transport and Storage.txt,text_mining_GPT_extended
p(C8g3T2-TT) L-MW,"3,3’-dialkoxybithiophene-thienothiophene backbone",methyl end-capped triethylene glycol with C8 alkyl spacer,EG and alkyl,C8,reduce swelling; improve mobility,OECT; OFET,mixed ionic-electronic,100 nm,N/A,5.9 kDa,N/A,1.92,2.95 ± 0.24 cm2/Vs,N/A,N/A,426.3 ± 14.1 F cm^-1 V^-1 s^-1,N/A,N/A,N/A,N/A,semi-crystalline,N/A,N/A,0.1 M NaCl (aq),processed from chloroform,chloroform,N/A,0.1 M NaCl (aq),Top-gate bottom-contact OFET; OECT,N/A,366_Angew Chem Int Ed - 2024 - Yu - The Influence of Alkyl Spacers and Molecular Weight on the Charge Transport and Storage.txt,scratch/prj/ch_sce_mine/MatAGen/outputs_example/366_Angew Chem Int Ed - 2024 - Yu - The Influence of Alkyl Spacers and Molecular Weight on the Charge Transport and Storage/366_Angew Chem Int Ed - 2024 - Yu - The Influence of Alkyl Spacers and Molecular Weight on the Charge Transport and Storage/pdf/366_Angew Chem Int Ed - 2024 - Yu - The Influence of Alkyl Spacers and Molecular Weight on the Charge Transport and Storage.txt,text_mining_GPT_extended
C12,polythiophene,dodecyl,alkyl,C12,solubility,OFET,electronic,around 255 nm,30 μm,14.0 K,N/A,N/A,(4.2 ± 1.7) × 10−4 cm2 V−1 s−1,N/A,N/A,N/A,N/A,N/A,N/A,N/A,semi-crystalline,0.40 nm,2.72 nm,as-cast,spin-coated,CHCl3,N/A,N/A,top-contact bottom-gate configuration,misoriented crystallites,369_1-s2.0-S0032386125003775-main.txt,scratch/prj/ch_sce_mine/MatAGen/outputs_example/369_1-s2.0-S0032386125003775-main/369_1-s2.0-S0032386125003775-main/pdf/369_1-s2.0-S0032386125003775-main.txt,text_mining_GPT_extended
T-C12,thiophene-containing backbone,dodecyl,alkyl,C12,solubility,OFET,electronic,around 255 nm,30 μm,13.5 K,N/A,N/A,(2.3 ± 0.4) × 10−2 cm2 V−1 s−1,N/A,N/A,N/A,N/A,N/A,N/A,N/A,semi-crystalline,0.39 nm,1.98 nm,as-cast,spin-coated,CHCl3,N/A,N/A,top-contact bottom-gate configuration,partially oriented crystallites,369_1-s2.0-S0032386125003775-main.txt,scratch/prj/ch_sce_mine/MatAGen/outputs_example/369_1-s2.0-S0032386125003775-main/369_1-s2.0-S0032386125003775-main/pdf/369_1-s2.0-S0032386125003775-main.txt,text_mining_GPT_extended
TT-C12,"thieno[3,2-b]thiophene-containing backbone",dodecyl,alkyl,C12,solubility,OFET,electronic,around 255 nm,30 μm,11.1 K,N/A,N/A,(2.9 ± 0.4) × 10−2 cm2 V−1 s−1,N/A,N/A,N/A,N/A,N/A,N/A,N/A,crystalline,0.37 nm,1.95 nm,as-cast,spin-coated,CHCl3,N/A,N/A,top-contact bottom-gate configuration,highly oriented crystallites,369_1-s2.0-S0032386125003775-main.txt,scratch/prj/ch_sce_mine/MatAGen/outputs_example/369_1-s2.0-S0032386125003775-main/369_1-s2.0-S0032386125003775-main/pdf/369_1-s2.0-S0032386125003775-main.txt,text_mining_GPT_extended
TTT-C12,"dithieno[3,2-b:2′,3′-d]thiophene-containing backbone",dodecyl,alkyl,C12,solubility,OFET,electronic,around 255 nm,30 μm,10.7 K,N/A,N/A,(2.2 ± 0.5) × 10−2 cm2 V−1 s−1,N/A,N/A,N/A,N/A,N/A,N/A,N/A,semi-crystalline,0.37 nm,1.98 nm,as-cast,spin-coated,CHCl3,N/A,N/A,top-contact bottom-gate configuration,partially oriented crystallites,369_1-s2.0-S0032386125003775-main.txt,scratch/prj/ch_sce_mine/MatAGen/outputs_example/369_1-s2.0-S0032386125003775-main/369_1-s2.0-S0032386125003775-main/pdf/369_1-s2.0-S0032386125003775-main.txt,text_mining_GPT_extended
TTT-C6,"dithieno[3,2-b:2′,3′-d]thiophene-containing backbone",hexyl,alkyl,C6,solubility,OFET,electronic,around 255 nm,30 μm,6.0 K,N/A,N/A,(1.1 ± 0.05) × 10−2 cm2 V−1 s−1,N/A,N/A,N/A,N/A,N/A,N/A,N/A,semi-crystalline,0.36 nm,1.22 nm,as-cast,spin-coated,CHCl3,N/A,N/A,top-contact bottom-gate configuration,fiber-like morphology,369_1-s2.0-S0032386125003775-main.txt,scratch/prj/ch_sce_mine/MatAGen/outputs_example/369_1-s2.0-S0032386125003775-main/369_1-s2.0-S0032386125003775-main/pdf/369_1-s2.0-S0032386125003775-main.txt,text_mining_GPT_extended
TTT-C6,"dithieno[3,2-b:2′,3′-d]thiophene-containing backbone",hexyl,alkyl,C6,solubility,OFET,electronic,around 255 nm,30 μm,6.0 K,N/A,N/A,(1.2 ± 0.06) × 10−2 cm2 V−1 s−1,N/A,N/A,N/A,N/A,N/A,N/A,N/A,semi-crystalline,0.36 nm,1.23 nm,annealed at 70 °C,spin-coated; annealed 70 °C,CHCl3,N/A,N/A,top-contact bottom-gate configuration,no significant changes,369_1-s2.0-S0032386125003775-main.txt,scratch/prj/ch_sce_mine/MatAGen/outputs_example/369_1-s2.0-S0032386125003775-main/369_1-s2.0-S0032386125003775-main/pdf/369_1-s2.0-S0032386125003775-main.txt,text_mining_GPT_extended
TTT-C6,"dithieno[3,2-b:2′,3′-d]thiophene-containing backbone",hexyl,alkyl,C6,solubility,OFET,electronic,around 255 nm,30 μm,6.0 K,N/A,N/A,(3.2 ± 0.5) × 10−3 cm2 V−1 s−1,N/A,N/A,N/A,N/A,N/A,N/A,N/A,semi-crystalline,0.37 nm,1.20 nm,annealed at 150 °C,spin-coated; annealed 150 °C,CHCl3,N/A,N/A,top-contact bottom-gate configuration,loose fiber-like structure,369_1-s2.0-S0032386125003775-main.txt,scratch/prj/ch_sce_mine/MatAGen/outputs_example/369_1-s2.0-S0032386125003775-main/369_1-s2.0-S0032386125003775-main/pdf/369_1-s2.0-S0032386125003775-main.txt,text_mining_GPT_extended
TTT-C10,"dithieno[3,2-b:2′,3′-d]thiophene-containing backbone",decyl,alkyl,C10,solubility,OFET,electronic,around 255 nm,30 μm,8.5 K,N/A,N/A,(1.3 ± 0.4) × 10−2 cm2 V−1 s−1,N/A,N/A,N/A,N/A,N/A,N/A,N/A,semi-crystalline,0.36 nm,1.64 nm,as-cast,spin-coated,CHCl3,N/A,N/A,top-contact bottom-gate configuration,"denser, interconnected fiber structures",369_1-s2.0-S0032386125003775-main.txt,scratch/prj/ch_sce_mine/MatAGen/outputs_example/369_1-s2.0-S0032386125003775-main/369_1-s2.0-S0032386125003775-main/pdf/369_1-s2.0-S0032386125003775-main.txt,text_mining_GPT_extended
TTT-C10,"dithieno[3,2-b:2′,3′-d]thiophene-containing backbone",decyl,alkyl,C10,solubility,OFET,electronic,around 255 nm,30 μm,8.5 K,N/A,N/A,(1.7 ± 0.2) × 10−2 cm2 V−1 s−1,N/A,N/A,N/A,N/A,N/A,N/A,N/A,semi-crystalline,0.36 nm,1.63 nm,annealed at 70 °C,spin-coated; annealed 70 °C,CHCl3,N/A,N/A,top-contact bottom-gate configuration,thickened and broadened fibers,369_1-s2.0-S0032386125003775-main.txt,scratch/prj/ch_sce_mine/MatAGen/outputs_example/369_1-s2.0-S0032386125003775-main/369_1-s2.0-S0032386125003775-main/pdf/369_1-s2.0-S0032386125003775-main.txt,text_mining_GPT_extended
TTT-C10,"dithieno[3,2-b:2′,3′-d]thiophene-containing backbone",decyl,alkyl,C10,solubility,OFET,electronic,around 255 nm,30 μm,8.5 K,N/A,N/A,(2.4 ± 0.3) × 10−3 cm2 V−1 s−1,N/A,N/A,N/A,N/A,N/A,N/A,N/A,semi-crystalline,0.37 nm,1.62 nm,annealed at 150 °C,spin-coated; annealed 150 °C,CHCl3,N/A,N/A,top-contact bottom-gate configuration,nanorod morphology,369_1-s2.0-S0032386125003775-main.txt,scratch/prj/ch_sce_mine/MatAGen/outputs_example/369_1-s2.0-S0032386125003775-main/369_1-s2.0-S0032386125003775-main/pdf/369_1-s2.0-S0032386125003775-main.txt,text_mining_GPT_extended
TTT-C14,"dithieno[3,2-b:2′,3′-d]thiophene-containing backbone",tetradecyl,alkyl,C14,solubility,OFET,electronic,around 255 nm,30 μm,8.8 K,N/A,N/A,(2.1 ± 0.1) × 10−2 cm2 V−1 s−1,N/A,N/A,N/A,N/A,N/A,N/A,N/A,crystalline,0.37 nm,2.18 nm,as-cast,spin-coated,CHCl3,N/A,N/A,top-contact bottom-gate configuration,interconnected fiber structure,369_1-s2.0-S0032386125003775-main.txt,scratch/prj/ch_sce_mine/MatAGen/outputs_example/369_1-s2.0-S0032386125003775-main/369_1-s2.0-S0032386125003775-main/pdf/369_1-s2.0-S0032386125003775-main.txt,text_mining_GPT_extended
TTT-C14,"dithieno[3,2-b:2′,3′-d]thiophene-containing backbone",tetradecyl,alkyl,C14,solubility,OFET,electronic,around 255 nm,30 μm,8.8 K,N/A,N/A,(2.7 ± 0.4) × 10−2 cm2 V−1 s−1,N/A,N/A,N/A,N/A,N/A,N/A,N/A,crystalline,0.36 nm,2.07 nm,annealed at 70 °C,spin-coated; annealed 70 °C,CHCl3,N/A,N/A,top-contact bottom-gate configuration,preserved its interconnected fiber structure,369_1-s2.0-S0032386125003775-main.txt,scratch/prj/ch_sce_mine/MatAGen/outputs_example/369_1-s2.0-S0032386125003775-main/369_1-s2.0-S0032386125003775-main/pdf/369_1-s2.0-S0032386125003775-main.txt,text_mining_GPT_extended
TTT-C14,"dithieno[3,2-b:2′,3′-d]thiophene-containing backbone",tetradecyl,alkyl,C14,solubility,OFET,electronic,around 255 nm,30 μm,8.8 K,N/A,N/A,(4.4 ± 0.5) × 10−3 cm2 V−1 s−1,N/A,N/A,N/A,N/A,N/A,N/A,N/A,crystalline,0.37 nm,2.13 nm,annealed at 150 °C,spin-coated; annealed 150 °C,CHCl3,N/A,N/A,top-contact bottom-gate configuration,clusters of larger nanorods,369_1-s2.0-S0032386125003775-main.txt,scratch/prj/ch_sce_mine/MatAGen/outputs_example/369_1-s2.0-S0032386125003775-main/369_1-s2.0-S0032386125003775-main/pdf/369_1-s2.0-S0032386125003775-main.txt,text_mining_GPT_extended
P2DPPI-T,2DPPI unit alternating with thiophene donor,2-ethylhexyl; 2-decyltetradecyl,alkyl,2-ethylhexyl; 2-decyltetradecyl,N/A,OTFT,electronic,N/A,N/A,143.8 kDa,N/A,2.60,0.037 cm2 V−1 s−1,0.0004 cm2 V−1 s−1,N/A,N/A,N/A,N/A,N/A,N/A,N/A,3.670 Å,N/A,RT (as-cast),spin-coating,chloroform,N/A,N/A,bottom-gate/top-contact (BG/TC),smooth surfaces with low root-mean-square (RMS),378_1-s2.0-S0143720818322873-main.txt,scratch/prj/ch_sce_mine/MatAGen/outputs_example/378_1-s2.0-S0143720818322873-main/378_1-s2.0-S0143720818322873-main/pdf/378_1-s2.0-S0143720818322873-main.txt,text_mining_GPT_extended
P2DPPI-T,2DPPI unit alternating with thiophene donor,2-ethylhexyl; 2-decyltetradecyl,alkyl,2-ethylhexyl; 2-decyltetradecyl,N/A,OTFT,electronic,N/A,N/A,143.8 kDa,N/A,2.60,0.013 cm2 V−1 s−1,0.0089 cm2 V−1 s−1,N/A,N/A,N/A,N/A,N/A,N/A,N/A,3.670 Å,N/A,annealed 180 °C,spin-coating; annealed 180 °C for 15 min,chloroform,N/A,N/A,bottom-gate/top-contact (BG/TC),face-on alignment,378_1-s2.0-S0143720818322873-main.txt,scratch/prj/ch_sce_mine/MatAGen/outputs_example/378_1-s2.0-S0143720818322873-main/378_1-s2.0-S0143720818322873-main/pdf/378_1-s2.0-S0143720818322873-main.txt,text_mining_GPT_extended
P2DPPI-TT,"2DPPI unit alternating with thieno[3,2-b]thiophene donor",2-ethylhexyl; 2-decyltetradecyl,alkyl,2-ethylhexyl; 2-decyltetradecyl,N/A,OTFT,electronic,N/A,N/A,102.6 kDa,N/A,2.62,0.016 cm2 V−1 s−1,0.002 cm2 V−1 s−1,N/A,N/A,N/A,N/A,N/A,N/A,N/A,3.667 Å,22.80 Å,RT (as-cast),spin-coating,chloroform,N/A,N/A,bottom-gate/top-contact (BG/TC),smooth surfaces with low root-mean-square (RMS),378_1-s2.0-S0143720818322873-main.txt,scratch/prj/ch_sce_mine/MatAGen/outputs_example/378_1-s2.0-S0143720818322873-main/378_1-s2.0-S0143720818322873-main/pdf/378_1-s2.0-S0143720818322873-main.txt,text_mining_GPT_extended
P2DPPI-TT,"2DPPI unit alternating with thieno[3,2-b]thiophene donor",2-ethylhexyl; 2-decyltetradecyl,alkyl,2-ethylhexyl; 2-decyltetradecyl,N/A,OTFT,electronic,N/A,N/A,102.6 kDa,N/A,2.62,0.047 cm2 V−1 s−1,0.0055 cm2 V−1 s−1,N/A,N/A,N/A,N/A,N/A,N/A,N/A,3.667 Å,22.06 Å,annealed 180 °C,spin-coating; annealed 180 °C for 15 min,chloroform,N/A,N/A,bottom-gate/top-contact (BG/TC),edge-on and face-on molecular orientations,378_1-s2.0-S0143720818322873-main.txt,scratch/prj/ch_sce_mine/MatAGen/outputs_example/378_1-s2.0-S0143720818322873-main/378_1-s2.0-S0143720818322873-main/pdf/378_1-s2.0-S0143720818322873-main.txt,text_mining_GPT_extended
P2DPPI-BT,"2DPPI unit alternating with 2,2'-bithiophene donor",2-ethylhexyl; 2-decyltetradecyl,alkyl,2-ethylhexyl; 2-decyltetradecyl,N/A,OTFT,electronic,N/A,N/A,132.3 kDa,N/A,2.61,0.066 cm2 V−1 s−1,0.011 cm2 V−1 s−1,N/A,N/A,N/A,N/A,N/A,N/A,N/A,3.640 Å,22.28 Å,RT (as-cast),spin-coating,chloroform,N/A,N/A,bottom-gate/top-contact (BG/TC),smooth surfaces with low root-mean-square (RMS),378_1-s2.0-S0143720818322873-main.txt,scratch/prj/ch_sce_mine/MatAGen/outputs_example/378_1-s2.0-S0143720818322873-main/378_1-s2.0-S0143720818322873-main/pdf/378_1-s2.0-S0143720818322873-main.txt,text_mining_GPT_extended
P2DPPI-BT,"2DPPI unit alternating with 2,2'-bithiophene donor",2-ethylhexyl; 2-decyltetradecyl,alkyl,2-ethylhexyl; 2-decyltetradecyl,N/A,OTFT,electronic,N/A,N/A,132.3 kDa,N/A,2.61,0.224 cm2 V−1 s−1,0.033 cm2 V−1 s−1,N/A,N/A,N/A,N/A,N/A,N/A,N/A,3.640 Å,21.98 Å,annealed 180 °C,spin-coating; annealed 180 °C for 15 min,chloroform,N/A,N/A,bottom-gate/top-contact (BG/TC),well-interconnected larger domains,378_1-s2.0-S0143720818322873-main.txt,scratch/prj/ch_sce_mine/MatAGen/outputs_example/378_1-s2.0-S0143720818322873-main/378_1-s2.0-S0143720818322873-main/pdf/378_1-s2.0-S0143720818322873-main.txt,text_mining_GPT_extended
DTIC8C12,indigo-based,tert-butoxycarbonyl (t-Boc) side groups,t-Boc,N/A,solubility,N/A,N/A,N/A,N/A,1151.52,N/A,N/A,N/A,N/A,N/A,N/A,N/A,N/A,N/A,N/A,crystalline,N/A,N/A,thermal anneal 200 °C 15 min,spin-coating,chloroform,THF,n-Bu4NPF6 (0.1 M in acetonitrile),N/A,serious aggregation,387_1-s2.0-S014372081500385X-main.txt,scratch/prj/ch_sce_mine/MatAGen/outputs_example/387_1-s2.0-S014372081500385X-main/387_1-s2.0-S014372081500385X-main/pdf/387_1-s2.0-S014372081500385X-main.txt,text_mining_GPT_extended
DTIIC8C12,isoindigo-based,tert-butoxycarbonyl (t-Boc) side groups,t-Boc,N/A,solubility,OFET,electronic,ca. 80 nm,N/A,1151.53,N/A,N/A,1.3×10^-3 cm2 V-1 s-1,N/A,N/A,N/A,N/A,N/A,N/A,N/A,crystalline,N/A,N/A,ODCB/pyridine (10/90); 200 °C 15 min,spin-coating,ODCB/pyridine (10/90),THF,n-Bu4NPF6 (0.1 M in acetonitrile),"bottom gate, top contact (Si/SiO2/PMMA/Ag)",one-dimensional nanowires,387_1-s2.0-S014372081500385X-main.txt,scratch/prj/ch_sce_mine/MatAGen/outputs_example/387_1-s2.0-S014372081500385X-main/387_1-s2.0-S014372081500385X-main/pdf/387_1-s2.0-S014372081500385X-main.txt,text_mining_GPT_extended
reg-PDPP/TPDalt2T,DPP-TPD-2T terpolymer,2-hexyldecyl; heptadecan-9-yl,alkyl,2-hexyldecyl; heptadecan-9-yl,solubilizing alkyl chains,OPV,electronic,108 nm,N/A,50.0 kg mol−1,137 kg mol−1,2.74,N/A,N/A,N/A,N/A,5.3 (5.1),9.95 (9.60) mA cm−2,0.78 (0.78) V,0.68 (0.68),N/A,N/A,N/A,spin coated from chloroform with 2 vol% diiodooctane; 1:2 polymer:fullerene,spin coating,chloroform + 2 vol% diiodooctane,THF/H2O,N/A,ITO/PEDOT:PSS / active / LiF/Al,finely dispersed morphology with fiber-like polymer-rich structures,337_c4ta04118f.txt,scratch/prj/ch_sce_mine/MatAGen/outputs_example/337_c4ta04118f/337_c4ta04118f/pdf/337_c4ta04118f.txt,text_mining_GPT_extended
ran-PDPP/TPDalt2T,DPP-TPD-2T terpolymer,2-hexyldecyl; heptadecan-9-yl,alkyl,2-hexyldecyl; heptadecan-9-yl,solubilizing alkyl chains,OPV,electronic,108 nm,N/A,34.6 kg mol−1,116 kg mol−1,3.36,N/A,N/A,N/A,N/A,1.0 (0.9),2.31 (2.13) mA cm−2,0.74 (0.73) V,0.61 (0.59),N/A,N/A,N/A,spin coated from chloroform with 2 vol% diiodooctane; 1:2 polymer:fullerene,spin coating,chloroform + 2 vol% diiodooctane,toluene,N/A,ITO/PEDOT:PSS / active / LiF/Al,much coarser morphology and rougher surface,337_c4ta04118f.txt,scratch/prj/ch_sce_mine/MatAGen/outputs_example/337_c4ta04118f/337_c4ta04118f/pdf/337_c4ta04118f.txt,text_mining_GPT_extended
PDPP2T,DPP-2T copolymer,2-hexyldecyl,alkyl,2-hexyldecyl,N/A,OPV,electronic,125 nm,N/A,85 kg mol−1,322 kg mol−1,3.8,N/A,N/A,N/A,N/A,0.7 (0.7),2.03 (1.93) mA cm−2,0.68 (0.67) V,0.50 (0.52),N/A,N/A,N/A,spin coated from chloroform with 2 vol% diiodooctane; 1:2 polymer:fullerene,spin coating,chloroform + 2 vol% diiodooctane,N/A,N/A,ITO/PEDOT:PSS / active / LiF/Al,N/A,337_c4ta04118f.txt,scratch/prj/ch_sce_mine/MatAGen/outputs_example/337_c4ta04118f/337_c4ta04118f/pdf/337_c4ta04118f.txt,text_mining_GPT_extended
P(NDI2OD-T2),naphthalene diimide–bithiophene,2-octyldodecyl alkyl,alkyl,N/A,N/A,OFET,electronic,N/A,50 µm,38.4 kDa,127 kDa,3.3,N/A,0.23 ± 0.04 cm2 V−1 s−1,N/A,N/A,N/A,N/A,N/A,N/A,N/A,3.89 Å,25.0 Å,annealed at 170 °C,spin-cast,chlorobenzene,toluene,N/A,bottom-gate top-contact FET,interconnected nanofibrillar morphology,362_Adv Funct Materials - 2016 - Kurosawa - Impact of Polystyrene Oligomer Side Chains on Naphthalene Diimide Bithiophene.txt,scratch/prj/ch_sce_mine/MatAGen/outputs_example/362_Adv Funct Materials - 2016 - Kurosawa - Impact of Polystyrene Oligomer Side Chains on Naphthalene Diimide Bithiophene/362_Adv Funct Materials - 2016 - Kurosawa - Impact of Polystyrene Oligomer Side Chains on Naphthalene Diimide Bithiophene/pdf/362_Adv Funct Materials - 2016 - Kurosawa - Impact of Polystyrene Oligomer Side Chains on Naphthalene Diimide Bithiophene.txt,text_mining_GPT_extended
P(NDI2OD-T2-PS 5 ),naphthalene diimide–bithiophene,polystyrene oligomer,polystyrene,2097 Da,solubility; suppressed aggregation,OFET,electronic,N/A,50 µm,34.4 kDa,102 kDa,3.0,N/A,0.24 ± 0.03 cm2 V−1 s−1,N/A,N/A,N/A,N/A,N/A,N/A,N/A,3.90 Å,25.1 Å,annealed at 170 °C,spin-cast,chlorobenzene,toluene,N/A,bottom-gate top-contact FET,size of nanofibrillar crystal domains decreases,362_Adv Funct Materials - 2016 - Kurosawa - Impact of Polystyrene Oligomer Side Chains on Naphthalene Diimide Bithiophene.txt,scratch/prj/ch_sce_mine/MatAGen/outputs_example/362_Adv Funct Materials - 2016 - Kurosawa - Impact of Polystyrene Oligomer Side Chains on Naphthalene Diimide Bithiophene/362_Adv Funct Materials - 2016 - Kurosawa - Impact of Polystyrene Oligomer Side Chains on Naphthalene Diimide Bithiophene/pdf/362_Adv Funct Materials - 2016 - Kurosawa - Impact of Polystyrene Oligomer Side Chains on Naphthalene Diimide Bithiophene.txt,text_mining_GPT_extended
P(NDI2OD-T2-PS 10 ),naphthalene diimide–bithiophene,polystyrene oligomer,polystyrene,2097 Da,solubility; suppressed aggregation,OFET,electronic,N/A,50 µm,29.2 kDa,79.7 kDa,2.7,N/A,0.25 ± 0.05 cm2 V−1 s−1,N/A,N/A,N/A,N/A,N/A,N/A,N/A,3.90 Å,25.1 Å,annealed at 170 °C,spin-cast,chlorobenzene,toluene,N/A,bottom-gate top-contact FET,size of nanofibrillar crystal domains decreases,362_Adv Funct Materials - 2016 - Kurosawa - Impact of Polystyrene Oligomer Side Chains on Naphthalene Diimide Bithiophene.txt,scratch/prj/ch_sce_mine/MatAGen/outputs_example/362_Adv Funct Materials - 2016 - Kurosawa - Impact of Polystyrene Oligomer Side Chains on Naphthalene Diimide Bithiophene/362_Adv Funct Materials - 2016 - Kurosawa - Impact of Polystyrene Oligomer Side Chains on Naphthalene Diimide Bithiophene/pdf/362_Adv Funct Materials - 2016 - Kurosawa - Impact of Polystyrene Oligomer Side Chains on Naphthalene Diimide Bithiophene.txt,text_mining_GPT_extended
P(NDI2OD-T2-PS 20 ),naphthalene diimide–bithiophene,polystyrene oligomer,polystyrene,2097 Da,solubility; air stability (encapsulation),OFET,electronic,N/A,50 µm,43.0 kDa,116 kDa,2.7,N/A,0.24 ± 0.06 cm2 V−1 s−1,N/A,N/A,N/A,N/A,N/A,N/A,N/A,3.90 Å,25.0 Å,annealed at 170 °C,spin-cast,chlorobenzene,toluene,N/A,bottom-gate top-contact FET,molecular encapsulating layer,362_Adv Funct Materials - 2016 - Kurosawa - Impact of Polystyrene Oligomer Side Chains on Naphthalene Diimide Bithiophene.txt,scratch/prj/ch_sce_mine/MatAGen/outputs_example/362_Adv Funct Materials - 2016 - Kurosawa - Impact of Polystyrene Oligomer Side Chains on Naphthalene Diimide Bithiophene/362_Adv Funct Materials - 2016 - Kurosawa - Impact of Polystyrene Oligomer Side Chains on Naphthalene Diimide Bithiophene/pdf/362_Adv Funct Materials - 2016 - Kurosawa - Impact of Polystyrene Oligomer Side Chains on Naphthalene Diimide Bithiophene.txt,text_mining_GPT_extended
P(NDI2OD-T2)/PS,naphthalene diimide–bithiophene,polystyrene (blended),polystyrene,2097 Da,N/A,OFET,electronic,N/A,50 µm,N/A,N/A,N/A,N/A,0.23 ± 0.04 cm2 V−1 s−1,N/A,N/A,N/A,N/A,N/A,N/A,N/A,3.89 Å,25.2 Å,annealed at 170 °C,spin-cast,chlorobenzene,toluene,N/A,bottom-gate top-contact FET,vertical phase separation,362_Adv Funct Materials - 2016 - Kurosawa - Impact of Polystyrene Oligomer Side Chains on Naphthalene Diimide Bithiophene.txt,scratch/prj/ch_sce_mine/MatAGen/outputs_example/362_Adv Funct Materials - 2016 - Kurosawa - Impact of Polystyrene Oligomer Side Chains on Naphthalene Diimide Bithiophene/362_Adv Funct Materials - 2016 - Kurosawa - Impact of Polystyrene Oligomer Side Chains on Naphthalene Diimide Bithiophene/pdf/362_Adv Funct Materials - 2016 - Kurosawa - Impact of Polystyrene Oligomer Side Chains on Naphthalene Diimide Bithiophene.txt,text_mining_GPT_extended
P1,"benzo[1,2-b:4,5-b']dithiophene - pyromellitic diimide D-A copolymer",2-ethylhexyl,alkyl,N/A,"solubility, film-forming",OPV,electronic,120–140 nm,N/A,95.6 KDa,N/A,1.89,N/A,N/A,N/A,N/A,0.10,0.763,0.54,26,N/A,N/A,N/A,P3HT:polymer 2:1; no annealing,spin coating,chlorobenzene,toluene,N/A,ITO/PEDOT:PSS/active layer/Ca/Al,N/A,314_1-s2.0-S037967791400246X-main.txt,scratch/prj/ch_sce_mine/MatAGen/outputs_example/314_1-s2.0-S037967791400246X-main/314_1-s2.0-S037967791400246X-main/pdf/314_1-s2.0-S037967791400246X-main.txt,text_mining_GPT_extended
P1,"benzo[1,2-b:4,5-b']dithiophene - pyromellitic diimide D-A copolymer",2-ethylhexyl,alkyl,N/A,"solubility, film-forming",OPV,electronic,120–140 nm,N/A,95.6 KDa,N/A,1.89,N/A,N/A,N/A,N/A,0.12,0.738,0.61,27,N/A,N/A,N/A,P3HT:polymer 1:1; no annealing,spin coating,chlorobenzene,toluene,N/A,ITO/PEDOT:PSS/active layer/Ca/Al,surface roughness is about 7.30 nm,314_1-s2.0-S037967791400246X-main.txt,scratch/prj/ch_sce_mine/MatAGen/outputs_example/314_1-s2.0-S037967791400246X-main/314_1-s2.0-S037967791400246X-main/pdf/314_1-s2.0-S037967791400246X-main.txt,text_mining_GPT_extended
P1,"benzo[1,2-b:4,5-b']dithiophene - pyromellitic diimide D-A copolymer",2-ethylhexyl,alkyl,N/A,"solubility, film-forming",OPV,electronic,120–140 nm,N/A,95.6 KDa,N/A,1.89,N/A,N/A,N/A,N/A,0.09,0.665,0.52,27,N/A,N/A,N/A,P3HT:polymer 1:1; 110 ◦C anneal,spin coating,chlorobenzene,toluene,N/A,ITO/PEDOT:PSS/active layer/Ca/Al,N/A,314_1-s2.0-S037967791400246X-main.txt,scratch/prj/ch_sce_mine/MatAGen/outputs_example/314_1-s2.0-S037967791400246X-main/314_1-s2.0-S037967791400246X-main/pdf/314_1-s2.0-S037967791400246X-main.txt,text_mining_GPT_extended
P1,"benzo[1,2-b:4,5-b']dithiophene - pyromellitic diimide D-A copolymer",2-ethylhexyl,alkyl,N/A,"solubility, film-forming",OPV,electronic,120–140 nm,N/A,95.6 KDa,N/A,1.89,N/A,N/A,N/A,N/A,0.10,0.639,0.60,27,N/A,N/A,N/A,P3HT:polymer 1:2; no annealing,spin coating,chlorobenzene,toluene,N/A,ITO/PEDOT:PSS/active layer/Ca/Al,N/A,314_1-s2.0-S037967791400246X-main.txt,scratch/prj/ch_sce_mine/MatAGen/outputs_example/314_1-s2.0-S037967791400246X-main/314_1-s2.0-S037967791400246X-main/pdf/314_1-s2.0-S037967791400246X-main.txt,text_mining_GPT_extended
P1,"benzo[1,2-b:4,5-b']dithiophene - pyromellitic diimide D-A copolymer",2-ethylhexyl,alkyl,N/A,"solubility, film-forming",OPV,electronic,120–140 nm,N/A,95.6 KDa,N/A,1.89,N/A,N/A,N/A,N/A,0.06,0.601,0.41,25,N/A,N/A,N/A,P3HT:polymer 1:3; no annealing,spin coating,chlorobenzene,toluene,N/A,ITO/PEDOT:PSS/active layer/Ca/Al,N/A,314_1-s2.0-S037967791400246X-main.txt,scratch/prj/ch_sce_mine/MatAGen/outputs_example/314_1-s2.0-S037967791400246X-main/314_1-s2.0-S037967791400246X-main/pdf/314_1-s2.0-S037967791400246X-main.txt,text_mining_GPT_extended
P2,"benzo[1,2-b:4,5-b']dithiophene - pyromellitic diimide D-A copolymer",2-octyldodecyl,alkyl,N/A,"solubility, film-forming",OPV,electronic,120–140 nm,N/A,66.2 KDa,N/A,2.01,N/A,N/A,N/A,N/A,0.36,1.61,0.82,27,N/A,N/A,N/A,P3HT:polymer 2:1; no annealing,spin coating,chlorobenzene,toluene,N/A,ITO/PEDOT:PSS/active layer/Ca/Al,N/A,314_1-s2.0-S037967791400246X-main.txt,scratch/prj/ch_sce_mine/MatAGen/outputs_example/314_1-s2.0-S037967791400246X-main/314_1-s2.0-S037967791400246X-main/pdf/314_1-s2.0-S037967791400246X-main.txt,text_mining_GPT_extended
P2,"benzo[1,2-b:4,5-b']dithiophene - pyromellitic diimide D-A copolymer",2-octyldodecyl,alkyl,N/A,"solubility, film-forming",OPV,electronic,120–140 nm,N/A,66.2 KDa,N/A,2.01,N/A,N/A,N/A,N/A,0.47,1.54,0.96,32,N/A,N/A,N/A,P3HT:polymer 1:1; no annealing,spin coating,chlorobenzene,toluene,N/A,ITO/PEDOT:PSS/active layer/Ca/Al,surface roughness reduced to 3.09 nm,314_1-s2.0-S037967791400246X-main.txt,scratch/prj/ch_sce_mine/MatAGen/outputs_example/314_1-s2.0-S037967791400246X-main/314_1-s2.0-S037967791400246X-main/pdf/314_1-s2.0-S037967791400246X-main.txt,text_mining_GPT_extended
P2,"benzo[1,2-b:4,5-b']dithiophene - pyromellitic diimide D-A copolymer",2-octyldodecyl,alkyl,N/A,"solubility, film-forming",OPV,electronic,120–140 nm,N/A,66.2 KDa,N/A,2.01,N/A,N/A,N/A,N/A,0.30,1.11,0.87,31,N/A,N/A,N/A,P3HT:polymer 1:1; 110 ◦C anneal,spin coating,chlorobenzene,toluene,N/A,ITO/PEDOT:PSS/active layer/Ca/Al,surface roughness increased to 3.63 nm,314_1-s2.0-S037967791400246X-main.txt,scratch/prj/ch_sce_mine/MatAGen/outputs_example/314_1-s2.0-S037967791400246X-main/314_1-s2.0-S037967791400246X-main/pdf/314_1-s2.0-S037967791400246X-main.txt,text_mining_GPT_extended
P2,"benzo[1,2-b:4,5-b']dithiophene - pyromellitic diimide D-A copolymer",2-octyldodecyl,alkyl,N/A,"solubility, film-forming",OPV,electronic,120–140 nm,N/A,66.2 KDa,N/A,2.01,N/A,N/A,N/A,N/A,0.38,1.24,0.95,32,N/A,N/A,N/A,P3HT:polymer 1:2; no annealing,spin coating,chlorobenzene,toluene,N/A,ITO/PEDOT:PSS/active layer/Ca/Al,N/A,314_1-s2.0-S037967791400246X-main.txt,scratch/prj/ch_sce_mine/MatAGen/outputs_example/314_1-s2.0-S037967791400246X-main/314_1-s2.0-S037967791400246X-main/pdf/314_1-s2.0-S037967791400246X-main.txt,text_mining_GPT_extended
P2,"benzo[1,2-b:4,5-b']dithiophene - pyromellitic diimide D-A copolymer",2-octyldodecyl,alkyl,N/A,"solubility, film-forming",OPV,electronic,120–140 nm,N/A,66.2 KDa,N/A,2.01,N/A,N/A,N/A,N/A,0.25,0.93,0.97,28,N/A,N/A,N/A,P3HT:polymer 1:3; no annealing,spin coating,chlorobenzene,toluene,N/A,ITO/PEDOT:PSS/active layer/Ca/Al,N/A,314_1-s2.0-S037967791400246X-main.txt,scratch/prj/ch_sce_mine/MatAGen/outputs_example/314_1-s2.0-S037967791400246X-main/314_1-s2.0-S037967791400246X-main/pdf/314_1-s2.0-S037967791400246X-main.txt,text_mining_GPT_extended
C11P3.75,isoindigo-BT-(BIBDF) random backbone,branching spacer C1/C1,alkyl,C1/C1,solubility and packing control,OFET,electronic,N/A,N/A,33.9 kDa,N/A,4.0,2.19 cm2 V−1 s−1,N/A,N/A,N/A,N/A,N/A,N/A,N/A,N/A,3.67 Å,22.68 Å,annealed 260 °C,N/A,N/A,N/A,N/A,BGTC bottom-gate/top-contact,interconnected fine-fiber nano-structure,376_side-chain-engineering-to-optimize-the-charge-transport-properties-of-isoindigo-based-random-terpolymers-for-high.txt,scratch/prj/ch_sce_mine/MatAGen/outputs_example/376_side-chain-engineering-to-optimize-the-charge-transport-properties-of-isoindigo-based-random-terpolymers-for-high/376_side-chain-engineering-to-optimize-the-charge-transport-properties-of-isoindigo-based-random-terpolymers-for-high/pdf/376_side-chain-engineering-to-optimize-the-charge-transport-properties-of-isoindigo-based-random-terpolymers-for-high.txt,text_mining_GPT_extended
C13P3.75,isoindigo-BT-(BIBDF) random backbone,branching spacer C1/C3,alkyl,C1/C3,solubility and packing control,OFET,electronic,N/A,N/A,29.6 kDa,N/A,3.9,2.44 cm2 V−1 s−1,N/A,N/A,N/A,N/A,N/A,N/A,N/A,N/A,3.60 Å,22.05 Å,annealed 260 °C,N/A,N/A,N/A,N/A,BGTC bottom-gate/top-contact,N/A,376_side-chain-engineering-to-optimize-the-charge-transport-properties-of-isoindigo-based-random-terpolymers-for-high.txt,scratch/prj/ch_sce_mine/MatAGen/outputs_example/376_side-chain-engineering-to-optimize-the-charge-transport-properties-of-isoindigo-based-random-terpolymers-for-high/376_side-chain-engineering-to-optimize-the-charge-transport-properties-of-isoindigo-based-random-terpolymers-for-high/pdf/376_side-chain-engineering-to-optimize-the-charge-transport-properties-of-isoindigo-based-random-terpolymers-for-high.txt,text_mining_GPT_extended
C31P3.75,isoindigo-BT-(BIBDF) random backbone,branching spacer C3/C1,alkyl,C3/C1,solubility and packing control,OFET,electronic,N/A,N/A,46.0 kDa,N/A,3.3,3.16 cm2 V−1 s−1,N/A,N/A,N/A,N/A,N/A,N/A,N/A,N/A,3.54 Å,24.54 Å,annealed 260 °C,N/A,N/A,N/A,N/A,BGTC bottom-gate/top-contact,N/A,376_side-chain-engineering-to-optimize-the-charge-transport-properties-of-isoindigo-based-random-terpolymers-for-high.txt,scratch/prj/ch_sce_mine/MatAGen/outputs_example/376_side-chain-engineering-to-optimize-the-charge-transport-properties-of-isoindigo-based-random-terpolymers-for-high/376_side-chain-engineering-to-optimize-the-charge-transport-properties-of-isoindigo-based-random-terpolymers-for-high/pdf/376_side-chain-engineering-to-optimize-the-charge-transport-properties-of-isoindigo-based-random-terpolymers-for-high.txt,text_mining_GPT_extended
C33P3.75,isoindigo-BT-(BIBDF) random backbone,branching spacer C3/C3,alkyl,C3/C3,solubility and packing control,OFET,electronic,N/A,N/A,42.9 kDa,N/A,3.4,4.00 cm2 V−1 s−1,N/A,N/A,N/A,N/A,N/A,N/A,N/A,N/A,3.50 Å,24.07 Å,annealed 260 °C,N/A,N/A,N/A,N/A,BGTC bottom-gate/top-contact,large crystalline domains with fewer grain boundaries,376_side-chain-engineering-to-optimize-the-charge-transport-properties-of-isoindigo-based-random-terpolymers-for-high.txt,scratch/prj/ch_sce_mine/MatAGen/outputs_example/376_side-chain-engineering-to-optimize-the-charge-transport-properties-of-isoindigo-based-random-terpolymers-for-high/376_side-chain-engineering-to-optimize-the-charge-transport-properties-of-isoindigo-based-random-terpolymers-for-high/pdf/376_side-chain-engineering-to-optimize-the-charge-transport-properties-of-isoindigo-based-random-terpolymers-for-high.txt,text_mining_GPT_extended
C30P0,isoindigo-BT-(BIBDF) random backbone,branching spacer C30,alkyl,C30,solubility and packing control,OFET,electronic,N/A,N/A,45.7 kDa,N/A,3.1,2.10 cm2 V−1 s−1,N/A,N/A,N/A,N/A,N/A,N/A,N/A,N/A,3.51 Å,∼24 Å,annealed 180 °C,N/A,N/A,N/A,N/A,BGTC bottom-gate/top-contact,over-sized fibrillar intercalating networks and macropores,376_side-chain-engineering-to-optimize-the-charge-transport-properties-of-isoindigo-based-random-terpolymers-for-high.txt,scratch/prj/ch_sce_mine/MatAGen/outputs_example/376_side-chain-engineering-to-optimize-the-charge-transport-properties-of-isoindigo-based-random-terpolymers-for-high/376_side-chain-engineering-to-optimize-the-charge-transport-properties-of-isoindigo-based-random-terpolymers-for-high/pdf/376_side-chain-engineering-to-optimize-the-charge-transport-properties-of-isoindigo-based-random-terpolymers-for-high.txt,text_mining_GPT_extended
C33P1,isoindigo-BT-(BIBDF) random backbone,branching spacer C3/C3,alkyl,C3/C3,solubility and packing control,OFET,electronic,N/A,N/A,45.1 kDa,N/A,3.2,4.21 cm2 V−1 s−1,N/A,N/A,N/A,N/A,N/A,N/A,N/A,N/A,3.49 Å,∼24 Å,annealed 260 °C,N/A,N/A,N/A,N/A,BGTC bottom-gate/top-contact,relatively uniform and moderate nanofiber-like connected domains,376_side-chain-engineering-to-optimize-the-charge-transport-properties-of-isoindigo-based-random-terpolymers-for-high.txt,scratch/prj/ch_sce_mine/MatAGen/outputs_example/376_side-chain-engineering-to-optimize-the-charge-transport-properties-of-isoindigo-based-random-terpolymers-for-high/376_side-chain-engineering-to-optimize-the-charge-transport-properties-of-isoindigo-based-random-terpolymers-for-high/pdf/376_side-chain-engineering-to-optimize-the-charge-transport-properties-of-isoindigo-based-random-terpolymers-for-high.txt,text_mining_GPT_extended
C33P2.5,isoindigo-BT-(BIBDF) random backbone,branching spacer C3/C3,alkyl,C3/C3,solubility and packing control,OFET,electronic,N/A,N/A,51.0 kDa,N/A,2.9,7.01 cm2 V−1 s−1,N/A,N/A,N/A,N/A,N/A,N/A,N/A,N/A,3.47 Å,∼24 Å,annealed 260 °C,N/A,N/A,N/A,N/A,BGTC bottom-gate/top-contact,smallest π−π stacking distance,376_side-chain-engineering-to-optimize-the-charge-transport-properties-of-isoindigo-based-random-terpolymers-for-high.txt,scratch/prj/ch_sce_mine/MatAGen/outputs_example/376_side-chain-engineering-to-optimize-the-charge-transport-properties-of-isoindigo-based-random-terpolymers-for-high/376_side-chain-engineering-to-optimize-the-charge-transport-properties-of-isoindigo-based-random-terpolymers-for-high/pdf/376_side-chain-engineering-to-optimize-the-charge-transport-properties-of-isoindigo-based-random-terpolymers-for-high.txt,text_mining_GPT_extended
C33P5,isoindigo-BT-(BIBDF) random backbone,branching spacer C3/C3,alkyl,C3/C3,solubility and packing control,OFET,electronic,N/A,N/A,42.8 kDa,N/A,3.5,1.90 cm2 V−1 s−1,N/A,N/A,N/A,N/A,N/A,N/A,N/A,N/A,3.48 Å,∼24 Å,annealed 210 °C,N/A,N/A,N/A,N/A,BGTC bottom-gate/top-contact,fine-grained nanoﬁbers with a smooth surface,376_side-chain-engineering-to-optimize-the-charge-transport-properties-of-isoindigo-based-random-terpolymers-for-high.txt,scratch/prj/ch_sce_mine/MatAGen/outputs_example/376_side-chain-engineering-to-optimize-the-charge-transport-properties-of-isoindigo-based-random-terpolymers-for-high/376_side-chain-engineering-to-optimize-the-charge-transport-properties-of-isoindigo-based-random-terpolymers-for-high/pdf/376_side-chain-engineering-to-optimize-the-charge-transport-properties-of-isoindigo-based-random-terpolymers-for-high.txt,text_mining_GPT_extended
C33P7.5,isoindigo-BT-(BIBDF) random backbone,branching spacer C3/C3,alkyl,C3/C3,solubility and packing control,OFET,electronic,N/A,N/A,39.0 kDa,N/A,3.7,2.00 cm2 V−1 s−1,N/A,N/A,N/A,N/A,N/A,N/A,N/A,N/A,3.48 Å,∼24 Å,annealed 210 °C,N/A,N/A,N/A,N/A,BGTC bottom-gate/top-contact,fine-grained nanoﬁbers with a smooth surface,376_side-chain-engineering-to-optimize-the-charge-transport-properties-of-isoindigo-based-random-terpolymers-for-high.txt,scratch/prj/ch_sce_mine/MatAGen/outputs_example/376_side-chain-engineering-to-optimize-the-charge-transport-properties-of-isoindigo-based-random-terpolymers-for-high/376_side-chain-engineering-to-optimize-the-charge-transport-properties-of-isoindigo-based-random-terpolymers-for-high/pdf/376_side-chain-engineering-to-optimize-the-charge-transport-properties-of-isoindigo-based-random-terpolymers-for-high.txt,text_mining_GPT_extended
PBDT-6ttTPD,"benzo[1,2-b;3,4-b]dithiophene and ttTPD alternating copolymer",2-butyloctyloxy (BDT); hexyl (TT),alkyl,hexyl,tuning solubility and packing,OPV,electronic,≈100 nm,N/A,100–160 kg mol−1,N/A,2.4–3.5,1.65 × 10 −4 cm 2 V −1 s −1,4.05 × 10 −5 cm 2 V −1 s −1,N/A,N/A,4.39%,10.07 mA cm −2,0.79 V,55%,N/A,N/A,N/A,3 vol% DIO in CB,spin-coating,chlorobenzene (CB) with 3 vol% DIO,toluene and DMF,N/A,inverted OPV stack ITO/ZnO/polymer:PC71BM/MoO3/Ag,strong polymer aggregation,328_Adv Funct Materials - 2016 - Kim - Optimization and Analysis of Conjugated Polymer Side Chains for High%E2%80%90Performance Organic.txt,scratch/prj/ch_sce_mine/MatAGen/outputs_example/328_Adv Funct Materials - 2016 - Kim - Optimization and Analysis of Conjugated Polymer Side Chains for High%E2%80%90Performance Organic/328_Adv Funct Materials - 2016 - Kim - Optimization and Analysis of Conjugated Polymer Side Chains for High%E2%80%90Performance Organic/pdf/328_Adv Funct Materials - 2016 - Kim - Optimization and Analysis of Conjugated Polymer Side Chains for High%E2%80%90Performance Organic.txt,text_mining_GPT_extended
PBDT-8ttTPD,"benzo[1,2-b;3,4-b]dithiophene and ttTPD alternating copolymer",2-butyloctyloxy (BDT); octyl (TT),alkyl,octyl,tuning solubility and packing,OPV,electronic,≈100 nm,N/A,100–160 kg mol−1,N/A,2.4–3.5,4.25 × 10 −4 cm 2 V −1 s −1,1.33 × 10 −4 cm 2 V −1 s −1,N/A,N/A,7.57%,15.04 mA cm −2,0.83 V,61%,crystalline,3.92 Å,N/A,3 vol% DIO in CB,spin-coating,chlorobenzene (CB) with 3 vol% DIO,toluene and DMF,N/A,inverted OPV stack ITO/ZnO/polymer:PC71BM/MoO3/Ag,face-on molecular orientation,328_Adv Funct Materials - 2016 - Kim - Optimization and Analysis of Conjugated Polymer Side Chains for High%E2%80%90Performance Organic.txt,scratch/prj/ch_sce_mine/MatAGen/outputs_example/328_Adv Funct Materials - 2016 - Kim - Optimization and Analysis of Conjugated Polymer Side Chains for High%E2%80%90Performance Organic/328_Adv Funct Materials - 2016 - Kim - Optimization and Analysis of Conjugated Polymer Side Chains for High%E2%80%90Performance Organic/pdf/328_Adv Funct Materials - 2016 - Kim - Optimization and Analysis of Conjugated Polymer Side Chains for High%E2%80%90Performance Organic.txt,text_mining_GPT_extended
PBDT-10ttTPD,"benzo[1,2-b;3,4-b]dithiophene and ttTPD alternating copolymer",2-butyloctyloxy (BDT); decyl (TT),alkyl,decyl,tuning solubility and packing,OPV,electronic,≈100 nm,N/A,100–160 kg mol−1,N/A,2.4–3.5,2.98 × 10 −4 cm 2 V −1 s −1,1.17 × 10 −4 cm 2 V −1 s −1,N/A,N/A,7.14%,11.45 mA cm −2,0.84 V,73%,N/A,N/A,N/A,3 vol% DIO in CB,spin-coating,chlorobenzene (CB) with 3 vol% DIO,toluene and DMF,N/A,inverted OPV stack ITO/ZnO/polymer:PC71BM/MoO3/Ag,well-organized bi-continuous networks,328_Adv Funct Materials - 2016 - Kim - Optimization and Analysis of Conjugated Polymer Side Chains for High%E2%80%90Performance Organic.txt,scratch/prj/ch_sce_mine/MatAGen/outputs_example/328_Adv Funct Materials - 2016 - Kim - Optimization and Analysis of Conjugated Polymer Side Chains for High%E2%80%90Performance Organic/328_Adv Funct Materials - 2016 - Kim - Optimization and Analysis of Conjugated Polymer Side Chains for High%E2%80%90Performance Organic/pdf/328_Adv Funct Materials - 2016 - Kim - Optimization and Analysis of Conjugated Polymer Side Chains for High%E2%80%90Performance Organic.txt,text_mining_GPT_extended
PBDTT-6ttTPD,"benzo[1,2-b;3,4-b]dithiophene (alkylthienyl-substituted) and ttTPD alternating copolymer",2-ethylhexylthienyl (BDT); hexyl (TT),alkyl,hexyl,tuning solubility and packing,OPV,electronic,≈100 nm,N/A,100–160 kg mol−1,N/A,2.4–3.5,5.15 × 10 −4 cm 2 V −1 s −1,2.45 × 10 −4 cm 2 V −1 s −1,N/A,N/A,8.23%,15.76 mA cm −2,0.83 V,63%,N/A,N/A,N/A,3 vol% DIO in CB,spin-coating,chlorobenzene (CB) with 3 vol% DIO,toluene and DMF,N/A,inverted OPV stack ITO/ZnO/polymer:PC71BM/MoO3/Ag,nanofibrils ≈20 nm wide,328_Adv Funct Materials - 2016 - Kim - Optimization and Analysis of Conjugated Polymer Side Chains for High%E2%80%90Performance Organic.txt,scratch/prj/ch_sce_mine/MatAGen/outputs_example/328_Adv Funct Materials - 2016 - Kim - Optimization and Analysis of Conjugated Polymer Side Chains for High%E2%80%90Performance Organic/328_Adv Funct Materials - 2016 - Kim - Optimization and Analysis of Conjugated Polymer Side Chains for High%E2%80%90Performance Organic/pdf/328_Adv Funct Materials - 2016 - Kim - Optimization and Analysis of Conjugated Polymer Side Chains for High%E2%80%90Performance Organic.txt,text_mining_GPT_extended
PBDTT-8ttTPD,"benzo[1,2-b;3,4-b]dithiophene (alkylthienyl-substituted) and ttTPD alternating copolymer",2-ethylhexylthienyl (BDT); octyl (TT),alkyl,octyl,tuning solubility and packing,OPV,electronic,≈100 nm,N/A,100–160 kg mol−1,N/A,2.4–3.5,1.85 × 10 −3 cm 2 V −1 s −1,9.30 × 10 −4 cm 2 V −1 s −1,N/A,N/A,8.67%,16.29 mA cm −2,0.83 V,64%,crystalline,3.80 Å,N/A,3 vol% DIO in CB,spin-coating,chlorobenzene (CB) with 3 vol% DIO,toluene and DMF,N/A,inverted OPV stack ITO/ZnO/polymer:PC71BM/MoO3/Ag,uniform nanofibril structure,328_Adv Funct Materials - 2016 - Kim - Optimization and Analysis of Conjugated Polymer Side Chains for High%E2%80%90Performance Organic.txt,scratch/prj/ch_sce_mine/MatAGen/outputs_example/328_Adv Funct Materials - 2016 - Kim - Optimization and Analysis of Conjugated Polymer Side Chains for High%E2%80%90Performance Organic/328_Adv Funct Materials - 2016 - Kim - Optimization and Analysis of Conjugated Polymer Side Chains for High%E2%80%90Performance Organic/pdf/328_Adv Funct Materials - 2016 - Kim - Optimization and Analysis of Conjugated Polymer Side Chains for High%E2%80%90Performance Organic.txt,text_mining_GPT_extended
PBDTT-10ttTPD,"benzo[1,2-b;3,4-b]dithiophene (alkylthienyl-substituted) and ttTPD alternating copolymer",2-ethylhexylthienyl (BDT); decyl (TT),alkyl,decyl,tuning solubility and packing,OPV,electronic,≈100 nm,N/A,100–160 kg mol−1,N/A,2.4–3.5,3.67 × 10 −4 cm 2 V −1 s −1,1.11 × 10 −4 cm 2 V −1 s −1,N/A,N/A,7.00%,12.53 mA cm −2,0.81 V,71%,N/A,N/A,N/A,3 vol% DIO in CB,spin-coating,chlorobenzene (CB) with 3 vol% DIO,toluene and DMF,N/A,inverted OPV stack ITO/ZnO/polymer:PC71BM/MoO3/Ag,nanofibrils ≈20 nm wide,328_Adv Funct Materials - 2016 - Kim - Optimization and Analysis of Conjugated Polymer Side Chains for High%E2%80%90Performance Organic.txt,scratch/prj/ch_sce_mine/MatAGen/outputs_example/328_Adv Funct Materials - 2016 - Kim - Optimization and Analysis of Conjugated Polymer Side Chains for High%E2%80%90Performance Organic/328_Adv Funct Materials - 2016 - Kim - Optimization and Analysis of Conjugated Polymer Side Chains for High%E2%80%90Performance Organic/pdf/328_Adv Funct Materials - 2016 - Kim - Optimization and Analysis of Conjugated Polymer Side Chains for High%E2%80%90Performance Organic.txt,text_mining_GPT_extended
P(T3-MS)-O,polythiophene (regiorandom),multistage cleavable side chains (esters and o-nitrobenzyl),ester; o-nitrobenzyl (photolabile),N/A,aqueous solubility and UV-cleavage,OFET,electronic (p-type),N/A,N/A,11 kDa,N/A,1.9,8.1 × 10−5 cm2 V−1 s−1,N/A,N/A,N/A,N/A,N/A,N/A,N/A,semi-crystalline,N/A,N/A,pristine (cast from chloroform),blade coating,chloroform,toluene,N/A,bottom-gate/bottom-contact architecture,regiorandom polythiophene,385_aqueous-processing-for-printed-organic-electronics-conjugated-polymers-with-multistage-cleavable-side-chains.txt,scratch/prj/ch_sce_mine/MatAGen/outputs_example/385_aqueous-processing-for-printed-organic-electronics-conjugated-polymers-with-multistage-cleavable-side-chains/385_aqueous-processing-for-printed-organic-electronics-conjugated-polymers-with-multistage-cleavable-side-chains/pdf/385_aqueous-processing-for-printed-organic-electronics-conjugated-polymers-with-multistage-cleavable-side-chains.txt,text_mining_GPT_extended
P(T3-MS)-O,polythiophene (regiorandom),multistage cleavable side chains (esters and o-nitrobenzyl),ester; o-nitrobenzyl (photolabile),N/A,aqueous solubility and UV-cleavage,OFET,electronic (p-type),N/A,N/A,11 kDa,N/A,1.9,3.7 × 10−5 cm2 V−1 s−1,N/A,N/A,N/A,N/A,N/A,N/A,N/A,semi-crystalline,N/A,N/A,"irradiated and washed (365 nm, ∼5 mW/cm2; chloroform wash)",blade coating,chloroform,toluene,N/A,bottom-gate/bottom-contact architecture,discrete molecular crystallites,385_aqueous-processing-for-printed-organic-electronics-conjugated-polymers-with-multistage-cleavable-side-chains.txt,scratch/prj/ch_sce_mine/MatAGen/outputs_example/385_aqueous-processing-for-printed-organic-electronics-conjugated-polymers-with-multistage-cleavable-side-chains/385_aqueous-processing-for-printed-organic-electronics-conjugated-polymers-with-multistage-cleavable-side-chains/pdf/385_aqueous-processing-for-printed-organic-electronics-conjugated-polymers-with-multistage-cleavable-side-chains.txt,text_mining_GPT_extended
P(T3-MS)-PE,polythiophene (regiorandom),multistage cleavable side chains (esters and o-nitrobenzyl),ester; o-nitrobenzyl (photolabile),N/A,aqueous solubility and UV-cleavage,OFET,electronic (p-type),N/A,N/A,11 kDa,N/A,1.9,2.5 × 10−4 cm2 V−1 s−1,N/A,N/A,N/A,N/A,N/A,N/A,N/A,semi-crystalline,N/A,N/A,pristine (cast from 1:1 H2O:IPA),blade coating,1:1 H2O:IPA,toluene,N/A,bottom-gate/bottom-contact architecture,high OFF currents,385_aqueous-processing-for-printed-organic-electronics-conjugated-polymers-with-multistage-cleavable-side-chains.txt,scratch/prj/ch_sce_mine/MatAGen/outputs_example/385_aqueous-processing-for-printed-organic-electronics-conjugated-polymers-with-multistage-cleavable-side-chains/385_aqueous-processing-for-printed-organic-electronics-conjugated-polymers-with-multistage-cleavable-side-chains/pdf/385_aqueous-processing-for-printed-organic-electronics-conjugated-polymers-with-multistage-cleavable-side-chains.txt,text_mining_GPT_extended
P(T3-MS)-PE,polythiophene (regiorandom),multistage cleavable side chains (esters and o-nitrobenzyl),ester; o-nitrobenzyl (photolabile),N/A,aqueous solubility and UV-cleavage,OFET,electronic (p-type),N/A,N/A,11 kDa,N/A,1.9,6.8 × 10−5 cm2 V−1 s−1,N/A,N/A,N/A,N/A,N/A,N/A,N/A,semi-crystalline,N/A,N/A,"irradiated and washed (365 nm, ∼5 mW/cm2; 1:1 H2O:IPA wash)",blade coating,1:1 H2O:IPA,toluene,N/A,bottom-gate/bottom-contact architecture,self-doping,385_aqueous-processing-for-printed-organic-electronics-conjugated-polymers-with-multistage-cleavable-side-chains.txt,scratch/prj/ch_sce_mine/MatAGen/outputs_example/385_aqueous-processing-for-printed-organic-electronics-conjugated-polymers-with-multistage-cleavable-side-chains/385_aqueous-processing-for-printed-organic-electronics-conjugated-polymers-with-multistage-cleavable-side-chains/pdf/385_aqueous-processing-for-printed-organic-electronics-conjugated-polymers-with-multistage-cleavable-side-chains.txt,text_mining_GPT_extended
P(5C−Si),"diketopyrrolopyrrole (DPP) and thieno[3,2-b]thiophene (TT)",siloxane side chain with 5 CH2 spacer (Me−Si7),siloxane,m=5,improve elasticity and packing control,OFET,electronic,N/A,100 μm,129 kDa,N/A,2.7,1.15 cm2 V−1 s−1,N/A,N/A,N/A,N/A,N/A,N/A,N/A,N/A,about 3.55 Å,33.56 Å,annealed,annealing,"chloroform, toluene",N/A,N/A,BGTC,edge-on stacking,377_enhancing-the-elasticity-of-conjugated-polymers-through-precise-control-of-the-spacing-between-the-backbone-and.txt,scratch/prj/ch_sce_mine/MatAGen/outputs_example/377_enhancing-the-elasticity-of-conjugated-polymers-through-precise-control-of-the-spacing-between-the-backbone-and/377_enhancing-the-elasticity-of-conjugated-polymers-through-precise-control-of-the-spacing-between-the-backbone-and/pdf/377_enhancing-the-elasticity-of-conjugated-polymers-through-precise-control-of-the-spacing-between-the-backbone-and.txt,text_mining_GPT_extended
P(6C−Si),"diketopyrrolopyrrole (DPP) and thieno[3,2-b]thiophene (TT)",siloxane side chain with 6 CH2 spacer (Me−Si7),siloxane,m=6,improve elasticity and packing control,OFET,electronic,N/A,100 μm,145 kDa,N/A,2.7,1.39 cm2 V−1 s−1,N/A,N/A,N/A,N/A,N/A,N/A,N/A,N/A,about 3.55 Å,34.98 Å,annealed,annealing,"chloroform, toluene",N/A,N/A,BGTC,edge-on stacking,377_enhancing-the-elasticity-of-conjugated-polymers-through-precise-control-of-the-spacing-between-the-backbone-and.txt,scratch/prj/ch_sce_mine/MatAGen/outputs_example/377_enhancing-the-elasticity-of-conjugated-polymers-through-precise-control-of-the-spacing-between-the-backbone-and/377_enhancing-the-elasticity-of-conjugated-polymers-through-precise-control-of-the-spacing-between-the-backbone-and/pdf/377_enhancing-the-elasticity-of-conjugated-polymers-through-precise-control-of-the-spacing-between-the-backbone-and.txt,text_mining_GPT_extended
P(7C−Si),"diketopyrrolopyrrole (DPP) and thieno[3,2-b]thiophene (TT)",siloxane side chain with 7 CH2 spacer (Me−Si7),siloxane,m=7,improve elasticity and packing control,OFET,electronic,N/A,100 μm,182 kDa,N/A,2.1,1.54 cm2 V−1 s−1,N/A,N/A,N/A,N/A,N/A,N/A,N/A,N/A,about 3.55 Å,35.77 Å,annealed,annealing,"chloroform, toluene",N/A,N/A,BGTC,edge-on stacking,377_enhancing-the-elasticity-of-conjugated-polymers-through-precise-control-of-the-spacing-between-the-backbone-and.txt,scratch/prj/ch_sce_mine/MatAGen/outputs_example/377_enhancing-the-elasticity-of-conjugated-polymers-through-precise-control-of-the-spacing-between-the-backbone-and/377_enhancing-the-elasticity-of-conjugated-polymers-through-precise-control-of-the-spacing-between-the-backbone-and/pdf/377_enhancing-the-elasticity-of-conjugated-polymers-through-precise-control-of-the-spacing-between-the-backbone-and.txt,text_mining_GPT_extended
P(8C−Si),"diketopyrrolopyrrole (DPP) and thieno[3,2-b]thiophene (TT)",siloxane side chain with 8 CH2 spacer (Me−Si7),siloxane,m=8,improve elasticity and packing control,OFET,electronic,N/A,100 μm,169 kDa,N/A,2.6,1.11 cm2 V−1 s−1,N/A,N/A,N/A,N/A,N/A,N/A,N/A,N/A,about 3.55 Å,35.98 Å,annealed,annealing,"chloroform, toluene",N/A,N/A,BGTC,edge-on stacking,377_enhancing-the-elasticity-of-conjugated-polymers-through-precise-control-of-the-spacing-between-the-backbone-and.txt,scratch/prj/ch_sce_mine/MatAGen/outputs_example/377_enhancing-the-elasticity-of-conjugated-polymers-through-precise-control-of-the-spacing-between-the-backbone-and/377_enhancing-the-elasticity-of-conjugated-polymers-through-precise-control-of-the-spacing-between-the-backbone-and/pdf/377_enhancing-the-elasticity-of-conjugated-polymers-through-precise-control-of-the-spacing-between-the-backbone-and.txt,text_mining_GPT_extended
P(7C−Si),"diketopyrrolopyrrole (DPP) and thieno[3,2-b]thiophene (TT)",siloxane side chain with 7 CH2 spacer (Me−Si7),siloxane,m=7,improve elasticity and packing control,OFET,electronic,N/A,100 μm,182 kDa,N/A,2.1,0.79 cm2 V−1 s−1,N/A,N/A,N/A,N/A,N/A,N/A,N/A,N/A,about 3.55 Å,35.77 Å,100% strain perpendicular,FOE transfer and stretching,"chloroform, toluene",N/A,N/A,BGTC,no visible cracks,377_enhancing-the-elasticity-of-conjugated-polymers-through-precise-control-of-the-spacing-between-the-backbone-and.txt,scratch/prj/ch_sce_mine/MatAGen/outputs_example/377_enhancing-the-elasticity-of-conjugated-polymers-through-precise-control-of-the-spacing-between-the-backbone-and/377_enhancing-the-elasticity-of-conjugated-polymers-through-precise-control-of-the-spacing-between-the-backbone-and/pdf/377_enhancing-the-elasticity-of-conjugated-polymers-through-precise-control-of-the-spacing-between-the-backbone-and.txt,text_mining_GPT_extended
LGC-D148,"DPP with thiophene and 2,5-difluorophenylene-dithiophene",N/A,N/A,N/A,N/A,OFET,electronic,N/A,N/A,44.6 kDa,N/A,1.44,0.48 ± 0.12 cm2/V s,0.079 ± 0.02 cm2/V s,N/A,N/A,N/A,N/A,N/A,N/A,crystalline,N/A,N/A,annealed at 250 C,spin-coating; thermal annealing,chlorobenzene,chlorobenzene,N/A,top-gate/bottom-contact (TG/BC),ordered crystalline phase,372_1-s2.0-S0143720816314127-main.txt,scratch/prj/ch_sce_mine/MatAGen/outputs_example/372_1-s2.0-S0143720816314127-main/372_1-s2.0-S0143720816314127-main/pdf/372_1-s2.0-S0143720816314127-main.txt,text_mining_GPT_extended
LGC-D148,"DPP with thiophene and 2,5-difluorophenylene-dithiophene",N/A,N/A,N/A,N/A,OFET,electronic,10 nm,N/A,44.6 kDa,N/A,1.44,N/A,N/A,N/A,N/A,N/A,N/A,N/A,N/A,N/A,N/A,N/A,1000 ppm NH3; annealed at 150 C,spin-coating,N/A,chlorobenzene,N/A,bottom-gate/top-contact (BG/TC),N/A,372_1-s2.0-S0143720816314127-main.txt,scratch/prj/ch_sce_mine/MatAGen/outputs_example/372_1-s2.0-S0143720816314127-main/372_1-s2.0-S0143720816314127-main/pdf/372_1-s2.0-S0143720816314127-main.txt,text_mining_GPT_extended
LGC-D148,"DPP with thiophene and 2,5-difluorophenylene-dithiophene",N/A,N/A,N/A,N/A,OFET,electronic,25 nm,N/A,44.6 kDa,N/A,1.44,N/A,N/A,N/A,N/A,N/A,N/A,N/A,N/A,N/A,N/A,N/A,1000 ppm NH3; annealed at 150 C,spin-coating,N/A,chlorobenzene,N/A,bottom-gate/top-contact (BG/TC),N/A,372_1-s2.0-S0143720816314127-main.txt,scratch/prj/ch_sce_mine/MatAGen/outputs_example/372_1-s2.0-S0143720816314127-main/372_1-s2.0-S0143720816314127-main/pdf/372_1-s2.0-S0143720816314127-main.txt,text_mining_GPT_extended
PTBIG-100,TBIG accepting units with bithiophene donor,2-octyldodecyl,alkyl,2-octyldodecyl,N/A,OFET,electronic,N/A,N/A,18.6 kDa,37.1 kDa,1.99,0.13 cm2 V−1 s−1,0.009 cm2 V−1 s−1,N/A,N/A,N/A,N/A,N/A,N/A,crystalline,3.76 Å,22.2 Å,annealed at 250 1C for 30 min,spin coating,dichlorobenzene,toluene,N/A,top-gate/bottom-contact OFET measurement,highly face-on orientation,392_c9tc05641f.txt,scratch/prj/ch_sce_mine/MatAGen/outputs_example/392_c9tc05641f/392_c9tc05641f/pdf/392_c9tc05641f.txt,text_mining_GPT_extended
PTBIG-75,TBIG/IIG accepting units with bithiophene donor,2-octyldodecyl,alkyl,2-octyldodecyl,N/A,OFET,electronic,N/A,N/A,18.0 kDa,32.6 kDa,1.81,0.06 cm2 V−1 s−1,0.045 cm2 V−1 s−1,N/A,N/A,N/A,N/A,N/A,N/A,crystalline,3.76 Å,22.2 Å,annealed at 250 1C for 30 min,spin coating,dichlorobenzene,toluene,N/A,top-gate/bottom-contact OFET measurement,almost half-and-half ratio,392_c9tc05641f.txt,scratch/prj/ch_sce_mine/MatAGen/outputs_example/392_c9tc05641f/392_c9tc05641f/pdf/392_c9tc05641f.txt,text_mining_GPT_extended
PTBIG-50,TBIG/IIG accepting units with bithiophene donor,2-octyldodecyl,alkyl,2-octyldodecyl,N/A,OFET,electronic,N/A,N/A,29.8 kDa,72.9 kDa,2.45,0.008 cm2 V−1 s−1,0.023 cm2 V−1 s−1,N/A,N/A,N/A,N/A,N/A,N/A,crystalline,3.76 Å,22.2 Å,annealed at 250 1C for 30 min,spin coating,dichlorobenzene,toluene,N/A,top-gate/bottom-contact OFET measurement,edge-on dominant distribution,392_c9tc05641f.txt,scratch/prj/ch_sce_mine/MatAGen/outputs_example/392_c9tc05641f/392_c9tc05641f/pdf/392_c9tc05641f.txt,text_mining_GPT_extended
PTBIG-25,TBIG/IIG accepting units with bithiophene donor,2-octyldodecyl,alkyl,2-octyldodecyl,N/A,OFET,electronic,N/A,N/A,26.4 kDa,53.7 kDa,2.03,0.004 cm2 V−1 s−1,0.026 cm2 V−1 s−1,N/A,N/A,N/A,N/A,N/A,N/A,crystalline,3.76 Å,22.2 Å,annealed at 250 1C for 30 min,spin coating,dichlorobenzene,toluene,N/A,top-gate/bottom-contact OFET measurement,edge-on dominant distribution,392_c9tc05641f.txt,scratch/prj/ch_sce_mine/MatAGen/outputs_example/392_c9tc05641f/392_c9tc05641f/pdf/392_c9tc05641f.txt,text_mining_GPT_extended
linear,DPP-CZ-based conjugated backbone,octane,alkyl,octane,packing ability,OFET,electronic,N/A,N/A,N/A,12 kDa,1.7,1.1 × 10−2 cm2 V −1 s−1,N/A,N/A,N/A,N/A,N/A,N/A,N/A,N/A,0.387 nm,N/A,measured under vacuum,spin-casting,chloroform,N/A,N/A,bottom-gate bottom-contact (BGBC) configuration,improved aggregation and π-π stacking,401_fchem-10-1008807.txt,scratch/prj/ch_sce_mine/MatAGen/outputs_example/401_fchem-10-1008807/401_fchem-10-1008807/pdf/401_fchem-10-1008807.txt,text_mining_GPT_extended
branch,DPP-CZ-based conjugated backbone,"2,2,4-trimethylpentane",alkyl,"2,2,4-trimethylpentane",solubility,OFET,electronic,N/A,N/A,N/A,22 kDa,1.9,2.3 × 10−2 cm2 V −1 s−1,N/A,N/A,N/A,N/A,N/A,N/A,N/A,N/A,0.40 nm,N/A,measured under vacuum,spin-casting,chloroform,N/A,N/A,bottom-gate bottom-contact (BGBC) configuration,improved solubility,401_fchem-10-1008807.txt,scratch/prj/ch_sce_mine/MatAGen/outputs_example/401_fchem-10-1008807/401_fchem-10-1008807/pdf/401_fchem-10-1008807.txt,text_mining_GPT_extended
