paper_id,polymer_name,raw_backbone,cleaned_backbone,preprocessed_for_opsin,punctuation_fixed,locant_augmented,diyl_appended,stage,parse_source,success,note,smiles,opsin_status,opsin_message,opsin_warnings,smiles_has_dot,smiles_dot_count,variant_kind,variant_step,opsin_eligible,opsin_input_backbone,ocr_fix_applied,ocr_fix_rule,ocr_fix_before,ocr_fix_after,raw_sidechain,cleaned_sidechain,template_expanded,sidechain_token_expanded,yl_appended,split_tokens,opsin_attempted,decoded_type,decoded_confidence,decoded_needs_review,decoded_components_json,opsin_candidate,opsin_success
501,pbdt–c–bt/50 wt % swcnts,bdt-based d–a copolymer (thiophene-benzothiadiazole-thiophene),bdt-based d-a thiophene-benzothiadiazole-thiophene,bdt-based d-a copolymer (thiophene-benzothiadiazole-thiophene),False,False,False,opsin_direct,,False,,,FAILURE,bdt-based d-a copolymer (thiophene-benzothiadiazole-thiophene) is unparsable due to the following being uninterpretable: bdt-based d-a copolymer (thiophene-benzothiadiazole-thiophene) The following was not parseable: bdt-based d-a copolymer (thiophene-benzothiadiazole-thiophene),,,,direct,,True,bdt-based d-a copolymer (thiophene-benzothiadiazole-thiophene),True,fused_ring_prime_0_to_quote,bdt-based d–a copolymer (thiophene-benzothiadiazole-thiophene),bdt-based d-a copolymer (thiophene-benzothiadiazole-thiophene),,,,,,,,,,,,,
501,pbdt–c–bt/50 wt % swcnts,bdt-based d–a copolymer (thiophene-benzothiadiazole-thiophene),bdt- d-a  (thiophene-benzothiadiazole-thiophene),bdt- d-a  (thiophene-benzothiadiazole-thiophene),False,False,False,opsin_repair,,False,drop_descriptors,,FAILURE,bdt- d-a  (thiophene-benzothiadiazole-thiophene) is unparsable due to the following being uninterpretable: bdt- d-a  (thiophene-benzothiadiazole-thiophene) The following was not parseable: bdt- d-a  (thiophene-benzothiadiazole-thiophene),,,,repair,drop_descriptors,True,bdt- d-a  (thiophene-benzothiadiazole-thiophene),False,,,,,,,,,,,,,,,,
501,pbdt–c–bt/50 wt % swcnts,bdt-based d–a copolymer (thiophene-benzothiadiazole-thiophene),bdt- d-a  (thiophene-benzothiadiazole-thiophene),bdt- d-a  (thiophene-benzothiadiazole-thiophene),False,False,False,opsin_repair,,False,drop_substituted,,FAILURE,bdt- d-a  (thiophene-benzothiadiazole-thiophene) is unparsable due to the following being uninterpretable: bdt- d-a  (thiophene-benzothiadiazole-thiophene) The following was not parseable: bdt- d-a  (thiophene-benzothiadiazole-thiophene),,,,repair,drop_substituted,True,bdt- d-a  (thiophene-benzothiadiazole-thiophene),False,,,,,,,,,,,,,,,,
501,pbdt–c–bt/50 wt % swcnts,bdt-based d–a copolymer (thiophene-benzothiadiazole-thiophene),bdt- d-a (thiophene-benzothiadiazole-thiophene),bdt- d-a (thiophene-benzothiadiazole-thiophene),False,False,False,opsin_repair,,False,tidy_punct,,FAILURE,bdt- d-a (thiophene-benzothiadiazole-thiophene) is unparsable due to the following being uninterpretable: bdt- d-a (thiophene-benzothiadiazole-thiophene) The following was not parseable: bdt- d-a (thiophene-benzothiadiazole-thiophene),,,,repair,tidy_punct,True,bdt- d-a (thiophene-benzothiadiazole-thiophene),False,,,,,,,,,,,,,,,,
501,pbdt–c–bt/50 wt % swcnts,bdt-based d–a copolymer (thiophene-benzothiadiazole-thiophene),bdt-based d-a thiophene-benzothiadiazole-thiophene,bdt-based d-a copolymer (thiophene-benzothiadiazole-thiophene),False,False,False,fallback,TEXT_FALLBACK,False,no parse,,,,,,,,,True,,False,,,,,,,,,,,,,,,,
501,f4tcnq-doped pbdt–c–bt/50 wt % swcnts,bdt-based d–a copolymer (thiophene-benzothiadiazole-thiophene),bdt-based d-a thiophene-benzothiadiazole-thiophene,bdt-based d-a copolymer (thiophene-benzothiadiazole-thiophene),False,False,False,opsin_direct,,False,,,FAILURE,bdt-based d-a copolymer (thiophene-benzothiadiazole-thiophene) is unparsable due to the following being uninterpretable: bdt-based d-a copolymer (thiophene-benzothiadiazole-thiophene) The following was not parseable: bdt-based d-a copolymer (thiophene-benzothiadiazole-thiophene),,,,direct,,True,bdt-based d-a copolymer (thiophene-benzothiadiazole-thiophene),True,fused_ring_prime_0_to_quote,bdt-based d–a copolymer (thiophene-benzothiadiazole-thiophene),bdt-based d-a copolymer (thiophene-benzothiadiazole-thiophene),,,,,,,,,,,,,
501,f4tcnq-doped pbdt–c–bt/50 wt % swcnts,bdt-based d–a copolymer (thiophene-benzothiadiazole-thiophene),bdt- d-a  (thiophene-benzothiadiazole-thiophene),bdt- d-a  (thiophene-benzothiadiazole-thiophene),False,False,False,opsin_repair,,False,drop_descriptors,,FAILURE,bdt- d-a  (thiophene-benzothiadiazole-thiophene) is unparsable due to the following being uninterpretable: bdt- d-a  (thiophene-benzothiadiazole-thiophene) The following was not parseable: bdt- d-a  (thiophene-benzothiadiazole-thiophene),,,,repair,drop_descriptors,True,bdt- d-a  (thiophene-benzothiadiazole-thiophene),False,,,,,,,,,,,,,,,,
501,f4tcnq-doped pbdt–c–bt/50 wt % swcnts,bdt-based d–a copolymer (thiophene-benzothiadiazole-thiophene),bdt- d-a  (thiophene-benzothiadiazole-thiophene),bdt- d-a  (thiophene-benzothiadiazole-thiophene),False,False,False,opsin_repair,,False,drop_substituted,,FAILURE,bdt- d-a  (thiophene-benzothiadiazole-thiophene) is unparsable due to the following being uninterpretable: bdt- d-a  (thiophene-benzothiadiazole-thiophene) The following was not parseable: bdt- d-a  (thiophene-benzothiadiazole-thiophene),,,,repair,drop_substituted,True,bdt- d-a  (thiophene-benzothiadiazole-thiophene),False,,,,,,,,,,,,,,,,
501,f4tcnq-doped pbdt–c–bt/50 wt % swcnts,bdt-based d–a copolymer (thiophene-benzothiadiazole-thiophene),bdt- d-a (thiophene-benzothiadiazole-thiophene),bdt- d-a (thiophene-benzothiadiazole-thiophene),False,False,False,opsin_repair,,False,tidy_punct,,FAILURE,bdt- d-a (thiophene-benzothiadiazole-thiophene) is unparsable due to the following being uninterpretable: bdt- d-a (thiophene-benzothiadiazole-thiophene) The following was not parseable: bdt- d-a (thiophene-benzothiadiazole-thiophene),,,,repair,tidy_punct,True,bdt- d-a (thiophene-benzothiadiazole-thiophene),False,,,,,,,,,,,,,,,,
501,f4tcnq-doped pbdt–c–bt/50 wt % swcnts,bdt-based d–a copolymer (thiophene-benzothiadiazole-thiophene),bdt-based d-a thiophene-benzothiadiazole-thiophene,bdt-based d-a copolymer (thiophene-benzothiadiazole-thiophene),False,False,False,fallback,TEXT_FALLBACK,False,no parse,,,,,,,,,True,,False,,,,,,,,,,,,,,,,
414,pnt2th2se-od,naphthobisthiadiazole-based d−a copolymer,naphthobisthiadiazole-based d-a,naphthobisthiadiazole-based d-a copolymer,False,False,False,opsin_direct,,False,,,FAILURE,naphthobisthiadiazole-based d-a copolymer is unparsable due to the following being uninterpretable: based d-a copolymer The following was not parseable: based d-a copolymer,,,,direct,,True,naphthobisthiadiazole-based d-a copolymer,True,fused_ring_prime_0_to_quote,naphthobisthiadiazole-based d−a copolymer,naphthobisthiadiazole-based d-a copolymer,,,,,,,,,,,,,
414,pnt2th2se-od,naphthobisthiadiazole-based d−a copolymer,naphthobisthiadiazole- d-a,naphthobisthiadiazole- d-a,False,False,False,opsin_repair,,False,drop_descriptors,,FAILURE,naphthobisthiadiazole- d-a is unparsable due to the following being uninterpretable:  d-a The following was not parseable:  d-a,,,,repair,drop_descriptors,True,naphthobisthiadiazole- d-a,False,,,,,,,,,,,,,,,,
414,pnt2th2se-od,naphthobisthiadiazole-based d−a copolymer,naphthobisthiadiazole- d-a,naphthobisthiadiazole- d-a,False,False,False,opsin_repair,,False,drop_substituted,,FAILURE,naphthobisthiadiazole- d-a is unparsable due to the following being uninterpretable:  d-a The following was not parseable:  d-a,,,,repair,drop_substituted,True,naphthobisthiadiazole- d-a,False,,,,,,,,,,,,,,,,
414,pnt2th2se-od,naphthobisthiadiazole-based d−a copolymer,naphthobisthiadiazole- d-a,naphthobisthiadiazole- d-a,False,False,False,opsin_repair,,False,tidy_punct,,FAILURE,naphthobisthiadiazole- d-a is unparsable due to the following being uninterpretable:  d-a The following was not parseable:  d-a,,,,repair,tidy_punct,True,naphthobisthiadiazole- d-a,False,,,,,,,,,,,,,,,,
414,pnt2th2se-od,naphthobisthiadiazole-based d−a copolymer,naphthobisthiadiazole-based d-a,naphthobisthiadiazole-based d-a copolymer,False,False,False,fallback,TEXT_FALLBACK,False,no parse,,,,,,,,,True,,False,,,,,,,,,,,,,,,,
414,pnt2th2se-od,naphthobisthiadiazole-based d−a copolymer,naphthobisthiadiazole-based d-a,naphthobisthiadiazole-based d-a copolymer,False,False,False,opsin_direct,,False,,,FAILURE,naphthobisthiadiazole-based d-a copolymer is unparsable due to the following being uninterpretable: based d-a copolymer The following was not parseable: based d-a copolymer,,,,direct,,True,naphthobisthiadiazole-based d-a copolymer,True,fused_ring_prime_0_to_quote,naphthobisthiadiazole-based d−a copolymer,naphthobisthiadiazole-based d-a copolymer,,,,,,,,,,,,,
414,pnt2th2se-od,naphthobisthiadiazole-based d−a copolymer,naphthobisthiadiazole- d-a,naphthobisthiadiazole- d-a,False,False,False,opsin_repair,,False,drop_descriptors,,FAILURE,naphthobisthiadiazole- d-a is unparsable due to the following being uninterpretable:  d-a The following was not parseable:  d-a,,,,repair,drop_descriptors,True,naphthobisthiadiazole- d-a,False,,,,,,,,,,,,,,,,
414,pnt2th2se-od,naphthobisthiadiazole-based d−a copolymer,naphthobisthiadiazole- d-a,naphthobisthiadiazole- d-a,False,False,False,opsin_repair,,False,drop_substituted,,FAILURE,naphthobisthiadiazole- d-a is unparsable due to the following being uninterpretable:  d-a The following was not parseable:  d-a,,,,repair,drop_substituted,True,naphthobisthiadiazole- d-a,False,,,,,,,,,,,,,,,,
414,pnt2th2se-od,naphthobisthiadiazole-based d−a copolymer,naphthobisthiadiazole- d-a,naphthobisthiadiazole- d-a,False,False,False,opsin_repair,,False,tidy_punct,,FAILURE,naphthobisthiadiazole- d-a is unparsable due to the following being uninterpretable:  d-a The following was not parseable:  d-a,,,,repair,tidy_punct,True,naphthobisthiadiazole- d-a,False,,,,,,,,,,,,,,,,
414,pnt2th2se-od,naphthobisthiadiazole-based d−a copolymer,naphthobisthiadiazole-based d-a,naphthobisthiadiazole-based d-a copolymer,False,False,False,fallback,TEXT_FALLBACK,False,no parse,,,,,,,,,True,,False,,,,,,,,,,,,,,,,
414,pnt2se2th-od,naphthobisthiadiazole-based d−a copolymer,naphthobisthiadiazole-based d-a,naphthobisthiadiazole-based d-a copolymer,False,False,False,opsin_direct,,False,,,FAILURE,naphthobisthiadiazole-based d-a copolymer is unparsable due to the following being uninterpretable: based d-a copolymer The following was not parseable: based d-a copolymer,,,,direct,,True,naphthobisthiadiazole-based d-a copolymer,True,fused_ring_prime_0_to_quote,naphthobisthiadiazole-based d−a copolymer,naphthobisthiadiazole-based d-a copolymer,,,,,,,,,,,,,
414,pnt2se2th-od,naphthobisthiadiazole-based d−a copolymer,naphthobisthiadiazole- d-a,naphthobisthiadiazole- d-a,False,False,False,opsin_repair,,False,drop_descriptors,,FAILURE,naphthobisthiadiazole- d-a is unparsable due to the following being uninterpretable:  d-a The following was not parseable:  d-a,,,,repair,drop_descriptors,True,naphthobisthiadiazole- d-a,False,,,,,,,,,,,,,,,,
414,pnt2se2th-od,naphthobisthiadiazole-based d−a copolymer,naphthobisthiadiazole- d-a,naphthobisthiadiazole- d-a,False,False,False,opsin_repair,,False,drop_substituted,,FAILURE,naphthobisthiadiazole- d-a is unparsable due to the following being uninterpretable:  d-a The following was not parseable:  d-a,,,,repair,drop_substituted,True,naphthobisthiadiazole- d-a,False,,,,,,,,,,,,,,,,
414,pnt2se2th-od,naphthobisthiadiazole-based d−a copolymer,naphthobisthiadiazole- d-a,naphthobisthiadiazole- d-a,False,False,False,opsin_repair,,False,tidy_punct,,FAILURE,naphthobisthiadiazole- d-a is unparsable due to the following being uninterpretable:  d-a The following was not parseable:  d-a,,,,repair,tidy_punct,True,naphthobisthiadiazole- d-a,False,,,,,,,,,,,,,,,,
414,pnt2se2th-od,naphthobisthiadiazole-based d−a copolymer,naphthobisthiadiazole-based d-a,naphthobisthiadiazole-based d-a copolymer,False,False,False,fallback,TEXT_FALLBACK,False,no parse,,,,,,,,,True,,False,,,,,,,,,,,,,,,,
414,pnt2se2th-od,naphthobisthiadiazole-based d−a copolymer,naphthobisthiadiazole-based d-a,naphthobisthiadiazole-based d-a copolymer,False,False,False,opsin_direct,,False,,,FAILURE,naphthobisthiadiazole-based d-a copolymer is unparsable due to the following being uninterpretable: based d-a copolymer The following was not parseable: based d-a copolymer,,,,direct,,True,naphthobisthiadiazole-based d-a copolymer,True,fused_ring_prime_0_to_quote,naphthobisthiadiazole-based d−a copolymer,naphthobisthiadiazole-based d-a copolymer,,,,,,,,,,,,,
414,pnt2se2th-od,naphthobisthiadiazole-based d−a copolymer,naphthobisthiadiazole- d-a,naphthobisthiadiazole- d-a,False,False,False,opsin_repair,,False,drop_descriptors,,FAILURE,naphthobisthiadiazole- d-a is unparsable due to the following being uninterpretable:  d-a The following was not parseable:  d-a,,,,repair,drop_descriptors,True,naphthobisthiadiazole- d-a,False,,,,,,,,,,,,,,,,
414,pnt2se2th-od,naphthobisthiadiazole-based d−a copolymer,naphthobisthiadiazole- d-a,naphthobisthiadiazole- d-a,False,False,False,opsin_repair,,False,drop_substituted,,FAILURE,naphthobisthiadiazole- d-a is unparsable due to the following being uninterpretable:  d-a The following was not parseable:  d-a,,,,repair,drop_substituted,True,naphthobisthiadiazole- d-a,False,,,,,,,,,,,,,,,,
414,pnt2se2th-od,naphthobisthiadiazole-based d−a copolymer,naphthobisthiadiazole- d-a,naphthobisthiadiazole- d-a,False,False,False,opsin_repair,,False,tidy_punct,,FAILURE,naphthobisthiadiazole- d-a is unparsable due to the following being uninterpretable:  d-a The following was not parseable:  d-a,,,,repair,tidy_punct,True,naphthobisthiadiazole- d-a,False,,,,,,,,,,,,,,,,
414,pnt2se2th-od,naphthobisthiadiazole-based d−a copolymer,naphthobisthiadiazole-based d-a,naphthobisthiadiazole-based d-a copolymer,False,False,False,fallback,TEXT_FALLBACK,False,no parse,,,,,,,,,True,,False,,,,,,,,,,,,,,,,
414,pnt4se-od,naphthobisthiadiazole-based d−a copolymer,naphthobisthiadiazole-based d-a,naphthobisthiadiazole-based d-a copolymer,False,False,False,opsin_direct,,False,,,FAILURE,naphthobisthiadiazole-based d-a copolymer is unparsable due to the following being uninterpretable: based d-a copolymer The following was not parseable: based d-a copolymer,,,,direct,,True,naphthobisthiadiazole-based d-a copolymer,True,fused_ring_prime_0_to_quote,naphthobisthiadiazole-based d−a copolymer,naphthobisthiadiazole-based d-a copolymer,,,,,,,,,,,,,
414,pnt4se-od,naphthobisthiadiazole-based d−a copolymer,naphthobisthiadiazole- d-a,naphthobisthiadiazole- d-a,False,False,False,opsin_repair,,False,drop_descriptors,,FAILURE,naphthobisthiadiazole- d-a is unparsable due to the following being uninterpretable:  d-a The following was not parseable:  d-a,,,,repair,drop_descriptors,True,naphthobisthiadiazole- d-a,False,,,,,,,,,,,,,,,,
414,pnt4se-od,naphthobisthiadiazole-based d−a copolymer,naphthobisthiadiazole- d-a,naphthobisthiadiazole- d-a,False,False,False,opsin_repair,,False,drop_substituted,,FAILURE,naphthobisthiadiazole- d-a is unparsable due to the following being uninterpretable:  d-a The following was not parseable:  d-a,,,,repair,drop_substituted,True,naphthobisthiadiazole- d-a,False,,,,,,,,,,,,,,,,
414,pnt4se-od,naphthobisthiadiazole-based d−a copolymer,naphthobisthiadiazole- d-a,naphthobisthiadiazole- d-a,False,False,False,opsin_repair,,False,tidy_punct,,FAILURE,naphthobisthiadiazole- d-a is unparsable due to the following being uninterpretable:  d-a The following was not parseable:  d-a,,,,repair,tidy_punct,True,naphthobisthiadiazole- d-a,False,,,,,,,,,,,,,,,,
414,pnt4se-od,naphthobisthiadiazole-based d−a copolymer,naphthobisthiadiazole-based d-a,naphthobisthiadiazole-based d-a copolymer,False,False,False,fallback,TEXT_FALLBACK,False,no parse,,,,,,,,,True,,False,,,,,,,,,,,,,,,,
414,pnt4se-od,naphthobisthiadiazole-based d−a copolymer,naphthobisthiadiazole-based d-a,naphthobisthiadiazole-based d-a copolymer,False,False,False,opsin_direct,,False,,,FAILURE,naphthobisthiadiazole-based d-a copolymer is unparsable due to the following being uninterpretable: based d-a copolymer The following was not parseable: based d-a copolymer,,,,direct,,True,naphthobisthiadiazole-based d-a copolymer,True,fused_ring_prime_0_to_quote,naphthobisthiadiazole-based d−a copolymer,naphthobisthiadiazole-based d-a copolymer,,,,,,,,,,,,,
414,pnt4se-od,naphthobisthiadiazole-based d−a copolymer,naphthobisthiadiazole- d-a,naphthobisthiadiazole- d-a,False,False,False,opsin_repair,,False,drop_descriptors,,FAILURE,naphthobisthiadiazole- d-a is unparsable due to the following being uninterpretable:  d-a The following was not parseable:  d-a,,,,repair,drop_descriptors,True,naphthobisthiadiazole- d-a,False,,,,,,,,,,,,,,,,
414,pnt4se-od,naphthobisthiadiazole-based d−a copolymer,naphthobisthiadiazole- d-a,naphthobisthiadiazole- d-a,False,False,False,opsin_repair,,False,drop_substituted,,FAILURE,naphthobisthiadiazole- d-a is unparsable due to the following being uninterpretable:  d-a The following was not parseable:  d-a,,,,repair,drop_substituted,True,naphthobisthiadiazole- d-a,False,,,,,,,,,,,,,,,,
414,pnt4se-od,naphthobisthiadiazole-based d−a copolymer,naphthobisthiadiazole- d-a,naphthobisthiadiazole- d-a,False,False,False,opsin_repair,,False,tidy_punct,,FAILURE,naphthobisthiadiazole- d-a is unparsable due to the following being uninterpretable:  d-a The following was not parseable:  d-a,,,,repair,tidy_punct,True,naphthobisthiadiazole- d-a,False,,,,,,,,,,,,,,,,
414,pnt4se-od,naphthobisthiadiazole-based d−a copolymer,naphthobisthiadiazole-based d-a,naphthobisthiadiazole-based d-a copolymer,False,False,False,fallback,TEXT_FALLBACK,False,no parse,,,,,,,,,True,,False,,,,,,,,,,,,,,,,
414,pnt2th2se-dt,naphthobisthiadiazole-based d−a copolymer,naphthobisthiadiazole-based d-a,naphthobisthiadiazole-based d-a copolymer,False,False,False,opsin_direct,,False,,,FAILURE,naphthobisthiadiazole-based d-a copolymer is unparsable due to the following being uninterpretable: based d-a copolymer The following was not parseable: based d-a copolymer,,,,direct,,True,naphthobisthiadiazole-based d-a copolymer,True,fused_ring_prime_0_to_quote,naphthobisthiadiazole-based d−a copolymer,naphthobisthiadiazole-based d-a copolymer,,,,,,,,,,,,,
414,pnt2th2se-dt,naphthobisthiadiazole-based d−a copolymer,naphthobisthiadiazole- d-a,naphthobisthiadiazole- d-a,False,False,False,opsin_repair,,False,drop_descriptors,,FAILURE,naphthobisthiadiazole- d-a is unparsable due to the following being uninterpretable:  d-a The following was not parseable:  d-a,,,,repair,drop_descriptors,True,naphthobisthiadiazole- d-a,False,,,,,,,,,,,,,,,,
414,pnt2th2se-dt,naphthobisthiadiazole-based d−a copolymer,naphthobisthiadiazole- d-a,naphthobisthiadiazole- d-a,False,False,False,opsin_repair,,False,drop_substituted,,FAILURE,naphthobisthiadiazole- d-a is unparsable due to the following being uninterpretable:  d-a The following was not parseable:  d-a,,,,repair,drop_substituted,True,naphthobisthiadiazole- d-a,False,,,,,,,,,,,,,,,,
414,pnt2th2se-dt,naphthobisthiadiazole-based d−a copolymer,naphthobisthiadiazole- d-a,naphthobisthiadiazole- d-a,False,False,False,opsin_repair,,False,tidy_punct,,FAILURE,naphthobisthiadiazole- d-a is unparsable due to the following being uninterpretable:  d-a The following was not parseable:  d-a,,,,repair,tidy_punct,True,naphthobisthiadiazole- d-a,False,,,,,,,,,,,,,,,,
414,pnt2th2se-dt,naphthobisthiadiazole-based d−a copolymer,naphthobisthiadiazole-based d-a,naphthobisthiadiazole-based d-a copolymer,False,False,False,fallback,TEXT_FALLBACK,False,no parse,,,,,,,,,True,,False,,,,,,,,,,,,,,,,
414,pnt2th2se-dt,naphthobisthiadiazole-based d−a copolymer,naphthobisthiadiazole-based d-a,naphthobisthiadiazole-based d-a copolymer,False,False,False,opsin_direct,,False,,,FAILURE,naphthobisthiadiazole-based d-a copolymer is unparsable due to the following being uninterpretable: based d-a copolymer The following was not parseable: based d-a copolymer,,,,direct,,True,naphthobisthiadiazole-based d-a copolymer,True,fused_ring_prime_0_to_quote,naphthobisthiadiazole-based d−a copolymer,naphthobisthiadiazole-based d-a copolymer,,,,,,,,,,,,,
414,pnt2th2se-dt,naphthobisthiadiazole-based d−a copolymer,naphthobisthiadiazole- d-a,naphthobisthiadiazole- d-a,False,False,False,opsin_repair,,False,drop_descriptors,,FAILURE,naphthobisthiadiazole- d-a is unparsable due to the following being uninterpretable:  d-a The following was not parseable:  d-a,,,,repair,drop_descriptors,True,naphthobisthiadiazole- d-a,False,,,,,,,,,,,,,,,,
414,pnt2th2se-dt,naphthobisthiadiazole-based d−a copolymer,naphthobisthiadiazole- d-a,naphthobisthiadiazole- d-a,False,False,False,opsin_repair,,False,drop_substituted,,FAILURE,naphthobisthiadiazole- d-a is unparsable due to the following being uninterpretable:  d-a The following was not parseable:  d-a,,,,repair,drop_substituted,True,naphthobisthiadiazole- d-a,False,,,,,,,,,,,,,,,,
414,pnt2th2se-dt,naphthobisthiadiazole-based d−a copolymer,naphthobisthiadiazole- d-a,naphthobisthiadiazole- d-a,False,False,False,opsin_repair,,False,tidy_punct,,FAILURE,naphthobisthiadiazole- d-a is unparsable due to the following being uninterpretable:  d-a The following was not parseable:  d-a,,,,repair,tidy_punct,True,naphthobisthiadiazole- d-a,False,,,,,,,,,,,,,,,,
414,pnt2th2se-dt,naphthobisthiadiazole-based d−a copolymer,naphthobisthiadiazole-based d-a,naphthobisthiadiazole-based d-a copolymer,False,False,False,fallback,TEXT_FALLBACK,False,no parse,,,,,,,,,True,,False,,,,,,,,,,,,,,,,
414,pnt2se2th-dt,naphthobisthiadiazole-based d−a copolymer,naphthobisthiadiazole-based d-a,naphthobisthiadiazole-based d-a copolymer,False,False,False,opsin_direct,,False,,,FAILURE,naphthobisthiadiazole-based d-a copolymer is unparsable due to the following being uninterpretable: based d-a copolymer The following was not parseable: based d-a copolymer,,,,direct,,True,naphthobisthiadiazole-based d-a copolymer,True,fused_ring_prime_0_to_quote,naphthobisthiadiazole-based d−a copolymer,naphthobisthiadiazole-based d-a copolymer,,,,,,,,,,,,,
414,pnt2se2th-dt,naphthobisthiadiazole-based d−a copolymer,naphthobisthiadiazole- d-a,naphthobisthiadiazole- d-a,False,False,False,opsin_repair,,False,drop_descriptors,,FAILURE,naphthobisthiadiazole- d-a is unparsable due to the following being uninterpretable:  d-a The following was not parseable:  d-a,,,,repair,drop_descriptors,True,naphthobisthiadiazole- d-a,False,,,,,,,,,,,,,,,,
414,pnt2se2th-dt,naphthobisthiadiazole-based d−a copolymer,naphthobisthiadiazole- d-a,naphthobisthiadiazole- d-a,False,False,False,opsin_repair,,False,drop_substituted,,FAILURE,naphthobisthiadiazole- d-a is unparsable due to the following being uninterpretable:  d-a The following was not parseable:  d-a,,,,repair,drop_substituted,True,naphthobisthiadiazole- d-a,False,,,,,,,,,,,,,,,,
414,pnt2se2th-dt,naphthobisthiadiazole-based d−a copolymer,naphthobisthiadiazole- d-a,naphthobisthiadiazole- d-a,False,False,False,opsin_repair,,False,tidy_punct,,FAILURE,naphthobisthiadiazole- d-a is unparsable due to the following being uninterpretable:  d-a The following was not parseable:  d-a,,,,repair,tidy_punct,True,naphthobisthiadiazole- d-a,False,,,,,,,,,,,,,,,,
414,pnt2se2th-dt,naphthobisthiadiazole-based d−a copolymer,naphthobisthiadiazole-based d-a,naphthobisthiadiazole-based d-a copolymer,False,False,False,fallback,TEXT_FALLBACK,False,no parse,,,,,,,,,True,,False,,,,,,,,,,,,,,,,
414,pnt2se2th-dt,naphthobisthiadiazole-based d−a copolymer,naphthobisthiadiazole-based d-a,naphthobisthiadiazole-based d-a copolymer,False,False,False,opsin_direct,,False,,,FAILURE,naphthobisthiadiazole-based d-a copolymer is unparsable due to the following being uninterpretable: based d-a copolymer The following was not parseable: based d-a copolymer,,,,direct,,True,naphthobisthiadiazole-based d-a copolymer,True,fused_ring_prime_0_to_quote,naphthobisthiadiazole-based d−a copolymer,naphthobisthiadiazole-based d-a copolymer,,,,,,,,,,,,,
414,pnt2se2th-dt,naphthobisthiadiazole-based d−a copolymer,naphthobisthiadiazole- d-a,naphthobisthiadiazole- d-a,False,False,False,opsin_repair,,False,drop_descriptors,,FAILURE,naphthobisthiadiazole- d-a is unparsable due to the following being uninterpretable:  d-a The following was not parseable:  d-a,,,,repair,drop_descriptors,True,naphthobisthiadiazole- d-a,False,,,,,,,,,,,,,,,,
414,pnt2se2th-dt,naphthobisthiadiazole-based d−a copolymer,naphthobisthiadiazole- d-a,naphthobisthiadiazole- d-a,False,False,False,opsin_repair,,False,drop_substituted,,FAILURE,naphthobisthiadiazole- d-a is unparsable due to the following being uninterpretable:  d-a The following was not parseable:  d-a,,,,repair,drop_substituted,True,naphthobisthiadiazole- d-a,False,,,,,,,,,,,,,,,,
414,pnt2se2th-dt,naphthobisthiadiazole-based d−a copolymer,naphthobisthiadiazole- d-a,naphthobisthiadiazole- d-a,False,False,False,opsin_repair,,False,tidy_punct,,FAILURE,naphthobisthiadiazole- d-a is unparsable due to the following being uninterpretable:  d-a The following was not parseable:  d-a,,,,repair,tidy_punct,True,naphthobisthiadiazole- d-a,False,,,,,,,,,,,,,,,,
414,pnt2se2th-dt,naphthobisthiadiazole-based d−a copolymer,naphthobisthiadiazole-based d-a,naphthobisthiadiazole-based d-a copolymer,False,False,False,fallback,TEXT_FALLBACK,False,no parse,,,,,,,,,True,,False,,,,,,,,,,,,,,,,
414,pnt4se-dt,naphthobisthiadiazole-based d−a copolymer,naphthobisthiadiazole-based d-a,naphthobisthiadiazole-based d-a copolymer,False,False,False,opsin_direct,,False,,,FAILURE,naphthobisthiadiazole-based d-a copolymer is unparsable due to the following being uninterpretable: based d-a copolymer The following was not parseable: based d-a copolymer,,,,direct,,True,naphthobisthiadiazole-based d-a copolymer,True,fused_ring_prime_0_to_quote,naphthobisthiadiazole-based d−a copolymer,naphthobisthiadiazole-based d-a copolymer,,,,,,,,,,,,,
414,pnt4se-dt,naphthobisthiadiazole-based d−a copolymer,naphthobisthiadiazole- d-a,naphthobisthiadiazole- d-a,False,False,False,opsin_repair,,False,drop_descriptors,,FAILURE,naphthobisthiadiazole- d-a is unparsable due to the following being uninterpretable:  d-a The following was not parseable:  d-a,,,,repair,drop_descriptors,True,naphthobisthiadiazole- d-a,False,,,,,,,,,,,,,,,,
414,pnt4se-dt,naphthobisthiadiazole-based d−a copolymer,naphthobisthiadiazole- d-a,naphthobisthiadiazole- d-a,False,False,False,opsin_repair,,False,drop_substituted,,FAILURE,naphthobisthiadiazole- d-a is unparsable due to the following being uninterpretable:  d-a The following was not parseable:  d-a,,,,repair,drop_substituted,True,naphthobisthiadiazole- d-a,False,,,,,,,,,,,,,,,,
414,pnt4se-dt,naphthobisthiadiazole-based d−a copolymer,naphthobisthiadiazole- d-a,naphthobisthiadiazole- d-a,False,False,False,opsin_repair,,False,tidy_punct,,FAILURE,naphthobisthiadiazole- d-a is unparsable due to the following being uninterpretable:  d-a The following was not parseable:  d-a,,,,repair,tidy_punct,True,naphthobisthiadiazole- d-a,False,,,,,,,,,,,,,,,,
414,pnt4se-dt,naphthobisthiadiazole-based d−a copolymer,naphthobisthiadiazole-based d-a,naphthobisthiadiazole-based d-a copolymer,False,False,False,fallback,TEXT_FALLBACK,False,no parse,,,,,,,,,True,,False,,,,,,,,,,,,,,,,
414,pnt4se-dt,naphthobisthiadiazole-based d−a copolymer,naphthobisthiadiazole-based d-a,naphthobisthiadiazole-based d-a copolymer,False,False,False,opsin_direct,,False,,,FAILURE,naphthobisthiadiazole-based d-a copolymer is unparsable due to the following being uninterpretable: based d-a copolymer The following was not parseable: based d-a copolymer,,,,direct,,True,naphthobisthiadiazole-based d-a copolymer,True,fused_ring_prime_0_to_quote,naphthobisthiadiazole-based d−a copolymer,naphthobisthiadiazole-based d-a copolymer,,,,,,,,,,,,,
414,pnt4se-dt,naphthobisthiadiazole-based d−a copolymer,naphthobisthiadiazole- d-a,naphthobisthiadiazole- d-a,False,False,False,opsin_repair,,False,drop_descriptors,,FAILURE,naphthobisthiadiazole- d-a is unparsable due to the following being uninterpretable:  d-a The following was not parseable:  d-a,,,,repair,drop_descriptors,True,naphthobisthiadiazole- d-a,False,,,,,,,,,,,,,,,,
414,pnt4se-dt,naphthobisthiadiazole-based d−a copolymer,naphthobisthiadiazole- d-a,naphthobisthiadiazole- d-a,False,False,False,opsin_repair,,False,drop_substituted,,FAILURE,naphthobisthiadiazole- d-a is unparsable due to the following being uninterpretable:  d-a The following was not parseable:  d-a,,,,repair,drop_substituted,True,naphthobisthiadiazole- d-a,False,,,,,,,,,,,,,,,,
414,pnt4se-dt,naphthobisthiadiazole-based d−a copolymer,naphthobisthiadiazole- d-a,naphthobisthiadiazole- d-a,False,False,False,opsin_repair,,False,tidy_punct,,FAILURE,naphthobisthiadiazole- d-a is unparsable due to the following being uninterpretable:  d-a The following was not parseable:  d-a,,,,repair,tidy_punct,True,naphthobisthiadiazole- d-a,False,,,,,,,,,,,,,,,,
414,pnt4se-dt,naphthobisthiadiazole-based d−a copolymer,naphthobisthiadiazole-based d-a,naphthobisthiadiazole-based d-a copolymer,False,False,False,fallback,TEXT_FALLBACK,False,no parse,,,,,,,,,True,,False,,,,,,,,,,,,,,,,
462,cl2-bal,π-extended poly(benzimidazoanthradiisoquinolinedione),π-extended poly benzimidazoanthradiisoquinolinedione,π-extended poly(benzimidazoanthradiisoquinolinedione),False,False,False,opsin_direct,,False,,,FAILURE,pi-extended poly(benzimidazoanthradiisoquinolinedione) is unparsable due to the following being uninterpretable: pi-extended poly(benzimidazoanthradiisoquinolinedione) The following was not parseable: pi-extended poly(benzimidazoanthradiisoquinolinedione),,,,direct,,True,π-extended poly(benzimidazoanthradiisoquinolinedione),False,,,,,,,,,,,,,,,,
462,cl2-bal,π-extended poly(benzimidazoanthradiisoquinolinedione),π-extended poly(benzimidazoanthradiisoquinolinedione),π-extended poly(benzimidazoanthradiisoquinolinedione),False,False,False,opsin_repair,,False,drop_descriptors,,FAILURE,pi-extended poly(benzimidazoanthradiisoquinolinedione) is unparsable due to the following being uninterpretable: pi-extended poly(benzimidazoanthradiisoquinolinedione) The following was not parseable: pi-extended poly(benzimidazoanthradiisoquinolinedione),,,,repair,drop_descriptors,True,π-extended poly(benzimidazoanthradiisoquinolinedione),False,,,,,,,,,,,,,,,,
462,cl2-bal,π-extended poly(benzimidazoanthradiisoquinolinedione),π-extended poly(benzimidazoanthradiisoquinolinedione),π-extended poly(benzimidazoanthradiisoquinolinedione),False,False,False,opsin_repair,,False,drop_substituted,,FAILURE,pi-extended poly(benzimidazoanthradiisoquinolinedione) is unparsable due to the following being uninterpretable: pi-extended poly(benzimidazoanthradiisoquinolinedione) The following was not parseable: pi-extended poly(benzimidazoanthradiisoquinolinedione),,,,repair,drop_substituted,True,π-extended poly(benzimidazoanthradiisoquinolinedione),False,,,,,,,,,,,,,,,,
462,cl2-bal,π-extended poly(benzimidazoanthradiisoquinolinedione),π-extended poly(benzimidazoanthradiisoquinolinedione),π-extended poly(benzimidazoanthradiisoquinolinedione),False,False,False,opsin_repair,,False,tidy_punct,,FAILURE,pi-extended poly(benzimidazoanthradiisoquinolinedione) is unparsable due to the following being uninterpretable: pi-extended poly(benzimidazoanthradiisoquinolinedione) The following was not parseable: pi-extended poly(benzimidazoanthradiisoquinolinedione),,,,repair,tidy_punct,True,π-extended poly(benzimidazoanthradiisoquinolinedione),False,,,,,,,,,,,,,,,,
462,cl2-bal,π-extended poly(benzimidazoanthradiisoquinolinedione),π-extended poly benzimidazoanthradiisoquinolinedione,π-extended poly(benzimidazoanthradiisoquinolinedione),False,False,False,fallback,TEXT_FALLBACK,False,no parse,,,,,,,,,True,,False,,,,,,,,,,,,,,,,
462,cl4-bal,π-extended poly(benzimidazoanthradiisoquinolinedione),π-extended poly benzimidazoanthradiisoquinolinedione,π-extended poly(benzimidazoanthradiisoquinolinedione),False,False,False,opsin_direct,,False,,,FAILURE,pi-extended poly(benzimidazoanthradiisoquinolinedione) is unparsable due to the following being uninterpretable: pi-extended poly(benzimidazoanthradiisoquinolinedione) The following was not parseable: pi-extended poly(benzimidazoanthradiisoquinolinedione),,,,direct,,True,π-extended poly(benzimidazoanthradiisoquinolinedione),False,,,,,,,,,,,,,,,,
462,cl4-bal,π-extended poly(benzimidazoanthradiisoquinolinedione),π-extended poly(benzimidazoanthradiisoquinolinedione),π-extended poly(benzimidazoanthradiisoquinolinedione),False,False,False,opsin_repair,,False,drop_descriptors,,FAILURE,pi-extended poly(benzimidazoanthradiisoquinolinedione) is unparsable due to the following being uninterpretable: pi-extended poly(benzimidazoanthradiisoquinolinedione) The following was not parseable: pi-extended poly(benzimidazoanthradiisoquinolinedione),,,,repair,drop_descriptors,True,π-extended poly(benzimidazoanthradiisoquinolinedione),False,,,,,,,,,,,,,,,,
462,cl4-bal,π-extended poly(benzimidazoanthradiisoquinolinedione),π-extended poly(benzimidazoanthradiisoquinolinedione),π-extended poly(benzimidazoanthradiisoquinolinedione),False,False,False,opsin_repair,,False,drop_substituted,,FAILURE,pi-extended poly(benzimidazoanthradiisoquinolinedione) is unparsable due to the following being uninterpretable: pi-extended poly(benzimidazoanthradiisoquinolinedione) The following was not parseable: pi-extended poly(benzimidazoanthradiisoquinolinedione),,,,repair,drop_substituted,True,π-extended poly(benzimidazoanthradiisoquinolinedione),False,,,,,,,,,,,,,,,,
462,cl4-bal,π-extended poly(benzimidazoanthradiisoquinolinedione),π-extended poly(benzimidazoanthradiisoquinolinedione),π-extended poly(benzimidazoanthradiisoquinolinedione),False,False,False,opsin_repair,,False,tidy_punct,,FAILURE,pi-extended poly(benzimidazoanthradiisoquinolinedione) is unparsable due to the following being uninterpretable: pi-extended poly(benzimidazoanthradiisoquinolinedione) The following was not parseable: pi-extended poly(benzimidazoanthradiisoquinolinedione),,,,repair,tidy_punct,True,π-extended poly(benzimidazoanthradiisoquinolinedione),False,,,,,,,,,,,,,,,,
462,cl4-bal,π-extended poly(benzimidazoanthradiisoquinolinedione),π-extended poly benzimidazoanthradiisoquinolinedione,π-extended poly(benzimidazoanthradiisoquinolinedione),False,False,False,fallback,TEXT_FALLBACK,False,no parse,,,,,,,,,True,,False,,,,,,,,,,,,,,,,
418,p1,bithiophene,bithiophene,bithiophene,False,False,False,opsin_direct,OPSIN,True,,c1csc(-c2cccs2)c1,CACHE_HIT,,,False,0.0,direct,,True,bithiophene,False,,,,,,,,,,,,,,,,
418,p1,,,hexyl,False,False,False,template_expand,,True,[OPSIN-PREPROC] raw='c6' -> preprocessed='hexyl',,,,,,,,,,,,,,,c6,hexyl,False,False,False,False,False,unknown,low,True,"[{""name"": ""c6"", ""count"": 1}]",,
418,p1,,,hexyl,False,False,False,sidechain_length,ALKYL_LENGTH,True,,CCCCCC,,,,,,,,,,,,,,c6,hexyl,False,False,False,False,False,,,,,,
418,p1,bithiophene,bithiophene,bithiophene,False,False,False,opsin_direct,OPSIN,True,,c1csc(-c2cccs2)c1,CACHE_HIT,,,False,0.0,direct,,True,bithiophene,False,,,,,,,,,,,,,,,,
418,p1,,,hexyl,False,False,False,template_expand,,True,[OPSIN-PREPROC] raw='c6' -> preprocessed='hexyl',,,,,,,,,,,,,,,c6,hexyl,False,False,False,False,False,unknown,low,True,"[{""name"": ""c6"", ""count"": 1}]",,
418,p1,,,hexyl,False,False,False,sidechain_length,ALKYL_LENGTH,True,,CCCCCC,,,,,,,,,,,,,,c6,hexyl,False,False,False,False,False,,,,,,
418,p1,bithiophene,bithiophene,bithiophene,False,False,False,opsin_direct,OPSIN,True,,c1csc(-c2cccs2)c1,CACHE_HIT,,,False,0.0,direct,,True,bithiophene,False,,,,,,,,,,,,,,,,
418,p1,,,hexyl,False,False,False,template_expand,,True,[OPSIN-PREPROC] raw='c6' -> preprocessed='hexyl',,,,,,,,,,,,,,,c6,hexyl,False,False,False,False,False,unknown,low,True,"[{""name"": ""c6"", ""count"": 1}]",,
418,p1,,,hexyl,False,False,False,sidechain_length,ALKYL_LENGTH,True,,CCCCCC,,,,,,,,,,,,,,c6,hexyl,False,False,False,False,False,,,,,,
418,p2,bithiophene,bithiophene,bithiophene,False,False,False,opsin_direct,OPSIN,True,,c1csc(-c2cccs2)c1,CACHE_HIT,,,False,0.0,direct,,True,bithiophene,False,,,,,,,,,,,,,,,,
418,p2,bithiophene,bithiophene,bithiophene,False,False,False,opsin_direct,OPSIN,True,,c1csc(-c2cccs2)c1,CACHE_HIT,,,False,0.0,direct,,True,bithiophene,False,,,,,,,,,,,,,,,,
418,p2,bithiophene,bithiophene,bithiophene,False,False,False,opsin_direct,OPSIN,True,,c1csc(-c2cccs2)c1,CACHE_HIT,,,False,0.0,direct,,True,bithiophene,False,,,,,,,,,,,,,,,,
418,p2,bithiophene,bithiophene,bithiophene,False,False,False,opsin_direct,OPSIN,True,,c1csc(-c2cccs2)c1,CACHE_HIT,,,False,0.0,direct,,True,bithiophene,False,,,,,,,,,,,,,,,,
421,octyl-pttbtz-f,thienothiophene-benzotriazole,thienothiophene-benzotriazole,thienothiophene-benzotriazole,False,False,False,opsin_direct,OPSIN,True,,c1cc2sccc2s1.c1ccc2[nH]nnc2c1,CACHE_HIT,,,True,1.0,direct,,True,thienothiophene-benzotriazole,False,,,,,,,,,,,,,,,,
421,octyl-pttbtz-f,,,octyl,False,False,False,template_expand,,True,[OPSIN-PREPROC] raw='c8' -> preprocessed='octyl',,,,,,,,,,,,,,,c8,octyl,False,False,False,False,False,unknown,low,True,"[{""name"": ""c8"", ""count"": 1}]",,
421,octyl-pttbtz-f,,,octyl,False,False,False,sidechain_length,ALKYL_LENGTH,True,,CCCCCCCC,,,,,,,,,,,,,,c8,octyl,False,False,False,False,False,,,,,,
421,octyl-pttbtz-f,thienothiophene-benzotriazole,thienothiophene-benzotriazole,thienothiophene-benzotriazole,False,False,False,opsin_direct,OPSIN,True,,c1cc2sccc2s1.c1ccc2[nH]nnc2c1,CACHE_HIT,,,True,1.0,direct,,True,thienothiophene-benzotriazole,False,,,,,,,,,,,,,,,,
421,octyl-pttbtz-f,,,octyl,False,False,False,template_expand,,True,[OPSIN-PREPROC] raw='c8' -> preprocessed='octyl',,,,,,,,,,,,,,,c8,octyl,False,False,False,False,False,unknown,low,True,"[{""name"": ""c8"", ""count"": 1}]",,
421,octyl-pttbtz-f,,,octyl,False,False,False,sidechain_length,ALKYL_LENGTH,True,,CCCCCCCC,,,,,,,,,,,,,,c8,octyl,False,False,False,False,False,,,,,,
421,octyl-pttbtz-f,thienothiophene-benzotriazole,thienothiophene-benzotriazole,thienothiophene-benzotriazole,False,False,False,opsin_direct,OPSIN,True,,c1cc2sccc2s1.c1ccc2[nH]nnc2c1,CACHE_HIT,,,True,1.0,direct,,True,thienothiophene-benzotriazole,False,,,,,,,,,,,,,,,,
421,octyl-pttbtz-f,,,octyl,False,False,False,template_expand,,True,[OPSIN-PREPROC] raw='c8' -> preprocessed='octyl',,,,,,,,,,,,,,,c8,octyl,False,False,False,False,False,unknown,low,True,"[{""name"": ""c8"", ""count"": 1}]",,
421,octyl-pttbtz-f,,,octyl,False,False,False,sidechain_length,ALKYL_LENGTH,True,,CCCCCCCC,,,,,,,,,,,,,,c8,octyl,False,False,False,False,False,,,,,,
421,si-pttbtz,thienothiophene-benzotriazole,thienothiophene-benzotriazole,thienothiophene-benzotriazole,False,False,False,opsin_direct,OPSIN,True,,c1cc2sccc2s1.c1ccc2[nH]nnc2c1,CACHE_HIT,,,True,1.0,direct,,True,thienothiophene-benzotriazole,False,,,,,,,,,,,,,,,,
421,si-pttbtz,thienothiophene-benzotriazole,thienothiophene-benzotriazole,thienothiophene-benzotriazole,False,False,False,opsin_direct,OPSIN,True,,c1cc2sccc2s1.c1ccc2[nH]nnc2c1,CACHE_HIT,,,True,1.0,direct,,True,thienothiophene-benzotriazole,False,,,,,,,,,,,,,,,,
421,si-pttbtz,thienothiophene-benzotriazole,thienothiophene-benzotriazole,thienothiophene-benzotriazole,False,False,False,opsin_direct,OPSIN,True,,c1cc2sccc2s1.c1ccc2[nH]nnc2c1,CACHE_HIT,,,True,1.0,direct,,True,thienothiophene-benzotriazole,False,,,,,,,,,,,,,,,,
421,si-pttbtz-f,thienothiophene-benzotriazole,thienothiophene-benzotriazole,thienothiophene-benzotriazole,False,False,False,opsin_direct,OPSIN,True,,c1cc2sccc2s1.c1ccc2[nH]nnc2c1,CACHE_HIT,,,True,1.0,direct,,True,thienothiophene-benzotriazole,False,,,,,,,,,,,,,,,,
421,si-pttbtz-f,thienothiophene-benzotriazole,thienothiophene-benzotriazole,thienothiophene-benzotriazole,False,False,False,opsin_direct,OPSIN,True,,c1cc2sccc2s1.c1ccc2[nH]nnc2c1,CACHE_HIT,,,True,1.0,direct,,True,thienothiophene-benzotriazole,False,,,,,,,,,,,,,,,,
421,si-pttbtz-f,thienothiophene-benzotriazole,thienothiophene-benzotriazole,thienothiophene-benzotriazole,False,False,False,opsin_direct,OPSIN,True,,c1cc2sccc2s1.c1ccc2[nH]nnc2c1,CACHE_HIT,,,True,1.0,direct,,True,thienothiophene-benzotriazole,False,,,,,,,,,,,,,,,,
437,p1,naphthalene diimide-alt-indacenodithiophene,naphthalene diimide-alt-indacenodithiophene,naphthalene diimide-alt-indacenodithiophene,False,False,False,opsin_direct,,False,,,FAILURE,naphthalene diimide-alt-indacenodithiophene is unparsable due to the following being uninterpretable: alt-indacenodithiophene The following was not parseable: alt-indacenodithiophene,,,,direct,,True,naphthalene diimide-alt-indacenodithiophene,False,,,,,,,,,,,,,,,,
437,p1,naphthalene diimide-alt-indacenodithiophene,naphthalene diimide-alt-indacenodithiophene,naphthalene diimide-alt-indacenodithiophene,False,False,False,opsin_repair,,False,drop_descriptors,,FAILURE,naphthalene diimide-alt-indacenodithiophene is unparsable due to the following being uninterpretable: alt-indacenodithiophene The following was not parseable: alt-indacenodithiophene,,,,repair,drop_descriptors,True,naphthalene diimide-alt-indacenodithiophene,False,,,,,,,,,,,,,,,,
437,p1,naphthalene diimide-alt-indacenodithiophene,naphthalene diimide-alt-indacenodithiophene,naphthalene diimide-alt-indacenodithiophene,False,False,False,opsin_repair,,False,drop_substituted,,FAILURE,naphthalene diimide-alt-indacenodithiophene is unparsable due to the following being uninterpretable: alt-indacenodithiophene The following was not parseable: alt-indacenodithiophene,,,,repair,drop_substituted,True,naphthalene diimide-alt-indacenodithiophene,False,,,,,,,,,,,,,,,,
437,p1,naphthalene diimide-alt-indacenodithiophene,naphthalene diimide-alt-indacenodithiophene,naphthalene diimide-alt-indacenodithiophene,False,False,False,opsin_repair,,False,tidy_punct,,FAILURE,naphthalene diimide-alt-indacenodithiophene is unparsable due to the following being uninterpretable: alt-indacenodithiophene The following was not parseable: alt-indacenodithiophene,,,,repair,tidy_punct,True,naphthalene diimide-alt-indacenodithiophene,False,,,,,,,,,,,,,,,,
437,p1,naphthalene diimide-alt-indacenodithiophene,naphthalene diimide-alt-indacenodithiophene,naphthalene diimide-alt-indacenodithiophene,False,False,False,fallback,TEXT_FALLBACK,False,no parse,,,,,,,,,True,,False,,,,,,,,,,,,,,,,
437,p2,naphthalene diimide-alt-indacenodithiophene,naphthalene diimide-alt-indacenodithiophene,naphthalene diimide-alt-indacenodithiophene,False,False,False,opsin_direct,,False,,,FAILURE,naphthalene diimide-alt-indacenodithiophene is unparsable due to the following being uninterpretable: alt-indacenodithiophene The following was not parseable: alt-indacenodithiophene,,,,direct,,True,naphthalene diimide-alt-indacenodithiophene,False,,,,,,,,,,,,,,,,
437,p2,naphthalene diimide-alt-indacenodithiophene,naphthalene diimide-alt-indacenodithiophene,naphthalene diimide-alt-indacenodithiophene,False,False,False,opsin_repair,,False,drop_descriptors,,FAILURE,naphthalene diimide-alt-indacenodithiophene is unparsable due to the following being uninterpretable: alt-indacenodithiophene The following was not parseable: alt-indacenodithiophene,,,,repair,drop_descriptors,True,naphthalene diimide-alt-indacenodithiophene,False,,,,,,,,,,,,,,,,
437,p2,naphthalene diimide-alt-indacenodithiophene,naphthalene diimide-alt-indacenodithiophene,naphthalene diimide-alt-indacenodithiophene,False,False,False,opsin_repair,,False,drop_substituted,,FAILURE,naphthalene diimide-alt-indacenodithiophene is unparsable due to the following being uninterpretable: alt-indacenodithiophene The following was not parseable: alt-indacenodithiophene,,,,repair,drop_substituted,True,naphthalene diimide-alt-indacenodithiophene,False,,,,,,,,,,,,,,,,
437,p2,naphthalene diimide-alt-indacenodithiophene,naphthalene diimide-alt-indacenodithiophene,naphthalene diimide-alt-indacenodithiophene,False,False,False,opsin_repair,,False,tidy_punct,,FAILURE,naphthalene diimide-alt-indacenodithiophene is unparsable due to the following being uninterpretable: alt-indacenodithiophene The following was not parseable: alt-indacenodithiophene,,,,repair,tidy_punct,True,naphthalene diimide-alt-indacenodithiophene,False,,,,,,,,,,,,,,,,
437,p2,naphthalene diimide-alt-indacenodithiophene,naphthalene diimide-alt-indacenodithiophene,naphthalene diimide-alt-indacenodithiophene,False,False,False,fallback,TEXT_FALLBACK,False,no parse,,,,,,,,,True,,False,,,,,,,,,,,,,,,,
437,p3,naphthalene diimide-alt-indacenodithiophene,naphthalene diimide-alt-indacenodithiophene,naphthalene diimide-alt-indacenodithiophene,False,False,False,opsin_direct,,False,,,FAILURE,naphthalene diimide-alt-indacenodithiophene is unparsable due to the following being uninterpretable: alt-indacenodithiophene The following was not parseable: alt-indacenodithiophene,,,,direct,,True,naphthalene diimide-alt-indacenodithiophene,False,,,,,,,,,,,,,,,,
437,p3,naphthalene diimide-alt-indacenodithiophene,naphthalene diimide-alt-indacenodithiophene,naphthalene diimide-alt-indacenodithiophene,False,False,False,opsin_repair,,False,drop_descriptors,,FAILURE,naphthalene diimide-alt-indacenodithiophene is unparsable due to the following being uninterpretable: alt-indacenodithiophene The following was not parseable: alt-indacenodithiophene,,,,repair,drop_descriptors,True,naphthalene diimide-alt-indacenodithiophene,False,,,,,,,,,,,,,,,,
437,p3,naphthalene diimide-alt-indacenodithiophene,naphthalene diimide-alt-indacenodithiophene,naphthalene diimide-alt-indacenodithiophene,False,False,False,opsin_repair,,False,drop_substituted,,FAILURE,naphthalene diimide-alt-indacenodithiophene is unparsable due to the following being uninterpretable: alt-indacenodithiophene The following was not parseable: alt-indacenodithiophene,,,,repair,drop_substituted,True,naphthalene diimide-alt-indacenodithiophene,False,,,,,,,,,,,,,,,,
437,p3,naphthalene diimide-alt-indacenodithiophene,naphthalene diimide-alt-indacenodithiophene,naphthalene diimide-alt-indacenodithiophene,False,False,False,opsin_repair,,False,tidy_punct,,FAILURE,naphthalene diimide-alt-indacenodithiophene is unparsable due to the following being uninterpretable: alt-indacenodithiophene The following was not parseable: alt-indacenodithiophene,,,,repair,tidy_punct,True,naphthalene diimide-alt-indacenodithiophene,False,,,,,,,,,,,,,,,,
437,p3,naphthalene diimide-alt-indacenodithiophene,naphthalene diimide-alt-indacenodithiophene,naphthalene diimide-alt-indacenodithiophene,False,False,False,fallback,TEXT_FALLBACK,False,no parse,,,,,,,,,True,,False,,,,,,,,,,,,,,,,
437,p4,naphthalene diimide-alt-indacenodithiophene,naphthalene diimide-alt-indacenodithiophene,naphthalene diimide-alt-indacenodithiophene,False,False,False,opsin_direct,,False,,,FAILURE,naphthalene diimide-alt-indacenodithiophene is unparsable due to the following being uninterpretable: alt-indacenodithiophene The following was not parseable: alt-indacenodithiophene,,,,direct,,True,naphthalene diimide-alt-indacenodithiophene,False,,,,,,,,,,,,,,,,
437,p4,naphthalene diimide-alt-indacenodithiophene,naphthalene diimide-alt-indacenodithiophene,naphthalene diimide-alt-indacenodithiophene,False,False,False,opsin_repair,,False,drop_descriptors,,FAILURE,naphthalene diimide-alt-indacenodithiophene is unparsable due to the following being uninterpretable: alt-indacenodithiophene The following was not parseable: alt-indacenodithiophene,,,,repair,drop_descriptors,True,naphthalene diimide-alt-indacenodithiophene,False,,,,,,,,,,,,,,,,
437,p4,naphthalene diimide-alt-indacenodithiophene,naphthalene diimide-alt-indacenodithiophene,naphthalene diimide-alt-indacenodithiophene,False,False,False,opsin_repair,,False,drop_substituted,,FAILURE,naphthalene diimide-alt-indacenodithiophene is unparsable due to the following being uninterpretable: alt-indacenodithiophene The following was not parseable: alt-indacenodithiophene,,,,repair,drop_substituted,True,naphthalene diimide-alt-indacenodithiophene,False,,,,,,,,,,,,,,,,
437,p4,naphthalene diimide-alt-indacenodithiophene,naphthalene diimide-alt-indacenodithiophene,naphthalene diimide-alt-indacenodithiophene,False,False,False,opsin_repair,,False,tidy_punct,,FAILURE,naphthalene diimide-alt-indacenodithiophene is unparsable due to the following being uninterpretable: alt-indacenodithiophene The following was not parseable: alt-indacenodithiophene,,,,repair,tidy_punct,True,naphthalene diimide-alt-indacenodithiophene,False,,,,,,,,,,,,,,,,
437,p4,naphthalene diimide-alt-indacenodithiophene,naphthalene diimide-alt-indacenodithiophene,naphthalene diimide-alt-indacenodithiophene,False,False,False,fallback,TEXT_FALLBACK,False,no parse,,,,,,,,,True,,False,,,,,,,,,,,,,,,,
437,p3,naphthalene diimide-alt-indacenodithiophene,naphthalene diimide-alt-indacenodithiophene,naphthalene diimide-alt-indacenodithiophene,False,False,False,opsin_direct,,False,,,FAILURE,naphthalene diimide-alt-indacenodithiophene is unparsable due to the following being uninterpretable: alt-indacenodithiophene The following was not parseable: alt-indacenodithiophene,,,,direct,,True,naphthalene diimide-alt-indacenodithiophene,False,,,,,,,,,,,,,,,,
437,p3,naphthalene diimide-alt-indacenodithiophene,naphthalene diimide-alt-indacenodithiophene,naphthalene diimide-alt-indacenodithiophene,False,False,False,opsin_repair,,False,drop_descriptors,,FAILURE,naphthalene diimide-alt-indacenodithiophene is unparsable due to the following being uninterpretable: alt-indacenodithiophene The following was not parseable: alt-indacenodithiophene,,,,repair,drop_descriptors,True,naphthalene diimide-alt-indacenodithiophene,False,,,,,,,,,,,,,,,,
437,p3,naphthalene diimide-alt-indacenodithiophene,naphthalene diimide-alt-indacenodithiophene,naphthalene diimide-alt-indacenodithiophene,False,False,False,opsin_repair,,False,drop_substituted,,FAILURE,naphthalene diimide-alt-indacenodithiophene is unparsable due to the following being uninterpretable: alt-indacenodithiophene The following was not parseable: alt-indacenodithiophene,,,,repair,drop_substituted,True,naphthalene diimide-alt-indacenodithiophene,False,,,,,,,,,,,,,,,,
437,p3,naphthalene diimide-alt-indacenodithiophene,naphthalene diimide-alt-indacenodithiophene,naphthalene diimide-alt-indacenodithiophene,False,False,False,opsin_repair,,False,tidy_punct,,FAILURE,naphthalene diimide-alt-indacenodithiophene is unparsable due to the following being uninterpretable: alt-indacenodithiophene The following was not parseable: alt-indacenodithiophene,,,,repair,tidy_punct,True,naphthalene diimide-alt-indacenodithiophene,False,,,,,,,,,,,,,,,,
437,p3,naphthalene diimide-alt-indacenodithiophene,naphthalene diimide-alt-indacenodithiophene,naphthalene diimide-alt-indacenodithiophene,False,False,False,fallback,TEXT_FALLBACK,False,no parse,,,,,,,,,True,,False,,,,,,,,,,,,,,,,
437,p3,naphthalene diimide-alt-indacenodithiophene,naphthalene diimide-alt-indacenodithiophene,naphthalene diimide-alt-indacenodithiophene,False,False,False,opsin_direct,,False,,,FAILURE,naphthalene diimide-alt-indacenodithiophene is unparsable due to the following being uninterpretable: alt-indacenodithiophene The following was not parseable: alt-indacenodithiophene,,,,direct,,True,naphthalene diimide-alt-indacenodithiophene,False,,,,,,,,,,,,,,,,
437,p3,naphthalene diimide-alt-indacenodithiophene,naphthalene diimide-alt-indacenodithiophene,naphthalene diimide-alt-indacenodithiophene,False,False,False,opsin_repair,,False,drop_descriptors,,FAILURE,naphthalene diimide-alt-indacenodithiophene is unparsable due to the following being uninterpretable: alt-indacenodithiophene The following was not parseable: alt-indacenodithiophene,,,,repair,drop_descriptors,True,naphthalene diimide-alt-indacenodithiophene,False,,,,,,,,,,,,,,,,
437,p3,naphthalene diimide-alt-indacenodithiophene,naphthalene diimide-alt-indacenodithiophene,naphthalene diimide-alt-indacenodithiophene,False,False,False,opsin_repair,,False,drop_substituted,,FAILURE,naphthalene diimide-alt-indacenodithiophene is unparsable due to the following being uninterpretable: alt-indacenodithiophene The following was not parseable: alt-indacenodithiophene,,,,repair,drop_substituted,True,naphthalene diimide-alt-indacenodithiophene,False,,,,,,,,,,,,,,,,
437,p3,naphthalene diimide-alt-indacenodithiophene,naphthalene diimide-alt-indacenodithiophene,naphthalene diimide-alt-indacenodithiophene,False,False,False,opsin_repair,,False,tidy_punct,,FAILURE,naphthalene diimide-alt-indacenodithiophene is unparsable due to the following being uninterpretable: alt-indacenodithiophene The following was not parseable: alt-indacenodithiophene,,,,repair,tidy_punct,True,naphthalene diimide-alt-indacenodithiophene,False,,,,,,,,,,,,,,,,
437,p3,naphthalene diimide-alt-indacenodithiophene,naphthalene diimide-alt-indacenodithiophene,naphthalene diimide-alt-indacenodithiophene,False,False,False,fallback,TEXT_FALLBACK,False,no parse,,,,,,,,,True,,False,,,,,,,,,,,,,,,,
437,p3,naphthalene diimide-alt-indacenodithiophene,naphthalene diimide-alt-indacenodithiophene,naphthalene diimide-alt-indacenodithiophene,False,False,False,opsin_direct,,False,,,FAILURE,naphthalene diimide-alt-indacenodithiophene is unparsable due to the following being uninterpretable: alt-indacenodithiophene The following was not parseable: alt-indacenodithiophene,,,,direct,,True,naphthalene diimide-alt-indacenodithiophene,False,,,,,,,,,,,,,,,,
437,p3,naphthalene diimide-alt-indacenodithiophene,naphthalene diimide-alt-indacenodithiophene,naphthalene diimide-alt-indacenodithiophene,False,False,False,opsin_repair,,False,drop_descriptors,,FAILURE,naphthalene diimide-alt-indacenodithiophene is unparsable due to the following being uninterpretable: alt-indacenodithiophene The following was not parseable: alt-indacenodithiophene,,,,repair,drop_descriptors,True,naphthalene diimide-alt-indacenodithiophene,False,,,,,,,,,,,,,,,,
437,p3,naphthalene diimide-alt-indacenodithiophene,naphthalene diimide-alt-indacenodithiophene,naphthalene diimide-alt-indacenodithiophene,False,False,False,opsin_repair,,False,drop_substituted,,FAILURE,naphthalene diimide-alt-indacenodithiophene is unparsable due to the following being uninterpretable: alt-indacenodithiophene The following was not parseable: alt-indacenodithiophene,,,,repair,drop_substituted,True,naphthalene diimide-alt-indacenodithiophene,False,,,,,,,,,,,,,,,,
437,p3,naphthalene diimide-alt-indacenodithiophene,naphthalene diimide-alt-indacenodithiophene,naphthalene diimide-alt-indacenodithiophene,False,False,False,opsin_repair,,False,tidy_punct,,FAILURE,naphthalene diimide-alt-indacenodithiophene is unparsable due to the following being uninterpretable: alt-indacenodithiophene The following was not parseable: alt-indacenodithiophene,,,,repair,tidy_punct,True,naphthalene diimide-alt-indacenodithiophene,False,,,,,,,,,,,,,,,,
437,p3,naphthalene diimide-alt-indacenodithiophene,naphthalene diimide-alt-indacenodithiophene,naphthalene diimide-alt-indacenodithiophene,False,False,False,fallback,TEXT_FALLBACK,False,no parse,,,,,,,,,True,,False,,,,,,,,,,,,,,,,
437,p(ndit2),naphthalene diimide-alt-bithiophene,naphthalene diimide-alt-bithiophene,naphthalene diimide-alt-bithiophene,False,False,False,opsin_direct,,False,,,FAILURE,naphthalene diimide-alt-bithiophene is unparsable due to the following being uninterpretable: alt-bithiophene The following was not parseable: alt-bithiophene,,,,direct,,True,naphthalene diimide-alt-bithiophene,False,,,,,,,,,,,,,,,,
437,p(ndit2),naphthalene diimide-alt-bithiophene,naphthalene diimide-alt-bithiophene,naphthalene diimide-alt-bithiophene,False,False,False,opsin_repair,,False,drop_descriptors,,FAILURE,naphthalene diimide-alt-bithiophene is unparsable due to the following being uninterpretable: alt-bithiophene The following was not parseable: alt-bithiophene,,,,repair,drop_descriptors,True,naphthalene diimide-alt-bithiophene,False,,,,,,,,,,,,,,,,
437,p(ndit2),naphthalene diimide-alt-bithiophene,naphthalene diimide-alt-bithiophene,naphthalene diimide-alt-bithiophene,False,False,False,opsin_repair,,False,drop_substituted,,FAILURE,naphthalene diimide-alt-bithiophene is unparsable due to the following being uninterpretable: alt-bithiophene The following was not parseable: alt-bithiophene,,,,repair,drop_substituted,True,naphthalene diimide-alt-bithiophene,False,,,,,,,,,,,,,,,,
437,p(ndit2),naphthalene diimide-alt-bithiophene,naphthalene diimide-alt-bithiophene,naphthalene diimide-alt-bithiophene,False,False,False,opsin_repair,,False,tidy_punct,,FAILURE,naphthalene diimide-alt-bithiophene is unparsable due to the following being uninterpretable: alt-bithiophene The following was not parseable: alt-bithiophene,,,,repair,tidy_punct,True,naphthalene diimide-alt-bithiophene,False,,,,,,,,,,,,,,,,
437,p(ndit2),naphthalene diimide-alt-bithiophene,naphthalene diimide-alt-bithiophene,naphthalene diimide-alt-bithiophene,False,False,False,fallback,TEXT_FALLBACK,False,no parse,,,,,,,,,True,,False,,,,,,,,,,,,,,,,
437,p(ndit2),,,-yl,False,False,False,template_expand,,True,[OPSIN-PREPROC] raw='' -> preprocessed='-yl',,,,,,,,,,,,,,,,-yl,False,False,True,False,False,unknown,low,True,"[{""name"": """", ""count"": 1}]",,
437,p(ndit2),,,-yl,False,False,False,sidechain_non_opsin_compatible,NON_OPSIN_COMPATIBLE,False,ineligible,,,,,,,,,,,,,,,,-yl,False,False,True,False,False,,,,,,
488,piid68-tt,poly(isoindigo-thienothiophene),poly isoindigo-thienothiophene,poly(isoindigo-thienothiophene),False,False,False,opsin_direct,,False,,,FAILURE,poly(isoindigo-thienothiophene) is unparsable due to the following being uninterpretable: poly(isoindigo-thienothiophene) The following was not parseable: indigo-thienothiophene),,,,direct,,True,poly(isoindigo-thienothiophene),False,,,,,,,,,,,,,,,,
488,piid68-tt,poly(isoindigo-thienothiophene),poly(isoindigo-thienothiophene),poly(isoindigo-thienothiophene),False,False,False,opsin_repair,,False,drop_descriptors,,FAILURE,poly(isoindigo-thienothiophene) is unparsable due to the following being uninterpretable: poly(isoindigo-thienothiophene) The following was not parseable: indigo-thienothiophene),,,,repair,drop_descriptors,True,poly(isoindigo-thienothiophene),False,,,,,,,,,,,,,,,,
488,piid68-tt,poly(isoindigo-thienothiophene),poly(isoindigo-thienothiophene),poly(isoindigo-thienothiophene),False,False,False,opsin_repair,,False,drop_substituted,,FAILURE,poly(isoindigo-thienothiophene) is unparsable due to the following being uninterpretable: poly(isoindigo-thienothiophene) The following was not parseable: indigo-thienothiophene),,,,repair,drop_substituted,True,poly(isoindigo-thienothiophene),False,,,,,,,,,,,,,,,,
488,piid68-tt,poly(isoindigo-thienothiophene),poly(isoindigo-thienothiophene),poly(isoindigo-thienothiophene),False,False,False,opsin_repair,,False,tidy_punct,,FAILURE,poly(isoindigo-thienothiophene) is unparsable due to the following being uninterpretable: poly(isoindigo-thienothiophene) The following was not parseable: indigo-thienothiophene),,,,repair,tidy_punct,True,poly(isoindigo-thienothiophene),False,,,,,,,,,,,,,,,,
488,piid68-tt,poly(isoindigo-thienothiophene),poly isoindigo-thienothiophene,poly(isoindigo-thienothiophene),False,False,False,fallback,TEXT_FALLBACK,False,no parse,,,,,,,,,True,,False,,,,,,,,,,,,,,,,
488,piid810-tt,poly(isoindigo-thienothiophene),poly isoindigo-thienothiophene,poly(isoindigo-thienothiophene),False,False,False,opsin_direct,,False,,,FAILURE,poly(isoindigo-thienothiophene) is unparsable due to the following being uninterpretable: poly(isoindigo-thienothiophene) The following was not parseable: indigo-thienothiophene),,,,direct,,True,poly(isoindigo-thienothiophene),False,,,,,,,,,,,,,,,,
488,piid810-tt,poly(isoindigo-thienothiophene),poly(isoindigo-thienothiophene),poly(isoindigo-thienothiophene),False,False,False,opsin_repair,,False,drop_descriptors,,FAILURE,poly(isoindigo-thienothiophene) is unparsable due to the following being uninterpretable: poly(isoindigo-thienothiophene) The following was not parseable: indigo-thienothiophene),,,,repair,drop_descriptors,True,poly(isoindigo-thienothiophene),False,,,,,,,,,,,,,,,,
488,piid810-tt,poly(isoindigo-thienothiophene),poly(isoindigo-thienothiophene),poly(isoindigo-thienothiophene),False,False,False,opsin_repair,,False,drop_substituted,,FAILURE,poly(isoindigo-thienothiophene) is unparsable due to the following being uninterpretable: poly(isoindigo-thienothiophene) The following was not parseable: indigo-thienothiophene),,,,repair,drop_substituted,True,poly(isoindigo-thienothiophene),False,,,,,,,,,,,,,,,,
488,piid810-tt,poly(isoindigo-thienothiophene),poly(isoindigo-thienothiophene),poly(isoindigo-thienothiophene),False,False,False,opsin_repair,,False,tidy_punct,,FAILURE,poly(isoindigo-thienothiophene) is unparsable due to the following being uninterpretable: poly(isoindigo-thienothiophene) The following was not parseable: indigo-thienothiophene),,,,repair,tidy_punct,True,poly(isoindigo-thienothiophene),False,,,,,,,,,,,,,,,,
488,piid810-tt,poly(isoindigo-thienothiophene),poly isoindigo-thienothiophene,poly(isoindigo-thienothiophene),False,False,False,fallback,TEXT_FALLBACK,False,no parse,,,,,,,,,True,,False,,,,,,,,,,,,,,,,
488,piid1012-tt,poly(isoindigo-thienothiophene),poly isoindigo-thienothiophene,poly(isoindigo-thienothiophene),False,False,False,opsin_direct,,False,,,FAILURE,poly(isoindigo-thienothiophene) is unparsable due to the following being uninterpretable: poly(isoindigo-thienothiophene) The following was not parseable: indigo-thienothiophene),,,,direct,,True,poly(isoindigo-thienothiophene),False,,,,,,,,,,,,,,,,
488,piid1012-tt,poly(isoindigo-thienothiophene),poly(isoindigo-thienothiophene),poly(isoindigo-thienothiophene),False,False,False,opsin_repair,,False,drop_descriptors,,FAILURE,poly(isoindigo-thienothiophene) is unparsable due to the following being uninterpretable: poly(isoindigo-thienothiophene) The following was not parseable: indigo-thienothiophene),,,,repair,drop_descriptors,True,poly(isoindigo-thienothiophene),False,,,,,,,,,,,,,,,,
488,piid1012-tt,poly(isoindigo-thienothiophene),poly(isoindigo-thienothiophene),poly(isoindigo-thienothiophene),False,False,False,opsin_repair,,False,drop_substituted,,FAILURE,poly(isoindigo-thienothiophene) is unparsable due to the following being uninterpretable: poly(isoindigo-thienothiophene) The following was not parseable: indigo-thienothiophene),,,,repair,drop_substituted,True,poly(isoindigo-thienothiophene),False,,,,,,,,,,,,,,,,
488,piid1012-tt,poly(isoindigo-thienothiophene),poly(isoindigo-thienothiophene),poly(isoindigo-thienothiophene),False,False,False,opsin_repair,,False,tidy_punct,,FAILURE,poly(isoindigo-thienothiophene) is unparsable due to the following being uninterpretable: poly(isoindigo-thienothiophene) The following was not parseable: indigo-thienothiophene),,,,repair,tidy_punct,True,poly(isoindigo-thienothiophene),False,,,,,,,,,,,,,,,,
488,piid1012-tt,poly(isoindigo-thienothiophene),poly isoindigo-thienothiophene,poly(isoindigo-thienothiophene),False,False,False,fallback,TEXT_FALLBACK,False,no parse,,,,,,,,,True,,False,,,,,,,,,,,,,,,,
488,piid1214-tt,poly(isoindigo-thienothiophene),poly isoindigo-thienothiophene,poly(isoindigo-thienothiophene),False,False,False,opsin_direct,,False,,,FAILURE,poly(isoindigo-thienothiophene) is unparsable due to the following being uninterpretable: poly(isoindigo-thienothiophene) The following was not parseable: indigo-thienothiophene),,,,direct,,True,poly(isoindigo-thienothiophene),False,,,,,,,,,,,,,,,,
488,piid1214-tt,poly(isoindigo-thienothiophene),poly(isoindigo-thienothiophene),poly(isoindigo-thienothiophene),False,False,False,opsin_repair,,False,drop_descriptors,,FAILURE,poly(isoindigo-thienothiophene) is unparsable due to the following being uninterpretable: poly(isoindigo-thienothiophene) The following was not parseable: indigo-thienothiophene),,,,repair,drop_descriptors,True,poly(isoindigo-thienothiophene),False,,,,,,,,,,,,,,,,
488,piid1214-tt,poly(isoindigo-thienothiophene),poly(isoindigo-thienothiophene),poly(isoindigo-thienothiophene),False,False,False,opsin_repair,,False,drop_substituted,,FAILURE,poly(isoindigo-thienothiophene) is unparsable due to the following being uninterpretable: poly(isoindigo-thienothiophene) The following was not parseable: indigo-thienothiophene),,,,repair,drop_substituted,True,poly(isoindigo-thienothiophene),False,,,,,,,,,,,,,,,,
488,piid1214-tt,poly(isoindigo-thienothiophene),poly(isoindigo-thienothiophene),poly(isoindigo-thienothiophene),False,False,False,opsin_repair,,False,tidy_punct,,FAILURE,poly(isoindigo-thienothiophene) is unparsable due to the following being uninterpretable: poly(isoindigo-thienothiophene) The following was not parseable: indigo-thienothiophene),,,,repair,tidy_punct,True,poly(isoindigo-thienothiophene),False,,,,,,,,,,,,,,,,
488,piid1214-tt,poly(isoindigo-thienothiophene),poly isoindigo-thienothiophene,poly(isoindigo-thienothiophene),False,False,False,fallback,TEXT_FALLBACK,False,no parse,,,,,,,,,True,,False,,,,,,,,,,,,,,,,
486,p-3o-3f,naphthalenediimide-dialkoxybithiazole backbone,naphthalenediimide-dialkoxybithiazole,naphthalenediimide-dialkoxybithiazole backbone,False,False,False,opsin_direct,,False,,,FAILURE,naphthalenediimide-dialkoxybithiazole backbone is unparsable due to the following being uninterpretable: dialkoxybithiazole backbone The following was not parseable: alkoxybithiazole backbone,,,,direct,,True,naphthalenediimide-dialkoxybithiazole backbone,False,,,,,,,,,,,,,,,,
486,p-3o-3f,naphthalenediimide-dialkoxybithiazole backbone,naphthalenediimide-dialkoxybithiazole backbone,naphthalenediimide-dialkoxybithiazole backbone,False,False,False,opsin_repair,,False,drop_descriptors,,FAILURE,naphthalenediimide-dialkoxybithiazole backbone is unparsable due to the following being uninterpretable: dialkoxybithiazole backbone The following was not parseable: alkoxybithiazole backbone,,,,repair,drop_descriptors,True,naphthalenediimide-dialkoxybithiazole backbone,False,,,,,,,,,,,,,,,,
486,p-3o-3f,naphthalenediimide-dialkoxybithiazole backbone,naphthalenediimide-dialkoxybithiazole backbone,naphthalenediimide-dialkoxybithiazole backbone,False,False,False,opsin_repair,,False,drop_substituted,,FAILURE,naphthalenediimide-dialkoxybithiazole backbone is unparsable due to the following being uninterpretable: dialkoxybithiazole backbone The following was not parseable: alkoxybithiazole backbone,,,,repair,drop_substituted,True,naphthalenediimide-dialkoxybithiazole backbone,False,,,,,,,,,,,,,,,,
486,p-3o-3f,naphthalenediimide-dialkoxybithiazole backbone,naphthalenediimide-dialkoxybithiazole backbone,naphthalenediimide-dialkoxybithiazole backbone,False,False,False,opsin_repair,,False,tidy_punct,,FAILURE,naphthalenediimide-dialkoxybithiazole backbone is unparsable due to the following being uninterpretable: dialkoxybithiazole backbone The following was not parseable: alkoxybithiazole backbone,,,,repair,tidy_punct,True,naphthalenediimide-dialkoxybithiazole backbone,False,,,,,,,,,,,,,,,,
486,p-3o-3f,naphthalenediimide-dialkoxybithiazole backbone,naphthalenediimide-dialkoxybithiazole,naphthalenediimide-dialkoxybithiazole backbone,False,False,False,fallback,TEXT_FALLBACK,False,no parse,,,,,,,,,True,,False,,,,,,,,,,,,,,,,
486,p-3o-3f,,,fluorinatedalkylchainsterminatedoethoxyethyl s-yl,False,False,False,template_expand,,True,[OPSIN-PREPROC] raw='fluorinatedalkylchainsterminatedoegsidechains' -> preprocessed='fluorinatedalkylchainsterminatedoethoxyethyl s-yl',,,,,,,,,,,,,,,fluorinatedalkylchainsterminatedoegsidechains,fluorinatedalkylchainsterminatedoethoxyethyl s-yl,False,False,True,False,False,unknown,low,True,"[{""name"": ""fluorinatedalkylchainsterminatedoegsidechains"", ""count"": 1}]",,
486,p-3o-3f,,,fluorinatedalkylchainsterminatedoethoxyethyl s-yl,False,False,False,sidechain_length,ALKYL_LENGTH,True,,CC,,,,,,,,,,,,,,fluorinatedalkylchainsterminatedoegsidechains,fluorinatedalkylchainsterminatedoethoxyethyl s-yl,False,False,True,False,False,,,,,,
486,p-3o-5f,naphthalenediimide-dialkoxybithiazole backbone,naphthalenediimide-dialkoxybithiazole,naphthalenediimide-dialkoxybithiazole backbone,False,False,False,opsin_direct,,False,,,FAILURE,naphthalenediimide-dialkoxybithiazole backbone is unparsable due to the following being uninterpretable: dialkoxybithiazole backbone The following was not parseable: alkoxybithiazole backbone,,,,direct,,True,naphthalenediimide-dialkoxybithiazole backbone,False,,,,,,,,,,,,,,,,
486,p-3o-5f,naphthalenediimide-dialkoxybithiazole backbone,naphthalenediimide-dialkoxybithiazole backbone,naphthalenediimide-dialkoxybithiazole backbone,False,False,False,opsin_repair,,False,drop_descriptors,,FAILURE,naphthalenediimide-dialkoxybithiazole backbone is unparsable due to the following being uninterpretable: dialkoxybithiazole backbone The following was not parseable: alkoxybithiazole backbone,,,,repair,drop_descriptors,True,naphthalenediimide-dialkoxybithiazole backbone,False,,,,,,,,,,,,,,,,
486,p-3o-5f,naphthalenediimide-dialkoxybithiazole backbone,naphthalenediimide-dialkoxybithiazole backbone,naphthalenediimide-dialkoxybithiazole backbone,False,False,False,opsin_repair,,False,drop_substituted,,FAILURE,naphthalenediimide-dialkoxybithiazole backbone is unparsable due to the following being uninterpretable: dialkoxybithiazole backbone The following was not parseable: alkoxybithiazole backbone,,,,repair,drop_substituted,True,naphthalenediimide-dialkoxybithiazole backbone,False,,,,,,,,,,,,,,,,
486,p-3o-5f,naphthalenediimide-dialkoxybithiazole backbone,naphthalenediimide-dialkoxybithiazole backbone,naphthalenediimide-dialkoxybithiazole backbone,False,False,False,opsin_repair,,False,tidy_punct,,FAILURE,naphthalenediimide-dialkoxybithiazole backbone is unparsable due to the following being uninterpretable: dialkoxybithiazole backbone The following was not parseable: alkoxybithiazole backbone,,,,repair,tidy_punct,True,naphthalenediimide-dialkoxybithiazole backbone,False,,,,,,,,,,,,,,,,
486,p-3o-5f,naphthalenediimide-dialkoxybithiazole backbone,naphthalenediimide-dialkoxybithiazole,naphthalenediimide-dialkoxybithiazole backbone,False,False,False,fallback,TEXT_FALLBACK,False,no parse,,,,,,,,,True,,False,,,,,,,,,,,,,,,,
486,p-3o-5f,,,fluorinatedalkylchainsterminatedoethoxyethyl s-yl,False,False,False,template_expand,,True,[OPSIN-PREPROC] raw='fluorinatedalkylchainsterminatedoegsidechains' -> preprocessed='fluorinatedalkylchainsterminatedoethoxyethyl s-yl',,,,,,,,,,,,,,,fluorinatedalkylchainsterminatedoegsidechains,fluorinatedalkylchainsterminatedoethoxyethyl s-yl,False,False,True,False,False,unknown,low,True,"[{""name"": ""fluorinatedalkylchainsterminatedoegsidechains"", ""count"": 1}]",,
486,p-3o-5f,,,fluorinatedalkylchainsterminatedoethoxyethyl s-yl,False,False,False,sidechain_length,ALKYL_LENGTH,True,,CC,,,,,,,,,,,,,,fluorinatedalkylchainsterminatedoegsidechains,fluorinatedalkylchainsterminatedoethoxyethyl s-yl,False,False,True,False,False,,,,,,
486,p-3o-7f,naphthalenediimide-dialkoxybithiazole backbone,naphthalenediimide-dialkoxybithiazole,naphthalenediimide-dialkoxybithiazole backbone,False,False,False,opsin_direct,,False,,,FAILURE,naphthalenediimide-dialkoxybithiazole backbone is unparsable due to the following being uninterpretable: dialkoxybithiazole backbone The following was not parseable: alkoxybithiazole backbone,,,,direct,,True,naphthalenediimide-dialkoxybithiazole backbone,False,,,,,,,,,,,,,,,,
486,p-3o-7f,naphthalenediimide-dialkoxybithiazole backbone,naphthalenediimide-dialkoxybithiazole backbone,naphthalenediimide-dialkoxybithiazole backbone,False,False,False,opsin_repair,,False,drop_descriptors,,FAILURE,naphthalenediimide-dialkoxybithiazole backbone is unparsable due to the following being uninterpretable: dialkoxybithiazole backbone The following was not parseable: alkoxybithiazole backbone,,,,repair,drop_descriptors,True,naphthalenediimide-dialkoxybithiazole backbone,False,,,,,,,,,,,,,,,,
486,p-3o-7f,naphthalenediimide-dialkoxybithiazole backbone,naphthalenediimide-dialkoxybithiazole backbone,naphthalenediimide-dialkoxybithiazole backbone,False,False,False,opsin_repair,,False,drop_substituted,,FAILURE,naphthalenediimide-dialkoxybithiazole backbone is unparsable due to the following being uninterpretable: dialkoxybithiazole backbone The following was not parseable: alkoxybithiazole backbone,,,,repair,drop_substituted,True,naphthalenediimide-dialkoxybithiazole backbone,False,,,,,,,,,,,,,,,,
486,p-3o-7f,naphthalenediimide-dialkoxybithiazole backbone,naphthalenediimide-dialkoxybithiazole backbone,naphthalenediimide-dialkoxybithiazole backbone,False,False,False,opsin_repair,,False,tidy_punct,,FAILURE,naphthalenediimide-dialkoxybithiazole backbone is unparsable due to the following being uninterpretable: dialkoxybithiazole backbone The following was not parseable: alkoxybithiazole backbone,,,,repair,tidy_punct,True,naphthalenediimide-dialkoxybithiazole backbone,False,,,,,,,,,,,,,,,,
486,p-3o-7f,naphthalenediimide-dialkoxybithiazole backbone,naphthalenediimide-dialkoxybithiazole,naphthalenediimide-dialkoxybithiazole backbone,False,False,False,fallback,TEXT_FALLBACK,False,no parse,,,,,,,,,True,,False,,,,,,,,,,,,,,,,
486,p-3o-7f,,,fluorinatedalkylchainsterminatedoethoxyethyl s-yl,False,False,False,template_expand,,True,[OPSIN-PREPROC] raw='fluorinatedalkylchainsterminatedoegsidechains' -> preprocessed='fluorinatedalkylchainsterminatedoethoxyethyl s-yl',,,,,,,,,,,,,,,fluorinatedalkylchainsterminatedoegsidechains,fluorinatedalkylchainsterminatedoethoxyethyl s-yl,False,False,True,False,False,unknown,low,True,"[{""name"": ""fluorinatedalkylchainsterminatedoegsidechains"", ""count"": 1}]",,
486,p-3o-7f,,,fluorinatedalkylchainsterminatedoethoxyethyl s-yl,False,False,False,sidechain_length,ALKYL_LENGTH,True,,CC,,,,,,,,,,,,,,fluorinatedalkylchainsterminatedoegsidechains,fluorinatedalkylchainsterminatedoethoxyethyl s-yl,False,False,True,False,False,,,,,,
486,p-3o-3h,naphthalenediimide-dialkoxybithiazole backbone,naphthalenediimide-dialkoxybithiazole,naphthalenediimide-dialkoxybithiazole backbone,False,False,False,opsin_direct,,False,,,FAILURE,naphthalenediimide-dialkoxybithiazole backbone is unparsable due to the following being uninterpretable: dialkoxybithiazole backbone The following was not parseable: alkoxybithiazole backbone,,,,direct,,True,naphthalenediimide-dialkoxybithiazole backbone,False,,,,,,,,,,,,,,,,
486,p-3o-3h,naphthalenediimide-dialkoxybithiazole backbone,naphthalenediimide-dialkoxybithiazole backbone,naphthalenediimide-dialkoxybithiazole backbone,False,False,False,opsin_repair,,False,drop_descriptors,,FAILURE,naphthalenediimide-dialkoxybithiazole backbone is unparsable due to the following being uninterpretable: dialkoxybithiazole backbone The following was not parseable: alkoxybithiazole backbone,,,,repair,drop_descriptors,True,naphthalenediimide-dialkoxybithiazole backbone,False,,,,,,,,,,,,,,,,
486,p-3o-3h,naphthalenediimide-dialkoxybithiazole backbone,naphthalenediimide-dialkoxybithiazole backbone,naphthalenediimide-dialkoxybithiazole backbone,False,False,False,opsin_repair,,False,drop_substituted,,FAILURE,naphthalenediimide-dialkoxybithiazole backbone is unparsable due to the following being uninterpretable: dialkoxybithiazole backbone The following was not parseable: alkoxybithiazole backbone,,,,repair,drop_substituted,True,naphthalenediimide-dialkoxybithiazole backbone,False,,,,,,,,,,,,,,,,
486,p-3o-3h,naphthalenediimide-dialkoxybithiazole backbone,naphthalenediimide-dialkoxybithiazole backbone,naphthalenediimide-dialkoxybithiazole backbone,False,False,False,opsin_repair,,False,tidy_punct,,FAILURE,naphthalenediimide-dialkoxybithiazole backbone is unparsable due to the following being uninterpretable: dialkoxybithiazole backbone The following was not parseable: alkoxybithiazole backbone,,,,repair,tidy_punct,True,naphthalenediimide-dialkoxybithiazole backbone,False,,,,,,,,,,,,,,,,
486,p-3o-3h,naphthalenediimide-dialkoxybithiazole backbone,naphthalenediimide-dialkoxybithiazole,naphthalenediimide-dialkoxybithiazole backbone,False,False,False,fallback,TEXT_FALLBACK,False,no parse,,,,,,,,,True,,False,,,,,,,,,,,,,,,,
486,p-3o-3h,,,polaroethoxyethyl s-yl,False,False,False,template_expand,,True,[OPSIN-PREPROC] raw='polaroegsidechains' -> preprocessed='polaroethoxyethyl s-yl',,,,,,,,,,,,,,,polaroegsidechains,polaroethoxyethyl s-yl,False,False,True,False,False,unknown,low,True,"[{""name"": ""polaroegsidechains"", ""count"": 1}]",,
486,p-3o-3h,,,polaroethoxyethyl s-yl,False,False,False,sidechain_length,ALKYL_LENGTH,True,,CC,,,,,,,,,,,,,,polaroegsidechains,polaroethoxyethyl s-yl,False,False,True,False,False,,,,,,
486,p-3o-7h,naphthalenediimide-dialkoxybithiazole backbone,naphthalenediimide-dialkoxybithiazole,naphthalenediimide-dialkoxybithiazole backbone,False,False,False,opsin_direct,,False,,,FAILURE,naphthalenediimide-dialkoxybithiazole backbone is unparsable due to the following being uninterpretable: dialkoxybithiazole backbone The following was not parseable: alkoxybithiazole backbone,,,,direct,,True,naphthalenediimide-dialkoxybithiazole backbone,False,,,,,,,,,,,,,,,,
486,p-3o-7h,naphthalenediimide-dialkoxybithiazole backbone,naphthalenediimide-dialkoxybithiazole backbone,naphthalenediimide-dialkoxybithiazole backbone,False,False,False,opsin_repair,,False,drop_descriptors,,FAILURE,naphthalenediimide-dialkoxybithiazole backbone is unparsable due to the following being uninterpretable: dialkoxybithiazole backbone The following was not parseable: alkoxybithiazole backbone,,,,repair,drop_descriptors,True,naphthalenediimide-dialkoxybithiazole backbone,False,,,,,,,,,,,,,,,,
486,p-3o-7h,naphthalenediimide-dialkoxybithiazole backbone,naphthalenediimide-dialkoxybithiazole backbone,naphthalenediimide-dialkoxybithiazole backbone,False,False,False,opsin_repair,,False,drop_substituted,,FAILURE,naphthalenediimide-dialkoxybithiazole backbone is unparsable due to the following being uninterpretable: dialkoxybithiazole backbone The following was not parseable: alkoxybithiazole backbone,,,,repair,drop_substituted,True,naphthalenediimide-dialkoxybithiazole backbone,False,,,,,,,,,,,,,,,,
486,p-3o-7h,naphthalenediimide-dialkoxybithiazole backbone,naphthalenediimide-dialkoxybithiazole backbone,naphthalenediimide-dialkoxybithiazole backbone,False,False,False,opsin_repair,,False,tidy_punct,,FAILURE,naphthalenediimide-dialkoxybithiazole backbone is unparsable due to the following being uninterpretable: dialkoxybithiazole backbone The following was not parseable: alkoxybithiazole backbone,,,,repair,tidy_punct,True,naphthalenediimide-dialkoxybithiazole backbone,False,,,,,,,,,,,,,,,,
486,p-3o-7h,naphthalenediimide-dialkoxybithiazole backbone,naphthalenediimide-dialkoxybithiazole,naphthalenediimide-dialkoxybithiazole backbone,False,False,False,fallback,TEXT_FALLBACK,False,no parse,,,,,,,,,True,,False,,,,,,,,,,,,,,,,
486,p-3o-7h,,,polaroethoxyethyl withanalkylchainending-yl,False,False,False,template_expand,,True,[OPSIN-PREPROC] raw='polaroegsidechainwithanalkylchainendinggroup' -> preprocessed='polaroethoxyethyl withanalkylchainending-yl',,,,,,,,,,,,,,,polaroegsidechainwithanalkylchainendinggroup,polaroethoxyethyl withanalkylchainending-yl,False,False,True,False,False,unknown,low,True,"[{""name"": ""polaroegsidechainwithanalkylchainendinggroup"", ""count"": 1}]",,
486,p-3o-7h,,,polaroethoxyethyl withanalkylchainending-yl,False,False,False,sidechain_length,ALKYL_LENGTH,True,,CC,,,,,,,,,,,,,,polaroegsidechainwithanalkylchainendinggroup,polaroethoxyethyl withanalkylchainending-yl,False,False,True,False,False,,,,,,
475,cpe-c2-na,cyclopentadithiophene-alt-benzothiadiazole,cyclopentadithiophene-alt-benzothiadiazole,cyclopentadithiophene-alt-benzothiadiazole,False,False,False,opsin_direct,,False,,,FAILURE,cyclopentadithiophene-alt-benzothiadiazole is unparsable due to the following being uninterpretable: t-benzothiadiazole The following was not parseable: t-benzothiadiazole,,,,direct,,True,cyclopentadithiophene-alt-benzothiadiazole,False,,,,,,,,,,,,,,,,
475,cpe-c2-na,cyclopentadithiophene-alt-benzothiadiazole,cyclopentadithiophene-alt-benzothiadiazole,cyclopentadithiophene-alt-benzothiadiazole,False,False,False,opsin_repair,,False,drop_descriptors,,FAILURE,cyclopentadithiophene-alt-benzothiadiazole is unparsable due to the following being uninterpretable: t-benzothiadiazole The following was not parseable: t-benzothiadiazole,,,,repair,drop_descriptors,True,cyclopentadithiophene-alt-benzothiadiazole,False,,,,,,,,,,,,,,,,
475,cpe-c2-na,cyclopentadithiophene-alt-benzothiadiazole,cyclopentadithiophene-alt-benzothiadiazole,cyclopentadithiophene-alt-benzothiadiazole,False,False,False,opsin_repair,,False,drop_substituted,,FAILURE,cyclopentadithiophene-alt-benzothiadiazole is unparsable due to the following being uninterpretable: t-benzothiadiazole The following was not parseable: t-benzothiadiazole,,,,repair,drop_substituted,True,cyclopentadithiophene-alt-benzothiadiazole,False,,,,,,,,,,,,,,,,
475,cpe-c2-na,cyclopentadithiophene-alt-benzothiadiazole,cyclopentadithiophene-alt-benzothiadiazole,cyclopentadithiophene-alt-benzothiadiazole,False,False,False,opsin_repair,,False,tidy_punct,,FAILURE,cyclopentadithiophene-alt-benzothiadiazole is unparsable due to the following being uninterpretable: t-benzothiadiazole The following was not parseable: t-benzothiadiazole,,,,repair,tidy_punct,True,cyclopentadithiophene-alt-benzothiadiazole,False,,,,,,,,,,,,,,,,
475,cpe-c2-na,cyclopentadithiophene-alt-benzothiadiazole,cyclopentadithiophene-alt-benzothiadiazole,cyclopentadithiophene-alt-benzothiadiazole,False,False,False,fallback,TEXT_FALLBACK,False,no parse,,,,,,,,,True,,False,,,,,,,,,,,,,,,,
475,cpe-c3-na,cyclopentadithiophene-alt-benzothiadiazole,cyclopentadithiophene-alt-benzothiadiazole,cyclopentadithiophene-alt-benzothiadiazole,False,False,False,opsin_direct,,False,,,FAILURE,cyclopentadithiophene-alt-benzothiadiazole is unparsable due to the following being uninterpretable: t-benzothiadiazole The following was not parseable: t-benzothiadiazole,,,,direct,,True,cyclopentadithiophene-alt-benzothiadiazole,False,,,,,,,,,,,,,,,,
475,cpe-c3-na,cyclopentadithiophene-alt-benzothiadiazole,cyclopentadithiophene-alt-benzothiadiazole,cyclopentadithiophene-alt-benzothiadiazole,False,False,False,opsin_repair,,False,drop_descriptors,,FAILURE,cyclopentadithiophene-alt-benzothiadiazole is unparsable due to the following being uninterpretable: t-benzothiadiazole The following was not parseable: t-benzothiadiazole,,,,repair,drop_descriptors,True,cyclopentadithiophene-alt-benzothiadiazole,False,,,,,,,,,,,,,,,,
475,cpe-c3-na,cyclopentadithiophene-alt-benzothiadiazole,cyclopentadithiophene-alt-benzothiadiazole,cyclopentadithiophene-alt-benzothiadiazole,False,False,False,opsin_repair,,False,drop_substituted,,FAILURE,cyclopentadithiophene-alt-benzothiadiazole is unparsable due to the following being uninterpretable: t-benzothiadiazole The following was not parseable: t-benzothiadiazole,,,,repair,drop_substituted,True,cyclopentadithiophene-alt-benzothiadiazole,False,,,,,,,,,,,,,,,,
475,cpe-c3-na,cyclopentadithiophene-alt-benzothiadiazole,cyclopentadithiophene-alt-benzothiadiazole,cyclopentadithiophene-alt-benzothiadiazole,False,False,False,opsin_repair,,False,tidy_punct,,FAILURE,cyclopentadithiophene-alt-benzothiadiazole is unparsable due to the following being uninterpretable: t-benzothiadiazole The following was not parseable: t-benzothiadiazole,,,,repair,tidy_punct,True,cyclopentadithiophene-alt-benzothiadiazole,False,,,,,,,,,,,,,,,,
475,cpe-c3-na,cyclopentadithiophene-alt-benzothiadiazole,cyclopentadithiophene-alt-benzothiadiazole,cyclopentadithiophene-alt-benzothiadiazole,False,False,False,fallback,TEXT_FALLBACK,False,no parse,,,,,,,,,True,,False,,,,,,,,,,,,,,,,
475,cpe-c4-na,cyclopentadithiophene-alt-benzothiadiazole,cyclopentadithiophene-alt-benzothiadiazole,cyclopentadithiophene-alt-benzothiadiazole,False,False,False,opsin_direct,,False,,,FAILURE,cyclopentadithiophene-alt-benzothiadiazole is unparsable due to the following being uninterpretable: t-benzothiadiazole The following was not parseable: t-benzothiadiazole,,,,direct,,True,cyclopentadithiophene-alt-benzothiadiazole,False,,,,,,,,,,,,,,,,
475,cpe-c4-na,cyclopentadithiophene-alt-benzothiadiazole,cyclopentadithiophene-alt-benzothiadiazole,cyclopentadithiophene-alt-benzothiadiazole,False,False,False,opsin_repair,,False,drop_descriptors,,FAILURE,cyclopentadithiophene-alt-benzothiadiazole is unparsable due to the following being uninterpretable: t-benzothiadiazole The following was not parseable: t-benzothiadiazole,,,,repair,drop_descriptors,True,cyclopentadithiophene-alt-benzothiadiazole,False,,,,,,,,,,,,,,,,
475,cpe-c4-na,cyclopentadithiophene-alt-benzothiadiazole,cyclopentadithiophene-alt-benzothiadiazole,cyclopentadithiophene-alt-benzothiadiazole,False,False,False,opsin_repair,,False,drop_substituted,,FAILURE,cyclopentadithiophene-alt-benzothiadiazole is unparsable due to the following being uninterpretable: t-benzothiadiazole The following was not parseable: t-benzothiadiazole,,,,repair,drop_substituted,True,cyclopentadithiophene-alt-benzothiadiazole,False,,,,,,,,,,,,,,,,
475,cpe-c4-na,cyclopentadithiophene-alt-benzothiadiazole,cyclopentadithiophene-alt-benzothiadiazole,cyclopentadithiophene-alt-benzothiadiazole,False,False,False,opsin_repair,,False,tidy_punct,,FAILURE,cyclopentadithiophene-alt-benzothiadiazole is unparsable due to the following being uninterpretable: t-benzothiadiazole The following was not parseable: t-benzothiadiazole,,,,repair,tidy_punct,True,cyclopentadithiophene-alt-benzothiadiazole,False,,,,,,,,,,,,,,,,
475,cpe-c4-na,cyclopentadithiophene-alt-benzothiadiazole,cyclopentadithiophene-alt-benzothiadiazole,cyclopentadithiophene-alt-benzothiadiazole,False,False,False,fallback,TEXT_FALLBACK,False,no parse,,,,,,,,,True,,False,,,,,,,,,,,,,,,,
475,cpe-c5-na,cyclopentadithiophene-alt-benzothiadiazole,cyclopentadithiophene-alt-benzothiadiazole,cyclopentadithiophene-alt-benzothiadiazole,False,False,False,opsin_direct,,False,,,FAILURE,cyclopentadithiophene-alt-benzothiadiazole is unparsable due to the following being uninterpretable: t-benzothiadiazole The following was not parseable: t-benzothiadiazole,,,,direct,,True,cyclopentadithiophene-alt-benzothiadiazole,False,,,,,,,,,,,,,,,,
475,cpe-c5-na,cyclopentadithiophene-alt-benzothiadiazole,cyclopentadithiophene-alt-benzothiadiazole,cyclopentadithiophene-alt-benzothiadiazole,False,False,False,opsin_repair,,False,drop_descriptors,,FAILURE,cyclopentadithiophene-alt-benzothiadiazole is unparsable due to the following being uninterpretable: t-benzothiadiazole The following was not parseable: t-benzothiadiazole,,,,repair,drop_descriptors,True,cyclopentadithiophene-alt-benzothiadiazole,False,,,,,,,,,,,,,,,,
475,cpe-c5-na,cyclopentadithiophene-alt-benzothiadiazole,cyclopentadithiophene-alt-benzothiadiazole,cyclopentadithiophene-alt-benzothiadiazole,False,False,False,opsin_repair,,False,drop_substituted,,FAILURE,cyclopentadithiophene-alt-benzothiadiazole is unparsable due to the following being uninterpretable: t-benzothiadiazole The following was not parseable: t-benzothiadiazole,,,,repair,drop_substituted,True,cyclopentadithiophene-alt-benzothiadiazole,False,,,,,,,,,,,,,,,,
475,cpe-c5-na,cyclopentadithiophene-alt-benzothiadiazole,cyclopentadithiophene-alt-benzothiadiazole,cyclopentadithiophene-alt-benzothiadiazole,False,False,False,opsin_repair,,False,tidy_punct,,FAILURE,cyclopentadithiophene-alt-benzothiadiazole is unparsable due to the following being uninterpretable: t-benzothiadiazole The following was not parseable: t-benzothiadiazole,,,,repair,tidy_punct,True,cyclopentadithiophene-alt-benzothiadiazole,False,,,,,,,,,,,,,,,,
475,cpe-c5-na,cyclopentadithiophene-alt-benzothiadiazole,cyclopentadithiophene-alt-benzothiadiazole,cyclopentadithiophene-alt-benzothiadiazole,False,False,False,fallback,TEXT_FALLBACK,False,no parse,,,,,,,,,True,,False,,,,,,,,,,,,,,,,
485,ptmn1,alternating cpdt-ttmn d-a backbone,alternating cpdt-ttmn d-a,alternating cpdt-ttmn d-a backbone,False,False,False,opsin_direct,,False,,,FAILURE,alternating cpdt-ttmn d-a backbone is unparsable due to the following being uninterpretable: alternating cpdt-ttmn d-a backbone The following was not parseable: alternating cpdt-ttmn d-a backbone,,,,direct,,True,alternating cpdt-ttmn d-a backbone,False,,,,,,,,,,,,,,,,
485,ptmn1,alternating cpdt-ttmn d-a backbone,alternating cpdt-ttmn d-a backbone,alternating cpdt-ttmn d-a backbone,False,False,False,opsin_repair,,False,drop_descriptors,,FAILURE,alternating cpdt-ttmn d-a backbone is unparsable due to the following being uninterpretable: alternating cpdt-ttmn d-a backbone The following was not parseable: alternating cpdt-ttmn d-a backbone,,,,repair,drop_descriptors,True,alternating cpdt-ttmn d-a backbone,False,,,,,,,,,,,,,,,,
485,ptmn1,alternating cpdt-ttmn d-a backbone,alternating cpdt-ttmn d-a backbone,alternating cpdt-ttmn d-a backbone,False,False,False,opsin_repair,,False,drop_substituted,,FAILURE,alternating cpdt-ttmn d-a backbone is unparsable due to the following being uninterpretable: alternating cpdt-ttmn d-a backbone The following was not parseable: alternating cpdt-ttmn d-a backbone,,,,repair,drop_substituted,True,alternating cpdt-ttmn d-a backbone,False,,,,,,,,,,,,,,,,
485,ptmn1,alternating cpdt-ttmn d-a backbone,alternating cpdt-ttmn d-a backbone,alternating cpdt-ttmn d-a backbone,False,False,False,opsin_repair,,False,tidy_punct,,FAILURE,alternating cpdt-ttmn d-a backbone is unparsable due to the following being uninterpretable: alternating cpdt-ttmn d-a backbone The following was not parseable: alternating cpdt-ttmn d-a backbone,,,,repair,tidy_punct,True,alternating cpdt-ttmn d-a backbone,False,,,,,,,,,,,,,,,,
485,ptmn1,alternating cpdt-ttmn d-a backbone,alternating cpdt-ttmn d-a,alternating cpdt-ttmn d-a backbone,False,False,False,fallback,TEXT_FALLBACK,False,no parse,,,,,,,,,True,,False,,,,,,,,,,,,,,,,
485,ptmn1,,,2-ethylhexyl,False,False,False,template_expand,,True,[OPSIN-PREPROC] raw='2-c2c6' -> preprocessed='2-ethylhexyl',,,,,,,,,,,,,,,2-c2c6,2-ethylhexyl,False,False,False,False,False,unknown,low,True,"[{""name"": ""2-c2c6"", ""count"": 1}]",,
485,ptmn1,,,2-ethylhexyl,False,False,False,sidechain_length,ALKYL_LENGTH,True,,CC,,,,,,,,,,,,,,2-c2c6,2-ethylhexyl,False,False,False,False,False,,,,,,
485,ptmn1,alternating cpdt-ttmn d-a backbone,alternating cpdt-ttmn d-a,alternating cpdt-ttmn d-a backbone,False,False,False,opsin_direct,,False,,,FAILURE,alternating cpdt-ttmn d-a backbone is unparsable due to the following being uninterpretable: alternating cpdt-ttmn d-a backbone The following was not parseable: alternating cpdt-ttmn d-a backbone,,,,direct,,True,alternating cpdt-ttmn d-a backbone,False,,,,,,,,,,,,,,,,
485,ptmn1,alternating cpdt-ttmn d-a backbone,alternating cpdt-ttmn d-a backbone,alternating cpdt-ttmn d-a backbone,False,False,False,opsin_repair,,False,drop_descriptors,,FAILURE,alternating cpdt-ttmn d-a backbone is unparsable due to the following being uninterpretable: alternating cpdt-ttmn d-a backbone The following was not parseable: alternating cpdt-ttmn d-a backbone,,,,repair,drop_descriptors,True,alternating cpdt-ttmn d-a backbone,False,,,,,,,,,,,,,,,,
485,ptmn1,alternating cpdt-ttmn d-a backbone,alternating cpdt-ttmn d-a backbone,alternating cpdt-ttmn d-a backbone,False,False,False,opsin_repair,,False,drop_substituted,,FAILURE,alternating cpdt-ttmn d-a backbone is unparsable due to the following being uninterpretable: alternating cpdt-ttmn d-a backbone The following was not parseable: alternating cpdt-ttmn d-a backbone,,,,repair,drop_substituted,True,alternating cpdt-ttmn d-a backbone,False,,,,,,,,,,,,,,,,
485,ptmn1,alternating cpdt-ttmn d-a backbone,alternating cpdt-ttmn d-a backbone,alternating cpdt-ttmn d-a backbone,False,False,False,opsin_repair,,False,tidy_punct,,FAILURE,alternating cpdt-ttmn d-a backbone is unparsable due to the following being uninterpretable: alternating cpdt-ttmn d-a backbone The following was not parseable: alternating cpdt-ttmn d-a backbone,,,,repair,tidy_punct,True,alternating cpdt-ttmn d-a backbone,False,,,,,,,,,,,,,,,,
485,ptmn1,alternating cpdt-ttmn d-a backbone,alternating cpdt-ttmn d-a,alternating cpdt-ttmn d-a backbone,False,False,False,fallback,TEXT_FALLBACK,False,no parse,,,,,,,,,True,,False,,,,,,,,,,,,,,,,
485,ptmn1,,,2-ethylhexyl,False,False,False,template_expand,,True,[OPSIN-PREPROC] raw='2-c2c6' -> preprocessed='2-ethylhexyl',,,,,,,,,,,,,,,2-c2c6,2-ethylhexyl,False,False,False,False,False,unknown,low,True,"[{""name"": ""2-c2c6"", ""count"": 1}]",,
485,ptmn1,,,2-ethylhexyl,False,False,False,sidechain_length,ALKYL_LENGTH,True,,CC,,,,,,,,,,,,,,2-c2c6,2-ethylhexyl,False,False,False,False,False,,,,,,
485,ptmn2,alternating bdt-ttmn d-a backbone,alternating bdt-ttmn d-a,alternating bdt-ttmn d-a backbone,False,False,False,opsin_direct,,False,,,FAILURE,alternating bdt-ttmn d-a backbone is unparsable due to the following being uninterpretable: alternating bdt-ttmn d-a backbone The following was not parseable: alternating bdt-ttmn d-a backbone,,,,direct,,True,alternating bdt-ttmn d-a backbone,False,,,,,,,,,,,,,,,,
485,ptmn2,alternating bdt-ttmn d-a backbone,alternating bdt-ttmn d-a backbone,alternating bdt-ttmn d-a backbone,False,False,False,opsin_repair,,False,drop_descriptors,,FAILURE,alternating bdt-ttmn d-a backbone is unparsable due to the following being uninterpretable: alternating bdt-ttmn d-a backbone The following was not parseable: alternating bdt-ttmn d-a backbone,,,,repair,drop_descriptors,True,alternating bdt-ttmn d-a backbone,False,,,,,,,,,,,,,,,,
485,ptmn2,alternating bdt-ttmn d-a backbone,alternating bdt-ttmn d-a backbone,alternating bdt-ttmn d-a backbone,False,False,False,opsin_repair,,False,drop_substituted,,FAILURE,alternating bdt-ttmn d-a backbone is unparsable due to the following being uninterpretable: alternating bdt-ttmn d-a backbone The following was not parseable: alternating bdt-ttmn d-a backbone,,,,repair,drop_substituted,True,alternating bdt-ttmn d-a backbone,False,,,,,,,,,,,,,,,,
485,ptmn2,alternating bdt-ttmn d-a backbone,alternating bdt-ttmn d-a backbone,alternating bdt-ttmn d-a backbone,False,False,False,opsin_repair,,False,tidy_punct,,FAILURE,alternating bdt-ttmn d-a backbone is unparsable due to the following being uninterpretable: alternating bdt-ttmn d-a backbone The following was not parseable: alternating bdt-ttmn d-a backbone,,,,repair,tidy_punct,True,alternating bdt-ttmn d-a backbone,False,,,,,,,,,,,,,,,,
485,ptmn2,alternating bdt-ttmn d-a backbone,alternating bdt-ttmn d-a,alternating bdt-ttmn d-a backbone,False,False,False,fallback,TEXT_FALLBACK,False,no parse,,,,,,,,,True,,False,,,,,,,,,,,,,,,,
485,ptmn2,,,2-ethylhexyl,False,False,False,template_expand,,True,[OPSIN-PREPROC] raw='2-c2c6' -> preprocessed='2-ethylhexyl',,,,,,,,,,,,,,,2-c2c6,2-ethylhexyl,False,False,False,False,False,unknown,low,True,"[{""name"": ""2-c2c6"", ""count"": 1}]",,
485,ptmn2,,,2-ethylhexyl,False,False,False,sidechain_length,ALKYL_LENGTH,True,,CC,,,,,,,,,,,,,,2-c2c6,2-ethylhexyl,False,False,False,False,False,,,,,,
485,ptmn2,alternating bdt-ttmn d-a backbone,alternating bdt-ttmn d-a,alternating bdt-ttmn d-a backbone,False,False,False,opsin_direct,,False,,,FAILURE,alternating bdt-ttmn d-a backbone is unparsable due to the following being uninterpretable: alternating bdt-ttmn d-a backbone The following was not parseable: alternating bdt-ttmn d-a backbone,,,,direct,,True,alternating bdt-ttmn d-a backbone,False,,,,,,,,,,,,,,,,
485,ptmn2,alternating bdt-ttmn d-a backbone,alternating bdt-ttmn d-a backbone,alternating bdt-ttmn d-a backbone,False,False,False,opsin_repair,,False,drop_descriptors,,FAILURE,alternating bdt-ttmn d-a backbone is unparsable due to the following being uninterpretable: alternating bdt-ttmn d-a backbone The following was not parseable: alternating bdt-ttmn d-a backbone,,,,repair,drop_descriptors,True,alternating bdt-ttmn d-a backbone,False,,,,,,,,,,,,,,,,
485,ptmn2,alternating bdt-ttmn d-a backbone,alternating bdt-ttmn d-a backbone,alternating bdt-ttmn d-a backbone,False,False,False,opsin_repair,,False,drop_substituted,,FAILURE,alternating bdt-ttmn d-a backbone is unparsable due to the following being uninterpretable: alternating bdt-ttmn d-a backbone The following was not parseable: alternating bdt-ttmn d-a backbone,,,,repair,drop_substituted,True,alternating bdt-ttmn d-a backbone,False,,,,,,,,,,,,,,,,
485,ptmn2,alternating bdt-ttmn d-a backbone,alternating bdt-ttmn d-a backbone,alternating bdt-ttmn d-a backbone,False,False,False,opsin_repair,,False,tidy_punct,,FAILURE,alternating bdt-ttmn d-a backbone is unparsable due to the following being uninterpretable: alternating bdt-ttmn d-a backbone The following was not parseable: alternating bdt-ttmn d-a backbone,,,,repair,tidy_punct,True,alternating bdt-ttmn d-a backbone,False,,,,,,,,,,,,,,,,
485,ptmn2,alternating bdt-ttmn d-a backbone,alternating bdt-ttmn d-a,alternating bdt-ttmn d-a backbone,False,False,False,fallback,TEXT_FALLBACK,False,no parse,,,,,,,,,True,,False,,,,,,,,,,,,,,,,
485,ptmn2,,,2-ethylhexyl,False,False,False,template_expand,,True,[OPSIN-PREPROC] raw='2-c2c6' -> preprocessed='2-ethylhexyl',,,,,,,,,,,,,,,2-c2c6,2-ethylhexyl,False,False,False,False,False,unknown,low,True,"[{""name"": ""2-c2c6"", ""count"": 1}]",,
485,ptmn2,,,2-ethylhexyl,False,False,False,sidechain_length,ALKYL_LENGTH,True,,CC,,,,,,,,,,,,,,2-c2c6,2-ethylhexyl,False,False,False,False,False,,,,,,
485,ptmn3,alternating idt-ttmn d-a backbone,alternating idt-ttmn d-a,alternating idt-ttmn d-a backbone,False,False,False,opsin_direct,,False,,,FAILURE,alternating idt-ttmn d-a backbone is unparsable due to the following being uninterpretable: alternating idt-ttmn d-a backbone The following was not parseable: alternating idt-ttmn d-a backbone,,,,direct,,True,alternating idt-ttmn d-a backbone,False,,,,,,,,,,,,,,,,
485,ptmn3,alternating idt-ttmn d-a backbone,alternating idt-ttmn d-a backbone,alternating idt-ttmn d-a backbone,False,False,False,opsin_repair,,False,drop_descriptors,,FAILURE,alternating idt-ttmn d-a backbone is unparsable due to the following being uninterpretable: alternating idt-ttmn d-a backbone The following was not parseable: alternating idt-ttmn d-a backbone,,,,repair,drop_descriptors,True,alternating idt-ttmn d-a backbone,False,,,,,,,,,,,,,,,,
485,ptmn3,alternating idt-ttmn d-a backbone,alternating idt-ttmn d-a backbone,alternating idt-ttmn d-a backbone,False,False,False,opsin_repair,,False,drop_substituted,,FAILURE,alternating idt-ttmn d-a backbone is unparsable due to the following being uninterpretable: alternating idt-ttmn d-a backbone The following was not parseable: alternating idt-ttmn d-a backbone,,,,repair,drop_substituted,True,alternating idt-ttmn d-a backbone,False,,,,,,,,,,,,,,,,
485,ptmn3,alternating idt-ttmn d-a backbone,alternating idt-ttmn d-a backbone,alternating idt-ttmn d-a backbone,False,False,False,opsin_repair,,False,tidy_punct,,FAILURE,alternating idt-ttmn d-a backbone is unparsable due to the following being uninterpretable: alternating idt-ttmn d-a backbone The following was not parseable: alternating idt-ttmn d-a backbone,,,,repair,tidy_punct,True,alternating idt-ttmn d-a backbone,False,,,,,,,,,,,,,,,,
485,ptmn3,alternating idt-ttmn d-a backbone,alternating idt-ttmn d-a,alternating idt-ttmn d-a backbone,False,False,False,fallback,TEXT_FALLBACK,False,no parse,,,,,,,,,True,,False,,,,,,,,,,,,,,,,
485,ptmn3,alternating idt-ttmn d-a backbone,alternating idt-ttmn d-a,alternating idt-ttmn d-a backbone,False,False,False,opsin_direct,,False,,,FAILURE,alternating idt-ttmn d-a backbone is unparsable due to the following being uninterpretable: alternating idt-ttmn d-a backbone The following was not parseable: alternating idt-ttmn d-a backbone,,,,direct,,True,alternating idt-ttmn d-a backbone,False,,,,,,,,,,,,,,,,
485,ptmn3,alternating idt-ttmn d-a backbone,alternating idt-ttmn d-a backbone,alternating idt-ttmn d-a backbone,False,False,False,opsin_repair,,False,drop_descriptors,,FAILURE,alternating idt-ttmn d-a backbone is unparsable due to the following being uninterpretable: alternating idt-ttmn d-a backbone The following was not parseable: alternating idt-ttmn d-a backbone,,,,repair,drop_descriptors,True,alternating idt-ttmn d-a backbone,False,,,,,,,,,,,,,,,,
485,ptmn3,alternating idt-ttmn d-a backbone,alternating idt-ttmn d-a backbone,alternating idt-ttmn d-a backbone,False,False,False,opsin_repair,,False,drop_substituted,,FAILURE,alternating idt-ttmn d-a backbone is unparsable due to the following being uninterpretable: alternating idt-ttmn d-a backbone The following was not parseable: alternating idt-ttmn d-a backbone,,,,repair,drop_substituted,True,alternating idt-ttmn d-a backbone,False,,,,,,,,,,,,,,,,
485,ptmn3,alternating idt-ttmn d-a backbone,alternating idt-ttmn d-a backbone,alternating idt-ttmn d-a backbone,False,False,False,opsin_repair,,False,tidy_punct,,FAILURE,alternating idt-ttmn d-a backbone is unparsable due to the following being uninterpretable: alternating idt-ttmn d-a backbone The following was not parseable: alternating idt-ttmn d-a backbone,,,,repair,tidy_punct,True,alternating idt-ttmn d-a backbone,False,,,,,,,,,,,,,,,,
485,ptmn3,alternating idt-ttmn d-a backbone,alternating idt-ttmn d-a,alternating idt-ttmn d-a backbone,False,False,False,fallback,TEXT_FALLBACK,False,no parse,,,,,,,,,True,,False,,,,,,,,,,,,,,,,
460,p-0,ndi-t2,ndi-t-2,ndi-t2,False,False,False,opsin_direct,,False,,,FAILURE,ndi-t2 is unparsable due to the following being uninterpretable: ndi-t2 The following was not parseable: ndi-t2,,,,direct,,True,ndi-t2,False,,,,,,,,,,,,,,,,
460,p-0,ndi-t2,ndi-t2,ndi-t2,False,False,False,opsin_repair,,False,drop_descriptors,,FAILURE,ndi-t2 is unparsable due to the following being uninterpretable: ndi-t2 The following was not parseable: ndi-t2,,,,repair,drop_descriptors,True,ndi-t2,False,,,,,,,,,,,,,,,,
460,p-0,ndi-t2,ndi-t2,ndi-t2,False,False,False,opsin_repair,,False,drop_substituted,,FAILURE,ndi-t2 is unparsable due to the following being uninterpretable: ndi-t2 The following was not parseable: ndi-t2,,,,repair,drop_substituted,True,ndi-t2,False,,,,,,,,,,,,,,,,
460,p-0,ndi-t2,ndi-t2,ndi-t2,False,False,False,opsin_repair,,False,tidy_punct,,FAILURE,ndi-t2 is unparsable due to the following being uninterpretable: ndi-t2 The following was not parseable: ndi-t2,,,,repair,tidy_punct,True,ndi-t2,False,,,,,,,,,,,,,,,,
460,p-0,ndi-t2,ndi-t-2,ndi-t2,False,False,False,fallback,TEXT_FALLBACK,False,no parse,,,,,,,,,True,,False,,,,,,,,,,,,,,,,
460,p-10,ndi-t2,ndi-t-2,ndi-t2,False,False,False,opsin_direct,,False,,,FAILURE,ndi-t2 is unparsable due to the following being uninterpretable: ndi-t2 The following was not parseable: ndi-t2,,,,direct,,True,ndi-t2,False,,,,,,,,,,,,,,,,
460,p-10,ndi-t2,ndi-t2,ndi-t2,False,False,False,opsin_repair,,False,drop_descriptors,,FAILURE,ndi-t2 is unparsable due to the following being uninterpretable: ndi-t2 The following was not parseable: ndi-t2,,,,repair,drop_descriptors,True,ndi-t2,False,,,,,,,,,,,,,,,,
460,p-10,ndi-t2,ndi-t2,ndi-t2,False,False,False,opsin_repair,,False,drop_substituted,,FAILURE,ndi-t2 is unparsable due to the following being uninterpretable: ndi-t2 The following was not parseable: ndi-t2,,,,repair,drop_substituted,True,ndi-t2,False,,,,,,,,,,,,,,,,
460,p-10,ndi-t2,ndi-t2,ndi-t2,False,False,False,opsin_repair,,False,tidy_punct,,FAILURE,ndi-t2 is unparsable due to the following being uninterpretable: ndi-t2 The following was not parseable: ndi-t2,,,,repair,tidy_punct,True,ndi-t2,False,,,,,,,,,,,,,,,,
460,p-10,ndi-t2,ndi-t-2,ndi-t2,False,False,False,fallback,TEXT_FALLBACK,False,no parse,,,,,,,,,True,,False,,,,,,,,,,,,,,,,
460,p-25,ndi-t2,ndi-t-2,ndi-t2,False,False,False,opsin_direct,,False,,,FAILURE,ndi-t2 is unparsable due to the following being uninterpretable: ndi-t2 The following was not parseable: ndi-t2,,,,direct,,True,ndi-t2,False,,,,,,,,,,,,,,,,
460,p-25,ndi-t2,ndi-t2,ndi-t2,False,False,False,opsin_repair,,False,drop_descriptors,,FAILURE,ndi-t2 is unparsable due to the following being uninterpretable: ndi-t2 The following was not parseable: ndi-t2,,,,repair,drop_descriptors,True,ndi-t2,False,,,,,,,,,,,,,,,,
460,p-25,ndi-t2,ndi-t2,ndi-t2,False,False,False,opsin_repair,,False,drop_substituted,,FAILURE,ndi-t2 is unparsable due to the following being uninterpretable: ndi-t2 The following was not parseable: ndi-t2,,,,repair,drop_substituted,True,ndi-t2,False,,,,,,,,,,,,,,,,
460,p-25,ndi-t2,ndi-t2,ndi-t2,False,False,False,opsin_repair,,False,tidy_punct,,FAILURE,ndi-t2 is unparsable due to the following being uninterpretable: ndi-t2 The following was not parseable: ndi-t2,,,,repair,tidy_punct,True,ndi-t2,False,,,,,,,,,,,,,,,,
460,p-25,ndi-t2,ndi-t-2,ndi-t2,False,False,False,fallback,TEXT_FALLBACK,False,no parse,,,,,,,,,True,,False,,,,,,,,,,,,,,,,
460,p-50,ndi-t2,ndi-t-2,ndi-t2,False,False,False,opsin_direct,,False,,,FAILURE,ndi-t2 is unparsable due to the following being uninterpretable: ndi-t2 The following was not parseable: ndi-t2,,,,direct,,True,ndi-t2,False,,,,,,,,,,,,,,,,
460,p-50,ndi-t2,ndi-t2,ndi-t2,False,False,False,opsin_repair,,False,drop_descriptors,,FAILURE,ndi-t2 is unparsable due to the following being uninterpretable: ndi-t2 The following was not parseable: ndi-t2,,,,repair,drop_descriptors,True,ndi-t2,False,,,,,,,,,,,,,,,,
460,p-50,ndi-t2,ndi-t2,ndi-t2,False,False,False,opsin_repair,,False,drop_substituted,,FAILURE,ndi-t2 is unparsable due to the following being uninterpretable: ndi-t2 The following was not parseable: ndi-t2,,,,repair,drop_substituted,True,ndi-t2,False,,,,,,,,,,,,,,,,
460,p-50,ndi-t2,ndi-t2,ndi-t2,False,False,False,opsin_repair,,False,tidy_punct,,FAILURE,ndi-t2 is unparsable due to the following being uninterpretable: ndi-t2 The following was not parseable: ndi-t2,,,,repair,tidy_punct,True,ndi-t2,False,,,,,,,,,,,,,,,,
460,p-50,ndi-t2,ndi-t-2,ndi-t2,False,False,False,fallback,TEXT_FALLBACK,False,no parse,,,,,,,,,True,,False,,,,,,,,,,,,,,,,
460,p-75,ndi-t2,ndi-t-2,ndi-t2,False,False,False,opsin_direct,,False,,,FAILURE,ndi-t2 is unparsable due to the following being uninterpretable: ndi-t2 The following was not parseable: ndi-t2,,,,direct,,True,ndi-t2,False,,,,,,,,,,,,,,,,
460,p-75,ndi-t2,ndi-t2,ndi-t2,False,False,False,opsin_repair,,False,drop_descriptors,,FAILURE,ndi-t2 is unparsable due to the following being uninterpretable: ndi-t2 The following was not parseable: ndi-t2,,,,repair,drop_descriptors,True,ndi-t2,False,,,,,,,,,,,,,,,,
460,p-75,ndi-t2,ndi-t2,ndi-t2,False,False,False,opsin_repair,,False,drop_substituted,,FAILURE,ndi-t2 is unparsable due to the following being uninterpretable: ndi-t2 The following was not parseable: ndi-t2,,,,repair,drop_substituted,True,ndi-t2,False,,,,,,,,,,,,,,,,
460,p-75,ndi-t2,ndi-t2,ndi-t2,False,False,False,opsin_repair,,False,tidy_punct,,FAILURE,ndi-t2 is unparsable due to the following being uninterpretable: ndi-t2 The following was not parseable: ndi-t2,,,,repair,tidy_punct,True,ndi-t2,False,,,,,,,,,,,,,,,,
460,p-75,ndi-t2,ndi-t-2,ndi-t2,False,False,False,fallback,TEXT_FALLBACK,False,no parse,,,,,,,,,True,,False,,,,,,,,,,,,,,,,
460,p-90,ndi-t2,ndi-t-2,ndi-t2,False,False,False,opsin_direct,,False,,,FAILURE,ndi-t2 is unparsable due to the following being uninterpretable: ndi-t2 The following was not parseable: ndi-t2,,,,direct,,True,ndi-t2,False,,,,,,,,,,,,,,,,
460,p-90,ndi-t2,ndi-t2,ndi-t2,False,False,False,opsin_repair,,False,drop_descriptors,,FAILURE,ndi-t2 is unparsable due to the following being uninterpretable: ndi-t2 The following was not parseable: ndi-t2,,,,repair,drop_descriptors,True,ndi-t2,False,,,,,,,,,,,,,,,,
460,p-90,ndi-t2,ndi-t2,ndi-t2,False,False,False,opsin_repair,,False,drop_substituted,,FAILURE,ndi-t2 is unparsable due to the following being uninterpretable: ndi-t2 The following was not parseable: ndi-t2,,,,repair,drop_substituted,True,ndi-t2,False,,,,,,,,,,,,,,,,
460,p-90,ndi-t2,ndi-t2,ndi-t2,False,False,False,opsin_repair,,False,tidy_punct,,FAILURE,ndi-t2 is unparsable due to the following being uninterpretable: ndi-t2 The following was not parseable: ndi-t2,,,,repair,tidy_punct,True,ndi-t2,False,,,,,,,,,,,,,,,,
460,p-90,ndi-t2,ndi-t-2,ndi-t2,False,False,False,fallback,TEXT_FALLBACK,False,no parse,,,,,,,,,True,,False,,,,,,,,,,,,,,,,
460,p-100,ndi-t2,ndi-t-2,ndi-t2,False,False,False,opsin_direct,,False,,,FAILURE,ndi-t2 is unparsable due to the following being uninterpretable: ndi-t2 The following was not parseable: ndi-t2,,,,direct,,True,ndi-t2,False,,,,,,,,,,,,,,,,
460,p-100,ndi-t2,ndi-t2,ndi-t2,False,False,False,opsin_repair,,False,drop_descriptors,,FAILURE,ndi-t2 is unparsable due to the following being uninterpretable: ndi-t2 The following was not parseable: ndi-t2,,,,repair,drop_descriptors,True,ndi-t2,False,,,,,,,,,,,,,,,,
460,p-100,ndi-t2,ndi-t2,ndi-t2,False,False,False,opsin_repair,,False,drop_substituted,,FAILURE,ndi-t2 is unparsable due to the following being uninterpretable: ndi-t2 The following was not parseable: ndi-t2,,,,repair,drop_substituted,True,ndi-t2,False,,,,,,,,,,,,,,,,
460,p-100,ndi-t2,ndi-t2,ndi-t2,False,False,False,opsin_repair,,False,tidy_punct,,FAILURE,ndi-t2 is unparsable due to the following being uninterpretable: ndi-t2 The following was not parseable: ndi-t2,,,,repair,tidy_punct,True,ndi-t2,False,,,,,,,,,,,,,,,,
460,p-100,ndi-t2,ndi-t-2,ndi-t2,False,False,False,fallback,TEXT_FALLBACK,False,no parse,,,,,,,,,True,,False,,,,,,,,,,,,,,,,
442,pvt,thiophene moiety,thiophene moiety,thiophene moiety,False,False,False,opsin_direct,,False,,,FAILURE,thiophene moiety is unparsable due to the following being uninterpretable: moiety The following was not parseable: moiety,,,,direct,,True,thiophene moiety,False,,,,,,,,,,,,,,,,
442,pvt,thiophene moiety,thiophene,thiophene,False,False,False,opsin_repair,OPSIN,True,drop_descriptors,c1ccsc1,CACHE_HIT,,,False,0.0,repair,drop_descriptors,True,thiophene,False,,,,,,,,,,,,,,,,
442,pvt,,,hexyl,False,False,False,template_expand,,True,[OPSIN-PREPROC] raw='c6' -> preprocessed='hexyl',,,,,,,,,,,,,,,c6,hexyl,False,False,False,False,False,unknown,low,True,"[{""name"": ""c6"", ""count"": 1}]",,
442,pvt,,,hexyl,False,False,False,sidechain_length,ALKYL_LENGTH,True,,CCCCCC,,,,,,,,,,,,,,c6,hexyl,False,False,False,False,False,,,,,,
442,pvtt,terthiophene moiety,terthiophene moiety,terthiophene moiety,False,False,False,opsin_direct,,False,,,FAILURE,terthiophene moiety is unparsable due to the following being uninterpretable: moiety The following was not parseable: moiety,,,,direct,,True,terthiophene moiety,False,,,,,,,,,,,,,,,,
442,pvtt,terthiophene moiety,terthiophene,terthiophene,False,False,False,opsin_repair,OPSIN,True,drop_descriptors,c1csc(-c2ccsc2-c2cccs2)c1,CACHE_HIT,,,False,0.0,repair,drop_descriptors,True,terthiophene,False,,,,,,,,,,,,,,,,
442,pvtt,,,hexyl,False,False,False,template_expand,,True,[OPSIN-PREPROC] raw='c6' -> preprocessed='hexyl',,,,,,,,,,,,,,,c6,hexyl,False,False,False,False,False,unknown,low,True,"[{""name"": ""c6"", ""count"": 1}]",,
442,pvtt,,,hexyl,False,False,False,sidechain_length,ALKYL_LENGTH,True,,CCCCCC,,,,,,,,,,,,,,c6,hexyl,False,False,False,False,False,,,,,,
442,pst-fl,polystyrene backbone,polystyrene,polystyrene backbone,False,False,False,opsin_direct,,False,,,FAILURE,polystyrene backbone is unparsable due to the following being uninterpretable: backbone The following was not parseable: backbone,,,,direct,,True,polystyrene backbone,False,,,,,,,,,,,,,,,,
442,pst-fl,polystyrene backbone,polystyrene backbone,polystyrene backbone,False,False,False,opsin_repair,,False,drop_descriptors,,FAILURE,polystyrene backbone is unparsable due to the following being uninterpretable: backbone The following was not parseable: backbone,,,,repair,drop_descriptors,True,polystyrene backbone,False,,,,,,,,,,,,,,,,
442,pst-fl,polystyrene backbone,polystyrene backbone,polystyrene backbone,False,False,False,opsin_repair,,False,drop_substituted,,FAILURE,polystyrene backbone is unparsable due to the following being uninterpretable: backbone The following was not parseable: backbone,,,,repair,drop_substituted,True,polystyrene backbone,False,,,,,,,,,,,,,,,,
442,pst-fl,polystyrene backbone,polystyrene backbone,polystyrene backbone,False,False,False,opsin_repair,,False,tidy_punct,,FAILURE,polystyrene backbone is unparsable due to the following being uninterpretable: backbone The following was not parseable: backbone,,,,repair,tidy_punct,True,polystyrene backbone,False,,,,,,,,,,,,,,,,
442,pst-fl,polystyrene backbone,polystyrene,polystyrene backbone,False,False,False,fallback,TEXT_FALLBACK,False,no parse,,,,,,,,,True,,False,,,,,,,,,,,,,,,,
442,ps,polystyrene backbone,polystyrene,polystyrene backbone,False,False,False,opsin_direct,,False,,,FAILURE,polystyrene backbone is unparsable due to the following being uninterpretable: backbone The following was not parseable: backbone,,,,direct,,True,polystyrene backbone,False,,,,,,,,,,,,,,,,
442,ps,polystyrene backbone,polystyrene backbone,polystyrene backbone,False,False,False,opsin_repair,,False,drop_descriptors,,FAILURE,polystyrene backbone is unparsable due to the following being uninterpretable: backbone The following was not parseable: backbone,,,,repair,drop_descriptors,True,polystyrene backbone,False,,,,,,,,,,,,,,,,
442,ps,polystyrene backbone,polystyrene backbone,polystyrene backbone,False,False,False,opsin_repair,,False,drop_substituted,,FAILURE,polystyrene backbone is unparsable due to the following being uninterpretable: backbone The following was not parseable: backbone,,,,repair,drop_substituted,True,polystyrene backbone,False,,,,,,,,,,,,,,,,
442,ps,polystyrene backbone,polystyrene backbone,polystyrene backbone,False,False,False,opsin_repair,,False,tidy_punct,,FAILURE,polystyrene backbone is unparsable due to the following being uninterpretable: backbone The following was not parseable: backbone,,,,repair,tidy_punct,True,polystyrene backbone,False,,,,,,,,,,,,,,,,
442,ps,polystyrene backbone,polystyrene,polystyrene backbone,False,False,False,fallback,TEXT_FALLBACK,False,no parse,,,,,,,,,True,,False,,,,,,,,,,,,,,,,
442,ps,,,phenylenyl,False,False,False,template_expand,,True,[OPSIN-PREPROC] raw='phenyl' -> preprocessed='phenylenyl',,,,,,,,,,,,,,,phenyl,phenylenyl,False,False,False,False,False,unknown,low,True,"[{""name"": ""phenyl"", ""count"": 1}]",,
442,ps,,,phenylenyl,False,False,False,sidechain_preprocessed_opsin,,False,,,,,,,,,,,,,,,,phenyl,phenylenyl,False,False,False,False,True,,,,,,False
493,"p3meet (f1tcnq, 10 min)",polythiophene derivative,polythiophene derivative,polythiophene derivative,False,False,False,opsin_direct,,False,,,FAILURE,polythiophene derivative is unparsable due to the following being uninterpretable: derivative The following was not parseable: erivative,,,,direct,,True,polythiophene derivative,False,,,,,,,,,,,,,,,,
493,"p3meet (f1tcnq, 10 min)",polythiophene derivative,polythiophene derivative,polythiophene derivative,False,False,False,opsin_repair,,False,drop_descriptors,,FAILURE,polythiophene derivative is unparsable due to the following being uninterpretable: derivative The following was not parseable: erivative,,,,repair,drop_descriptors,True,polythiophene derivative,False,,,,,,,,,,,,,,,,
493,"p3meet (f1tcnq, 10 min)",polythiophene derivative,polythiophene derivative,polythiophene derivative,False,False,False,opsin_repair,,False,drop_substituted,,FAILURE,polythiophene derivative is unparsable due to the following being uninterpretable: derivative The following was not parseable: erivative,,,,repair,drop_substituted,True,polythiophene derivative,False,,,,,,,,,,,,,,,,
493,"p3meet (f1tcnq, 10 min)",polythiophene derivative,polythiophene derivative,polythiophene derivative,False,False,False,opsin_repair,,False,tidy_punct,,FAILURE,polythiophene derivative is unparsable due to the following being uninterpretable: derivative The following was not parseable: erivative,,,,repair,tidy_punct,True,polythiophene derivative,False,,,,,,,,,,,,,,,,
493,"p3meet (f1tcnq, 10 min)",polythiophene derivative,polythiophene derivative,polythiophene derivative,False,False,False,fallback,TEXT_FALLBACK,False,no parse,,,,,,,,,True,,False,,,,,,,,,,,,,,,,
493,"p3meet (f2tcnq, 10 min)",polythiophene derivative,polythiophene derivative,polythiophene derivative,False,False,False,opsin_direct,,False,,,FAILURE,polythiophene derivative is unparsable due to the following being uninterpretable: derivative The following was not parseable: erivative,,,,direct,,True,polythiophene derivative,False,,,,,,,,,,,,,,,,
493,"p3meet (f2tcnq, 10 min)",polythiophene derivative,polythiophene derivative,polythiophene derivative,False,False,False,opsin_repair,,False,drop_descriptors,,FAILURE,polythiophene derivative is unparsable due to the following being uninterpretable: derivative The following was not parseable: erivative,,,,repair,drop_descriptors,True,polythiophene derivative,False,,,,,,,,,,,,,,,,
493,"p3meet (f2tcnq, 10 min)",polythiophene derivative,polythiophene derivative,polythiophene derivative,False,False,False,opsin_repair,,False,drop_substituted,,FAILURE,polythiophene derivative is unparsable due to the following being uninterpretable: derivative The following was not parseable: erivative,,,,repair,drop_substituted,True,polythiophene derivative,False,,,,,,,,,,,,,,,,
493,"p3meet (f2tcnq, 10 min)",polythiophene derivative,polythiophene derivative,polythiophene derivative,False,False,False,opsin_repair,,False,tidy_punct,,FAILURE,polythiophene derivative is unparsable due to the following being uninterpretable: derivative The following was not parseable: erivative,,,,repair,tidy_punct,True,polythiophene derivative,False,,,,,,,,,,,,,,,,
493,"p3meet (f2tcnq, 10 min)",polythiophene derivative,polythiophene derivative,polythiophene derivative,False,False,False,fallback,TEXT_FALLBACK,False,no parse,,,,,,,,,True,,False,,,,,,,,,,,,,,,,
493,"p3meet (f4tcnq, 10 min)",polythiophene derivative,polythiophene derivative,polythiophene derivative,False,False,False,opsin_direct,,False,,,FAILURE,polythiophene derivative is unparsable due to the following being uninterpretable: derivative The following was not parseable: erivative,,,,direct,,True,polythiophene derivative,False,,,,,,,,,,,,,,,,
493,"p3meet (f4tcnq, 10 min)",polythiophene derivative,polythiophene derivative,polythiophene derivative,False,False,False,opsin_repair,,False,drop_descriptors,,FAILURE,polythiophene derivative is unparsable due to the following being uninterpretable: derivative The following was not parseable: erivative,,,,repair,drop_descriptors,True,polythiophene derivative,False,,,,,,,,,,,,,,,,
493,"p3meet (f4tcnq, 10 min)",polythiophene derivative,polythiophene derivative,polythiophene derivative,False,False,False,opsin_repair,,False,drop_substituted,,FAILURE,polythiophene derivative is unparsable due to the following being uninterpretable: derivative The following was not parseable: erivative,,,,repair,drop_substituted,True,polythiophene derivative,False,,,,,,,,,,,,,,,,
493,"p3meet (f4tcnq, 10 min)",polythiophene derivative,polythiophene derivative,polythiophene derivative,False,False,False,opsin_repair,,False,tidy_punct,,FAILURE,polythiophene derivative is unparsable due to the following being uninterpretable: derivative The following was not parseable: erivative,,,,repair,tidy_punct,True,polythiophene derivative,False,,,,,,,,,,,,,,,,
493,"p3meet (f4tcnq, 10 min)",polythiophene derivative,polythiophene derivative,polythiophene derivative,False,False,False,fallback,TEXT_FALLBACK,False,no parse,,,,,,,,,True,,False,,,,,,,,,,,,,,,,
474,p(g3t2),ethylene glycol-functionalized polythiophene,ethylene glycol-functionalized polythiophene,ethylene glycol-functionalized polythiophene,False,False,False,opsin_direct,,False,,,FAILURE,ethylene glycol-functionalized polythiophene is unparsable due to the following being uninterpretable: functionalized polythiophene The following was not parseable: functionalized polythiophene,,,,direct,,True,ethylene glycol-functionalized polythiophene,False,,,,,,,,,,,,,,,,
474,p(g3t2),ethylene glycol-functionalized polythiophene,ethylene glycol-functionalized polythiophene,ethylene glycol-functionalized polythiophene,False,False,False,opsin_repair,,False,drop_descriptors,,FAILURE,ethylene glycol-functionalized polythiophene is unparsable due to the following being uninterpretable: functionalized polythiophene The following was not parseable: functionalized polythiophene,,,,repair,drop_descriptors,True,ethylene glycol-functionalized polythiophene,False,,,,,,,,,,,,,,,,
474,p(g3t2),ethylene glycol-functionalized polythiophene,ethylene glycol- polythiophene,ethylene glycol- polythiophene,False,False,False,opsin_repair,,False,drop_substituted,,FAILURE,"ethylene glycol- polythiophene could be parsed but OPSIN was unsure of the meaning of the words. This error will occur, by default, if a name is just a substituent",,,,repair,drop_substituted,True,ethylene glycol- polythiophene,False,,,,,,,,,,,,,,,,
474,p(g3t2),ethylene glycol-functionalized polythiophene,ethylene glycol- polythiophene,ethylene glycol- polythiophene,False,False,False,opsin_repair,,False,tidy_punct,,FAILURE,"ethylene glycol- polythiophene could be parsed but OPSIN was unsure of the meaning of the words. This error will occur, by default, if a name is just a substituent",,,,repair,tidy_punct,True,ethylene glycol- polythiophene,False,,,,,,,,,,,,,,,,
474,p(g3t2),ethylene glycol-functionalized polythiophene,ethylene glycol-functionalized polythiophene,ethylene glycol-functionalized polythiophene,False,False,False,fallback,TEXT_FALLBACK,False,no parse,,,,,,,,,True,,False,,,,,,,,,,,,,,,,
474,p(g3t2),,,ethylenethoxyethyllycolchainsaverage-3-ethoxyethyl sperthiophenylenering-yl,False,False,False,template_expand,,True,[OPSIN-PREPROC] raw='c2eneglycolchainsaverage3egunitsperthiophenering' -> preprocessed='ethylenethoxyethyllycolchainsaverage-3-ethoxyethyl sperthiophenylenering-yl',,,,,,,,,,,,,,,c2eneglycolchainsaverage3egunitsperthiophenering,ethylenethoxyethyllycolchainsaverage-3-ethoxyethyl sperthiophenylenering-yl,False,False,True,False,False,unknown,low,True,"[{""name"": ""c2eneglycolchainsaverage3egunitsperthiophenering"", ""count"": 1}]",,
474,p(g3t2),,,ethylenethoxyethyllycolchainsaverage-3-ethoxyethyl sperthiophenylenering-yl,False,False,False,sidechain_length,ALKYL_LENGTH,True,,CC,,,,,,,,,,,,,,c2eneglycolchainsaverage3egunitsperthiophenering,ethylenethoxyethyllycolchainsaverage-3-ethoxyethyl sperthiophenylenering-yl,False,False,True,False,False,,,,,,
474,p(g2t2-g4t2),ethylene glycol-functionalized polythiophene,ethylene glycol-functionalized polythiophene,ethylene glycol-functionalized polythiophene,False,False,False,opsin_direct,,False,,,FAILURE,ethylene glycol-functionalized polythiophene is unparsable due to the following being uninterpretable: functionalized polythiophene The following was not parseable: functionalized polythiophene,,,,direct,,True,ethylene glycol-functionalized polythiophene,False,,,,,,,,,,,,,,,,
474,p(g2t2-g4t2),ethylene glycol-functionalized polythiophene,ethylene glycol-functionalized polythiophene,ethylene glycol-functionalized polythiophene,False,False,False,opsin_repair,,False,drop_descriptors,,FAILURE,ethylene glycol-functionalized polythiophene is unparsable due to the following being uninterpretable: functionalized polythiophene The following was not parseable: functionalized polythiophene,,,,repair,drop_descriptors,True,ethylene glycol-functionalized polythiophene,False,,,,,,,,,,,,,,,,
474,p(g2t2-g4t2),ethylene glycol-functionalized polythiophene,ethylene glycol- polythiophene,ethylene glycol- polythiophene,False,False,False,opsin_repair,,False,drop_substituted,,FAILURE,"ethylene glycol- polythiophene could be parsed but OPSIN was unsure of the meaning of the words. This error will occur, by default, if a name is just a substituent",,,,repair,drop_substituted,True,ethylene glycol- polythiophene,False,,,,,,,,,,,,,,,,
474,p(g2t2-g4t2),ethylene glycol-functionalized polythiophene,ethylene glycol- polythiophene,ethylene glycol- polythiophene,False,False,False,opsin_repair,,False,tidy_punct,,FAILURE,"ethylene glycol- polythiophene could be parsed but OPSIN was unsure of the meaning of the words. This error will occur, by default, if a name is just a substituent",,,,repair,tidy_punct,True,ethylene glycol- polythiophene,False,,,,,,,,,,,,,,,,
474,p(g2t2-g4t2),ethylene glycol-functionalized polythiophene,ethylene glycol-functionalized polythiophene,ethylene glycol-functionalized polythiophene,False,False,False,fallback,TEXT_FALLBACK,False,no parse,,,,,,,,,True,,False,,,,,,,,,,,,,,,,
474,p(g1t2-g5t2),ethylene glycol-functionalized polythiophene,ethylene glycol-functionalized polythiophene,ethylene glycol-functionalized polythiophene,False,False,False,opsin_direct,,False,,,FAILURE,ethylene glycol-functionalized polythiophene is unparsable due to the following being uninterpretable: functionalized polythiophene The following was not parseable: functionalized polythiophene,,,,direct,,True,ethylene glycol-functionalized polythiophene,False,,,,,,,,,,,,,,,,
474,p(g1t2-g5t2),ethylene glycol-functionalized polythiophene,ethylene glycol-functionalized polythiophene,ethylene glycol-functionalized polythiophene,False,False,False,opsin_repair,,False,drop_descriptors,,FAILURE,ethylene glycol-functionalized polythiophene is unparsable due to the following being uninterpretable: functionalized polythiophene The following was not parseable: functionalized polythiophene,,,,repair,drop_descriptors,True,ethylene glycol-functionalized polythiophene,False,,,,,,,,,,,,,,,,
474,p(g1t2-g5t2),ethylene glycol-functionalized polythiophene,ethylene glycol- polythiophene,ethylene glycol- polythiophene,False,False,False,opsin_repair,,False,drop_substituted,,FAILURE,"ethylene glycol- polythiophene could be parsed but OPSIN was unsure of the meaning of the words. This error will occur, by default, if a name is just a substituent",,,,repair,drop_substituted,True,ethylene glycol- polythiophene,False,,,,,,,,,,,,,,,,
474,p(g1t2-g5t2),ethylene glycol-functionalized polythiophene,ethylene glycol- polythiophene,ethylene glycol- polythiophene,False,False,False,opsin_repair,,False,tidy_punct,,FAILURE,"ethylene glycol- polythiophene could be parsed but OPSIN was unsure of the meaning of the words. This error will occur, by default, if a name is just a substituent",,,,repair,tidy_punct,True,ethylene glycol- polythiophene,False,,,,,,,,,,,,,,,,
474,p(g1t2-g5t2),ethylene glycol-functionalized polythiophene,ethylene glycol-functionalized polythiophene,ethylene glycol-functionalized polythiophene,False,False,False,fallback,TEXT_FALLBACK,False,no parse,,,,,,,,,True,,False,,,,,,,,,,,,,,,,
474,p(g0t2-g6t2),ethylene glycol-functionalized polythiophene,ethylene glycol-functionalized polythiophene,ethylene glycol-functionalized polythiophene,False,False,False,opsin_direct,,False,,,FAILURE,ethylene glycol-functionalized polythiophene is unparsable due to the following being uninterpretable: functionalized polythiophene The following was not parseable: functionalized polythiophene,,,,direct,,True,ethylene glycol-functionalized polythiophene,False,,,,,,,,,,,,,,,,
474,p(g0t2-g6t2),ethylene glycol-functionalized polythiophene,ethylene glycol-functionalized polythiophene,ethylene glycol-functionalized polythiophene,False,False,False,opsin_repair,,False,drop_descriptors,,FAILURE,ethylene glycol-functionalized polythiophene is unparsable due to the following being uninterpretable: functionalized polythiophene The following was not parseable: functionalized polythiophene,,,,repair,drop_descriptors,True,ethylene glycol-functionalized polythiophene,False,,,,,,,,,,,,,,,,
474,p(g0t2-g6t2),ethylene glycol-functionalized polythiophene,ethylene glycol- polythiophene,ethylene glycol- polythiophene,False,False,False,opsin_repair,,False,drop_substituted,,FAILURE,"ethylene glycol- polythiophene could be parsed but OPSIN was unsure of the meaning of the words. This error will occur, by default, if a name is just a substituent",,,,repair,drop_substituted,True,ethylene glycol- polythiophene,False,,,,,,,,,,,,,,,,
474,p(g0t2-g6t2),ethylene glycol-functionalized polythiophene,ethylene glycol- polythiophene,ethylene glycol- polythiophene,False,False,False,opsin_repair,,False,tidy_punct,,FAILURE,"ethylene glycol- polythiophene could be parsed but OPSIN was unsure of the meaning of the words. This error will occur, by default, if a name is just a substituent",,,,repair,tidy_punct,True,ethylene glycol- polythiophene,False,,,,,,,,,,,,,,,,
474,p(g0t2-g6t2),ethylene glycol-functionalized polythiophene,ethylene glycol-functionalized polythiophene,ethylene glycol-functionalized polythiophene,False,False,False,fallback,TEXT_FALLBACK,False,no parse,,,,,,,,,True,,False,,,,,,,,,,,,,,,,
407,p1,fbt acceptor and thiophene donor,fbt and thiophene,fbt acceptor and thiophene donor,False,False,False,opsin_skip,NON_OPSIN_ELIGIBLE,False,ineligible,,,,,,,skip,eligibility,False,fbt acceptor and thiophene donor,False,,,,,,,,,,,,,,,,
407,p1,,,-yl,False,False,False,template_expand,,True,[OPSIN-PREPROC] raw='' -> preprocessed='-yl',,,,,,,,,,,,,,,,-yl,False,False,True,False,False,unknown,low,True,"[{""name"": """", ""count"": 1}]",,
407,p1,,,-yl,False,False,False,sidechain_non_opsin_compatible,NON_OPSIN_COMPATIBLE,False,ineligible,,,,,,,,,,,,,,,,-yl,False,False,True,False,False,,,,,,
407,p2,fbt acceptor and thiophene donor,fbt and thiophene,fbt acceptor and thiophene donor,False,False,False,opsin_skip,NON_OPSIN_ELIGIBLE,False,ineligible,,,,,,,skip,eligibility,False,fbt acceptor and thiophene donor,False,,,,,,,,,,,,,,,,
407,p3,fbt acceptor and thiophene donor,fbt and thiophene,fbt acceptor and thiophene donor,False,False,False,opsin_skip,NON_OPSIN_ELIGIBLE,False,ineligible,,,,,,,skip,eligibility,False,fbt acceptor and thiophene donor,False,,,,,,,,,,,,,,,,
407,p3,,,-yl,False,False,False,template_expand,,True,[OPSIN-PREPROC] raw='' -> preprocessed='-yl',,,,,,,,,,,,,,,,-yl,False,False,True,False,False,unknown,low,True,"[{""name"": """", ""count"": 1}]",,
407,p3,,,-yl,False,False,False,sidechain_non_opsin_compatible,NON_OPSIN_COMPATIBLE,False,ineligible,,,,,,,,,,,,,,,,-yl,False,False,True,False,False,,,,,,
456,p(bgdpp-t),diketopyrrolopyrrole (dpp) d–a backbone,diketopyrrolopyrrole dpp d-a,diketopyrrolopyrrole (dpp) d-a backbone,False,False,False,opsin_direct,,False,,,FAILURE,diketopyrrolopyrrole (dpp) d-a backbone is unparsable due to the following being uninterpretable: (dpp) d-a backbone The following was not parseable: pp) d-a backbone,,,,direct,,True,diketopyrrolopyrrole (dpp) d-a backbone,True,fused_ring_prime_0_to_quote,diketopyrrolopyrrole (dpp) d–a backbone,diketopyrrolopyrrole (dpp) d-a backbone,,,,,,,,,,,,,
456,p(bgdpp-t),diketopyrrolopyrrole (dpp) d–a backbone,diketopyrrolopyrrole (dpp) d-a backbone,diketopyrrolopyrrole (dpp) d-a backbone,False,False,False,opsin_repair,,False,drop_descriptors,,FAILURE,diketopyrrolopyrrole (dpp) d-a backbone is unparsable due to the following being uninterpretable: (dpp) d-a backbone The following was not parseable: pp) d-a backbone,,,,repair,drop_descriptors,True,diketopyrrolopyrrole (dpp) d-a backbone,False,,,,,,,,,,,,,,,,
456,p(bgdpp-t),diketopyrrolopyrrole (dpp) d–a backbone,diketopyrrolopyrrole (dpp) d-a backbone,diketopyrrolopyrrole (dpp) d-a backbone,False,False,False,opsin_repair,,False,drop_substituted,,FAILURE,diketopyrrolopyrrole (dpp) d-a backbone is unparsable due to the following being uninterpretable: (dpp) d-a backbone The following was not parseable: pp) d-a backbone,,,,repair,drop_substituted,True,diketopyrrolopyrrole (dpp) d-a backbone,False,,,,,,,,,,,,,,,,
456,p(bgdpp-t),diketopyrrolopyrrole (dpp) d–a backbone,diketopyrrolopyrrole (dpp) d-a backbone,diketopyrrolopyrrole (dpp) d-a backbone,False,False,False,opsin_repair,,False,tidy_punct,,FAILURE,diketopyrrolopyrrole (dpp) d-a backbone is unparsable due to the following being uninterpretable: (dpp) d-a backbone The following was not parseable: pp) d-a backbone,,,,repair,tidy_punct,True,diketopyrrolopyrrole (dpp) d-a backbone,False,,,,,,,,,,,,,,,,
456,p(bgdpp-t),diketopyrrolopyrrole (dpp) d–a backbone,diketopyrrolopyrrole dpp d-a,diketopyrrolopyrrole (dpp) d-a backbone,False,False,False,fallback,TEXT_FALLBACK,False,no parse,,,,,,,,,True,,False,,,,,,,,,,,,,,,,
456,p(bgdpp-t),,,branchedethoxyethyl s-yl,False,False,False,template_expand,,True,[OPSIN-PREPROC] raw='branchedegsidechains' -> preprocessed='branchedethoxyethyl s-yl',,,,,,,,,,,,,,,branchedegsidechains,branchedethoxyethyl s-yl,False,False,True,False,False,unknown,low,True,"[{""name"": ""branchedegsidechains"", ""count"": 1}]",,
456,p(bgdpp-t),,,branchedethoxyethyl s-yl,False,False,False,sidechain_length,ALKYL_LENGTH,True,,CC,,,,,,,,,,,,,,branchedegsidechains,branchedethoxyethyl s-yl,False,False,True,False,False,,,,,,
456,p(bgdpp-t2),diketopyrrolopyrrole (dpp) d–a backbone,diketopyrrolopyrrole dpp d-a,diketopyrrolopyrrole (dpp) d-a backbone,False,False,False,opsin_direct,,False,,,FAILURE,diketopyrrolopyrrole (dpp) d-a backbone is unparsable due to the following being uninterpretable: (dpp) d-a backbone The following was not parseable: pp) d-a backbone,,,,direct,,True,diketopyrrolopyrrole (dpp) d-a backbone,True,fused_ring_prime_0_to_quote,diketopyrrolopyrrole (dpp) d–a backbone,diketopyrrolopyrrole (dpp) d-a backbone,,,,,,,,,,,,,
456,p(bgdpp-t2),diketopyrrolopyrrole (dpp) d–a backbone,diketopyrrolopyrrole (dpp) d-a backbone,diketopyrrolopyrrole (dpp) d-a backbone,False,False,False,opsin_repair,,False,drop_descriptors,,FAILURE,diketopyrrolopyrrole (dpp) d-a backbone is unparsable due to the following being uninterpretable: (dpp) d-a backbone The following was not parseable: pp) d-a backbone,,,,repair,drop_descriptors,True,diketopyrrolopyrrole (dpp) d-a backbone,False,,,,,,,,,,,,,,,,
456,p(bgdpp-t2),diketopyrrolopyrrole (dpp) d–a backbone,diketopyrrolopyrrole (dpp) d-a backbone,diketopyrrolopyrrole (dpp) d-a backbone,False,False,False,opsin_repair,,False,drop_substituted,,FAILURE,diketopyrrolopyrrole (dpp) d-a backbone is unparsable due to the following being uninterpretable: (dpp) d-a backbone The following was not parseable: pp) d-a backbone,,,,repair,drop_substituted,True,diketopyrrolopyrrole (dpp) d-a backbone,False,,,,,,,,,,,,,,,,
456,p(bgdpp-t2),diketopyrrolopyrrole (dpp) d–a backbone,diketopyrrolopyrrole (dpp) d-a backbone,diketopyrrolopyrrole (dpp) d-a backbone,False,False,False,opsin_repair,,False,tidy_punct,,FAILURE,diketopyrrolopyrrole (dpp) d-a backbone is unparsable due to the following being uninterpretable: (dpp) d-a backbone The following was not parseable: pp) d-a backbone,,,,repair,tidy_punct,True,diketopyrrolopyrrole (dpp) d-a backbone,False,,,,,,,,,,,,,,,,
456,p(bgdpp-t2),diketopyrrolopyrrole (dpp) d–a backbone,diketopyrrolopyrrole dpp d-a,diketopyrrolopyrrole (dpp) d-a backbone,False,False,False,fallback,TEXT_FALLBACK,False,no parse,,,,,,,,,True,,False,,,,,,,,,,,,,,,,
456,p(bgdpp-t2),,,branchedethoxyethyl s-yl,False,False,False,template_expand,,True,[OPSIN-PREPROC] raw='branchedegsidechains' -> preprocessed='branchedethoxyethyl s-yl',,,,,,,,,,,,,,,branchedegsidechains,branchedethoxyethyl s-yl,False,False,True,False,False,unknown,low,True,"[{""name"": ""branchedegsidechains"", ""count"": 1}]",,
456,p(bgdpp-t2),,,branchedethoxyethyl s-yl,False,False,False,sidechain_length,ALKYL_LENGTH,True,,CC,,,,,,,,,,,,,,branchedegsidechains,branchedethoxyethyl s-yl,False,False,True,False,False,,,,,,
456,p(lgdpp-meot2),diketopyrrolopyrrole (dpp) d–a backbone,diketopyrrolopyrrole dpp d-a,diketopyrrolopyrrole (dpp) d-a backbone,False,False,False,opsin_direct,,False,,,FAILURE,diketopyrrolopyrrole (dpp) d-a backbone is unparsable due to the following being uninterpretable: (dpp) d-a backbone The following was not parseable: pp) d-a backbone,,,,direct,,True,diketopyrrolopyrrole (dpp) d-a backbone,True,fused_ring_prime_0_to_quote,diketopyrrolopyrrole (dpp) d–a backbone,diketopyrrolopyrrole (dpp) d-a backbone,,,,,,,,,,,,,
456,p(lgdpp-meot2),diketopyrrolopyrrole (dpp) d–a backbone,diketopyrrolopyrrole (dpp) d-a backbone,diketopyrrolopyrrole (dpp) d-a backbone,False,False,False,opsin_repair,,False,drop_descriptors,,FAILURE,diketopyrrolopyrrole (dpp) d-a backbone is unparsable due to the following being uninterpretable: (dpp) d-a backbone The following was not parseable: pp) d-a backbone,,,,repair,drop_descriptors,True,diketopyrrolopyrrole (dpp) d-a backbone,False,,,,,,,,,,,,,,,,
456,p(lgdpp-meot2),diketopyrrolopyrrole (dpp) d–a backbone,diketopyrrolopyrrole (dpp) d-a backbone,diketopyrrolopyrrole (dpp) d-a backbone,False,False,False,opsin_repair,,False,drop_substituted,,FAILURE,diketopyrrolopyrrole (dpp) d-a backbone is unparsable due to the following being uninterpretable: (dpp) d-a backbone The following was not parseable: pp) d-a backbone,,,,repair,drop_substituted,True,diketopyrrolopyrrole (dpp) d-a backbone,False,,,,,,,,,,,,,,,,
456,p(lgdpp-meot2),diketopyrrolopyrrole (dpp) d–a backbone,diketopyrrolopyrrole (dpp) d-a backbone,diketopyrrolopyrrole (dpp) d-a backbone,False,False,False,opsin_repair,,False,tidy_punct,,FAILURE,diketopyrrolopyrrole (dpp) d-a backbone is unparsable due to the following being uninterpretable: (dpp) d-a backbone The following was not parseable: pp) d-a backbone,,,,repair,tidy_punct,True,diketopyrrolopyrrole (dpp) d-a backbone,False,,,,,,,,,,,,,,,,
456,p(lgdpp-meot2),diketopyrrolopyrrole (dpp) d–a backbone,diketopyrrolopyrrole dpp d-a,diketopyrrolopyrrole (dpp) d-a backbone,False,False,False,fallback,TEXT_FALLBACK,False,no parse,,,,,,,,,True,,False,,,,,,,,,,,,,,,,
456,p(bgdpp-meot2),diketopyrrolopyrrole (dpp) d–a backbone,diketopyrrolopyrrole dpp d-a,diketopyrrolopyrrole (dpp) d-a backbone,False,False,False,opsin_direct,,False,,,FAILURE,diketopyrrolopyrrole (dpp) d-a backbone is unparsable due to the following being uninterpretable: (dpp) d-a backbone The following was not parseable: pp) d-a backbone,,,,direct,,True,diketopyrrolopyrrole (dpp) d-a backbone,True,fused_ring_prime_0_to_quote,diketopyrrolopyrrole (dpp) d–a backbone,diketopyrrolopyrrole (dpp) d-a backbone,,,,,,,,,,,,,
456,p(bgdpp-meot2),diketopyrrolopyrrole (dpp) d–a backbone,diketopyrrolopyrrole (dpp) d-a backbone,diketopyrrolopyrrole (dpp) d-a backbone,False,False,False,opsin_repair,,False,drop_descriptors,,FAILURE,diketopyrrolopyrrole (dpp) d-a backbone is unparsable due to the following being uninterpretable: (dpp) d-a backbone The following was not parseable: pp) d-a backbone,,,,repair,drop_descriptors,True,diketopyrrolopyrrole (dpp) d-a backbone,False,,,,,,,,,,,,,,,,
456,p(bgdpp-meot2),diketopyrrolopyrrole (dpp) d–a backbone,diketopyrrolopyrrole (dpp) d-a backbone,diketopyrrolopyrrole (dpp) d-a backbone,False,False,False,opsin_repair,,False,drop_substituted,,FAILURE,diketopyrrolopyrrole (dpp) d-a backbone is unparsable due to the following being uninterpretable: (dpp) d-a backbone The following was not parseable: pp) d-a backbone,,,,repair,drop_substituted,True,diketopyrrolopyrrole (dpp) d-a backbone,False,,,,,,,,,,,,,,,,
456,p(bgdpp-meot2),diketopyrrolopyrrole (dpp) d–a backbone,diketopyrrolopyrrole (dpp) d-a backbone,diketopyrrolopyrrole (dpp) d-a backbone,False,False,False,opsin_repair,,False,tidy_punct,,FAILURE,diketopyrrolopyrrole (dpp) d-a backbone is unparsable due to the following being uninterpretable: (dpp) d-a backbone The following was not parseable: pp) d-a backbone,,,,repair,tidy_punct,True,diketopyrrolopyrrole (dpp) d-a backbone,False,,,,,,,,,,,,,,,,
456,p(bgdpp-meot2),diketopyrrolopyrrole (dpp) d–a backbone,diketopyrrolopyrrole dpp d-a,diketopyrrolopyrrole (dpp) d-a backbone,False,False,False,fallback,TEXT_FALLBACK,False,no parse,,,,,,,,,True,,False,,,,,,,,,,,,,,,,
456,p(bgdpp-meot2),,,branchedethoxyethyl s-yl,False,False,False,template_expand,,True,[OPSIN-PREPROC] raw='branchedegsidechains' -> preprocessed='branchedethoxyethyl s-yl',,,,,,,,,,,,,,,branchedegsidechains,branchedethoxyethyl s-yl,False,False,True,False,False,unknown,low,True,"[{""name"": ""branchedegsidechains"", ""count"": 1}]",,
456,p(bgdpp-meot2),,,branchedethoxyethyl s-yl,False,False,False,sidechain_length,ALKYL_LENGTH,True,,CC,,,,,,,,,,,,,,branchedegsidechains,branchedethoxyethyl s-yl,False,False,True,False,False,,,,,,
431,pdtfdpp16,poly(dithienoﬂuorene-alt-dithienoyldiketopyrrolopyrrole),poly dithienofluorene-alt-dithienoyldiketopyrrolopyrrole,poly(dithienofluorene-alt-dithienoyldiketopyrrolopyrrole),False,False,False,opsin_direct,,False,,,FAILURE,poly(dithienofluorene-alt-dithienoyldiketopyrrolopyrrole) is unparsable due to the following being uninterpretable: t-dithienoyldiketopyrrolopyrrole) The following was not parseable: t-dithienoyldiketopyrrolopyrrole),,,,direct,,True,poly(dithienofluorene-alt-dithienoyldiketopyrrolopyrrole),True,fused_ring_prime_0_to_quote,poly(dithienoﬂuorene-alt-dithienoyldiketopyrrolopyrrole),poly(dithienofluorene-alt-dithienoyldiketopyrrolopyrrole),,,,,,,,,,,,,
431,pdtfdpp16,poly(dithienoﬂuorene-alt-dithienoyldiketopyrrolopyrrole),poly(dithienofluorene-alt-dithienoyldiketopyrrolopyrrole),poly(dithienofluorene-alt-dithienoyldiketopyrrolopyrrole),False,False,False,opsin_repair,,False,drop_descriptors,,FAILURE,poly(dithienofluorene-alt-dithienoyldiketopyrrolopyrrole) is unparsable due to the following being uninterpretable: t-dithienoyldiketopyrrolopyrrole) The following was not parseable: t-dithienoyldiketopyrrolopyrrole),,,,repair,drop_descriptors,True,poly(dithienofluorene-alt-dithienoyldiketopyrrolopyrrole),False,,,,,,,,,,,,,,,,
431,pdtfdpp16,poly(dithienoﬂuorene-alt-dithienoyldiketopyrrolopyrrole),poly(dithienofluorene-alt-dithienoyldiketopyrrolopyrrole),poly(dithienofluorene-alt-dithienoyldiketopyrrolopyrrole),False,False,False,opsin_repair,,False,drop_substituted,,FAILURE,poly(dithienofluorene-alt-dithienoyldiketopyrrolopyrrole) is unparsable due to the following being uninterpretable: t-dithienoyldiketopyrrolopyrrole) The following was not parseable: t-dithienoyldiketopyrrolopyrrole),,,,repair,drop_substituted,True,poly(dithienofluorene-alt-dithienoyldiketopyrrolopyrrole),False,,,,,,,,,,,,,,,,
431,pdtfdpp16,poly(dithienoﬂuorene-alt-dithienoyldiketopyrrolopyrrole),poly(dithienofluorene-alt-dithienoyldiketopyrrolopyrrole),poly(dithienofluorene-alt-dithienoyldiketopyrrolopyrrole),False,False,False,opsin_repair,,False,tidy_punct,,FAILURE,poly(dithienofluorene-alt-dithienoyldiketopyrrolopyrrole) is unparsable due to the following being uninterpretable: t-dithienoyldiketopyrrolopyrrole) The following was not parseable: t-dithienoyldiketopyrrolopyrrole),,,,repair,tidy_punct,True,poly(dithienofluorene-alt-dithienoyldiketopyrrolopyrrole),False,,,,,,,,,,,,,,,,
431,pdtfdpp16,poly(dithienoﬂuorene-alt-dithienoyldiketopyrrolopyrrole),poly dithienofluorene-alt-dithienoyldiketopyrrolopyrrole,poly(dithienofluorene-alt-dithienoyldiketopyrrolopyrrole),False,False,False,fallback,TEXT_FALLBACK,False,no parse,,,,,,,,,True,,False,,,,,,,,,,,,,,,,
431,pdtfdpp20,poly(dithienoﬂuorene-alt-dithienoyldiketopyrrolopyrrole),poly dithienofluorene-alt-dithienoyldiketopyrrolopyrrole,poly(dithienofluorene-alt-dithienoyldiketopyrrolopyrrole),False,False,False,opsin_direct,,False,,,FAILURE,poly(dithienofluorene-alt-dithienoyldiketopyrrolopyrrole) is unparsable due to the following being uninterpretable: t-dithienoyldiketopyrrolopyrrole) The following was not parseable: t-dithienoyldiketopyrrolopyrrole),,,,direct,,True,poly(dithienofluorene-alt-dithienoyldiketopyrrolopyrrole),True,fused_ring_prime_0_to_quote,poly(dithienoﬂuorene-alt-dithienoyldiketopyrrolopyrrole),poly(dithienofluorene-alt-dithienoyldiketopyrrolopyrrole),,,,,,,,,,,,,
431,pdtfdpp20,poly(dithienoﬂuorene-alt-dithienoyldiketopyrrolopyrrole),poly(dithienofluorene-alt-dithienoyldiketopyrrolopyrrole),poly(dithienofluorene-alt-dithienoyldiketopyrrolopyrrole),False,False,False,opsin_repair,,False,drop_descriptors,,FAILURE,poly(dithienofluorene-alt-dithienoyldiketopyrrolopyrrole) is unparsable due to the following being uninterpretable: t-dithienoyldiketopyrrolopyrrole) The following was not parseable: t-dithienoyldiketopyrrolopyrrole),,,,repair,drop_descriptors,True,poly(dithienofluorene-alt-dithienoyldiketopyrrolopyrrole),False,,,,,,,,,,,,,,,,
431,pdtfdpp20,poly(dithienoﬂuorene-alt-dithienoyldiketopyrrolopyrrole),poly(dithienofluorene-alt-dithienoyldiketopyrrolopyrrole),poly(dithienofluorene-alt-dithienoyldiketopyrrolopyrrole),False,False,False,opsin_repair,,False,drop_substituted,,FAILURE,poly(dithienofluorene-alt-dithienoyldiketopyrrolopyrrole) is unparsable due to the following being uninterpretable: t-dithienoyldiketopyrrolopyrrole) The following was not parseable: t-dithienoyldiketopyrrolopyrrole),,,,repair,drop_substituted,True,poly(dithienofluorene-alt-dithienoyldiketopyrrolopyrrole),False,,,,,,,,,,,,,,,,
431,pdtfdpp20,poly(dithienoﬂuorene-alt-dithienoyldiketopyrrolopyrrole),poly(dithienofluorene-alt-dithienoyldiketopyrrolopyrrole),poly(dithienofluorene-alt-dithienoyldiketopyrrolopyrrole),False,False,False,opsin_repair,,False,tidy_punct,,FAILURE,poly(dithienofluorene-alt-dithienoyldiketopyrrolopyrrole) is unparsable due to the following being uninterpretable: t-dithienoyldiketopyrrolopyrrole) The following was not parseable: t-dithienoyldiketopyrrolopyrrole),,,,repair,tidy_punct,True,poly(dithienofluorene-alt-dithienoyldiketopyrrolopyrrole),False,,,,,,,,,,,,,,,,
431,pdtfdpp20,poly(dithienoﬂuorene-alt-dithienoyldiketopyrrolopyrrole),poly dithienofluorene-alt-dithienoyldiketopyrrolopyrrole,poly(dithienofluorene-alt-dithienoyldiketopyrrolopyrrole),False,False,False,fallback,TEXT_FALLBACK,False,no parse,,,,,,,,,True,,False,,,,,,,,,,,,,,,,
431,pdtfdpp20,poly(dithienoﬂuorene-alt-dithienoyldiketopyrrolopyrrole),poly dithienofluorene-alt-dithienoyldiketopyrrolopyrrole,poly(dithienofluorene-alt-dithienoyldiketopyrrolopyrrole),False,False,False,opsin_direct,,False,,,FAILURE,poly(dithienofluorene-alt-dithienoyldiketopyrrolopyrrole) is unparsable due to the following being uninterpretable: t-dithienoyldiketopyrrolopyrrole) The following was not parseable: t-dithienoyldiketopyrrolopyrrole),,,,direct,,True,poly(dithienofluorene-alt-dithienoyldiketopyrrolopyrrole),True,fused_ring_prime_0_to_quote,poly(dithienoﬂuorene-alt-dithienoyldiketopyrrolopyrrole),poly(dithienofluorene-alt-dithienoyldiketopyrrolopyrrole),,,,,,,,,,,,,
431,pdtfdpp20,poly(dithienoﬂuorene-alt-dithienoyldiketopyrrolopyrrole),poly(dithienofluorene-alt-dithienoyldiketopyrrolopyrrole),poly(dithienofluorene-alt-dithienoyldiketopyrrolopyrrole),False,False,False,opsin_repair,,False,drop_descriptors,,FAILURE,poly(dithienofluorene-alt-dithienoyldiketopyrrolopyrrole) is unparsable due to the following being uninterpretable: t-dithienoyldiketopyrrolopyrrole) The following was not parseable: t-dithienoyldiketopyrrolopyrrole),,,,repair,drop_descriptors,True,poly(dithienofluorene-alt-dithienoyldiketopyrrolopyrrole),False,,,,,,,,,,,,,,,,
431,pdtfdpp20,poly(dithienoﬂuorene-alt-dithienoyldiketopyrrolopyrrole),poly(dithienofluorene-alt-dithienoyldiketopyrrolopyrrole),poly(dithienofluorene-alt-dithienoyldiketopyrrolopyrrole),False,False,False,opsin_repair,,False,drop_substituted,,FAILURE,poly(dithienofluorene-alt-dithienoyldiketopyrrolopyrrole) is unparsable due to the following being uninterpretable: t-dithienoyldiketopyrrolopyrrole) The following was not parseable: t-dithienoyldiketopyrrolopyrrole),,,,repair,drop_substituted,True,poly(dithienofluorene-alt-dithienoyldiketopyrrolopyrrole),False,,,,,,,,,,,,,,,,
431,pdtfdpp20,poly(dithienoﬂuorene-alt-dithienoyldiketopyrrolopyrrole),poly(dithienofluorene-alt-dithienoyldiketopyrrolopyrrole),poly(dithienofluorene-alt-dithienoyldiketopyrrolopyrrole),False,False,False,opsin_repair,,False,tidy_punct,,FAILURE,poly(dithienofluorene-alt-dithienoyldiketopyrrolopyrrole) is unparsable due to the following being uninterpretable: t-dithienoyldiketopyrrolopyrrole) The following was not parseable: t-dithienoyldiketopyrrolopyrrole),,,,repair,tidy_punct,True,poly(dithienofluorene-alt-dithienoyldiketopyrrolopyrrole),False,,,,,,,,,,,,,,,,
431,pdtfdpp20,poly(dithienoﬂuorene-alt-dithienoyldiketopyrrolopyrrole),poly dithienofluorene-alt-dithienoyldiketopyrrolopyrrole,poly(dithienofluorene-alt-dithienoyldiketopyrrolopyrrole),False,False,False,fallback,TEXT_FALLBACK,False,no parse,,,,,,,,,True,,False,,,,,,,,,,,,,,,,
431,pdtfdpp32,poly(dithienoﬂuorene-alt-dithienoyldiketopyrrolopyrrole),poly dithienofluorene-alt-dithienoyldiketopyrrolopyrrole,poly(dithienofluorene-alt-dithienoyldiketopyrrolopyrrole),False,False,False,opsin_direct,,False,,,FAILURE,poly(dithienofluorene-alt-dithienoyldiketopyrrolopyrrole) is unparsable due to the following being uninterpretable: t-dithienoyldiketopyrrolopyrrole) The following was not parseable: t-dithienoyldiketopyrrolopyrrole),,,,direct,,True,poly(dithienofluorene-alt-dithienoyldiketopyrrolopyrrole),True,fused_ring_prime_0_to_quote,poly(dithienoﬂuorene-alt-dithienoyldiketopyrrolopyrrole),poly(dithienofluorene-alt-dithienoyldiketopyrrolopyrrole),,,,,,,,,,,,,
431,pdtfdpp32,poly(dithienoﬂuorene-alt-dithienoyldiketopyrrolopyrrole),poly(dithienofluorene-alt-dithienoyldiketopyrrolopyrrole),poly(dithienofluorene-alt-dithienoyldiketopyrrolopyrrole),False,False,False,opsin_repair,,False,drop_descriptors,,FAILURE,poly(dithienofluorene-alt-dithienoyldiketopyrrolopyrrole) is unparsable due to the following being uninterpretable: t-dithienoyldiketopyrrolopyrrole) The following was not parseable: t-dithienoyldiketopyrrolopyrrole),,,,repair,drop_descriptors,True,poly(dithienofluorene-alt-dithienoyldiketopyrrolopyrrole),False,,,,,,,,,,,,,,,,
431,pdtfdpp32,poly(dithienoﬂuorene-alt-dithienoyldiketopyrrolopyrrole),poly(dithienofluorene-alt-dithienoyldiketopyrrolopyrrole),poly(dithienofluorene-alt-dithienoyldiketopyrrolopyrrole),False,False,False,opsin_repair,,False,drop_substituted,,FAILURE,poly(dithienofluorene-alt-dithienoyldiketopyrrolopyrrole) is unparsable due to the following being uninterpretable: t-dithienoyldiketopyrrolopyrrole) The following was not parseable: t-dithienoyldiketopyrrolopyrrole),,,,repair,drop_substituted,True,poly(dithienofluorene-alt-dithienoyldiketopyrrolopyrrole),False,,,,,,,,,,,,,,,,
431,pdtfdpp32,poly(dithienoﬂuorene-alt-dithienoyldiketopyrrolopyrrole),poly(dithienofluorene-alt-dithienoyldiketopyrrolopyrrole),poly(dithienofluorene-alt-dithienoyldiketopyrrolopyrrole),False,False,False,opsin_repair,,False,tidy_punct,,FAILURE,poly(dithienofluorene-alt-dithienoyldiketopyrrolopyrrole) is unparsable due to the following being uninterpretable: t-dithienoyldiketopyrrolopyrrole) The following was not parseable: t-dithienoyldiketopyrrolopyrrole),,,,repair,tidy_punct,True,poly(dithienofluorene-alt-dithienoyldiketopyrrolopyrrole),False,,,,,,,,,,,,,,,,
431,pdtfdpp32,poly(dithienoﬂuorene-alt-dithienoyldiketopyrrolopyrrole),poly dithienofluorene-alt-dithienoyldiketopyrrolopyrrole,poly(dithienofluorene-alt-dithienoyldiketopyrrolopyrrole),False,False,False,fallback,TEXT_FALLBACK,False,no parse,,,,,,,,,True,,False,,,,,,,,,,,,,,,,
454,p(dpp-dtt-ms)-pe cleaved,"diketopyrrolopyrrole-thieno[3,2-b]thiophene",diketopyrrolopyrrole-thieno 3 2-b thiophene,"diketopyrrolopyrrole-thieno[3,2-b]thiophene",False,False,False,opsin_direct,OPSIN,True,,O=c1nc2ccnc-2c1=O.c1cc2sccc2s1,CACHE_HIT,,,True,1.0,direct,,True,"diketopyrrolopyrrole-thieno[3,2-b]thiophene",False,,,,,,,,,,,,,,,,
454,p(dpp-dtt-ms)-pe cleaved,,,multistagecleavable sbenzylphenylenoxylinker-yl,False,False,False,template_expand,,True,[OPSIN-PREPROC] raw='multistagecleavablesidechainsbenzylphenoxylinker' -> preprocessed='multistagecleavable sbenzylphenylenoxylinker-yl',,,,,,,,,,,,,,,multistagecleavablesidechainsbenzylphenoxylinker,multistagecleavable sbenzylphenylenoxylinker-yl,False,False,True,False,False,unknown,low,True,"[{""name"": ""multistagecleavablesidechainsbenzylphenoxylinker"", ""count"": 1}]",,
454,p(dpp-dtt-ms)-pe cleaved,,,multistagecleavable sbenzylphenylenoxylinker-yl,False,False,False,sidechain_non_opsin_compatible,NON_OPSIN_COMPATIBLE,False,ineligible,,,,,,,,,,,,,,,multistagecleavablesidechainsbenzylphenoxylinker,multistagecleavable sbenzylphenylenoxylinker-yl,False,False,True,False,False,,,,,,
454,p(dpp-dtt),"diketopyrrolopyrrole-thieno[3,2-b]thiophene",diketopyrrolopyrrole-thieno 3 2-b thiophene,"diketopyrrolopyrrole-thieno[3,2-b]thiophene",False,False,False,opsin_direct,OPSIN,True,,O=c1nc2ccnc-2c1=O.c1cc2sccc2s1,CACHE_HIT,,,True,1.0,direct,,True,"diketopyrrolopyrrole-thieno[3,2-b]thiophene",False,,,,,,,,,,,,,,,,
454,p(dpp-dtt),,,2-octyldomethyl-0- s-yl,False,False,False,template_expand,,True,[OPSIN-PREPROC] raw='2-c8doc10sidechains' -> preprocessed='2-octyldomethyl-0- s-yl',,,,,,,,,,,,,,,2-c8doc10sidechains,2-octyldomethyl-0- s-yl,False,False,True,False,False,unknown,low,True,"[{""name"": ""2-c8doc10sidechains"", ""count"": 1}]",,
454,p(dpp-dtt),,,2-octyldomethyl-0- s-yl,False,False,False,sidechain_length,ALKYL_LENGTH,True,,C,,,,,,,,,,,,,,2-c8doc10sidechains,2-octyldomethyl-0- s-yl,False,False,True,False,False,,,,,,
498,pidt-3t,idt+3t,idt+3-t,idt+3t,False,False,False,opsin_direct,,False,,,FAILURE,idt+3t is unparsable due to the following being uninterpretable: idt+3t The following was not parseable: t+3t,,,,direct,,True,idt+3t,False,,,,,,,,,,,,,,,,
498,pidt-3t,idt+3t,idt+3t,idt+3t,False,False,False,opsin_repair,,False,drop_descriptors,,FAILURE,idt+3t is unparsable due to the following being uninterpretable: idt+3t The following was not parseable: t+3t,,,,repair,drop_descriptors,True,idt+3t,False,,,,,,,,,,,,,,,,
498,pidt-3t,idt+3t,idt+3t,idt+3t,False,False,False,opsin_repair,,False,drop_substituted,,FAILURE,idt+3t is unparsable due to the following being uninterpretable: idt+3t The following was not parseable: t+3t,,,,repair,drop_substituted,True,idt+3t,False,,,,,,,,,,,,,,,,
498,pidt-3t,idt+3t,idt+3t,idt+3t,False,False,False,opsin_repair,,False,tidy_punct,,FAILURE,idt+3t is unparsable due to the following being uninterpretable: idt+3t The following was not parseable: t+3t,,,,repair,tidy_punct,True,idt+3t,False,,,,,,,,,,,,,,,,
498,pidt-3t,idt+3t,idt+3-t,idt+3t,False,False,False,fallback,TEXT_FALLBACK,False,no parse,,,,,,,,,True,,False,,,,,,,,,,,,,,,,
498,pidt-3t,,,dioctyl,False,False,False,template_expand,,True,[OPSIN-PREPROC] raw='dic8' -> preprocessed='dioctyl',,,,,,,,,,,,,,,dic8,dioctyl,False,False,False,False,False,unknown,low,True,"[{""name"": ""dic8"", ""count"": 1}]",,
498,pidt-3t,,,dioctyl,False,False,False,sidechain_length,ALKYL_LENGTH,True,,CCCCCCCC,,,,,,,,,,,,,,dic8,dioctyl,False,False,False,False,False,,,,,,
498,pbidt-3t,bidt+3t,bidt+3-t,bidt+3t,False,False,False,opsin_direct,,False,,,FAILURE,bidt+3t is unparsable due to the following being uninterpretable: bidt+3t The following was not parseable: dt+3t,,,,direct,,True,bidt+3t,False,,,,,,,,,,,,,,,,
498,pbidt-3t,bidt+3t,bidt+3t,bidt+3t,False,False,False,opsin_repair,,False,drop_descriptors,,FAILURE,bidt+3t is unparsable due to the following being uninterpretable: bidt+3t The following was not parseable: dt+3t,,,,repair,drop_descriptors,True,bidt+3t,False,,,,,,,,,,,,,,,,
498,pbidt-3t,bidt+3t,bidt+3t,bidt+3t,False,False,False,opsin_repair,,False,drop_substituted,,FAILURE,bidt+3t is unparsable due to the following being uninterpretable: bidt+3t The following was not parseable: dt+3t,,,,repair,drop_substituted,True,bidt+3t,False,,,,,,,,,,,,,,,,
498,pbidt-3t,bidt+3t,bidt+3t,bidt+3t,False,False,False,opsin_repair,,False,tidy_punct,,FAILURE,bidt+3t is unparsable due to the following being uninterpretable: bidt+3t The following was not parseable: dt+3t,,,,repair,tidy_punct,True,bidt+3t,False,,,,,,,,,,,,,,,,
498,pbidt-3t,bidt+3t,bidt+3-t,bidt+3t,False,False,False,fallback,TEXT_FALLBACK,False,no parse,,,,,,,,,True,,False,,,,,,,,,,,,,,,,
498,pbidt-3t,,,phenylenyl sin-yl,False,False,False,template_expand,,True,[OPSIN-PREPROC] raw='phenylgroupsinsidechain' -> preprocessed='phenylenyl sin-yl',,,,,,,,,,,,,,,phenylgroupsinsidechain,phenylenyl sin-yl,False,False,True,False,False,unknown,low,True,"[{""name"": ""phenylgroupsinsidechain"", ""count"": 1}]",,
498,pbidt-3t,,,phenylenyl sin-yl,False,False,False,sidechain_non_opsin_compatible,NON_OPSIN_COMPATIBLE,False,ineligible,,,,,,,,,,,,,,,phenylgroupsinsidechain,phenylenyl sin-yl,False,False,True,False,False,,,,,,
498,pbidtt-3t,bidtt+3t,bidtt+3-t,bidtt+3t,False,False,False,opsin_direct,,False,,,FAILURE,bidtt+3t is unparsable due to the following being uninterpretable: bidtt+3t The following was not parseable: dtt+3t,,,,direct,,True,bidtt+3t,False,,,,,,,,,,,,,,,,
498,pbidtt-3t,bidtt+3t,bidtt+3t,bidtt+3t,False,False,False,opsin_repair,,False,drop_descriptors,,FAILURE,bidtt+3t is unparsable due to the following being uninterpretable: bidtt+3t The following was not parseable: dtt+3t,,,,repair,drop_descriptors,True,bidtt+3t,False,,,,,,,,,,,,,,,,
498,pbidtt-3t,bidtt+3t,bidtt+3t,bidtt+3t,False,False,False,opsin_repair,,False,drop_substituted,,FAILURE,bidtt+3t is unparsable due to the following being uninterpretable: bidtt+3t The following was not parseable: dtt+3t,,,,repair,drop_substituted,True,bidtt+3t,False,,,,,,,,,,,,,,,,
498,pbidtt-3t,bidtt+3t,bidtt+3t,bidtt+3t,False,False,False,opsin_repair,,False,tidy_punct,,FAILURE,bidtt+3t is unparsable due to the following being uninterpretable: bidtt+3t The following was not parseable: dtt+3t,,,,repair,tidy_punct,True,bidtt+3t,False,,,,,,,,,,,,,,,,
498,pbidtt-3t,bidtt+3t,bidtt+3-t,bidtt+3t,False,False,False,fallback,TEXT_FALLBACK,False,no parse,,,,,,,,,True,,False,,,,,,,,,,,,,,,,
498,pbidtt-3t,,,conjugatedphenylenyl s-yl,False,False,False,template_expand,,True,[OPSIN-PREPROC] raw='conjugatedphenylgroups' -> preprocessed='conjugatedphenylenyl s-yl',,,,,,,,,,,,,,,conjugatedphenylgroups,conjugatedphenylenyl s-yl,False,False,True,False,False,unknown,low,True,"[{""name"": ""conjugatedphenylgroups"", ""count"": 1}]",,
498,pbidtt-3t,,,conjugatedphenylenyl s-yl,False,False,False,sidechain_non_opsin_compatible,NON_OPSIN_COMPATIBLE,False,ineligible,,,,,,,,,,,,,,,conjugatedphenylgroups,conjugatedphenylenyl s-yl,False,False,True,False,False,,,,,,
498,pidt-dpp,idt+dpp,idt+dpp,idt+dpp,False,False,False,opsin_direct,,False,,,FAILURE,idt+dpp is unparsable due to the following being uninterpretable: idt+dpp The following was not parseable: t+dpp,,,,direct,,True,idt+dpp,False,,,,,,,,,,,,,,,,
498,pidt-dpp,idt+dpp,idt+dpp,idt+dpp,False,False,False,opsin_repair,,False,drop_descriptors,,FAILURE,idt+dpp is unparsable due to the following being uninterpretable: idt+dpp The following was not parseable: t+dpp,,,,repair,drop_descriptors,True,idt+dpp,False,,,,,,,,,,,,,,,,
498,pidt-dpp,idt+dpp,idt+dpp,idt+dpp,False,False,False,opsin_repair,,False,drop_substituted,,FAILURE,idt+dpp is unparsable due to the following being uninterpretable: idt+dpp The following was not parseable: t+dpp,,,,repair,drop_substituted,True,idt+dpp,False,,,,,,,,,,,,,,,,
498,pidt-dpp,idt+dpp,idt+dpp,idt+dpp,False,False,False,opsin_repair,,False,tidy_punct,,FAILURE,idt+dpp is unparsable due to the following being uninterpretable: idt+dpp The following was not parseable: t+dpp,,,,repair,tidy_punct,True,idt+dpp,False,,,,,,,,,,,,,,,,
498,pidt-dpp,idt+dpp,idt+dpp,idt+dpp,False,False,False,fallback,TEXT_FALLBACK,False,no parse,,,,,,,,,True,,False,,,,,,,,,,,,,,,,
498,pidt-dpp,,,-yl,False,False,False,template_expand,,True,[OPSIN-PREPROC] raw='' -> preprocessed='-yl',,,,,,,,,,,,,,,,-yl,False,False,True,False,False,unknown,low,True,"[{""name"": """", ""count"": 1}]",,
498,pidt-dpp,,,-yl,False,False,False,sidechain_non_opsin_compatible,NON_OPSIN_COMPATIBLE,False,ineligible,,,,,,,,,,,,,,,,-yl,False,False,True,False,False,,,,,,
498,pbidt-dpp,bidt+dpp,bidt+dpp,bidt+dpp,False,False,False,opsin_direct,,False,,,FAILURE,bidt+dpp is unparsable due to the following being uninterpretable: bidt+dpp The following was not parseable: dt+dpp,,,,direct,,True,bidt+dpp,False,,,,,,,,,,,,,,,,
498,pbidt-dpp,bidt+dpp,bidt+dpp,bidt+dpp,False,False,False,opsin_repair,,False,drop_descriptors,,FAILURE,bidt+dpp is unparsable due to the following being uninterpretable: bidt+dpp The following was not parseable: dt+dpp,,,,repair,drop_descriptors,True,bidt+dpp,False,,,,,,,,,,,,,,,,
498,pbidt-dpp,bidt+dpp,bidt+dpp,bidt+dpp,False,False,False,opsin_repair,,False,drop_substituted,,FAILURE,bidt+dpp is unparsable due to the following being uninterpretable: bidt+dpp The following was not parseable: dt+dpp,,,,repair,drop_substituted,True,bidt+dpp,False,,,,,,,,,,,,,,,,
498,pbidt-dpp,bidt+dpp,bidt+dpp,bidt+dpp,False,False,False,opsin_repair,,False,tidy_punct,,FAILURE,bidt+dpp is unparsable due to the following being uninterpretable: bidt+dpp The following was not parseable: dt+dpp,,,,repair,tidy_punct,True,bidt+dpp,False,,,,,,,,,,,,,,,,
498,pbidt-dpp,bidt+dpp,bidt+dpp,bidt+dpp,False,False,False,fallback,TEXT_FALLBACK,False,no parse,,,,,,,,,True,,False,,,,,,,,,,,,,,,,
498,pbidt-dpp,,,phenylenyl sin-yl,False,False,False,template_expand,,True,[OPSIN-PREPROC] raw='phenylgroupsinsidechain' -> preprocessed='phenylenyl sin-yl',,,,,,,,,,,,,,,phenylgroupsinsidechain,phenylenyl sin-yl,False,False,True,False,False,unknown,low,True,"[{""name"": ""phenylgroupsinsidechain"", ""count"": 1}]",,
498,pbidt-dpp,,,phenylenyl sin-yl,False,False,False,sidechain_non_opsin_compatible,NON_OPSIN_COMPATIBLE,False,ineligible,,,,,,,,,,,,,,,phenylgroupsinsidechain,phenylenyl sin-yl,False,False,True,False,False,,,,,,
498,pbidtt-dpp,bidtt+dpp,bidtt+dpp,bidtt+dpp,False,False,False,opsin_direct,,False,,,FAILURE,bidtt+dpp is unparsable due to the following being uninterpretable: bidtt+dpp The following was not parseable: dtt+dpp,,,,direct,,True,bidtt+dpp,False,,,,,,,,,,,,,,,,
498,pbidtt-dpp,bidtt+dpp,bidtt+dpp,bidtt+dpp,False,False,False,opsin_repair,,False,drop_descriptors,,FAILURE,bidtt+dpp is unparsable due to the following being uninterpretable: bidtt+dpp The following was not parseable: dtt+dpp,,,,repair,drop_descriptors,True,bidtt+dpp,False,,,,,,,,,,,,,,,,
498,pbidtt-dpp,bidtt+dpp,bidtt+dpp,bidtt+dpp,False,False,False,opsin_repair,,False,drop_substituted,,FAILURE,bidtt+dpp is unparsable due to the following being uninterpretable: bidtt+dpp The following was not parseable: dtt+dpp,,,,repair,drop_substituted,True,bidtt+dpp,False,,,,,,,,,,,,,,,,
498,pbidtt-dpp,bidtt+dpp,bidtt+dpp,bidtt+dpp,False,False,False,opsin_repair,,False,tidy_punct,,FAILURE,bidtt+dpp is unparsable due to the following being uninterpretable: bidtt+dpp The following was not parseable: dtt+dpp,,,,repair,tidy_punct,True,bidtt+dpp,False,,,,,,,,,,,,,,,,
498,pbidtt-dpp,bidtt+dpp,bidtt+dpp,bidtt+dpp,False,False,False,fallback,TEXT_FALLBACK,False,no parse,,,,,,,,,True,,False,,,,,,,,,,,,,,,,
498,pbidtt-dpp,,,conjugatedphenylenyl s-yl,False,False,False,template_expand,,True,[OPSIN-PREPROC] raw='conjugatedphenylgroups' -> preprocessed='conjugatedphenylenyl s-yl',,,,,,,,,,,,,,,conjugatedphenylgroups,conjugatedphenylenyl s-yl,False,False,True,False,False,unknown,low,True,"[{""name"": ""conjugatedphenylgroups"", ""count"": 1}]",,
498,pbidtt-dpp,,,conjugatedphenylenyl s-yl,False,False,False,sidechain_non_opsin_compatible,NON_OPSIN_COMPATIBLE,False,ineligible,,,,,,,,,,,,,,,conjugatedphenylgroups,conjugatedphenylenyl s-yl,False,False,True,False,False,,,,,,
405,poly(th-bdtbdt-th),"2,6-bis(thiophen-2-yl)-4,8-bis(5-dodecylthiophen-2-yl)benzo[1,2-b:4,5-b0]dithiophene",2 6-bis thiophen-2-yl -4 8-bis 5-dodecylthiophen-2-yl benzo 1 2-b 4 5-b-0 dithiophene,"2,6-bis(thiophen-2-yl)-4,8-bis(5-dodecylthiophen-2-yl)benzo[1,2-b:4,5-b']dithiophene",False,False,False,opsin_direct,OPSIN,True,,CCCCCCCCCCCCc1ccc(-c2c3cc(-c4cccs4)sc3c(-c3ccc(CCCCCCCCCCCC)s3)c3cc(-c4cccs4)sc23)s1,CACHE_HIT,,,False,0.0,direct,,True,"2,6-bis(thiophen-2-yl)-4,8-bis(5-dodecylthiophen-2-yl)benzo[1,2-b:4,5-b']dithiophene",True,fused_ring_prime_0_to_quote,"2,6-bis(thiophen-2-yl)-4,8-bis(5-dodecylthiophen-2-yl)benzo[1,2-b:4,5-b0]dithiophene","2,6-bis(thiophen-2-yl)-4,8-bis(5-dodecylthiophen-2-yl)benzo[1,2-b:4,5-b']dithiophene",,,,,,,,,,,,,
405,poly(th-bdtbdt-th),,,domethyl-0- s-yl,False,False,False,template_expand,,True,[OPSIN-PREPROC] raw='doc10sidechains' -> preprocessed='domethyl-0- s-yl',,,,,,,,,,,,,,,doc10sidechains,domethyl-0- s-yl,False,False,True,False,False,unknown,low,True,"[{""name"": ""doc10sidechains"", ""count"": 1}]",,
405,poly(th-bdtbdt-th),,,domethyl-0- s-yl,False,False,False,sidechain_length,ALKYL_LENGTH,True,,C,,,,,,,,,,,,,,doc10sidechains,domethyl-0- s-yl,False,False,True,False,False,,,,,,
405,poly(th-bdtbdt-th),"2,6-bis(thiophen-2-yl)-4,8-bis(5-dodecylthiophen-2-yl)benzo[1,2-b:4,5-b0]dithiophene",2 6-bis thiophen-2-yl -4 8-bis 5-dodecylthiophen-2-yl benzo 1 2-b 4 5-b-0 dithiophene,"2,6-bis(thiophen-2-yl)-4,8-bis(5-dodecylthiophen-2-yl)benzo[1,2-b:4,5-b']dithiophene",False,False,False,opsin_direct,OPSIN,True,,CCCCCCCCCCCCc1ccc(-c2c3cc(-c4cccs4)sc3c(-c3ccc(CCCCCCCCCCCC)s3)c3cc(-c4cccs4)sc23)s1,CACHE_HIT,,,False,0.0,direct,,True,"2,6-bis(thiophen-2-yl)-4,8-bis(5-dodecylthiophen-2-yl)benzo[1,2-b:4,5-b']dithiophene",True,fused_ring_prime_0_to_quote,"2,6-bis(thiophen-2-yl)-4,8-bis(5-dodecylthiophen-2-yl)benzo[1,2-b:4,5-b0]dithiophene","2,6-bis(thiophen-2-yl)-4,8-bis(5-dodecylthiophen-2-yl)benzo[1,2-b:4,5-b']dithiophene",,,,,,,,,,,,,
405,poly(th-bdtbdt-th),,,domethyl-0- s-yl,False,False,False,template_expand,,True,[OPSIN-PREPROC] raw='doc10sidechains' -> preprocessed='domethyl-0- s-yl',,,,,,,,,,,,,,,doc10sidechains,domethyl-0- s-yl,False,False,True,False,False,unknown,low,True,"[{""name"": ""doc10sidechains"", ""count"": 1}]",,
405,poly(th-bdtbdt-th),,,domethyl-0- s-yl,False,False,False,sidechain_length,ALKYL_LENGTH,True,,C,,,,,,,,,,,,,,doc10sidechains,domethyl-0- s-yl,False,False,True,False,False,,,,,,
405,poly(th-bdtbdt-th),"2,6-bis(thiophen-2-yl)-4,8-bis(5-dodecylthiophen-2-yl)benzo[1,2-b:4,5-b0]dithiophene",2 6-bis thiophen-2-yl -4 8-bis 5-dodecylthiophen-2-yl benzo 1 2-b 4 5-b-0 dithiophene,"2,6-bis(thiophen-2-yl)-4,8-bis(5-dodecylthiophen-2-yl)benzo[1,2-b:4,5-b']dithiophene",False,False,False,opsin_direct,OPSIN,True,,CCCCCCCCCCCCc1ccc(-c2c3cc(-c4cccs4)sc3c(-c3ccc(CCCCCCCCCCCC)s3)c3cc(-c4cccs4)sc23)s1,CACHE_HIT,,,False,0.0,direct,,True,"2,6-bis(thiophen-2-yl)-4,8-bis(5-dodecylthiophen-2-yl)benzo[1,2-b:4,5-b']dithiophene",True,fused_ring_prime_0_to_quote,"2,6-bis(thiophen-2-yl)-4,8-bis(5-dodecylthiophen-2-yl)benzo[1,2-b:4,5-b0]dithiophene","2,6-bis(thiophen-2-yl)-4,8-bis(5-dodecylthiophen-2-yl)benzo[1,2-b:4,5-b']dithiophene",,,,,,,,,,,,,
405,poly(th-bdtbdt-th),,,domethyl-0- s-yl,False,False,False,template_expand,,True,[OPSIN-PREPROC] raw='doc10sidechains' -> preprocessed='domethyl-0- s-yl',,,,,,,,,,,,,,,doc10sidechains,domethyl-0- s-yl,False,False,True,False,False,unknown,low,True,"[{""name"": ""doc10sidechains"", ""count"": 1}]",,
405,poly(th-bdtbdt-th),,,domethyl-0- s-yl,False,False,False,sidechain_length,ALKYL_LENGTH,True,,C,,,,,,,,,,,,,,doc10sidechains,domethyl-0- s-yl,False,False,True,False,False,,,,,,
405,poly(bdtbdt),"4,8-bis(5-dodecylthiophen-2-yl)benzo[1,2-b:4,5-b0]dithiophene",4 8-bis 5-dodecylthiophen-2-yl benzo 1 2-b 4 5-b-0 dithiophene,"4,8-bis(5-dodecylthiophen-2-yl)benzo[1,2-b:4,5-b']dithiophene",False,False,False,opsin_direct,OPSIN,True,,CCCCCCCCCCCCc1ccc(-c2c3ccsc3c(-c3ccc(CCCCCCCCCCCC)s3)c3ccsc23)s1,CACHE_HIT,,,False,0.0,direct,,True,"4,8-bis(5-dodecylthiophen-2-yl)benzo[1,2-b:4,5-b']dithiophene",True,fused_ring_prime_0_to_quote,"4,8-bis(5-dodecylthiophen-2-yl)benzo[1,2-b:4,5-b0]dithiophene","4,8-bis(5-dodecylthiophen-2-yl)benzo[1,2-b:4,5-b']dithiophene",,,,,,,,,,,,,
405,poly(bdtbdt),,,domethyl-0- s-yl,False,False,False,template_expand,,True,[OPSIN-PREPROC] raw='doc10sidechains' -> preprocessed='domethyl-0- s-yl',,,,,,,,,,,,,,,doc10sidechains,domethyl-0- s-yl,False,False,True,False,False,unknown,low,True,"[{""name"": ""doc10sidechains"", ""count"": 1}]",,
405,poly(bdtbdt),,,domethyl-0- s-yl,False,False,False,sidechain_length,ALKYL_LENGTH,True,,C,,,,,,,,,,,,,,doc10sidechains,domethyl-0- s-yl,False,False,True,False,False,,,,,,
405,poly(bdtbdt),"4,8-bis(5-dodecylthiophen-2-yl)benzo[1,2-b:4,5-b0]dithiophene",4 8-bis 5-dodecylthiophen-2-yl benzo 1 2-b 4 5-b-0 dithiophene,"4,8-bis(5-dodecylthiophen-2-yl)benzo[1,2-b:4,5-b']dithiophene",False,False,False,opsin_direct,OPSIN,True,,CCCCCCCCCCCCc1ccc(-c2c3ccsc3c(-c3ccc(CCCCCCCCCCCC)s3)c3ccsc23)s1,CACHE_HIT,,,False,0.0,direct,,True,"4,8-bis(5-dodecylthiophen-2-yl)benzo[1,2-b:4,5-b']dithiophene",True,fused_ring_prime_0_to_quote,"4,8-bis(5-dodecylthiophen-2-yl)benzo[1,2-b:4,5-b0]dithiophene","4,8-bis(5-dodecylthiophen-2-yl)benzo[1,2-b:4,5-b']dithiophene",,,,,,,,,,,,,
405,poly(bdtbdt),,,domethyl-0- s-yl,False,False,False,template_expand,,True,[OPSIN-PREPROC] raw='doc10sidechains' -> preprocessed='domethyl-0- s-yl',,,,,,,,,,,,,,,doc10sidechains,domethyl-0- s-yl,False,False,True,False,False,unknown,low,True,"[{""name"": ""doc10sidechains"", ""count"": 1}]",,
405,poly(bdtbdt),,,domethyl-0- s-yl,False,False,False,sidechain_length,ALKYL_LENGTH,True,,C,,,,,,,,,,,,,,doc10sidechains,domethyl-0- s-yl,False,False,True,False,False,,,,,,
405,poly(bdtbdt),"4,8-bis(5-dodecylthiophen-2-yl)benzo[1,2-b:4,5-b0]dithiophene",4 8-bis 5-dodecylthiophen-2-yl benzo 1 2-b 4 5-b-0 dithiophene,"4,8-bis(5-dodecylthiophen-2-yl)benzo[1,2-b:4,5-b']dithiophene",False,False,False,opsin_direct,OPSIN,True,,CCCCCCCCCCCCc1ccc(-c2c3ccsc3c(-c3ccc(CCCCCCCCCCCC)s3)c3ccsc23)s1,CACHE_HIT,,,False,0.0,direct,,True,"4,8-bis(5-dodecylthiophen-2-yl)benzo[1,2-b:4,5-b']dithiophene",True,fused_ring_prime_0_to_quote,"4,8-bis(5-dodecylthiophen-2-yl)benzo[1,2-b:4,5-b0]dithiophene","4,8-bis(5-dodecylthiophen-2-yl)benzo[1,2-b:4,5-b']dithiophene",,,,,,,,,,,,,
405,poly(bdtbdt),,,domethyl-0- s-yl,False,False,False,template_expand,,True,[OPSIN-PREPROC] raw='doc10sidechains' -> preprocessed='domethyl-0- s-yl',,,,,,,,,,,,,,,doc10sidechains,domethyl-0- s-yl,False,False,True,False,False,unknown,low,True,"[{""name"": ""doc10sidechains"", ""count"": 1}]",,
405,poly(bdtbdt),,,domethyl-0- s-yl,False,False,False,sidechain_length,ALKYL_LENGTH,True,,C,,,,,,,,,,,,,,doc10sidechains,domethyl-0- s-yl,False,False,True,False,False,,,,,,
494,p3ht-pristine,polythiophene backbone,polythiophene,polythiophene backbone,False,False,False,opsin_direct,,False,,,FAILURE,polythiophene backbone is unparsable due to the following being uninterpretable: backbone The following was not parseable: backbone,,,,direct,,True,polythiophene backbone,False,,,,,,,,,,,,,,,,
494,p3ht-pristine,polythiophene backbone,polythiophene backbone,polythiophene backbone,False,False,False,opsin_repair,,False,drop_descriptors,,FAILURE,polythiophene backbone is unparsable due to the following being uninterpretable: backbone The following was not parseable: backbone,,,,repair,drop_descriptors,True,polythiophene backbone,False,,,,,,,,,,,,,,,,
494,p3ht-pristine,polythiophene backbone,polythiophene backbone,polythiophene backbone,False,False,False,opsin_repair,,False,drop_substituted,,FAILURE,polythiophene backbone is unparsable due to the following being uninterpretable: backbone The following was not parseable: backbone,,,,repair,drop_substituted,True,polythiophene backbone,False,,,,,,,,,,,,,,,,
494,p3ht-pristine,polythiophene backbone,polythiophene backbone,polythiophene backbone,False,False,False,opsin_repair,,False,tidy_punct,,FAILURE,polythiophene backbone is unparsable due to the following being uninterpretable: backbone The following was not parseable: backbone,,,,repair,tidy_punct,True,polythiophene backbone,False,,,,,,,,,,,,,,,,
494,p3ht-pristine,polythiophene backbone,polythiophene,polythiophene backbone,False,False,False,fallback,TEXT_FALLBACK,False,no parse,,,,,,,,,True,,False,,,,,,,,,,,,,,,,
494,p3ht-pristine,,,hexyl s-yl,False,False,False,template_expand,,True,[OPSIN-PREPROC] raw='c6sidechains' -> preprocessed='hexyl s-yl',,,,,,,,,,,,,,,c6sidechains,hexyl s-yl,False,False,True,False,False,unknown,low,True,"[{""name"": ""c6sidechains"", ""count"": 1}]",,
494,p3ht-pristine,,,hexyl s-yl,False,False,False,sidechain_length,ALKYL_LENGTH,True,,CCCCCC,,,,,,,,,,,,,,c6sidechains,hexyl s-yl,False,False,True,False,False,,,,,,
494,p3ht-inact (40 mol% tps-ha),polythiophene backbone,polythiophene,polythiophene backbone,False,False,False,opsin_direct,,False,,,FAILURE,polythiophene backbone is unparsable due to the following being uninterpretable: backbone The following was not parseable: backbone,,,,direct,,True,polythiophene backbone,False,,,,,,,,,,,,,,,,
494,p3ht-inact (40 mol% tps-ha),polythiophene backbone,polythiophene backbone,polythiophene backbone,False,False,False,opsin_repair,,False,drop_descriptors,,FAILURE,polythiophene backbone is unparsable due to the following being uninterpretable: backbone The following was not parseable: backbone,,,,repair,drop_descriptors,True,polythiophene backbone,False,,,,,,,,,,,,,,,,
494,p3ht-inact (40 mol% tps-ha),polythiophene backbone,polythiophene backbone,polythiophene backbone,False,False,False,opsin_repair,,False,drop_substituted,,FAILURE,polythiophene backbone is unparsable due to the following being uninterpretable: backbone The following was not parseable: backbone,,,,repair,drop_substituted,True,polythiophene backbone,False,,,,,,,,,,,,,,,,
494,p3ht-inact (40 mol% tps-ha),polythiophene backbone,polythiophene backbone,polythiophene backbone,False,False,False,opsin_repair,,False,tidy_punct,,FAILURE,polythiophene backbone is unparsable due to the following being uninterpretable: backbone The following was not parseable: backbone,,,,repair,tidy_punct,True,polythiophene backbone,False,,,,,,,,,,,,,,,,
494,p3ht-inact (40 mol% tps-ha),polythiophene backbone,polythiophene,polythiophene backbone,False,False,False,fallback,TEXT_FALLBACK,False,no parse,,,,,,,,,True,,False,,,,,,,,,,,,,,,,
494,p3ht-inact (40 mol% tps-ha),,,hexyl s-yl,False,False,False,template_expand,,True,[OPSIN-PREPROC] raw='c6sidechains' -> preprocessed='hexyl s-yl',,,,,,,,,,,,,,,c6sidechains,hexyl s-yl,False,False,True,False,False,unknown,low,True,"[{""name"": ""c6sidechains"", ""count"": 1}]",,
494,p3ht-inact (40 mol% tps-ha),,,hexyl s-yl,False,False,False,sidechain_length,ALKYL_LENGTH,True,,CCCCCC,,,,,,,,,,,,,,c6sidechains,hexyl s-yl,False,False,True,False,False,,,,,,
494,p3ht-act (40 mol% tps-ha),polythiophene backbone,polythiophene,polythiophene backbone,False,False,False,opsin_direct,,False,,,FAILURE,polythiophene backbone is unparsable due to the following being uninterpretable: backbone The following was not parseable: backbone,,,,direct,,True,polythiophene backbone,False,,,,,,,,,,,,,,,,
494,p3ht-act (40 mol% tps-ha),polythiophene backbone,polythiophene backbone,polythiophene backbone,False,False,False,opsin_repair,,False,drop_descriptors,,FAILURE,polythiophene backbone is unparsable due to the following being uninterpretable: backbone The following was not parseable: backbone,,,,repair,drop_descriptors,True,polythiophene backbone,False,,,,,,,,,,,,,,,,
494,p3ht-act (40 mol% tps-ha),polythiophene backbone,polythiophene backbone,polythiophene backbone,False,False,False,opsin_repair,,False,drop_substituted,,FAILURE,polythiophene backbone is unparsable due to the following being uninterpretable: backbone The following was not parseable: backbone,,,,repair,drop_substituted,True,polythiophene backbone,False,,,,,,,,,,,,,,,,
494,p3ht-act (40 mol% tps-ha),polythiophene backbone,polythiophene backbone,polythiophene backbone,False,False,False,opsin_repair,,False,tidy_punct,,FAILURE,polythiophene backbone is unparsable due to the following being uninterpretable: backbone The following was not parseable: backbone,,,,repair,tidy_punct,True,polythiophene backbone,False,,,,,,,,,,,,,,,,
494,p3ht-act (40 mol% tps-ha),polythiophene backbone,polythiophene,polythiophene backbone,False,False,False,fallback,TEXT_FALLBACK,False,no parse,,,,,,,,,True,,False,,,,,,,,,,,,,,,,
494,p3ht-act (40 mol% tps-ha),,,hexyl s-yl,False,False,False,template_expand,,True,[OPSIN-PREPROC] raw='c6sidechains' -> preprocessed='hexyl s-yl',,,,,,,,,,,,,,,c6sidechains,hexyl s-yl,False,False,True,False,False,unknown,low,True,"[{""name"": ""c6sidechains"", ""count"": 1}]",,
494,p3ht-act (40 mol% tps-ha),,,hexyl s-yl,False,False,False,sidechain_length,ALKYL_LENGTH,True,,CCCCCC,,,,,,,,,,,,,,c6sidechains,hexyl s-yl,False,False,True,False,False,,,,,,
494,p3ht-act (20 mol% tps-ha),polythiophene backbone,polythiophene,polythiophene backbone,False,False,False,opsin_direct,,False,,,FAILURE,polythiophene backbone is unparsable due to the following being uninterpretable: backbone The following was not parseable: backbone,,,,direct,,True,polythiophene backbone,False,,,,,,,,,,,,,,,,
494,p3ht-act (20 mol% tps-ha),polythiophene backbone,polythiophene backbone,polythiophene backbone,False,False,False,opsin_repair,,False,drop_descriptors,,FAILURE,polythiophene backbone is unparsable due to the following being uninterpretable: backbone The following was not parseable: backbone,,,,repair,drop_descriptors,True,polythiophene backbone,False,,,,,,,,,,,,,,,,
494,p3ht-act (20 mol% tps-ha),polythiophene backbone,polythiophene backbone,polythiophene backbone,False,False,False,opsin_repair,,False,drop_substituted,,FAILURE,polythiophene backbone is unparsable due to the following being uninterpretable: backbone The following was not parseable: backbone,,,,repair,drop_substituted,True,polythiophene backbone,False,,,,,,,,,,,,,,,,
494,p3ht-act (20 mol% tps-ha),polythiophene backbone,polythiophene backbone,polythiophene backbone,False,False,False,opsin_repair,,False,tidy_punct,,FAILURE,polythiophene backbone is unparsable due to the following being uninterpretable: backbone The following was not parseable: backbone,,,,repair,tidy_punct,True,polythiophene backbone,False,,,,,,,,,,,,,,,,
494,p3ht-act (20 mol% tps-ha),polythiophene backbone,polythiophene,polythiophene backbone,False,False,False,fallback,TEXT_FALLBACK,False,no parse,,,,,,,,,True,,False,,,,,,,,,,,,,,,,
494,p3ht-act (20 mol% tps-ha),,,hexyl s-yl,False,False,False,template_expand,,True,[OPSIN-PREPROC] raw='c6sidechains' -> preprocessed='hexyl s-yl',,,,,,,,,,,,,,,c6sidechains,hexyl s-yl,False,False,True,False,False,unknown,low,True,"[{""name"": ""c6sidechains"", ""count"": 1}]",,
494,p3ht-act (20 mol% tps-ha),,,hexyl s-yl,False,False,False,sidechain_length,ALKYL_LENGTH,True,,CCCCCC,,,,,,,,,,,,,,c6sidechains,hexyl s-yl,False,False,True,False,False,,,,,,
411,a-p(iit)-tbs,isoindigo-based backbone,isoindigo-based,isoindigo-based backbone,False,False,False,opsin_direct,,False,,,FAILURE,isoindigo-based backbone is unparsable due to the following being uninterpretable: isoindigo-based backbone The following was not parseable: indigo-based backbone,,,,direct,,True,isoindigo-based backbone,False,,,,,,,,,,,,,,,,
411,a-p(iit)-tbs,isoindigo-based backbone,isoindigo- backbone,isoindigo- backbone,False,False,False,opsin_repair,,False,drop_descriptors,,FAILURE,isoindigo- backbone is unparsable due to the following being uninterpretable: isoindigo- backbone The following was not parseable: indigo- backbone,,,,repair,drop_descriptors,True,isoindigo- backbone,False,,,,,,,,,,,,,,,,
411,a-p(iit)-tbs,isoindigo-based backbone,isoindigo- backbone,isoindigo- backbone,False,False,False,opsin_repair,,False,drop_substituted,,FAILURE,isoindigo- backbone is unparsable due to the following being uninterpretable: isoindigo- backbone The following was not parseable: indigo- backbone,,,,repair,drop_substituted,True,isoindigo- backbone,False,,,,,,,,,,,,,,,,
411,a-p(iit)-tbs,isoindigo-based backbone,isoindigo- backbone,isoindigo- backbone,False,False,False,opsin_repair,,False,tidy_punct,,FAILURE,isoindigo- backbone is unparsable due to the following being uninterpretable: isoindigo- backbone The following was not parseable: indigo- backbone,,,,repair,tidy_punct,True,isoindigo- backbone,False,,,,,,,,,,,,,,,,
411,a-p(iit)-tbs,isoindigo-based backbone,isoindigo-based,isoindigo-based backbone,False,False,False,fallback,TEXT_FALLBACK,False,no parse,,,,,,,,,True,,False,,,,,,,,,,,,,,,,
411,a-p(iit)-tbs,isoindigo-based backbone,isoindigo-based,isoindigo-based backbone,False,False,False,opsin_direct,,False,,,FAILURE,isoindigo-based backbone is unparsable due to the following being uninterpretable: isoindigo-based backbone The following was not parseable: indigo-based backbone,,,,direct,,True,isoindigo-based backbone,False,,,,,,,,,,,,,,,,
411,a-p(iit)-tbs,isoindigo-based backbone,isoindigo- backbone,isoindigo- backbone,False,False,False,opsin_repair,,False,drop_descriptors,,FAILURE,isoindigo- backbone is unparsable due to the following being uninterpretable: isoindigo- backbone The following was not parseable: indigo- backbone,,,,repair,drop_descriptors,True,isoindigo- backbone,False,,,,,,,,,,,,,,,,
411,a-p(iit)-tbs,isoindigo-based backbone,isoindigo- backbone,isoindigo- backbone,False,False,False,opsin_repair,,False,drop_substituted,,FAILURE,isoindigo- backbone is unparsable due to the following being uninterpretable: isoindigo- backbone The following was not parseable: indigo- backbone,,,,repair,drop_substituted,True,isoindigo- backbone,False,,,,,,,,,,,,,,,,
411,a-p(iit)-tbs,isoindigo-based backbone,isoindigo- backbone,isoindigo- backbone,False,False,False,opsin_repair,,False,tidy_punct,,FAILURE,isoindigo- backbone is unparsable due to the following being uninterpretable: isoindigo- backbone The following was not parseable: indigo- backbone,,,,repair,tidy_punct,True,isoindigo- backbone,False,,,,,,,,,,,,,,,,
411,a-p(iit)-tbs,isoindigo-based backbone,isoindigo-based,isoindigo-based backbone,False,False,False,fallback,TEXT_FALLBACK,False,no parse,,,,,,,,,True,,False,,,,,,,,,,,,,,,,
411,a-p(iit)-oh,isoindigo-based backbone,isoindigo-based,isoindigo-based backbone,False,False,False,opsin_direct,,False,,,FAILURE,isoindigo-based backbone is unparsable due to the following being uninterpretable: isoindigo-based backbone The following was not parseable: indigo-based backbone,,,,direct,,True,isoindigo-based backbone,False,,,,,,,,,,,,,,,,
411,a-p(iit)-oh,isoindigo-based backbone,isoindigo- backbone,isoindigo- backbone,False,False,False,opsin_repair,,False,drop_descriptors,,FAILURE,isoindigo- backbone is unparsable due to the following being uninterpretable: isoindigo- backbone The following was not parseable: indigo- backbone,,,,repair,drop_descriptors,True,isoindigo- backbone,False,,,,,,,,,,,,,,,,
411,a-p(iit)-oh,isoindigo-based backbone,isoindigo- backbone,isoindigo- backbone,False,False,False,opsin_repair,,False,drop_substituted,,FAILURE,isoindigo- backbone is unparsable due to the following being uninterpretable: isoindigo- backbone The following was not parseable: indigo- backbone,,,,repair,drop_substituted,True,isoindigo- backbone,False,,,,,,,,,,,,,,,,
411,a-p(iit)-oh,isoindigo-based backbone,isoindigo- backbone,isoindigo- backbone,False,False,False,opsin_repair,,False,tidy_punct,,FAILURE,isoindigo- backbone is unparsable due to the following being uninterpretable: isoindigo- backbone The following was not parseable: indigo- backbone,,,,repair,tidy_punct,True,isoindigo- backbone,False,,,,,,,,,,,,,,,,
411,a-p(iit)-oh,isoindigo-based backbone,isoindigo-based,isoindigo-based backbone,False,False,False,fallback,TEXT_FALLBACK,False,no parse,,,,,,,,,True,,False,,,,,,,,,,,,,,,,
411,a-p(iit)-oh,isoindigo-based backbone,isoindigo-based,isoindigo-based backbone,False,False,False,opsin_direct,,False,,,FAILURE,isoindigo-based backbone is unparsable due to the following being uninterpretable: isoindigo-based backbone The following was not parseable: indigo-based backbone,,,,direct,,True,isoindigo-based backbone,False,,,,,,,,,,,,,,,,
411,a-p(iit)-oh,isoindigo-based backbone,isoindigo- backbone,isoindigo- backbone,False,False,False,opsin_repair,,False,drop_descriptors,,FAILURE,isoindigo- backbone is unparsable due to the following being uninterpretable: isoindigo- backbone The following was not parseable: indigo- backbone,,,,repair,drop_descriptors,True,isoindigo- backbone,False,,,,,,,,,,,,,,,,
411,a-p(iit)-oh,isoindigo-based backbone,isoindigo- backbone,isoindigo- backbone,False,False,False,opsin_repair,,False,drop_substituted,,FAILURE,isoindigo- backbone is unparsable due to the following being uninterpretable: isoindigo- backbone The following was not parseable: indigo- backbone,,,,repair,drop_substituted,True,isoindigo- backbone,False,,,,,,,,,,,,,,,,
411,a-p(iit)-oh,isoindigo-based backbone,isoindigo- backbone,isoindigo- backbone,False,False,False,opsin_repair,,False,tidy_punct,,FAILURE,isoindigo- backbone is unparsable due to the following being uninterpretable: isoindigo- backbone The following was not parseable: indigo- backbone,,,,repair,tidy_punct,True,isoindigo- backbone,False,,,,,,,,,,,,,,,,
411,a-p(iit)-oh,isoindigo-based backbone,isoindigo-based,isoindigo-based backbone,False,False,False,fallback,TEXT_FALLBACK,False,no parse,,,,,,,,,True,,False,,,,,,,,,,,,,,,,
411,a-p(iit)-oh,isoindigo-based backbone,isoindigo-based,isoindigo-based backbone,False,False,False,opsin_direct,,False,,,FAILURE,isoindigo-based backbone is unparsable due to the following being uninterpretable: isoindigo-based backbone The following was not parseable: indigo-based backbone,,,,direct,,True,isoindigo-based backbone,False,,,,,,,,,,,,,,,,
411,a-p(iit)-oh,isoindigo-based backbone,isoindigo- backbone,isoindigo- backbone,False,False,False,opsin_repair,,False,drop_descriptors,,FAILURE,isoindigo- backbone is unparsable due to the following being uninterpretable: isoindigo- backbone The following was not parseable: indigo- backbone,,,,repair,drop_descriptors,True,isoindigo- backbone,False,,,,,,,,,,,,,,,,
411,a-p(iit)-oh,isoindigo-based backbone,isoindigo- backbone,isoindigo- backbone,False,False,False,opsin_repair,,False,drop_substituted,,FAILURE,isoindigo- backbone is unparsable due to the following being uninterpretable: isoindigo- backbone The following was not parseable: indigo- backbone,,,,repair,drop_substituted,True,isoindigo- backbone,False,,,,,,,,,,,,,,,,
411,a-p(iit)-oh,isoindigo-based backbone,isoindigo- backbone,isoindigo- backbone,False,False,False,opsin_repair,,False,tidy_punct,,FAILURE,isoindigo- backbone is unparsable due to the following being uninterpretable: isoindigo- backbone The following was not parseable: indigo- backbone,,,,repair,tidy_punct,True,isoindigo- backbone,False,,,,,,,,,,,,,,,,
411,a-p(iit)-oh,isoindigo-based backbone,isoindigo-based,isoindigo-based backbone,False,False,False,fallback,TEXT_FALLBACK,False,no parse,,,,,,,,,True,,False,,,,,,,,,,,,,,,,
478,pbfdo,"poly(3,7-dihydrobenzo[1,2-b:4,5-b0]difuran-2,6-dione)",poly 3 7-dihydrobenzo 1 2-b 4 5-b-0 difuran-2 6-dione,"poly(3,7-dihydrobenzo[1,2-b:4,5-b']difuran-2,6-dione)",False,False,False,opsin_direct,,False,,,FAILURE,"poly(3,7-dihydrobenzo[1,2-b:4,5-b']difuran-2,6-dione) could be parsed but OPSIN was unsure of the meaning of the words. This error will occur, by default, if a name is just a substituent",,,,direct,,True,"poly(3,7-dihydrobenzo[1,2-b:4,5-b']difuran-2,6-dione)",True,fused_ring_prime_0_to_quote,"poly(3,7-dihydrobenzo[1,2-b:4,5-b0]difuran-2,6-dione)","poly(3,7-dihydrobenzo[1,2-b:4,5-b']difuran-2,6-dione)",,,,,,,,,,,,,
478,pbfdo,"poly(3,7-dihydrobenzo[1,2-b:4,5-b0]difuran-2,6-dione)","poly(3,7-dihydrobenzo[1,2-b:4,5-b']difuran-2,6-dione)","poly(3,7-dihydrobenzo[1,2-b:4,5-b']difuran-2,6-dione)",False,False,False,opsin_repair,,False,drop_descriptors,,FAILURE,"poly(3,7-dihydrobenzo[1,2-b:4,5-b']difuran-2,6-dione) could be parsed but OPSIN was unsure of the meaning of the words. This error will occur, by default, if a name is just a substituent",,,,repair,drop_descriptors,True,"poly(3,7-dihydrobenzo[1,2-b:4,5-b']difuran-2,6-dione)",False,,,,,,,,,,,,,,,,
478,pbfdo,"poly(3,7-dihydrobenzo[1,2-b:4,5-b0]difuran-2,6-dione)","poly(3,7-dihydrobenzo[1,2-b:4,5-b']difuran-2,6-dione)","poly(3,7-dihydrobenzo[1,2-b:4,5-b']difuran-2,6-dione)",False,False,False,opsin_repair,,False,drop_substituted,,FAILURE,"poly(3,7-dihydrobenzo[1,2-b:4,5-b']difuran-2,6-dione) could be parsed but OPSIN was unsure of the meaning of the words. This error will occur, by default, if a name is just a substituent",,,,repair,drop_substituted,True,"poly(3,7-dihydrobenzo[1,2-b:4,5-b']difuran-2,6-dione)",False,,,,,,,,,,,,,,,,
478,pbfdo,"poly(3,7-dihydrobenzo[1,2-b:4,5-b0]difuran-2,6-dione)","poly(3,7-dihydrobenzo[1,2-b:4,5-b']difuran-2,6-dione)","poly(3,7-dihydrobenzo[1,2-b:4,5-b']difuran-2,6-dione)",False,False,False,opsin_repair,,False,tidy_punct,,FAILURE,"poly(3,7-dihydrobenzo[1,2-b:4,5-b']difuran-2,6-dione) could be parsed but OPSIN was unsure of the meaning of the words. This error will occur, by default, if a name is just a substituent",,,,repair,tidy_punct,True,"poly(3,7-dihydrobenzo[1,2-b:4,5-b']difuran-2,6-dione)",False,,,,,,,,,,,,,,,,
478,pbfdo,"poly(3,7-dihydrobenzo[1,2-b:4,5-b0]difuran-2,6-dione)",poly 3 7-dihydrobenzo 1 2-b 4 5-b-0 difuran-2 6-dione,"poly(3,7-dihydrobenzo[1,2-b:4,5-b']difuran-2,6-dione)",False,False,False,fallback,TEXT_FALLBACK,False,no parse,,,,,,,,,True,,False,,,,,,,,,,,,,,,,
478,pbfdo-peg50wt%,"poly(3,7-dihydrobenzo[1,2-b:4,5-b0]difuran-2,6-dione)",poly 3 7-dihydrobenzo 1 2-b 4 5-b-0 difuran-2 6-dione,"poly(3,7-dihydrobenzo[1,2-b:4,5-b']difuran-2,6-dione)",False,False,False,opsin_direct,,False,,,FAILURE,"poly(3,7-dihydrobenzo[1,2-b:4,5-b']difuran-2,6-dione) could be parsed but OPSIN was unsure of the meaning of the words. This error will occur, by default, if a name is just a substituent",,,,direct,,True,"poly(3,7-dihydrobenzo[1,2-b:4,5-b']difuran-2,6-dione)",True,fused_ring_prime_0_to_quote,"poly(3,7-dihydrobenzo[1,2-b:4,5-b0]difuran-2,6-dione)","poly(3,7-dihydrobenzo[1,2-b:4,5-b']difuran-2,6-dione)",,,,,,,,,,,,,
478,pbfdo-peg50wt%,"poly(3,7-dihydrobenzo[1,2-b:4,5-b0]difuran-2,6-dione)","poly(3,7-dihydrobenzo[1,2-b:4,5-b']difuran-2,6-dione)","poly(3,7-dihydrobenzo[1,2-b:4,5-b']difuran-2,6-dione)",False,False,False,opsin_repair,,False,drop_descriptors,,FAILURE,"poly(3,7-dihydrobenzo[1,2-b:4,5-b']difuran-2,6-dione) could be parsed but OPSIN was unsure of the meaning of the words. This error will occur, by default, if a name is just a substituent",,,,repair,drop_descriptors,True,"poly(3,7-dihydrobenzo[1,2-b:4,5-b']difuran-2,6-dione)",False,,,,,,,,,,,,,,,,
478,pbfdo-peg50wt%,"poly(3,7-dihydrobenzo[1,2-b:4,5-b0]difuran-2,6-dione)","poly(3,7-dihydrobenzo[1,2-b:4,5-b']difuran-2,6-dione)","poly(3,7-dihydrobenzo[1,2-b:4,5-b']difuran-2,6-dione)",False,False,False,opsin_repair,,False,drop_substituted,,FAILURE,"poly(3,7-dihydrobenzo[1,2-b:4,5-b']difuran-2,6-dione) could be parsed but OPSIN was unsure of the meaning of the words. This error will occur, by default, if a name is just a substituent",,,,repair,drop_substituted,True,"poly(3,7-dihydrobenzo[1,2-b:4,5-b']difuran-2,6-dione)",False,,,,,,,,,,,,,,,,
478,pbfdo-peg50wt%,"poly(3,7-dihydrobenzo[1,2-b:4,5-b0]difuran-2,6-dione)","poly(3,7-dihydrobenzo[1,2-b:4,5-b']difuran-2,6-dione)","poly(3,7-dihydrobenzo[1,2-b:4,5-b']difuran-2,6-dione)",False,False,False,opsin_repair,,False,tidy_punct,,FAILURE,"poly(3,7-dihydrobenzo[1,2-b:4,5-b']difuran-2,6-dione) could be parsed but OPSIN was unsure of the meaning of the words. This error will occur, by default, if a name is just a substituent",,,,repair,tidy_punct,True,"poly(3,7-dihydrobenzo[1,2-b:4,5-b']difuran-2,6-dione)",False,,,,,,,,,,,,,,,,
478,pbfdo-peg50wt%,"poly(3,7-dihydrobenzo[1,2-b:4,5-b0]difuran-2,6-dione)",poly 3 7-dihydrobenzo 1 2-b 4 5-b-0 difuran-2 6-dione,"poly(3,7-dihydrobenzo[1,2-b:4,5-b']difuran-2,6-dione)",False,False,False,fallback,TEXT_FALLBACK,False,no parse,,,,,,,,,True,,False,,,,,,,,,,,,,,,,
478,pbfdo-peg50wt%,,,polyethylenethoxyethyllycolpethoxyethyl s-yl,False,False,False,template_expand,,True,[OPSIN-PREPROC] raw='polyc2eneglycolpegsidechains' -> preprocessed='polyethylenethoxyethyllycolpethoxyethyl s-yl',,,,,,,,,,,,,,,polyc2eneglycolpegsidechains,polyethylenethoxyethyllycolpethoxyethyl s-yl,False,False,True,False,False,unknown,low,True,"[{""name"": ""polyc2eneglycolpegsidechains"", ""count"": 1}]",,
478,pbfdo-peg50wt%,,,polyethylenethoxyethyllycolpethoxyethyl s-yl,False,False,False,sidechain_length,ALKYL_LENGTH,True,,CC,,,,,,,,,,,,,,polyc2eneglycolpegsidechains,polyethylenethoxyethyllycolpethoxyethyl s-yl,False,False,True,False,False,,,,,,
478,pbfdo-peg100wt%,"poly(3,7-dihydrobenzo[1,2-b:4,5-b0]difuran-2,6-dione)",poly 3 7-dihydrobenzo 1 2-b 4 5-b-0 difuran-2 6-dione,"poly(3,7-dihydrobenzo[1,2-b:4,5-b']difuran-2,6-dione)",False,False,False,opsin_direct,,False,,,FAILURE,"poly(3,7-dihydrobenzo[1,2-b:4,5-b']difuran-2,6-dione) could be parsed but OPSIN was unsure of the meaning of the words. This error will occur, by default, if a name is just a substituent",,,,direct,,True,"poly(3,7-dihydrobenzo[1,2-b:4,5-b']difuran-2,6-dione)",True,fused_ring_prime_0_to_quote,"poly(3,7-dihydrobenzo[1,2-b:4,5-b0]difuran-2,6-dione)","poly(3,7-dihydrobenzo[1,2-b:4,5-b']difuran-2,6-dione)",,,,,,,,,,,,,
478,pbfdo-peg100wt%,"poly(3,7-dihydrobenzo[1,2-b:4,5-b0]difuran-2,6-dione)","poly(3,7-dihydrobenzo[1,2-b:4,5-b']difuran-2,6-dione)","poly(3,7-dihydrobenzo[1,2-b:4,5-b']difuran-2,6-dione)",False,False,False,opsin_repair,,False,drop_descriptors,,FAILURE,"poly(3,7-dihydrobenzo[1,2-b:4,5-b']difuran-2,6-dione) could be parsed but OPSIN was unsure of the meaning of the words. This error will occur, by default, if a name is just a substituent",,,,repair,drop_descriptors,True,"poly(3,7-dihydrobenzo[1,2-b:4,5-b']difuran-2,6-dione)",False,,,,,,,,,,,,,,,,
478,pbfdo-peg100wt%,"poly(3,7-dihydrobenzo[1,2-b:4,5-b0]difuran-2,6-dione)","poly(3,7-dihydrobenzo[1,2-b:4,5-b']difuran-2,6-dione)","poly(3,7-dihydrobenzo[1,2-b:4,5-b']difuran-2,6-dione)",False,False,False,opsin_repair,,False,drop_substituted,,FAILURE,"poly(3,7-dihydrobenzo[1,2-b:4,5-b']difuran-2,6-dione) could be parsed but OPSIN was unsure of the meaning of the words. This error will occur, by default, if a name is just a substituent",,,,repair,drop_substituted,True,"poly(3,7-dihydrobenzo[1,2-b:4,5-b']difuran-2,6-dione)",False,,,,,,,,,,,,,,,,
478,pbfdo-peg100wt%,"poly(3,7-dihydrobenzo[1,2-b:4,5-b0]difuran-2,6-dione)","poly(3,7-dihydrobenzo[1,2-b:4,5-b']difuran-2,6-dione)","poly(3,7-dihydrobenzo[1,2-b:4,5-b']difuran-2,6-dione)",False,False,False,opsin_repair,,False,tidy_punct,,FAILURE,"poly(3,7-dihydrobenzo[1,2-b:4,5-b']difuran-2,6-dione) could be parsed but OPSIN was unsure of the meaning of the words. This error will occur, by default, if a name is just a substituent",,,,repair,tidy_punct,True,"poly(3,7-dihydrobenzo[1,2-b:4,5-b']difuran-2,6-dione)",False,,,,,,,,,,,,,,,,
478,pbfdo-peg100wt%,"poly(3,7-dihydrobenzo[1,2-b:4,5-b0]difuran-2,6-dione)",poly 3 7-dihydrobenzo 1 2-b 4 5-b-0 difuran-2 6-dione,"poly(3,7-dihydrobenzo[1,2-b:4,5-b']difuran-2,6-dione)",False,False,False,fallback,TEXT_FALLBACK,False,no parse,,,,,,,,,True,,False,,,,,,,,,,,,,,,,
478,pbfdo-peg100wt%,,,polyethylenethoxyethyllycolpethoxyethyl s-yl,False,False,False,template_expand,,True,[OPSIN-PREPROC] raw='polyc2eneglycolpegsidechains' -> preprocessed='polyethylenethoxyethyllycolpethoxyethyl s-yl',,,,,,,,,,,,,,,polyc2eneglycolpegsidechains,polyethylenethoxyethyllycolpethoxyethyl s-yl,False,False,True,False,False,unknown,low,True,"[{""name"": ""polyc2eneglycolpegsidechains"", ""count"": 1}]",,
478,pbfdo-peg100wt%,,,polyethylenethoxyethyllycolpethoxyethyl s-yl,False,False,False,sidechain_length,ALKYL_LENGTH,True,,CC,,,,,,,,,,,,,,polyc2eneglycolpegsidechains,polyethylenethoxyethyllycolpethoxyethyl s-yl,False,False,True,False,False,,,,,,
415,pdpp-2crown-4t-(1:30),dpp-based 4t copolymer,dpp-based 4-t,dpp-based 4t copolymer,False,False,False,opsin_skip,NON_OPSIN_ELIGIBLE,False,ineligible,,,,,,,skip,eligibility,False,dpp-based 4t copolymer,False,,,,,,,,,,,,,,,,
415,pdpp-2crown-4t-(1:30),,,2-crowncrown-octyl s-yl,False,False,False,template_expand,,True,[OPSIN-PREPROC] raw='2crowncrown-c8sidechains' -> preprocessed='2-crowncrown-octyl s-yl',,,,,,,,,,,,,,,2crowncrown-c8sidechains,2-crowncrown-octyl s-yl,False,False,True,False,False,unknown,low,True,"[{""name"": ""2crowncrown-c8sidechains"", ""count"": 1}]",,
415,pdpp-2crown-4t-(1:30),,,2-crowncrown-octyl s-yl,False,False,False,sidechain_length,ALKYL_LENGTH,True,,CCCCCCCC,,,,,,,,,,,,,,2crowncrown-c8sidechains,2-crowncrown-octyl s-yl,False,False,True,False,False,,,,,,
415,pdpp-2crown-4t-(1:10),dpp-based 4t copolymer,dpp-based 4-t,dpp-based 4t copolymer,False,False,False,opsin_skip,NON_OPSIN_ELIGIBLE,False,ineligible,,,,,,,skip,eligibility,False,dpp-based 4t copolymer,False,,,,,,,,,,,,,,,,
415,pdpp-2crown-4t-(1:10),,,2-crowncrown-octyl s-yl,False,False,False,template_expand,,True,[OPSIN-PREPROC] raw='2crowncrown-c8sidechains' -> preprocessed='2-crowncrown-octyl s-yl',,,,,,,,,,,,,,,2crowncrown-c8sidechains,2-crowncrown-octyl s-yl,False,False,True,False,False,unknown,low,True,"[{""name"": ""2crowncrown-c8sidechains"", ""count"": 1}]",,
415,pdpp-2crown-4t-(1:10),,,2-crowncrown-octyl s-yl,False,False,False,sidechain_length,ALKYL_LENGTH,True,,CCCCCCCC,,,,,,,,,,,,,,2crowncrown-c8sidechains,2-crowncrown-octyl s-yl,False,False,True,False,False,,,,,,
415,pdpp-2crown-4t-(1:5),dpp-based 4t copolymer,dpp-based 4-t,dpp-based 4t copolymer,False,False,False,opsin_skip,NON_OPSIN_ELIGIBLE,False,ineligible,,,,,,,skip,eligibility,False,dpp-based 4t copolymer,False,,,,,,,,,,,,,,,,
415,pdpp-2crown-4t-(1:5),,,2-crowncrown-octyl s-yl,False,False,False,template_expand,,True,[OPSIN-PREPROC] raw='2crowncrown-c8sidechains' -> preprocessed='2-crowncrown-octyl s-yl',,,,,,,,,,,,,,,2crowncrown-c8sidechains,2-crowncrown-octyl s-yl,False,False,True,False,False,unknown,low,True,"[{""name"": ""2crowncrown-c8sidechains"", ""count"": 1}]",,
415,pdpp-2crown-4t-(1:5),,,2-crowncrown-octyl s-yl,False,False,False,sidechain_length,ALKYL_LENGTH,True,,CCCCCCCC,,,,,,,,,,,,,,2crowncrown-c8sidechains,2-crowncrown-octyl s-yl,False,False,True,False,False,,,,,,
503,p3ht-b-pba3k,poly(3-hexylthiophene) conjugated block,poly 3-hexylthiophene conjugated block,poly(3-hexylthiophene) conjugated block,False,False,False,opsin_direct,,False,,,FAILURE,poly(3-hexylthiophene) conjugated block is unparsable due to the following being uninterpretable: conjugated block The following was not parseable: conjugated block,,,,direct,,True,poly(3-hexylthiophene) conjugated block,False,,,,,,,,,,,,,,,,
503,p3ht-b-pba3k,poly(3-hexylthiophene) conjugated block,poly(3-hexylthiophene) conjugated block,poly(3-hexylthiophene) conjugated block,False,False,False,opsin_repair,,False,drop_descriptors,,FAILURE,poly(3-hexylthiophene) conjugated block is unparsable due to the following being uninterpretable: conjugated block The following was not parseable: conjugated block,,,,repair,drop_descriptors,True,poly(3-hexylthiophene) conjugated block,False,,,,,,,,,,,,,,,,
503,p3ht-b-pba3k,poly(3-hexylthiophene) conjugated block,poly(3-hexylthiophene) conjugated block,poly(3-hexylthiophene) conjugated block,False,False,False,opsin_repair,,False,drop_substituted,,FAILURE,poly(3-hexylthiophene) conjugated block is unparsable due to the following being uninterpretable: conjugated block The following was not parseable: conjugated block,,,,repair,drop_substituted,True,poly(3-hexylthiophene) conjugated block,False,,,,,,,,,,,,,,,,
503,p3ht-b-pba3k,poly(3-hexylthiophene) conjugated block,poly(3-hexylthiophene) conjugated block,poly(3-hexylthiophene) conjugated block,False,False,False,opsin_repair,,False,tidy_punct,,FAILURE,poly(3-hexylthiophene) conjugated block is unparsable due to the following being uninterpretable: conjugated block The following was not parseable: conjugated block,,,,repair,tidy_punct,True,poly(3-hexylthiophene) conjugated block,False,,,,,,,,,,,,,,,,
503,p3ht-b-pba3k,poly(3-hexylthiophene) conjugated block,poly 3-hexylthiophene conjugated block,poly(3-hexylthiophene) conjugated block,False,False,False,fallback,TEXT_FALLBACK,False,no parse,,,,,,,,,True,,False,,,,,,,,,,,,,,,,
503,p3ht-b-pba6k,poly(3-hexylthiophene) conjugated block,poly 3-hexylthiophene conjugated block,poly(3-hexylthiophene) conjugated block,False,False,False,opsin_direct,,False,,,FAILURE,poly(3-hexylthiophene) conjugated block is unparsable due to the following being uninterpretable: conjugated block The following was not parseable: conjugated block,,,,direct,,True,poly(3-hexylthiophene) conjugated block,False,,,,,,,,,,,,,,,,
503,p3ht-b-pba6k,poly(3-hexylthiophene) conjugated block,poly(3-hexylthiophene) conjugated block,poly(3-hexylthiophene) conjugated block,False,False,False,opsin_repair,,False,drop_descriptors,,FAILURE,poly(3-hexylthiophene) conjugated block is unparsable due to the following being uninterpretable: conjugated block The following was not parseable: conjugated block,,,,repair,drop_descriptors,True,poly(3-hexylthiophene) conjugated block,False,,,,,,,,,,,,,,,,
503,p3ht-b-pba6k,poly(3-hexylthiophene) conjugated block,poly(3-hexylthiophene) conjugated block,poly(3-hexylthiophene) conjugated block,False,False,False,opsin_repair,,False,drop_substituted,,FAILURE,poly(3-hexylthiophene) conjugated block is unparsable due to the following being uninterpretable: conjugated block The following was not parseable: conjugated block,,,,repair,drop_substituted,True,poly(3-hexylthiophene) conjugated block,False,,,,,,,,,,,,,,,,
503,p3ht-b-pba6k,poly(3-hexylthiophene) conjugated block,poly(3-hexylthiophene) conjugated block,poly(3-hexylthiophene) conjugated block,False,False,False,opsin_repair,,False,tidy_punct,,FAILURE,poly(3-hexylthiophene) conjugated block is unparsable due to the following being uninterpretable: conjugated block The following was not parseable: conjugated block,,,,repair,tidy_punct,True,poly(3-hexylthiophene) conjugated block,False,,,,,,,,,,,,,,,,
503,p3ht-b-pba6k,poly(3-hexylthiophene) conjugated block,poly 3-hexylthiophene conjugated block,poly(3-hexylthiophene) conjugated block,False,False,False,fallback,TEXT_FALLBACK,False,no parse,,,,,,,,,True,,False,,,,,,,,,,,,,,,,
503,p3ht,thiophene backbone,thiophene,thiophene backbone,False,False,False,opsin_direct,,False,,,FAILURE,thiophene backbone is unparsable due to the following being uninterpretable: backbone The following was not parseable: backbone,,,,direct,,True,thiophene backbone,False,,,,,,,,,,,,,,,,
503,p3ht,thiophene backbone,thiophene backbone,thiophene backbone,False,False,False,opsin_repair,,False,drop_descriptors,,FAILURE,thiophene backbone is unparsable due to the following being uninterpretable: backbone The following was not parseable: backbone,,,,repair,drop_descriptors,True,thiophene backbone,False,,,,,,,,,,,,,,,,
503,p3ht,thiophene backbone,thiophene backbone,thiophene backbone,False,False,False,opsin_repair,,False,drop_substituted,,FAILURE,thiophene backbone is unparsable due to the following being uninterpretable: backbone The following was not parseable: backbone,,,,repair,drop_substituted,True,thiophene backbone,False,,,,,,,,,,,,,,,,
503,p3ht,thiophene backbone,thiophene backbone,thiophene backbone,False,False,False,opsin_repair,,False,tidy_punct,,FAILURE,thiophene backbone is unparsable due to the following being uninterpretable: backbone The following was not parseable: backbone,,,,repair,tidy_punct,True,thiophene backbone,False,,,,,,,,,,,,,,,,
503,p3ht,thiophene backbone,thiophene,thiophene backbone,False,False,False,fallback,TEXT_FALLBACK,False,no parse,,,,,,,,,True,,False,,,,,,,,,,,,,,,,
503,p3ht,,,hexyl,False,False,False,template_expand,,True,[OPSIN-PREPROC] raw='c6sidechain' -> preprocessed='hexyl',,,,,,,,,,,,,,,c6sidechain,hexyl,False,False,False,False,False,unknown,low,True,"[{""name"": ""c6sidechain"", ""count"": 1}]",,
503,p3ht,,,hexyl,False,False,False,sidechain_length,ALKYL_LENGTH,True,,CCCCCC,,,,,,,,,,,,,,c6sidechain,hexyl,False,False,False,False,False,,,,,,
503,p3ht-b-pba3k,poly(3-hexylthiophene) conjugated block,poly 3-hexylthiophene conjugated block,poly(3-hexylthiophene) conjugated block,False,False,False,opsin_direct,,False,,,FAILURE,poly(3-hexylthiophene) conjugated block is unparsable due to the following being uninterpretable: conjugated block The following was not parseable: conjugated block,,,,direct,,True,poly(3-hexylthiophene) conjugated block,False,,,,,,,,,,,,,,,,
503,p3ht-b-pba3k,poly(3-hexylthiophene) conjugated block,poly(3-hexylthiophene) conjugated block,poly(3-hexylthiophene) conjugated block,False,False,False,opsin_repair,,False,drop_descriptors,,FAILURE,poly(3-hexylthiophene) conjugated block is unparsable due to the following being uninterpretable: conjugated block The following was not parseable: conjugated block,,,,repair,drop_descriptors,True,poly(3-hexylthiophene) conjugated block,False,,,,,,,,,,,,,,,,
503,p3ht-b-pba3k,poly(3-hexylthiophene) conjugated block,poly(3-hexylthiophene) conjugated block,poly(3-hexylthiophene) conjugated block,False,False,False,opsin_repair,,False,drop_substituted,,FAILURE,poly(3-hexylthiophene) conjugated block is unparsable due to the following being uninterpretable: conjugated block The following was not parseable: conjugated block,,,,repair,drop_substituted,True,poly(3-hexylthiophene) conjugated block,False,,,,,,,,,,,,,,,,
503,p3ht-b-pba3k,poly(3-hexylthiophene) conjugated block,poly(3-hexylthiophene) conjugated block,poly(3-hexylthiophene) conjugated block,False,False,False,opsin_repair,,False,tidy_punct,,FAILURE,poly(3-hexylthiophene) conjugated block is unparsable due to the following being uninterpretable: conjugated block The following was not parseable: conjugated block,,,,repair,tidy_punct,True,poly(3-hexylthiophene) conjugated block,False,,,,,,,,,,,,,,,,
503,p3ht-b-pba3k,poly(3-hexylthiophene) conjugated block,poly 3-hexylthiophene conjugated block,poly(3-hexylthiophene) conjugated block,False,False,False,fallback,TEXT_FALLBACK,False,no parse,,,,,,,,,True,,False,,,,,,,,,,,,,,,,
503,p3ht-b-pba6k,poly(3-hexylthiophene) conjugated block,poly 3-hexylthiophene conjugated block,poly(3-hexylthiophene) conjugated block,False,False,False,opsin_direct,,False,,,FAILURE,poly(3-hexylthiophene) conjugated block is unparsable due to the following being uninterpretable: conjugated block The following was not parseable: conjugated block,,,,direct,,True,poly(3-hexylthiophene) conjugated block,False,,,,,,,,,,,,,,,,
503,p3ht-b-pba6k,poly(3-hexylthiophene) conjugated block,poly(3-hexylthiophene) conjugated block,poly(3-hexylthiophene) conjugated block,False,False,False,opsin_repair,,False,drop_descriptors,,FAILURE,poly(3-hexylthiophene) conjugated block is unparsable due to the following being uninterpretable: conjugated block The following was not parseable: conjugated block,,,,repair,drop_descriptors,True,poly(3-hexylthiophene) conjugated block,False,,,,,,,,,,,,,,,,
503,p3ht-b-pba6k,poly(3-hexylthiophene) conjugated block,poly(3-hexylthiophene) conjugated block,poly(3-hexylthiophene) conjugated block,False,False,False,opsin_repair,,False,drop_substituted,,FAILURE,poly(3-hexylthiophene) conjugated block is unparsable due to the following being uninterpretable: conjugated block The following was not parseable: conjugated block,,,,repair,drop_substituted,True,poly(3-hexylthiophene) conjugated block,False,,,,,,,,,,,,,,,,
503,p3ht-b-pba6k,poly(3-hexylthiophene) conjugated block,poly(3-hexylthiophene) conjugated block,poly(3-hexylthiophene) conjugated block,False,False,False,opsin_repair,,False,tidy_punct,,FAILURE,poly(3-hexylthiophene) conjugated block is unparsable due to the following being uninterpretable: conjugated block The following was not parseable: conjugated block,,,,repair,tidy_punct,True,poly(3-hexylthiophene) conjugated block,False,,,,,,,,,,,,,,,,
503,p3ht-b-pba6k,poly(3-hexylthiophene) conjugated block,poly 3-hexylthiophene conjugated block,poly(3-hexylthiophene) conjugated block,False,False,False,fallback,TEXT_FALLBACK,False,no parse,,,,,,,,,True,,False,,,,,,,,,,,,,,,,
404,p(n-dbnd-2t),dbnd-2t,dbnd-2-t,dbnd-2t,False,False,False,opsin_direct,,False,,,FAILURE,dbnd-2t is unparsable due to the following being uninterpretable: dbnd-2t The following was not parseable: bnd-2t,,,,direct,,True,dbnd-2t,False,,,,,,,,,,,,,,,,
404,p(n-dbnd-2t),dbnd-2t,dbnd-2t,dbnd-2t,False,False,False,opsin_repair,,False,drop_descriptors,,FAILURE,dbnd-2t is unparsable due to the following being uninterpretable: dbnd-2t The following was not parseable: bnd-2t,,,,repair,drop_descriptors,True,dbnd-2t,False,,,,,,,,,,,,,,,,
404,p(n-dbnd-2t),dbnd-2t,dbnd-2t,dbnd-2t,False,False,False,opsin_repair,,False,drop_substituted,,FAILURE,dbnd-2t is unparsable due to the following being uninterpretable: dbnd-2t The following was not parseable: bnd-2t,,,,repair,drop_substituted,True,dbnd-2t,False,,,,,,,,,,,,,,,,
404,p(n-dbnd-2t),dbnd-2t,dbnd-2t,dbnd-2t,False,False,False,opsin_repair,,False,tidy_punct,,FAILURE,dbnd-2t is unparsable due to the following being uninterpretable: dbnd-2t The following was not parseable: bnd-2t,,,,repair,tidy_punct,True,dbnd-2t,False,,,,,,,,,,,,,,,,
404,p(n-dbnd-2t),dbnd-2t,dbnd-2-t,dbnd-2t,False,False,False,fallback,TEXT_FALLBACK,False,no parse,,,,,,,,,True,,False,,,,,,,,,,,,,,,,
404,p(n-dbnd-2t),,,propyl-1-alkyl,False,False,False,template_expand,,True,[OPSIN-PREPROC] raw='c31alkyl' -> preprocessed='propyl-1-alkyl',,,,,,,,,,,,,,,c31alkyl,propyl-1-alkyl,False,False,False,False,False,unknown,low,True,"[{""name"": ""c31alkyl"", ""count"": 1}]",,
404,p(n-dbnd-2t),,,propyl-1-alkyl,False,False,False,sidechain_length,ALKYL_LENGTH,True,,CCC,,,,,,,,,,,,,,c31alkyl,propyl-1-alkyl,False,False,False,False,False,,,,,,
404,p(o-dbnd-2t),dbnd-2t,dbnd-2-t,dbnd-2t,False,False,False,opsin_direct,,False,,,FAILURE,dbnd-2t is unparsable due to the following being uninterpretable: dbnd-2t The following was not parseable: bnd-2t,,,,direct,,True,dbnd-2t,False,,,,,,,,,,,,,,,,
404,p(o-dbnd-2t),dbnd-2t,dbnd-2t,dbnd-2t,False,False,False,opsin_repair,,False,drop_descriptors,,FAILURE,dbnd-2t is unparsable due to the following being uninterpretable: dbnd-2t The following was not parseable: bnd-2t,,,,repair,drop_descriptors,True,dbnd-2t,False,,,,,,,,,,,,,,,,
404,p(o-dbnd-2t),dbnd-2t,dbnd-2t,dbnd-2t,False,False,False,opsin_repair,,False,drop_substituted,,FAILURE,dbnd-2t is unparsable due to the following being uninterpretable: dbnd-2t The following was not parseable: bnd-2t,,,,repair,drop_substituted,True,dbnd-2t,False,,,,,,,,,,,,,,,,
404,p(o-dbnd-2t),dbnd-2t,dbnd-2t,dbnd-2t,False,False,False,opsin_repair,,False,tidy_punct,,FAILURE,dbnd-2t is unparsable due to the following being uninterpretable: dbnd-2t The following was not parseable: bnd-2t,,,,repair,tidy_punct,True,dbnd-2t,False,,,,,,,,,,,,,,,,
404,p(o-dbnd-2t),dbnd-2t,dbnd-2-t,dbnd-2t,False,False,False,fallback,TEXT_FALLBACK,False,no parse,,,,,,,,,True,,False,,,,,,,,,,,,,,,,
404,p(o-dbnd-2t),,,propyl-1-alkyl,False,False,False,template_expand,,True,[OPSIN-PREPROC] raw='c31alkyl' -> preprocessed='propyl-1-alkyl',,,,,,,,,,,,,,,c31alkyl,propyl-1-alkyl,False,False,False,False,False,unknown,low,True,"[{""name"": ""c31alkyl"", ""count"": 1}]",,
404,p(o-dbnd-2t),,,propyl-1-alkyl,False,False,False,sidechain_length,ALKYL_LENGTH,True,,CCC,,,,,,,,,,,,,,c31alkyl,propyl-1-alkyl,False,False,False,False,False,,,,,,
470,p3c(pr)t,"poly(thiophene-2,5-diyl)",poly thiophene-2 5-diyl,"poly(thiophene-2,5-diyl)",False,False,False,opsin_direct,OPSIN,True,,c1cc([*:2])sc1[*:1],CACHE_HIT,,,False,0.0,direct,,True,"poly(thiophene-2,5-diyl)",False,,,,,,,,,,,,,,,,
470,p3c(bu)t,"poly(thiophene-2,5-diyl)",poly thiophene-2 5-diyl,"poly(thiophene-2,5-diyl)",False,False,False,opsin_direct,OPSIN,True,,c1cc([*:2])sc1[*:1],CACHE_HIT,,,False,0.0,direct,,True,"poly(thiophene-2,5-diyl)",False,,,,,,,,,,,,,,,,
470,p3c(bu)t,,,carboxyl-butyl,False,False,False,template_expand,,True,[OPSIN-PREPROC] raw='carboxyl-c4sidechain' -> preprocessed='carboxyl-butyl',,,,,,,,,,,,,,,carboxyl-c4sidechain,carboxyl-butyl,False,False,False,False,False,unknown,low,True,"[{""name"": ""carboxyl-c4sidechain"", ""count"": 1}]",,
470,p3c(bu)t,,,carboxyl-butyl,False,False,False,sidechain_length,ALKYL_LENGTH,True,,CCCC,,,,,,,,,,,,,,carboxyl-c4sidechain,carboxyl-butyl,False,False,False,False,False,,,,,,
470,p3c(pe)t,"poly(thiophene-2,5-diyl)",poly thiophene-2 5-diyl,"poly(thiophene-2,5-diyl)",False,False,False,opsin_direct,OPSIN,True,,c1cc([*:2])sc1[*:1],CACHE_HIT,,,False,0.0,direct,,True,"poly(thiophene-2,5-diyl)",False,,,,,,,,,,,,,,,,
480,[c10]2,acyclic dioxythiophene,acyclic dioxythiophene,acyclic dioxythiophene,False,False,False,opsin_direct,,False,,,FAILURE,acyclic dioxythiophene is unparsable due to the following being uninterpretable: acyclic dioxythiophene The following was not parseable: acyclic dioxythiophene,,,,direct,,True,acyclic dioxythiophene,False,,,,,,,,,,,,,,,,
480,[c10]2,acyclic dioxythiophene,acyclic dioxythiophene,acyclic dioxythiophene,False,False,False,opsin_repair,,False,drop_descriptors,,FAILURE,acyclic dioxythiophene is unparsable due to the following being uninterpretable: acyclic dioxythiophene The following was not parseable: acyclic dioxythiophene,,,,repair,drop_descriptors,True,acyclic dioxythiophene,False,,,,,,,,,,,,,,,,
480,[c10]2,acyclic dioxythiophene,acyclic dioxythiophene,acyclic dioxythiophene,False,False,False,opsin_repair,,False,drop_substituted,,FAILURE,acyclic dioxythiophene is unparsable due to the following being uninterpretable: acyclic dioxythiophene The following was not parseable: acyclic dioxythiophene,,,,repair,drop_substituted,True,acyclic dioxythiophene,False,,,,,,,,,,,,,,,,
480,[c10]2,acyclic dioxythiophene,acyclic dioxythiophene,acyclic dioxythiophene,False,False,False,opsin_repair,,False,tidy_punct,,FAILURE,acyclic dioxythiophene is unparsable due to the following being uninterpretable: acyclic dioxythiophene The following was not parseable: acyclic dioxythiophene,,,,repair,tidy_punct,True,acyclic dioxythiophene,False,,,,,,,,,,,,,,,,
480,[c10]2,acyclic dioxythiophene,acyclic dioxythiophene,acyclic dioxythiophene,False,False,False,fallback,TEXT_FALLBACK,False,no parse,,,,,,,,,True,,False,,,,,,,,,,,,,,,,
480,[c10]2,,,methyl-02-yl,False,False,False,template_expand,,True,[OPSIN-PREPROC] raw='c102' -> preprocessed='methyl-02-yl',,,,,,,,,,,,,,,c102,methyl-02-yl,False,False,True,False,False,unknown,low,True,"[{""name"": ""c102"", ""count"": 1}]",,
480,[c10]2,,,methyl-02-yl,False,False,False,sidechain_length,ALKYL_LENGTH,True,,C,,,,,,,,,,,,,,c102,methyl-02-yl,False,False,True,False,False,,,,,,
480,[c10]2-co-[oe3]2,acyclic dioxythiophene,acyclic dioxythiophene,acyclic dioxythiophene,False,False,False,opsin_direct,,False,,,FAILURE,acyclic dioxythiophene is unparsable due to the following being uninterpretable: acyclic dioxythiophene The following was not parseable: acyclic dioxythiophene,,,,direct,,True,acyclic dioxythiophene,False,,,,,,,,,,,,,,,,
480,[c10]2-co-[oe3]2,acyclic dioxythiophene,acyclic dioxythiophene,acyclic dioxythiophene,False,False,False,opsin_repair,,False,drop_descriptors,,FAILURE,acyclic dioxythiophene is unparsable due to the following being uninterpretable: acyclic dioxythiophene The following was not parseable: acyclic dioxythiophene,,,,repair,drop_descriptors,True,acyclic dioxythiophene,False,,,,,,,,,,,,,,,,
480,[c10]2-co-[oe3]2,acyclic dioxythiophene,acyclic dioxythiophene,acyclic dioxythiophene,False,False,False,opsin_repair,,False,drop_substituted,,FAILURE,acyclic dioxythiophene is unparsable due to the following being uninterpretable: acyclic dioxythiophene The following was not parseable: acyclic dioxythiophene,,,,repair,drop_substituted,True,acyclic dioxythiophene,False,,,,,,,,,,,,,,,,
480,[c10]2-co-[oe3]2,acyclic dioxythiophene,acyclic dioxythiophene,acyclic dioxythiophene,False,False,False,opsin_repair,,False,tidy_punct,,FAILURE,acyclic dioxythiophene is unparsable due to the following being uninterpretable: acyclic dioxythiophene The following was not parseable: acyclic dioxythiophene,,,,repair,tidy_punct,True,acyclic dioxythiophene,False,,,,,,,,,,,,,,,,
480,[c10]2-co-[oe3]2,acyclic dioxythiophene,acyclic dioxythiophene,acyclic dioxythiophene,False,False,False,fallback,TEXT_FALLBACK,False,no parse,,,,,,,,,True,,False,,,,,,,,,,,,,,,,
480,[ch3-c10],acyclic dioxythiophene,acyclic dioxythiophene,acyclic dioxythiophene,False,False,False,opsin_direct,,False,,,FAILURE,acyclic dioxythiophene is unparsable due to the following being uninterpretable: acyclic dioxythiophene The following was not parseable: acyclic dioxythiophene,,,,direct,,True,acyclic dioxythiophene,False,,,,,,,,,,,,,,,,
480,[ch3-c10],acyclic dioxythiophene,acyclic dioxythiophene,acyclic dioxythiophene,False,False,False,opsin_repair,,False,drop_descriptors,,FAILURE,acyclic dioxythiophene is unparsable due to the following being uninterpretable: acyclic dioxythiophene The following was not parseable: acyclic dioxythiophene,,,,repair,drop_descriptors,True,acyclic dioxythiophene,False,,,,,,,,,,,,,,,,
480,[ch3-c10],acyclic dioxythiophene,acyclic dioxythiophene,acyclic dioxythiophene,False,False,False,opsin_repair,,False,drop_substituted,,FAILURE,acyclic dioxythiophene is unparsable due to the following being uninterpretable: acyclic dioxythiophene The following was not parseable: acyclic dioxythiophene,,,,repair,drop_substituted,True,acyclic dioxythiophene,False,,,,,,,,,,,,,,,,
480,[ch3-c10],acyclic dioxythiophene,acyclic dioxythiophene,acyclic dioxythiophene,False,False,False,opsin_repair,,False,tidy_punct,,FAILURE,acyclic dioxythiophene is unparsable due to the following being uninterpretable: acyclic dioxythiophene The following was not parseable: acyclic dioxythiophene,,,,repair,tidy_punct,True,acyclic dioxythiophene,False,,,,,,,,,,,,,,,,
480,[ch3-c10],acyclic dioxythiophene,acyclic dioxythiophene,acyclic dioxythiophene,False,False,False,fallback,TEXT_FALLBACK,False,no parse,,,,,,,,,True,,False,,,,,,,,,,,,,,,,
480,[ch3-c10-co-ch3-oe3],acyclic dioxythiophene,acyclic dioxythiophene,acyclic dioxythiophene,False,False,False,opsin_direct,,False,,,FAILURE,acyclic dioxythiophene is unparsable due to the following being uninterpretable: acyclic dioxythiophene The following was not parseable: acyclic dioxythiophene,,,,direct,,True,acyclic dioxythiophene,False,,,,,,,,,,,,,,,,
480,[ch3-c10-co-ch3-oe3],acyclic dioxythiophene,acyclic dioxythiophene,acyclic dioxythiophene,False,False,False,opsin_repair,,False,drop_descriptors,,FAILURE,acyclic dioxythiophene is unparsable due to the following being uninterpretable: acyclic dioxythiophene The following was not parseable: acyclic dioxythiophene,,,,repair,drop_descriptors,True,acyclic dioxythiophene,False,,,,,,,,,,,,,,,,
480,[ch3-c10-co-ch3-oe3],acyclic dioxythiophene,acyclic dioxythiophene,acyclic dioxythiophene,False,False,False,opsin_repair,,False,drop_substituted,,FAILURE,acyclic dioxythiophene is unparsable due to the following being uninterpretable: acyclic dioxythiophene The following was not parseable: acyclic dioxythiophene,,,,repair,drop_substituted,True,acyclic dioxythiophene,False,,,,,,,,,,,,,,,,
480,[ch3-c10-co-ch3-oe3],acyclic dioxythiophene,acyclic dioxythiophene,acyclic dioxythiophene,False,False,False,opsin_repair,,False,tidy_punct,,FAILURE,acyclic dioxythiophene is unparsable due to the following being uninterpretable: acyclic dioxythiophene The following was not parseable: acyclic dioxythiophene,,,,repair,tidy_punct,True,acyclic dioxythiophene,False,,,,,,,,,,,,,,,,
480,[ch3-c10-co-ch3-oe3],acyclic dioxythiophene,acyclic dioxythiophene,acyclic dioxythiophene,False,False,False,fallback,TEXT_FALLBACK,False,no parse,,,,,,,,,True,,False,,,,,,,,,,,,,,,,
441,dpp-od,diketopyrrolopyrrole (dpp),diketopyrrolopyrrole dpp,diketopyrrolopyrrole (dpp),False,False,False,opsin_direct,,False,,,FAILURE,diketopyrrolopyrrole (dpp) is unparsable due to the following being uninterpretable: (dpp) The following was not parseable: pp),,,,direct,,True,diketopyrrolopyrrole (dpp),False,,,,,,,,,,,,,,,,
441,dpp-od,diketopyrrolopyrrole (dpp),diketopyrrolopyrrole (dpp),diketopyrrolopyrrole (dpp),False,False,False,opsin_repair,,False,drop_descriptors,,FAILURE,diketopyrrolopyrrole (dpp) is unparsable due to the following being uninterpretable: (dpp) The following was not parseable: pp),,,,repair,drop_descriptors,True,diketopyrrolopyrrole (dpp),False,,,,,,,,,,,,,,,,
441,dpp-od,diketopyrrolopyrrole (dpp),diketopyrrolopyrrole (dpp),diketopyrrolopyrrole (dpp),False,False,False,opsin_repair,,False,drop_substituted,,FAILURE,diketopyrrolopyrrole (dpp) is unparsable due to the following being uninterpretable: (dpp) The following was not parseable: pp),,,,repair,drop_substituted,True,diketopyrrolopyrrole (dpp),False,,,,,,,,,,,,,,,,
441,dpp-od,diketopyrrolopyrrole (dpp),diketopyrrolopyrrole (dpp),diketopyrrolopyrrole (dpp),False,False,False,opsin_repair,,False,tidy_punct,,FAILURE,diketopyrrolopyrrole (dpp) is unparsable due to the following being uninterpretable: (dpp) The following was not parseable: pp),,,,repair,tidy_punct,True,diketopyrrolopyrrole (dpp),False,,,,,,,,,,,,,,,,
441,dpp-od,diketopyrrolopyrrole (dpp),diketopyrrolopyrrole dpp,diketopyrrolopyrrole (dpp),False,False,False,fallback,TEXT_FALLBACK,False,no parse,,,,,,,,,True,,False,,,,,,,,,,,,,,,,
441,dpp-od,diketopyrrolopyrrole (dpp),diketopyrrolopyrrole dpp,diketopyrrolopyrrole (dpp),False,False,False,opsin_direct,,False,,,FAILURE,diketopyrrolopyrrole (dpp) is unparsable due to the following being uninterpretable: (dpp) The following was not parseable: pp),,,,direct,,True,diketopyrrolopyrrole (dpp),False,,,,,,,,,,,,,,,,
441,dpp-od,diketopyrrolopyrrole (dpp),diketopyrrolopyrrole (dpp),diketopyrrolopyrrole (dpp),False,False,False,opsin_repair,,False,drop_descriptors,,FAILURE,diketopyrrolopyrrole (dpp) is unparsable due to the following being uninterpretable: (dpp) The following was not parseable: pp),,,,repair,drop_descriptors,True,diketopyrrolopyrrole (dpp),False,,,,,,,,,,,,,,,,
441,dpp-od,diketopyrrolopyrrole (dpp),diketopyrrolopyrrole (dpp),diketopyrrolopyrrole (dpp),False,False,False,opsin_repair,,False,drop_substituted,,FAILURE,diketopyrrolopyrrole (dpp) is unparsable due to the following being uninterpretable: (dpp) The following was not parseable: pp),,,,repair,drop_substituted,True,diketopyrrolopyrrole (dpp),False,,,,,,,,,,,,,,,,
441,dpp-od,diketopyrrolopyrrole (dpp),diketopyrrolopyrrole (dpp),diketopyrrolopyrrole (dpp),False,False,False,opsin_repair,,False,tidy_punct,,FAILURE,diketopyrrolopyrrole (dpp) is unparsable due to the following being uninterpretable: (dpp) The following was not parseable: pp),,,,repair,tidy_punct,True,diketopyrrolopyrrole (dpp),False,,,,,,,,,,,,,,,,
441,dpp-od,diketopyrrolopyrrole (dpp),diketopyrrolopyrrole dpp,diketopyrrolopyrrole (dpp),False,False,False,fallback,TEXT_FALLBACK,False,no parse,,,,,,,,,True,,False,,,,,,,,,,,,,,,,
441,dpp-tmhde,diketopyrrolopyrrole (dpp),diketopyrrolopyrrole dpp,diketopyrrolopyrrole (dpp),False,False,False,opsin_direct,,False,,,FAILURE,diketopyrrolopyrrole (dpp) is unparsable due to the following being uninterpretable: (dpp) The following was not parseable: pp),,,,direct,,True,diketopyrrolopyrrole (dpp),False,,,,,,,,,,,,,,,,
441,dpp-tmhde,diketopyrrolopyrrole (dpp),diketopyrrolopyrrole (dpp),diketopyrrolopyrrole (dpp),False,False,False,opsin_repair,,False,drop_descriptors,,FAILURE,diketopyrrolopyrrole (dpp) is unparsable due to the following being uninterpretable: (dpp) The following was not parseable: pp),,,,repair,drop_descriptors,True,diketopyrrolopyrrole (dpp),False,,,,,,,,,,,,,,,,
441,dpp-tmhde,diketopyrrolopyrrole (dpp),diketopyrrolopyrrole (dpp),diketopyrrolopyrrole (dpp),False,False,False,opsin_repair,,False,drop_substituted,,FAILURE,diketopyrrolopyrrole (dpp) is unparsable due to the following being uninterpretable: (dpp) The following was not parseable: pp),,,,repair,drop_substituted,True,diketopyrrolopyrrole (dpp),False,,,,,,,,,,,,,,,,
441,dpp-tmhde,diketopyrrolopyrrole (dpp),diketopyrrolopyrrole (dpp),diketopyrrolopyrrole (dpp),False,False,False,opsin_repair,,False,tidy_punct,,FAILURE,diketopyrrolopyrrole (dpp) is unparsable due to the following being uninterpretable: (dpp) The following was not parseable: pp),,,,repair,tidy_punct,True,diketopyrrolopyrrole (dpp),False,,,,,,,,,,,,,,,,
441,dpp-tmhde,diketopyrrolopyrrole (dpp),diketopyrrolopyrrole dpp,diketopyrrolopyrrole (dpp),False,False,False,fallback,TEXT_FALLBACK,False,no parse,,,,,,,,,True,,False,,,,,,,,,,,,,,,,
441,dpp-tmhde,diketopyrrolopyrrole (dpp),diketopyrrolopyrrole dpp,diketopyrrolopyrrole (dpp),False,False,False,opsin_direct,,False,,,FAILURE,diketopyrrolopyrrole (dpp) is unparsable due to the following being uninterpretable: (dpp) The following was not parseable: pp),,,,direct,,True,diketopyrrolopyrrole (dpp),False,,,,,,,,,,,,,,,,
441,dpp-tmhde,diketopyrrolopyrrole (dpp),diketopyrrolopyrrole (dpp),diketopyrrolopyrrole (dpp),False,False,False,opsin_repair,,False,drop_descriptors,,FAILURE,diketopyrrolopyrrole (dpp) is unparsable due to the following being uninterpretable: (dpp) The following was not parseable: pp),,,,repair,drop_descriptors,True,diketopyrrolopyrrole (dpp),False,,,,,,,,,,,,,,,,
441,dpp-tmhde,diketopyrrolopyrrole (dpp),diketopyrrolopyrrole (dpp),diketopyrrolopyrrole (dpp),False,False,False,opsin_repair,,False,drop_substituted,,FAILURE,diketopyrrolopyrrole (dpp) is unparsable due to the following being uninterpretable: (dpp) The following was not parseable: pp),,,,repair,drop_substituted,True,diketopyrrolopyrrole (dpp),False,,,,,,,,,,,,,,,,
441,dpp-tmhde,diketopyrrolopyrrole (dpp),diketopyrrolopyrrole (dpp),diketopyrrolopyrrole (dpp),False,False,False,opsin_repair,,False,tidy_punct,,FAILURE,diketopyrrolopyrrole (dpp) is unparsable due to the following being uninterpretable: (dpp) The following was not parseable: pp),,,,repair,tidy_punct,True,diketopyrrolopyrrole (dpp),False,,,,,,,,,,,,,,,,
441,dpp-tmhde,diketopyrrolopyrrole (dpp),diketopyrrolopyrrole dpp,diketopyrrolopyrrole (dpp),False,False,False,fallback,TEXT_FALLBACK,False,no parse,,,,,,,,,True,,False,,,,,,,,,,,,,,,,
441,dpp-tmhd,diketopyrrolopyrrole (dpp),diketopyrrolopyrrole dpp,diketopyrrolopyrrole (dpp),False,False,False,opsin_direct,,False,,,FAILURE,diketopyrrolopyrrole (dpp) is unparsable due to the following being uninterpretable: (dpp) The following was not parseable: pp),,,,direct,,True,diketopyrrolopyrrole (dpp),False,,,,,,,,,,,,,,,,
441,dpp-tmhd,diketopyrrolopyrrole (dpp),diketopyrrolopyrrole (dpp),diketopyrrolopyrrole (dpp),False,False,False,opsin_repair,,False,drop_descriptors,,FAILURE,diketopyrrolopyrrole (dpp) is unparsable due to the following being uninterpretable: (dpp) The following was not parseable: pp),,,,repair,drop_descriptors,True,diketopyrrolopyrrole (dpp),False,,,,,,,,,,,,,,,,
441,dpp-tmhd,diketopyrrolopyrrole (dpp),diketopyrrolopyrrole (dpp),diketopyrrolopyrrole (dpp),False,False,False,opsin_repair,,False,drop_substituted,,FAILURE,diketopyrrolopyrrole (dpp) is unparsable due to the following being uninterpretable: (dpp) The following was not parseable: pp),,,,repair,drop_substituted,True,diketopyrrolopyrrole (dpp),False,,,,,,,,,,,,,,,,
441,dpp-tmhd,diketopyrrolopyrrole (dpp),diketopyrrolopyrrole (dpp),diketopyrrolopyrrole (dpp),False,False,False,opsin_repair,,False,tidy_punct,,FAILURE,diketopyrrolopyrrole (dpp) is unparsable due to the following being uninterpretable: (dpp) The following was not parseable: pp),,,,repair,tidy_punct,True,diketopyrrolopyrrole (dpp),False,,,,,,,,,,,,,,,,
441,dpp-tmhd,diketopyrrolopyrrole (dpp),diketopyrrolopyrrole dpp,diketopyrrolopyrrole (dpp),False,False,False,fallback,TEXT_FALLBACK,False,no parse,,,,,,,,,True,,False,,,,,,,,,,,,,,,,
441,dpp-tmhd,diketopyrrolopyrrole (dpp),diketopyrrolopyrrole dpp,diketopyrrolopyrrole (dpp),False,False,False,opsin_direct,,False,,,FAILURE,diketopyrrolopyrrole (dpp) is unparsable due to the following being uninterpretable: (dpp) The following was not parseable: pp),,,,direct,,True,diketopyrrolopyrrole (dpp),False,,,,,,,,,,,,,,,,
441,dpp-tmhd,diketopyrrolopyrrole (dpp),diketopyrrolopyrrole (dpp),diketopyrrolopyrrole (dpp),False,False,False,opsin_repair,,False,drop_descriptors,,FAILURE,diketopyrrolopyrrole (dpp) is unparsable due to the following being uninterpretable: (dpp) The following was not parseable: pp),,,,repair,drop_descriptors,True,diketopyrrolopyrrole (dpp),False,,,,,,,,,,,,,,,,
441,dpp-tmhd,diketopyrrolopyrrole (dpp),diketopyrrolopyrrole (dpp),diketopyrrolopyrrole (dpp),False,False,False,opsin_repair,,False,drop_substituted,,FAILURE,diketopyrrolopyrrole (dpp) is unparsable due to the following being uninterpretable: (dpp) The following was not parseable: pp),,,,repair,drop_substituted,True,diketopyrrolopyrrole (dpp),False,,,,,,,,,,,,,,,,
441,dpp-tmhd,diketopyrrolopyrrole (dpp),diketopyrrolopyrrole (dpp),diketopyrrolopyrrole (dpp),False,False,False,opsin_repair,,False,tidy_punct,,FAILURE,diketopyrrolopyrrole (dpp) is unparsable due to the following being uninterpretable: (dpp) The following was not parseable: pp),,,,repair,tidy_punct,True,diketopyrrolopyrrole (dpp),False,,,,,,,,,,,,,,,,
441,dpp-tmhd,diketopyrrolopyrrole (dpp),diketopyrrolopyrrole dpp,diketopyrrolopyrrole (dpp),False,False,False,fallback,TEXT_FALLBACK,False,no parse,,,,,,,,,True,,False,,,,,,,,,,,,,,,,
465,gdpp-tb0,dpp-based donor-acceptor backbone,dpp-based -,dpp-based donor-acceptor backbone,False,False,False,opsin_direct,,False,,,FAILURE,dpp-based donor-acceptor backbone is unparsable due to the following being uninterpretable: dpp-based donor-acceptor backbone The following was not parseable: pp-based donor-acceptor backbone,,,,direct,,True,dpp-based donor-acceptor backbone,False,,,,,,,,,,,,,,,,
465,gdpp-tb0,dpp-based donor-acceptor backbone,dpp- - backbone,dpp- - backbone,False,False,False,opsin_repair,,False,drop_descriptors,,FAILURE,dpp- - backbone is unparsable due to the following being uninterpretable: dpp- - backbone The following was not parseable: pp- - backbone,,,,repair,drop_descriptors,True,dpp- - backbone,False,,,,,,,,,,,,,,,,
465,gdpp-tb0,dpp-based donor-acceptor backbone,dpp- - backbone,dpp- - backbone,False,False,False,opsin_repair,,False,drop_substituted,,FAILURE,dpp- - backbone is unparsable due to the following being uninterpretable: dpp- - backbone The following was not parseable: pp- - backbone,,,,repair,drop_substituted,True,dpp- - backbone,False,,,,,,,,,,,,,,,,
465,gdpp-tb0,dpp-based donor-acceptor backbone,dpp- - backbone,dpp- - backbone,False,False,False,opsin_repair,,False,tidy_punct,,FAILURE,dpp- - backbone is unparsable due to the following being uninterpretable: dpp- - backbone The following was not parseable: pp- - backbone,,,,repair,tidy_punct,True,dpp- - backbone,False,,,,,,,,,,,,,,,,
465,gdpp-tb0,dpp-based donor-acceptor backbone,dpp-based -,dpp-based donor-acceptor backbone,False,False,False,fallback,TEXT_FALLBACK,False,no parse,,,,,,,,,True,,False,,,,,,,,,,,,,,,,
465,gdpp-tb0,,,notert-butoxycarbonyl-functionalizedtdpp s-yl,False,False,False,template_expand,,True,[OPSIN-PREPROC] raw='not-boc-functionalizedtdppunits' -> preprocessed='notert-butoxycarbonyl-functionalizedtdpp s-yl',,,,,,,,,,,,,,,not-boc-functionalizedtdppunits,notert-butoxycarbonyl-functionalizedtdpp s-yl,False,False,True,False,False,unknown,low,True,"[{""name"": ""not-boc-functionalizedtdppunits"", ""count"": 1}]",,
465,gdpp-tb0,,,notert-butoxycarbonyl-functionalizedtdpp s-yl,False,False,False,sidechain_non_opsin_compatible,NON_OPSIN_COMPATIBLE,False,ineligible,,,,,,,,,,,,,,,not-boc-functionalizedtdppunits,notert-butoxycarbonyl-functionalizedtdpp s-yl,False,False,True,False,False,,,,,,
465,gdpp-tb0.1,dpp-based donor-acceptor backbone,dpp-based -,dpp-based donor-acceptor backbone,False,False,False,opsin_direct,,False,,,FAILURE,dpp-based donor-acceptor backbone is unparsable due to the following being uninterpretable: dpp-based donor-acceptor backbone The following was not parseable: pp-based donor-acceptor backbone,,,,direct,,True,dpp-based donor-acceptor backbone,False,,,,,,,,,,,,,,,,
465,gdpp-tb0.1,dpp-based donor-acceptor backbone,dpp- - backbone,dpp- - backbone,False,False,False,opsin_repair,,False,drop_descriptors,,FAILURE,dpp- - backbone is unparsable due to the following being uninterpretable: dpp- - backbone The following was not parseable: pp- - backbone,,,,repair,drop_descriptors,True,dpp- - backbone,False,,,,,,,,,,,,,,,,
465,gdpp-tb0.1,dpp-based donor-acceptor backbone,dpp- - backbone,dpp- - backbone,False,False,False,opsin_repair,,False,drop_substituted,,FAILURE,dpp- - backbone is unparsable due to the following being uninterpretable: dpp- - backbone The following was not parseable: pp- - backbone,,,,repair,drop_substituted,True,dpp- - backbone,False,,,,,,,,,,,,,,,,
465,gdpp-tb0.1,dpp-based donor-acceptor backbone,dpp- - backbone,dpp- - backbone,False,False,False,opsin_repair,,False,tidy_punct,,FAILURE,dpp- - backbone is unparsable due to the following being uninterpretable: dpp- - backbone The following was not parseable: pp- - backbone,,,,repair,tidy_punct,True,dpp- - backbone,False,,,,,,,,,,,,,,,,
465,gdpp-tb0.1,dpp-based donor-acceptor backbone,dpp-based -,dpp-based donor-acceptor backbone,False,False,False,fallback,TEXT_FALLBACK,False,no parse,,,,,,,,,True,,False,,,,,,,,,,,,,,,,
465,gdpp-tb0.1 (post-processing),dpp-based donor-acceptor backbone,dpp-based -,dpp-based donor-acceptor backbone,False,False,False,opsin_direct,,False,,,FAILURE,dpp-based donor-acceptor backbone is unparsable due to the following being uninterpretable: dpp-based donor-acceptor backbone The following was not parseable: pp-based donor-acceptor backbone,,,,direct,,True,dpp-based donor-acceptor backbone,False,,,,,,,,,,,,,,,,
465,gdpp-tb0.1 (post-processing),dpp-based donor-acceptor backbone,dpp- - backbone,dpp- - backbone,False,False,False,opsin_repair,,False,drop_descriptors,,FAILURE,dpp- - backbone is unparsable due to the following being uninterpretable: dpp- - backbone The following was not parseable: pp- - backbone,,,,repair,drop_descriptors,True,dpp- - backbone,False,,,,,,,,,,,,,,,,
465,gdpp-tb0.1 (post-processing),dpp-based donor-acceptor backbone,dpp- - backbone,dpp- - backbone,False,False,False,opsin_repair,,False,drop_substituted,,FAILURE,dpp- - backbone is unparsable due to the following being uninterpretable: dpp- - backbone The following was not parseable: pp- - backbone,,,,repair,drop_substituted,True,dpp- - backbone,False,,,,,,,,,,,,,,,,
465,gdpp-tb0.1 (post-processing),dpp-based donor-acceptor backbone,dpp- - backbone,dpp- - backbone,False,False,False,opsin_repair,,False,tidy_punct,,FAILURE,dpp- - backbone is unparsable due to the following being uninterpretable: dpp- - backbone The following was not parseable: pp- - backbone,,,,repair,tidy_punct,True,dpp- - backbone,False,,,,,,,,,,,,,,,,
465,gdpp-tb0.1 (post-processing),dpp-based donor-acceptor backbone,dpp-based -,dpp-based donor-acceptor backbone,False,False,False,fallback,TEXT_FALLBACK,False,no parse,,,,,,,,,True,,False,,,,,,,,,,,,,,,,
417,p3ht,polythiophene,polythiophene,polythiophene,False,False,False,opsin_direct,,False,,,FAILURE,"polythiophene could be parsed but OPSIN was unsure of the meaning of the words. This error will occur, by default, if a name is just a substituent",,,,direct,,True,polythiophene,False,,,,,,,,,,,,,,,,
417,p3ht,polythiophene,polythiophene,polythiophene,False,False,False,opsin_repair,,False,drop_descriptors,,FAILURE,"polythiophene could be parsed but OPSIN was unsure of the meaning of the words. This error will occur, by default, if a name is just a substituent",,,,repair,drop_descriptors,True,polythiophene,False,,,,,,,,,,,,,,,,
417,p3ht,polythiophene,polythiophene,polythiophene,False,False,False,opsin_repair,,False,drop_substituted,,FAILURE,"polythiophene could be parsed but OPSIN was unsure of the meaning of the words. This error will occur, by default, if a name is just a substituent",,,,repair,drop_substituted,True,polythiophene,False,,,,,,,,,,,,,,,,
417,p3ht,polythiophene,polythiophene,polythiophene,False,False,False,opsin_repair,,False,tidy_punct,,FAILURE,"polythiophene could be parsed but OPSIN was unsure of the meaning of the words. This error will occur, by default, if a name is just a substituent",,,,repair,tidy_punct,True,polythiophene,False,,,,,,,,,,,,,,,,
417,p3ht,polythiophene,polythiophene,polythiophene,False,False,False,fallback,TEXT_FALLBACK,False,no parse,,,,,,,,,True,,False,,,,,,,,,,,,,,,,
417,p3ht,,,hexyl,False,False,False,template_expand,,True,[OPSIN-PREPROC] raw='c6' -> preprocessed='hexyl',,,,,,,,,,,,,,,c6,hexyl,False,False,False,False,False,unknown,low,True,"[{""name"": ""c6"", ""count"": 1}]",,
417,p3ht,,,hexyl,False,False,False,sidechain_length,ALKYL_LENGTH,True,,CCCCCC,,,,,,,,,,,,,,c6,hexyl,False,False,False,False,False,,,,,,
417,p3ht-co-ptoh,polythiophene,polythiophene,polythiophene,False,False,False,opsin_direct,,False,,,FAILURE,"polythiophene could be parsed but OPSIN was unsure of the meaning of the words. This error will occur, by default, if a name is just a substituent",,,,direct,,True,polythiophene,False,,,,,,,,,,,,,,,,
417,p3ht-co-ptoh,polythiophene,polythiophene,polythiophene,False,False,False,opsin_repair,,False,drop_descriptors,,FAILURE,"polythiophene could be parsed but OPSIN was unsure of the meaning of the words. This error will occur, by default, if a name is just a substituent",,,,repair,drop_descriptors,True,polythiophene,False,,,,,,,,,,,,,,,,
417,p3ht-co-ptoh,polythiophene,polythiophene,polythiophene,False,False,False,opsin_repair,,False,drop_substituted,,FAILURE,"polythiophene could be parsed but OPSIN was unsure of the meaning of the words. This error will occur, by default, if a name is just a substituent",,,,repair,drop_substituted,True,polythiophene,False,,,,,,,,,,,,,,,,
417,p3ht-co-ptoh,polythiophene,polythiophene,polythiophene,False,False,False,opsin_repair,,False,tidy_punct,,FAILURE,"polythiophene could be parsed but OPSIN was unsure of the meaning of the words. This error will occur, by default, if a name is just a substituent",,,,repair,tidy_punct,True,polythiophene,False,,,,,,,,,,,,,,,,
417,p3ht-co-ptoh,polythiophene,polythiophene,polythiophene,False,False,False,fallback,TEXT_FALLBACK,False,no parse,,,,,,,,,True,,False,,,,,,,,,,,,,,,,
417,p3ht-co-p3meemt,polythiophene,polythiophene,polythiophene,False,False,False,opsin_direct,,False,,,FAILURE,"polythiophene could be parsed but OPSIN was unsure of the meaning of the words. This error will occur, by default, if a name is just a substituent",,,,direct,,True,polythiophene,False,,,,,,,,,,,,,,,,
417,p3ht-co-p3meemt,polythiophene,polythiophene,polythiophene,False,False,False,opsin_repair,,False,drop_descriptors,,FAILURE,"polythiophene could be parsed but OPSIN was unsure of the meaning of the words. This error will occur, by default, if a name is just a substituent",,,,repair,drop_descriptors,True,polythiophene,False,,,,,,,,,,,,,,,,
417,p3ht-co-p3meemt,polythiophene,polythiophene,polythiophene,False,False,False,opsin_repair,,False,drop_substituted,,FAILURE,"polythiophene could be parsed but OPSIN was unsure of the meaning of the words. This error will occur, by default, if a name is just a substituent",,,,repair,drop_substituted,True,polythiophene,False,,,,,,,,,,,,,,,,
417,p3ht-co-p3meemt,polythiophene,polythiophene,polythiophene,False,False,False,opsin_repair,,False,tidy_punct,,FAILURE,"polythiophene could be parsed but OPSIN was unsure of the meaning of the words. This error will occur, by default, if a name is just a substituent",,,,repair,tidy_punct,True,polythiophene,False,,,,,,,,,,,,,,,,
417,p3ht-co-p3meemt,polythiophene,polythiophene,polythiophene,False,False,False,fallback,TEXT_FALLBACK,False,no parse,,,,,,,,,True,,False,,,,,,,,,,,,,,,,
417,p3ht-co-p5meemt,polythiophene,polythiophene,polythiophene,False,False,False,opsin_direct,,False,,,FAILURE,"polythiophene could be parsed but OPSIN was unsure of the meaning of the words. This error will occur, by default, if a name is just a substituent",,,,direct,,True,polythiophene,False,,,,,,,,,,,,,,,,
417,p3ht-co-p5meemt,polythiophene,polythiophene,polythiophene,False,False,False,opsin_repair,,False,drop_descriptors,,FAILURE,"polythiophene could be parsed but OPSIN was unsure of the meaning of the words. This error will occur, by default, if a name is just a substituent",,,,repair,drop_descriptors,True,polythiophene,False,,,,,,,,,,,,,,,,
417,p3ht-co-p5meemt,polythiophene,polythiophene,polythiophene,False,False,False,opsin_repair,,False,drop_substituted,,FAILURE,"polythiophene could be parsed but OPSIN was unsure of the meaning of the words. This error will occur, by default, if a name is just a substituent",,,,repair,drop_substituted,True,polythiophene,False,,,,,,,,,,,,,,,,
417,p3ht-co-p5meemt,polythiophene,polythiophene,polythiophene,False,False,False,opsin_repair,,False,tidy_punct,,FAILURE,"polythiophene could be parsed but OPSIN was unsure of the meaning of the words. This error will occur, by default, if a name is just a substituent",,,,repair,tidy_punct,True,polythiophene,False,,,,,,,,,,,,,,,,
417,p3ht-co-p5meemt,polythiophene,polythiophene,polythiophene,False,False,False,fallback,TEXT_FALLBACK,False,no parse,,,,,,,,,True,,False,,,,,,,,,,,,,,,,
417,p3ht-co-pt3c,polythiophene,polythiophene,polythiophene,False,False,False,opsin_direct,,False,,,FAILURE,"polythiophene could be parsed but OPSIN was unsure of the meaning of the words. This error will occur, by default, if a name is just a substituent",,,,direct,,True,polythiophene,False,,,,,,,,,,,,,,,,
417,p3ht-co-pt3c,polythiophene,polythiophene,polythiophene,False,False,False,opsin_repair,,False,drop_descriptors,,FAILURE,"polythiophene could be parsed but OPSIN was unsure of the meaning of the words. This error will occur, by default, if a name is just a substituent",,,,repair,drop_descriptors,True,polythiophene,False,,,,,,,,,,,,,,,,
417,p3ht-co-pt3c,polythiophene,polythiophene,polythiophene,False,False,False,opsin_repair,,False,drop_substituted,,FAILURE,"polythiophene could be parsed but OPSIN was unsure of the meaning of the words. This error will occur, by default, if a name is just a substituent",,,,repair,drop_substituted,True,polythiophene,False,,,,,,,,,,,,,,,,
417,p3ht-co-pt3c,polythiophene,polythiophene,polythiophene,False,False,False,opsin_repair,,False,tidy_punct,,FAILURE,"polythiophene could be parsed but OPSIN was unsure of the meaning of the words. This error will occur, by default, if a name is just a substituent",,,,repair,tidy_punct,True,polythiophene,False,,,,,,,,,,,,,,,,
417,p3ht-co-pt3c,polythiophene,polythiophene,polythiophene,False,False,False,fallback,TEXT_FALLBACK,False,no parse,,,,,,,,,True,,False,,,,,,,,,,,,,,,,
417,p3ht-co-pt4c,polythiophene,polythiophene,polythiophene,False,False,False,opsin_direct,,False,,,FAILURE,"polythiophene could be parsed but OPSIN was unsure of the meaning of the words. This error will occur, by default, if a name is just a substituent",,,,direct,,True,polythiophene,False,,,,,,,,,,,,,,,,
417,p3ht-co-pt4c,polythiophene,polythiophene,polythiophene,False,False,False,opsin_repair,,False,drop_descriptors,,FAILURE,"polythiophene could be parsed but OPSIN was unsure of the meaning of the words. This error will occur, by default, if a name is just a substituent",,,,repair,drop_descriptors,True,polythiophene,False,,,,,,,,,,,,,,,,
417,p3ht-co-pt4c,polythiophene,polythiophene,polythiophene,False,False,False,opsin_repair,,False,drop_substituted,,FAILURE,"polythiophene could be parsed but OPSIN was unsure of the meaning of the words. This error will occur, by default, if a name is just a substituent",,,,repair,drop_substituted,True,polythiophene,False,,,,,,,,,,,,,,,,
417,p3ht-co-pt4c,polythiophene,polythiophene,polythiophene,False,False,False,opsin_repair,,False,tidy_punct,,FAILURE,"polythiophene could be parsed but OPSIN was unsure of the meaning of the words. This error will occur, by default, if a name is just a substituent",,,,repair,tidy_punct,True,polythiophene,False,,,,,,,,,,,,,,,,
417,p3ht-co-pt4c,polythiophene,polythiophene,polythiophene,False,False,False,fallback,TEXT_FALLBACK,False,no parse,,,,,,,,,True,,False,,,,,,,,,,,,,,,,
417,ptotbs,polythiophene,polythiophene,polythiophene,False,False,False,opsin_direct,,False,,,FAILURE,"polythiophene could be parsed but OPSIN was unsure of the meaning of the words. This error will occur, by default, if a name is just a substituent",,,,direct,,True,polythiophene,False,,,,,,,,,,,,,,,,
417,ptotbs,polythiophene,polythiophene,polythiophene,False,False,False,opsin_repair,,False,drop_descriptors,,FAILURE,"polythiophene could be parsed but OPSIN was unsure of the meaning of the words. This error will occur, by default, if a name is just a substituent",,,,repair,drop_descriptors,True,polythiophene,False,,,,,,,,,,,,,,,,
417,ptotbs,polythiophene,polythiophene,polythiophene,False,False,False,opsin_repair,,False,drop_substituted,,FAILURE,"polythiophene could be parsed but OPSIN was unsure of the meaning of the words. This error will occur, by default, if a name is just a substituent",,,,repair,drop_substituted,True,polythiophene,False,,,,,,,,,,,,,,,,
417,ptotbs,polythiophene,polythiophene,polythiophene,False,False,False,opsin_repair,,False,tidy_punct,,FAILURE,"polythiophene could be parsed but OPSIN was unsure of the meaning of the words. This error will occur, by default, if a name is just a substituent",,,,repair,tidy_punct,True,polythiophene,False,,,,,,,,,,,,,,,,
417,ptotbs,polythiophene,polythiophene,polythiophene,False,False,False,fallback,TEXT_FALLBACK,False,no parse,,,,,,,,,True,,False,,,,,,,,,,,,,,,,
417,ptotbs-co-p3meemt,polythiophene,polythiophene,polythiophene,False,False,False,opsin_direct,,False,,,FAILURE,"polythiophene could be parsed but OPSIN was unsure of the meaning of the words. This error will occur, by default, if a name is just a substituent",,,,direct,,True,polythiophene,False,,,,,,,,,,,,,,,,
417,ptotbs-co-p3meemt,polythiophene,polythiophene,polythiophene,False,False,False,opsin_repair,,False,drop_descriptors,,FAILURE,"polythiophene could be parsed but OPSIN was unsure of the meaning of the words. This error will occur, by default, if a name is just a substituent",,,,repair,drop_descriptors,True,polythiophene,False,,,,,,,,,,,,,,,,
417,ptotbs-co-p3meemt,polythiophene,polythiophene,polythiophene,False,False,False,opsin_repair,,False,drop_substituted,,FAILURE,"polythiophene could be parsed but OPSIN was unsure of the meaning of the words. This error will occur, by default, if a name is just a substituent",,,,repair,drop_substituted,True,polythiophene,False,,,,,,,,,,,,,,,,
417,ptotbs-co-p3meemt,polythiophene,polythiophene,polythiophene,False,False,False,opsin_repair,,False,tidy_punct,,FAILURE,"polythiophene could be parsed but OPSIN was unsure of the meaning of the words. This error will occur, by default, if a name is just a substituent",,,,repair,tidy_punct,True,polythiophene,False,,,,,,,,,,,,,,,,
417,ptotbs-co-p3meemt,polythiophene,polythiophene,polythiophene,False,False,False,fallback,TEXT_FALLBACK,False,no parse,,,,,,,,,True,,False,,,,,,,,,,,,,,,,
417,ptotbs-co-p5meemt,polythiophene,polythiophene,polythiophene,False,False,False,opsin_direct,,False,,,FAILURE,"polythiophene could be parsed but OPSIN was unsure of the meaning of the words. This error will occur, by default, if a name is just a substituent",,,,direct,,True,polythiophene,False,,,,,,,,,,,,,,,,
417,ptotbs-co-p5meemt,polythiophene,polythiophene,polythiophene,False,False,False,opsin_repair,,False,drop_descriptors,,FAILURE,"polythiophene could be parsed but OPSIN was unsure of the meaning of the words. This error will occur, by default, if a name is just a substituent",,,,repair,drop_descriptors,True,polythiophene,False,,,,,,,,,,,,,,,,
417,ptotbs-co-p5meemt,polythiophene,polythiophene,polythiophene,False,False,False,opsin_repair,,False,drop_substituted,,FAILURE,"polythiophene could be parsed but OPSIN was unsure of the meaning of the words. This error will occur, by default, if a name is just a substituent",,,,repair,drop_substituted,True,polythiophene,False,,,,,,,,,,,,,,,,
417,ptotbs-co-p5meemt,polythiophene,polythiophene,polythiophene,False,False,False,opsin_repair,,False,tidy_punct,,FAILURE,"polythiophene could be parsed but OPSIN was unsure of the meaning of the words. This error will occur, by default, if a name is just a substituent",,,,repair,tidy_punct,True,polythiophene,False,,,,,,,,,,,,,,,,
417,ptotbs-co-p5meemt,polythiophene,polythiophene,polythiophene,False,False,False,fallback,TEXT_FALLBACK,False,no parse,,,,,,,,,True,,False,,,,,,,,,,,,,,,,
417,ptotbs-co-pt3c,polythiophene,polythiophene,polythiophene,False,False,False,opsin_direct,,False,,,FAILURE,"polythiophene could be parsed but OPSIN was unsure of the meaning of the words. This error will occur, by default, if a name is just a substituent",,,,direct,,True,polythiophene,False,,,,,,,,,,,,,,,,
417,ptotbs-co-pt3c,polythiophene,polythiophene,polythiophene,False,False,False,opsin_repair,,False,drop_descriptors,,FAILURE,"polythiophene could be parsed but OPSIN was unsure of the meaning of the words. This error will occur, by default, if a name is just a substituent",,,,repair,drop_descriptors,True,polythiophene,False,,,,,,,,,,,,,,,,
417,ptotbs-co-pt3c,polythiophene,polythiophene,polythiophene,False,False,False,opsin_repair,,False,drop_substituted,,FAILURE,"polythiophene could be parsed but OPSIN was unsure of the meaning of the words. This error will occur, by default, if a name is just a substituent",,,,repair,drop_substituted,True,polythiophene,False,,,,,,,,,,,,,,,,
417,ptotbs-co-pt3c,polythiophene,polythiophene,polythiophene,False,False,False,opsin_repair,,False,tidy_punct,,FAILURE,"polythiophene could be parsed but OPSIN was unsure of the meaning of the words. This error will occur, by default, if a name is just a substituent",,,,repair,tidy_punct,True,polythiophene,False,,,,,,,,,,,,,,,,
417,ptotbs-co-pt3c,polythiophene,polythiophene,polythiophene,False,False,False,fallback,TEXT_FALLBACK,False,no parse,,,,,,,,,True,,False,,,,,,,,,,,,,,,,
417,ptotbs-co-pt4c,polythiophene,polythiophene,polythiophene,False,False,False,opsin_direct,,False,,,FAILURE,"polythiophene could be parsed but OPSIN was unsure of the meaning of the words. This error will occur, by default, if a name is just a substituent",,,,direct,,True,polythiophene,False,,,,,,,,,,,,,,,,
417,ptotbs-co-pt4c,polythiophene,polythiophene,polythiophene,False,False,False,opsin_repair,,False,drop_descriptors,,FAILURE,"polythiophene could be parsed but OPSIN was unsure of the meaning of the words. This error will occur, by default, if a name is just a substituent",,,,repair,drop_descriptors,True,polythiophene,False,,,,,,,,,,,,,,,,
417,ptotbs-co-pt4c,polythiophene,polythiophene,polythiophene,False,False,False,opsin_repair,,False,drop_substituted,,FAILURE,"polythiophene could be parsed but OPSIN was unsure of the meaning of the words. This error will occur, by default, if a name is just a substituent",,,,repair,drop_substituted,True,polythiophene,False,,,,,,,,,,,,,,,,
417,ptotbs-co-pt4c,polythiophene,polythiophene,polythiophene,False,False,False,opsin_repair,,False,tidy_punct,,FAILURE,"polythiophene could be parsed but OPSIN was unsure of the meaning of the words. This error will occur, by default, if a name is just a substituent",,,,repair,tidy_punct,True,polythiophene,False,,,,,,,,,,,,,,,,
417,ptotbs-co-pt4c,polythiophene,polythiophene,polythiophene,False,False,False,fallback,TEXT_FALLBACK,False,no parse,,,,,,,,,True,,False,,,,,,,,,,,,,,,,
417,ptoh,polythiophene,polythiophene,polythiophene,False,False,False,opsin_direct,,False,,,FAILURE,"polythiophene could be parsed but OPSIN was unsure of the meaning of the words. This error will occur, by default, if a name is just a substituent",,,,direct,,True,polythiophene,False,,,,,,,,,,,,,,,,
417,ptoh,polythiophene,polythiophene,polythiophene,False,False,False,opsin_repair,,False,drop_descriptors,,FAILURE,"polythiophene could be parsed but OPSIN was unsure of the meaning of the words. This error will occur, by default, if a name is just a substituent",,,,repair,drop_descriptors,True,polythiophene,False,,,,,,,,,,,,,,,,
417,ptoh,polythiophene,polythiophene,polythiophene,False,False,False,opsin_repair,,False,drop_substituted,,FAILURE,"polythiophene could be parsed but OPSIN was unsure of the meaning of the words. This error will occur, by default, if a name is just a substituent",,,,repair,drop_substituted,True,polythiophene,False,,,,,,,,,,,,,,,,
417,ptoh,polythiophene,polythiophene,polythiophene,False,False,False,opsin_repair,,False,tidy_punct,,FAILURE,"polythiophene could be parsed but OPSIN was unsure of the meaning of the words. This error will occur, by default, if a name is just a substituent",,,,repair,tidy_punct,True,polythiophene,False,,,,,,,,,,,,,,,,
417,ptoh,polythiophene,polythiophene,polythiophene,False,False,False,fallback,TEXT_FALLBACK,False,no parse,,,,,,,,,True,,False,,,,,,,,,,,,,,,,
417,ptoh,,,ch-2-oh-yl,False,False,False,template_expand,,True,[OPSIN-PREPROC] raw='ch2oh' -> preprocessed='ch-2-oh-yl',,,,,,,,,,,,,,,ch2oh,ch-2-oh-yl,False,False,True,False,False,unknown,low,True,"[{""name"": ""ch2oh"", ""count"": 1}]",,
417,ptoh,,,ch-2-oh-yl,False,False,False,sidechain_non_opsin_compatible,NON_OPSIN_COMPATIBLE,False,ineligible,,,,,,,,,,,,,,,ch2oh,ch-2-oh-yl,False,False,True,False,False,,,,,,
450,p(gndi-gt2),naphthalene diimide-bithiophene (ndi-t2),naphthalene diimide-bithiophene ndi-t-2,naphthalene diimide-bithiophene (ndi-t2),False,False,False,opsin_direct,,False,,,FAILURE,naphthalene diimide-bithiophene (ndi-t2) is unparsable due to the following being uninterpretable: (ndi-t2) The following was not parseable: ndi-t2),,,,direct,,True,naphthalene diimide-bithiophene (ndi-t2),False,,,,,,,,,,,,,,,,
450,p(gndi-gt2),naphthalene diimide-bithiophene (ndi-t2),naphthalene diimide-bithiophene (ndi-t2),naphthalene diimide-bithiophene (ndi-t2),False,False,False,opsin_repair,,False,drop_descriptors,,FAILURE,naphthalene diimide-bithiophene (ndi-t2) is unparsable due to the following being uninterpretable: (ndi-t2) The following was not parseable: ndi-t2),,,,repair,drop_descriptors,True,naphthalene diimide-bithiophene (ndi-t2),False,,,,,,,,,,,,,,,,
450,p(gndi-gt2),naphthalene diimide-bithiophene (ndi-t2),naphthalene diimide-bithiophene (ndi-t2),naphthalene diimide-bithiophene (ndi-t2),False,False,False,opsin_repair,,False,drop_substituted,,FAILURE,naphthalene diimide-bithiophene (ndi-t2) is unparsable due to the following being uninterpretable: (ndi-t2) The following was not parseable: ndi-t2),,,,repair,drop_substituted,True,naphthalene diimide-bithiophene (ndi-t2),False,,,,,,,,,,,,,,,,
450,p(gndi-gt2),naphthalene diimide-bithiophene (ndi-t2),naphthalene diimide-bithiophene (ndi-t2),naphthalene diimide-bithiophene (ndi-t2),False,False,False,opsin_repair,,False,tidy_punct,,FAILURE,naphthalene diimide-bithiophene (ndi-t2) is unparsable due to the following being uninterpretable: (ndi-t2) The following was not parseable: ndi-t2),,,,repair,tidy_punct,True,naphthalene diimide-bithiophene (ndi-t2),False,,,,,,,,,,,,,,,,
450,p(gndi-gt2),naphthalene diimide-bithiophene (ndi-t2),naphthalene diimide-bithiophene ndi-t-2,naphthalene diimide-bithiophene (ndi-t2),False,False,False,fallback,TEXT_FALLBACK,False,no parse,,,,,,,,,True,,False,,,,,,,,,,,,,,,,
450,p(gndi-gt2),,,ethoxyethyl-only s-yl,False,False,False,template_expand,,True,[OPSIN-PREPROC] raw='eg-onlysidechains' -> preprocessed='ethoxyethyl-only s-yl',,,,,,,,,,,,,,,eg-onlysidechains,ethoxyethyl-only s-yl,False,False,True,False,False,unknown,low,True,"[{""name"": ""eg-onlysidechains"", ""count"": 1}]",,
450,p(gndi-gt2),,,ethoxyethyl-only s-yl,False,False,False,sidechain_length,ALKYL_LENGTH,True,,CC,,,,,,,,,,,,,,eg-onlysidechains,ethoxyethyl-only s-yl,False,False,True,False,False,,,,,,
450,p(c3-gndi-gt2),naphthalene diimide-bithiophene (ndi-t2),naphthalene diimide-bithiophene ndi-t-2,naphthalene diimide-bithiophene (ndi-t2),False,False,False,opsin_direct,,False,,,FAILURE,naphthalene diimide-bithiophene (ndi-t2) is unparsable due to the following being uninterpretable: (ndi-t2) The following was not parseable: ndi-t2),,,,direct,,True,naphthalene diimide-bithiophene (ndi-t2),False,,,,,,,,,,,,,,,,
450,p(c3-gndi-gt2),naphthalene diimide-bithiophene (ndi-t2),naphthalene diimide-bithiophene (ndi-t2),naphthalene diimide-bithiophene (ndi-t2),False,False,False,opsin_repair,,False,drop_descriptors,,FAILURE,naphthalene diimide-bithiophene (ndi-t2) is unparsable due to the following being uninterpretable: (ndi-t2) The following was not parseable: ndi-t2),,,,repair,drop_descriptors,True,naphthalene diimide-bithiophene (ndi-t2),False,,,,,,,,,,,,,,,,
450,p(c3-gndi-gt2),naphthalene diimide-bithiophene (ndi-t2),naphthalene diimide-bithiophene (ndi-t2),naphthalene diimide-bithiophene (ndi-t2),False,False,False,opsin_repair,,False,drop_substituted,,FAILURE,naphthalene diimide-bithiophene (ndi-t2) is unparsable due to the following being uninterpretable: (ndi-t2) The following was not parseable: ndi-t2),,,,repair,drop_substituted,True,naphthalene diimide-bithiophene (ndi-t2),False,,,,,,,,,,,,,,,,
450,p(c3-gndi-gt2),naphthalene diimide-bithiophene (ndi-t2),naphthalene diimide-bithiophene (ndi-t2),naphthalene diimide-bithiophene (ndi-t2),False,False,False,opsin_repair,,False,tidy_punct,,FAILURE,naphthalene diimide-bithiophene (ndi-t2) is unparsable due to the following being uninterpretable: (ndi-t2) The following was not parseable: ndi-t2),,,,repair,tidy_punct,True,naphthalene diimide-bithiophene (ndi-t2),False,,,,,,,,,,,,,,,,
450,p(c3-gndi-gt2),naphthalene diimide-bithiophene (ndi-t2),naphthalene diimide-bithiophene ndi-t-2,naphthalene diimide-bithiophene (ndi-t2),False,False,False,fallback,TEXT_FALLBACK,False,no parse,,,,,,,,,True,,False,,,,,,,,,,,,,,,,
450,p(c3-gndi-gt2),,,hybridalkyl-glycol spropylspacer-yl,False,False,False,template_expand,,True,[OPSIN-PREPROC] raw='hybridalkyl-glycolsidechainsc3spacer' -> preprocessed='hybridalkyl-glycol spropylspacer-yl',,,,,,,,,,,,,,,hybridalkyl-glycolsidechainsc3spacer,hybridalkyl-glycol spropylspacer-yl,False,False,True,False,False,unknown,low,True,"[{""name"": ""hybridalkyl-glycolsidechainsc3spacer"", ""count"": 1}]",,
450,p(c3-gndi-gt2),,,hybridalkyl-glycol spropylspacer-yl,False,False,False,sidechain_length,ALKYL_LENGTH,True,,CCC,,,,,,,,,,,,,,hybridalkyl-glycolsidechainsc3spacer,hybridalkyl-glycol spropylspacer-yl,False,False,True,False,False,,,,,,
450,p(c6-gndi-gt2),naphthalene diimide-bithiophene (ndi-t2),naphthalene diimide-bithiophene ndi-t-2,naphthalene diimide-bithiophene (ndi-t2),False,False,False,opsin_direct,,False,,,FAILURE,naphthalene diimide-bithiophene (ndi-t2) is unparsable due to the following being uninterpretable: (ndi-t2) The following was not parseable: ndi-t2),,,,direct,,True,naphthalene diimide-bithiophene (ndi-t2),False,,,,,,,,,,,,,,,,
450,p(c6-gndi-gt2),naphthalene diimide-bithiophene (ndi-t2),naphthalene diimide-bithiophene (ndi-t2),naphthalene diimide-bithiophene (ndi-t2),False,False,False,opsin_repair,,False,drop_descriptors,,FAILURE,naphthalene diimide-bithiophene (ndi-t2) is unparsable due to the following being uninterpretable: (ndi-t2) The following was not parseable: ndi-t2),,,,repair,drop_descriptors,True,naphthalene diimide-bithiophene (ndi-t2),False,,,,,,,,,,,,,,,,
450,p(c6-gndi-gt2),naphthalene diimide-bithiophene (ndi-t2),naphthalene diimide-bithiophene (ndi-t2),naphthalene diimide-bithiophene (ndi-t2),False,False,False,opsin_repair,,False,drop_substituted,,FAILURE,naphthalene diimide-bithiophene (ndi-t2) is unparsable due to the following being uninterpretable: (ndi-t2) The following was not parseable: ndi-t2),,,,repair,drop_substituted,True,naphthalene diimide-bithiophene (ndi-t2),False,,,,,,,,,,,,,,,,
450,p(c6-gndi-gt2),naphthalene diimide-bithiophene (ndi-t2),naphthalene diimide-bithiophene (ndi-t2),naphthalene diimide-bithiophene (ndi-t2),False,False,False,opsin_repair,,False,tidy_punct,,FAILURE,naphthalene diimide-bithiophene (ndi-t2) is unparsable due to the following being uninterpretable: (ndi-t2) The following was not parseable: ndi-t2),,,,repair,tidy_punct,True,naphthalene diimide-bithiophene (ndi-t2),False,,,,,,,,,,,,,,,,
450,p(c6-gndi-gt2),naphthalene diimide-bithiophene (ndi-t2),naphthalene diimide-bithiophene ndi-t-2,naphthalene diimide-bithiophene (ndi-t2),False,False,False,fallback,TEXT_FALLBACK,False,no parse,,,,,,,,,True,,False,,,,,,,,,,,,,,,,
450,p(c6-gndi-gt2),,,hybridalkyl-glycol shexylspacer-yl,False,False,False,template_expand,,True,[OPSIN-PREPROC] raw='hybridalkyl-glycolsidechainsc6spacer' -> preprocessed='hybridalkyl-glycol shexylspacer-yl',,,,,,,,,,,,,,,hybridalkyl-glycolsidechainsc6spacer,hybridalkyl-glycol shexylspacer-yl,False,False,True,False,False,unknown,low,True,"[{""name"": ""hybridalkyl-glycolsidechainsc6spacer"", ""count"": 1}]",,
450,p(c6-gndi-gt2),,,hybridalkyl-glycol shexylspacer-yl,False,False,False,sidechain_length,ALKYL_LENGTH,True,,CCCCCC,,,,,,,,,,,,,,hybridalkyl-glycolsidechainsc6spacer,hybridalkyl-glycol shexylspacer-yl,False,False,True,False,False,,,,,,
482,p(py2ft),side chain-free cationic backbones,side chain-free cationic backbones,side chain-free cationic backbones,False,False,False,opsin_direct,,False,,,FAILURE,side chain-free cationic backbones is unparsable due to the following being uninterpretable: side chain-free cationic backbones The following was not parseable: side chain-free cationic backbones,,,,direct,,True,side chain-free cationic backbones,False,,,,,,,,,,,,,,,,
482,p(py2ft),side chain-free cationic backbones,side chain-free cationic backbones,side chain-free cationic backbones,False,False,False,opsin_repair,,False,drop_descriptors,,FAILURE,side chain-free cationic backbones is unparsable due to the following being uninterpretable: side chain-free cationic backbones The following was not parseable: side chain-free cationic backbones,,,,repair,drop_descriptors,True,side chain-free cationic backbones,False,,,,,,,,,,,,,,,,
482,p(py2ft),side chain-free cationic backbones,side chain-free cationic backbones,side chain-free cationic backbones,False,False,False,opsin_repair,,False,drop_substituted,,FAILURE,side chain-free cationic backbones is unparsable due to the following being uninterpretable: side chain-free cationic backbones The following was not parseable: side chain-free cationic backbones,,,,repair,drop_substituted,True,side chain-free cationic backbones,False,,,,,,,,,,,,,,,,
482,p(py2ft),side chain-free cationic backbones,side chain-free cationic backbones,side chain-free cationic backbones,False,False,False,opsin_repair,,False,tidy_punct,,FAILURE,side chain-free cationic backbones is unparsable due to the following being uninterpretable: side chain-free cationic backbones The following was not parseable: side chain-free cationic backbones,,,,repair,tidy_punct,True,side chain-free cationic backbones,False,,,,,,,,,,,,,,,,
482,p(py2ft),side chain-free cationic backbones,side chain-free cationic backbones,side chain-free cationic backbones,False,False,False,fallback,TEXT_FALLBACK,False,no parse,,,,,,,,,True,,False,,,,,,,,,,,,,,,,
482,p(py2ft),,,free-yl,False,False,False,template_expand,,True,[OPSIN-PREPROC] raw='sidechain-free' -> preprocessed='free-yl',,,,,,,,,,,,,,,sidechain-free,free-yl,False,False,True,False,False,unknown,low,True,"[{""name"": ""sidechain-free"", ""count"": 1}]",,
482,p(py2ft),,,free-yl,False,False,False,sidechain_non_opsin_compatible,NON_OPSIN_COMPATIBLE,False,ineligible,,,,,,,,,,,,,,,sidechain-free,free-yl,False,False,True,False,False,,,,,,
482,p(pyt),side chain-free cationic backbones,side chain-free cationic backbones,side chain-free cationic backbones,False,False,False,opsin_direct,,False,,,FAILURE,side chain-free cationic backbones is unparsable due to the following being uninterpretable: side chain-free cationic backbones The following was not parseable: side chain-free cationic backbones,,,,direct,,True,side chain-free cationic backbones,False,,,,,,,,,,,,,,,,
482,p(pyt),side chain-free cationic backbones,side chain-free cationic backbones,side chain-free cationic backbones,False,False,False,opsin_repair,,False,drop_descriptors,,FAILURE,side chain-free cationic backbones is unparsable due to the following being uninterpretable: side chain-free cationic backbones The following was not parseable: side chain-free cationic backbones,,,,repair,drop_descriptors,True,side chain-free cationic backbones,False,,,,,,,,,,,,,,,,
482,p(pyt),side chain-free cationic backbones,side chain-free cationic backbones,side chain-free cationic backbones,False,False,False,opsin_repair,,False,drop_substituted,,FAILURE,side chain-free cationic backbones is unparsable due to the following being uninterpretable: side chain-free cationic backbones The following was not parseable: side chain-free cationic backbones,,,,repair,drop_substituted,True,side chain-free cationic backbones,False,,,,,,,,,,,,,,,,
482,p(pyt),side chain-free cationic backbones,side chain-free cationic backbones,side chain-free cationic backbones,False,False,False,opsin_repair,,False,tidy_punct,,FAILURE,side chain-free cationic backbones is unparsable due to the following being uninterpretable: side chain-free cationic backbones The following was not parseable: side chain-free cationic backbones,,,,repair,tidy_punct,True,side chain-free cationic backbones,False,,,,,,,,,,,,,,,,
482,p(pyt),side chain-free cationic backbones,side chain-free cationic backbones,side chain-free cationic backbones,False,False,False,fallback,TEXT_FALLBACK,False,no parse,,,,,,,,,True,,False,,,,,,,,,,,,,,,,
482,p(pyt),,,free-yl,False,False,False,template_expand,,True,[OPSIN-PREPROC] raw='sidechain-free' -> preprocessed='free-yl',,,,,,,,,,,,,,,sidechain-free,free-yl,False,False,True,False,False,unknown,low,True,"[{""name"": ""sidechain-free"", ""count"": 1}]",,
482,p(pyt),,,free-yl,False,False,False,sidechain_non_opsin_compatible,NON_OPSIN_COMPATIBLE,False,ineligible,,,,,,,,,,,,,,,sidechain-free,free-yl,False,False,True,False,False,,,,,,
428,ndti-1,naphthodithiophene diimide (ndti),naphthodithiophene diimide ndti,naphthodithiophene diimide (ndti),False,False,False,opsin_direct,,False,,,FAILURE,naphthodithiophene diimide (ndti) is unparsable due to the following being uninterpretable: (ndti) The following was not parseable: ndti),,,,direct,,True,naphthodithiophene diimide (ndti),False,,,,,,,,,,,,,,,,
428,ndti-1,naphthodithiophene diimide (ndti),naphthodithiophene diimide (ndti),naphthodithiophene diimide (ndti),False,False,False,opsin_repair,,False,drop_descriptors,,FAILURE,naphthodithiophene diimide (ndti) is unparsable due to the following being uninterpretable: (ndti) The following was not parseable: ndti),,,,repair,drop_descriptors,True,naphthodithiophene diimide (ndti),False,,,,,,,,,,,,,,,,
428,ndti-1,naphthodithiophene diimide (ndti),naphthodithiophene diimide (ndti),naphthodithiophene diimide (ndti),False,False,False,opsin_repair,,False,drop_substituted,,FAILURE,naphthodithiophene diimide (ndti) is unparsable due to the following being uninterpretable: (ndti) The following was not parseable: ndti),,,,repair,drop_substituted,True,naphthodithiophene diimide (ndti),False,,,,,,,,,,,,,,,,
428,ndti-1,naphthodithiophene diimide (ndti),naphthodithiophene diimide (ndti),naphthodithiophene diimide (ndti),False,False,False,opsin_repair,,False,tidy_punct,,FAILURE,naphthodithiophene diimide (ndti) is unparsable due to the following being uninterpretable: (ndti) The following was not parseable: ndti),,,,repair,tidy_punct,True,naphthodithiophene diimide (ndti),False,,,,,,,,,,,,,,,,
428,ndti-1,naphthodithiophene diimide (ndti),naphthodithiophene diimide ndti,naphthodithiophene diimide (ndti),False,False,False,fallback,TEXT_FALLBACK,False,no parse,,,,,,,,,True,,False,,,,,,,,,,,,,,,,
428,ndti-2,naphthodithiophene diimide (ndti),naphthodithiophene diimide ndti,naphthodithiophene diimide (ndti),False,False,False,opsin_direct,,False,,,FAILURE,naphthodithiophene diimide (ndti) is unparsable due to the following being uninterpretable: (ndti) The following was not parseable: ndti),,,,direct,,True,naphthodithiophene diimide (ndti),False,,,,,,,,,,,,,,,,
428,ndti-2,naphthodithiophene diimide (ndti),naphthodithiophene diimide (ndti),naphthodithiophene diimide (ndti),False,False,False,opsin_repair,,False,drop_descriptors,,FAILURE,naphthodithiophene diimide (ndti) is unparsable due to the following being uninterpretable: (ndti) The following was not parseable: ndti),,,,repair,drop_descriptors,True,naphthodithiophene diimide (ndti),False,,,,,,,,,,,,,,,,
428,ndti-2,naphthodithiophene diimide (ndti),naphthodithiophene diimide (ndti),naphthodithiophene diimide (ndti),False,False,False,opsin_repair,,False,drop_substituted,,FAILURE,naphthodithiophene diimide (ndti) is unparsable due to the following being uninterpretable: (ndti) The following was not parseable: ndti),,,,repair,drop_substituted,True,naphthodithiophene diimide (ndti),False,,,,,,,,,,,,,,,,
428,ndti-2,naphthodithiophene diimide (ndti),naphthodithiophene diimide (ndti),naphthodithiophene diimide (ndti),False,False,False,opsin_repair,,False,tidy_punct,,FAILURE,naphthodithiophene diimide (ndti) is unparsable due to the following being uninterpretable: (ndti) The following was not parseable: ndti),,,,repair,tidy_punct,True,naphthodithiophene diimide (ndti),False,,,,,,,,,,,,,,,,
428,ndti-2,naphthodithiophene diimide (ndti),naphthodithiophene diimide ndti,naphthodithiophene diimide (ndti),False,False,False,fallback,TEXT_FALLBACK,False,no parse,,,,,,,,,True,,False,,,,,,,,,,,,,,,,
428,ndti-3,naphthodithiophene diimide (ndti),naphthodithiophene diimide ndti,naphthodithiophene diimide (ndti),False,False,False,opsin_direct,,False,,,FAILURE,naphthodithiophene diimide (ndti) is unparsable due to the following being uninterpretable: (ndti) The following was not parseable: ndti),,,,direct,,True,naphthodithiophene diimide (ndti),False,,,,,,,,,,,,,,,,
428,ndti-3,naphthodithiophene diimide (ndti),naphthodithiophene diimide (ndti),naphthodithiophene diimide (ndti),False,False,False,opsin_repair,,False,drop_descriptors,,FAILURE,naphthodithiophene diimide (ndti) is unparsable due to the following being uninterpretable: (ndti) The following was not parseable: ndti),,,,repair,drop_descriptors,True,naphthodithiophene diimide (ndti),False,,,,,,,,,,,,,,,,
428,ndti-3,naphthodithiophene diimide (ndti),naphthodithiophene diimide (ndti),naphthodithiophene diimide (ndti),False,False,False,opsin_repair,,False,drop_substituted,,FAILURE,naphthodithiophene diimide (ndti) is unparsable due to the following being uninterpretable: (ndti) The following was not parseable: ndti),,,,repair,drop_substituted,True,naphthodithiophene diimide (ndti),False,,,,,,,,,,,,,,,,
428,ndti-3,naphthodithiophene diimide (ndti),naphthodithiophene diimide (ndti),naphthodithiophene diimide (ndti),False,False,False,opsin_repair,,False,tidy_punct,,FAILURE,naphthodithiophene diimide (ndti) is unparsable due to the following being uninterpretable: (ndti) The following was not parseable: ndti),,,,repair,tidy_punct,True,naphthodithiophene diimide (ndti),False,,,,,,,,,,,,,,,,
428,ndti-3,naphthodithiophene diimide (ndti),naphthodithiophene diimide ndti,naphthodithiophene diimide (ndti),False,False,False,fallback,TEXT_FALLBACK,False,no parse,,,,,,,,,True,,False,,,,,,,,,,,,,,,,
428,ptb7-th:ndti-1,bdt-based donor + ndti acceptor,bdt-based + ndti,bdt-based donor + ndti acceptor,False,False,False,opsin_skip,NON_OPSIN_ELIGIBLE,False,ineligible,,,,,,,skip,eligibility,False,bdt-based donor + ndti acceptor,False,,,,,,,,,,,,,,,,
428,ptb7-th:ndti-2,bdt-based donor + ndti acceptor,bdt-based + ndti,bdt-based donor + ndti acceptor,False,False,False,opsin_skip,NON_OPSIN_ELIGIBLE,False,ineligible,,,,,,,skip,eligibility,False,bdt-based donor + ndti acceptor,False,,,,,,,,,,,,,,,,
428,ptb7-th:ndti-3,bdt-based donor + ndti acceptor,bdt-based + ndti,bdt-based donor + ndti acceptor,False,False,False,opsin_skip,NON_OPSIN_ELIGIBLE,False,ineligible,,,,,,,skip,eligibility,False,bdt-based donor + ndti acceptor,False,,,,,,,,,,,,,,,,
428,pbdb-t:ndti-1,bdt-based donor + ndti acceptor,bdt-based + ndti,bdt-based donor + ndti acceptor,False,False,False,opsin_skip,NON_OPSIN_ELIGIBLE,False,ineligible,,,,,,,skip,eligibility,False,bdt-based donor + ndti acceptor,False,,,,,,,,,,,,,,,,
428,pbdb-t:ndti-2,bdt-based donor + ndti acceptor,bdt-based + ndti,bdt-based donor + ndti acceptor,False,False,False,opsin_skip,NON_OPSIN_ELIGIBLE,False,ineligible,,,,,,,skip,eligibility,False,bdt-based donor + ndti acceptor,False,,,,,,,,,,,,,,,,
428,pbdb-t:ndti-3,bdt-based donor + ndti acceptor,bdt-based + ndti,bdt-based donor + ndti acceptor,False,False,False,opsin_skip,NON_OPSIN_ELIGIBLE,False,ineligible,,,,,,,skip,eligibility,False,bdt-based donor + ndti acceptor,False,,,,,,,,,,,,,,,,
428,pe61:ndti-1,bdt-based donor + ndti acceptor,bdt-based + ndti,bdt-based donor + ndti acceptor,False,False,False,opsin_skip,NON_OPSIN_ELIGIBLE,False,ineligible,,,,,,,skip,eligibility,False,bdt-based donor + ndti acceptor,False,,,,,,,,,,,,,,,,
428,pe61:ndti-2,bdt-based donor + ndti acceptor,bdt-based + ndti,bdt-based donor + ndti acceptor,False,False,False,opsin_skip,NON_OPSIN_ELIGIBLE,False,ineligible,,,,,,,skip,eligibility,False,bdt-based donor + ndti acceptor,False,,,,,,,,,,,,,,,,
428,pe61:ndti-3,bdt-based donor + ndti acceptor,bdt-based + ndti,bdt-based donor + ndti acceptor,False,False,False,opsin_skip,NON_OPSIN_ELIGIBLE,False,ineligible,,,,,,,skip,eligibility,False,bdt-based donor + ndti acceptor,False,,,,,,,,,,,,,,,,
430,pαβ-ttnfbt40,αβ-ttn and fbt donor−acceptor backbone,alphabeta-ttn and fbt -,αβ-ttn and fbt donor-acceptor backbone,False,False,False,opsin_direct,,False,,,FAILURE,alphabeta-ttn and fbt donor-acceptor backbone is unparsable due to the following being uninterpretable: alphabeta-ttn and fbt donor-acceptor backbone The following was not parseable: ttn and fbt donor-acceptor backbone,,,,direct,,True,αβ-ttn and fbt donor-acceptor backbone,True,fused_ring_prime_0_to_quote,αβ-ttn and fbt donor−acceptor backbone,αβ-ttn and fbt donor-acceptor backbone,,,,,,,,,,,,,
430,pαβ-ttnfbt40,αβ-ttn and fbt donor−acceptor backbone,αβ-ttn and fbt - backbone,αβ-ttn and fbt - backbone,False,False,False,opsin_repair,,False,drop_descriptors,,FAILURE,alphabeta-ttn and fbt - backbone is unparsable due to the following being uninterpretable: alphabeta-ttn and fbt - backbone The following was not parseable: ttn and fbt - backbone,,,,repair,drop_descriptors,True,αβ-ttn and fbt - backbone,False,,,,,,,,,,,,,,,,
430,pαβ-ttnfbt40,αβ-ttn and fbt donor−acceptor backbone,αβ-ttn and fbt - backbone,αβ-ttn and fbt - backbone,False,False,False,opsin_repair,,False,drop_substituted,,FAILURE,alphabeta-ttn and fbt - backbone is unparsable due to the following being uninterpretable: alphabeta-ttn and fbt - backbone The following was not parseable: ttn and fbt - backbone,,,,repair,drop_substituted,True,αβ-ttn and fbt - backbone,False,,,,,,,,,,,,,,,,
430,pαβ-ttnfbt40,αβ-ttn and fbt donor−acceptor backbone,αβ-ttn and fbt - backbone,αβ-ttn and fbt - backbone,False,False,False,opsin_repair,,False,tidy_punct,,FAILURE,alphabeta-ttn and fbt - backbone is unparsable due to the following being uninterpretable: alphabeta-ttn and fbt - backbone The following was not parseable: ttn and fbt - backbone,,,,repair,tidy_punct,True,αβ-ttn and fbt - backbone,False,,,,,,,,,,,,,,,,
430,pαβ-ttnfbt40,αβ-ttn and fbt donor−acceptor backbone,alphabeta-ttn and fbt -,αβ-ttn and fbt donor-acceptor backbone,False,False,False,fallback,TEXT_FALLBACK,False,no parse,,,,,,,,,True,,False,,,,,,,,,,,,,,,,
430,pβα-ttnfbt40,βα-ttn and fbt donor−acceptor backbone,betaalpha-ttn and fbt -,βα-ttn and fbt donor-acceptor backbone,False,False,False,opsin_direct,,False,,,FAILURE,betaalpha-ttn and fbt donor-acceptor backbone is unparsable due to the following being uninterpretable: betaalpha-ttn and fbt donor-acceptor backbone The following was not parseable: ttn and fbt donor-acceptor backbone,,,,direct,,True,βα-ttn and fbt donor-acceptor backbone,True,fused_ring_prime_0_to_quote,βα-ttn and fbt donor−acceptor backbone,βα-ttn and fbt donor-acceptor backbone,,,,,,,,,,,,,
430,pβα-ttnfbt40,βα-ttn and fbt donor−acceptor backbone,βα-ttn and fbt - backbone,βα-ttn and fbt - backbone,False,False,False,opsin_repair,,False,drop_descriptors,,FAILURE,betaalpha-ttn and fbt - backbone is unparsable due to the following being uninterpretable: betaalpha-ttn and fbt - backbone The following was not parseable: ttn and fbt - backbone,,,,repair,drop_descriptors,True,βα-ttn and fbt - backbone,False,,,,,,,,,,,,,,,,
430,pβα-ttnfbt40,βα-ttn and fbt donor−acceptor backbone,βα-ttn and fbt - backbone,βα-ttn and fbt - backbone,False,False,False,opsin_repair,,False,drop_substituted,,FAILURE,betaalpha-ttn and fbt - backbone is unparsable due to the following being uninterpretable: betaalpha-ttn and fbt - backbone The following was not parseable: ttn and fbt - backbone,,,,repair,drop_substituted,True,βα-ttn and fbt - backbone,False,,,,,,,,,,,,,,,,
430,pβα-ttnfbt40,βα-ttn and fbt donor−acceptor backbone,βα-ttn and fbt - backbone,βα-ttn and fbt - backbone,False,False,False,opsin_repair,,False,tidy_punct,,FAILURE,betaalpha-ttn and fbt - backbone is unparsable due to the following being uninterpretable: betaalpha-ttn and fbt - backbone The following was not parseable: ttn and fbt - backbone,,,,repair,tidy_punct,True,βα-ttn and fbt - backbone,False,,,,,,,,,,,,,,,,
430,pβα-ttnfbt40,βα-ttn and fbt donor−acceptor backbone,betaalpha-ttn and fbt -,βα-ttn and fbt donor-acceptor backbone,False,False,False,fallback,TEXT_FALLBACK,False,no parse,,,,,,,,,True,,False,,,,,,,,,,,,,,,,
430,pαβ-ttnfbt24,αβ-ttn and fbt donor−acceptor backbone,alphabeta-ttn and fbt -,αβ-ttn and fbt donor-acceptor backbone,False,False,False,opsin_direct,,False,,,FAILURE,alphabeta-ttn and fbt donor-acceptor backbone is unparsable due to the following being uninterpretable: alphabeta-ttn and fbt donor-acceptor backbone The following was not parseable: ttn and fbt donor-acceptor backbone,,,,direct,,True,αβ-ttn and fbt donor-acceptor backbone,True,fused_ring_prime_0_to_quote,αβ-ttn and fbt donor−acceptor backbone,αβ-ttn and fbt donor-acceptor backbone,,,,,,,,,,,,,
430,pαβ-ttnfbt24,αβ-ttn and fbt donor−acceptor backbone,αβ-ttn and fbt - backbone,αβ-ttn and fbt - backbone,False,False,False,opsin_repair,,False,drop_descriptors,,FAILURE,alphabeta-ttn and fbt - backbone is unparsable due to the following being uninterpretable: alphabeta-ttn and fbt - backbone The following was not parseable: ttn and fbt - backbone,,,,repair,drop_descriptors,True,αβ-ttn and fbt - backbone,False,,,,,,,,,,,,,,,,
430,pαβ-ttnfbt24,αβ-ttn and fbt donor−acceptor backbone,αβ-ttn and fbt - backbone,αβ-ttn and fbt - backbone,False,False,False,opsin_repair,,False,drop_substituted,,FAILURE,alphabeta-ttn and fbt - backbone is unparsable due to the following being uninterpretable: alphabeta-ttn and fbt - backbone The following was not parseable: ttn and fbt - backbone,,,,repair,drop_substituted,True,αβ-ttn and fbt - backbone,False,,,,,,,,,,,,,,,,
430,pαβ-ttnfbt24,αβ-ttn and fbt donor−acceptor backbone,αβ-ttn and fbt - backbone,αβ-ttn and fbt - backbone,False,False,False,opsin_repair,,False,tidy_punct,,FAILURE,alphabeta-ttn and fbt - backbone is unparsable due to the following being uninterpretable: alphabeta-ttn and fbt - backbone The following was not parseable: ttn and fbt - backbone,,,,repair,tidy_punct,True,αβ-ttn and fbt - backbone,False,,,,,,,,,,,,,,,,
430,pαβ-ttnfbt24,αβ-ttn and fbt donor−acceptor backbone,alphabeta-ttn and fbt -,αβ-ttn and fbt donor-acceptor backbone,False,False,False,fallback,TEXT_FALLBACK,False,no parse,,,,,,,,,True,,False,,,,,,,,,,,,,,,,
412,boc-fdpp-tt,"fdpp acceptor copolymerized with thieno[3,2-b]thiophene",fdpp copolymerized with thieno 3 2-b thiophene,"fdpp acceptor copolymerized with thieno[3,2-b]thiophene",False,False,False,opsin_direct,,False,,,FAILURE,"fdpp acceptor copolymerized with thieno[3,2-b]thiophene is unparsable due to the following being uninterpretable: fdpp acceptor copolymerized with thieno[3,2-b]thiophene The following was not parseable: fdpp acceptor copolymerized with thieno[3,2-b]thiophene",,,,direct,,True,"fdpp acceptor copolymerized with thieno[3,2-b]thiophene",False,,,,,,,,,,,,,,,,
412,boc-fdpp-tt,"fdpp acceptor copolymerized with thieno[3,2-b]thiophene","fdpp  copolymerized with thieno[3,2-b]thiophene","fdpp  copolymerized with thieno[3,2-b]thiophene",False,False,False,opsin_repair,,False,drop_descriptors,,FAILURE,"fdpp  copolymerized with thieno[3,2-b]thiophene is unparsable due to the following being uninterpretable: fdpp  copolymerized with thieno[3,2-b]thiophene The following was not parseable: fdpp  copolymerized with thieno[3,2-b]thiophene",,,,repair,drop_descriptors,True,"fdpp  copolymerized with thieno[3,2-b]thiophene",False,,,,,,,,,,,,,,,,
412,boc-fdpp-tt,"fdpp acceptor copolymerized with thieno[3,2-b]thiophene","fdpp  copolymerized with thieno[3,2-b]thiophene","fdpp  copolymerized with thieno[3,2-b]thiophene",False,False,False,opsin_repair,,False,drop_substituted,,FAILURE,"fdpp  copolymerized with thieno[3,2-b]thiophene is unparsable due to the following being uninterpretable: fdpp  copolymerized with thieno[3,2-b]thiophene The following was not parseable: fdpp  copolymerized with thieno[3,2-b]thiophene",,,,repair,drop_substituted,True,"fdpp  copolymerized with thieno[3,2-b]thiophene",False,,,,,,,,,,,,,,,,
412,boc-fdpp-tt,"fdpp acceptor copolymerized with thieno[3,2-b]thiophene","fdpp copolymerized with thieno[3,2-b]thiophene","fdpp copolymerized with thieno[3,2-b]thiophene",False,False,False,opsin_repair,,False,tidy_punct,,FAILURE,"fdpp copolymerized with thieno[3,2-b]thiophene is unparsable due to the following being uninterpretable: fdpp copolymerized with thieno[3,2-b]thiophene The following was not parseable: fdpp copolymerized with thieno[3,2-b]thiophene",,,,repair,tidy_punct,True,"fdpp copolymerized with thieno[3,2-b]thiophene",False,,,,,,,,,,,,,,,,
412,boc-fdpp-tt,"fdpp acceptor copolymerized with thieno[3,2-b]thiophene",fdpp copolymerized with thieno 3 2-b thiophene,"fdpp acceptor copolymerized with thieno[3,2-b]thiophene",False,False,False,fallback,TEXT_FALLBACK,False,no parse,,,,,,,,,True,,False,,,,,,,,,,,,,,,,
412,boc-fdpp-tt,"fdpp acceptor copolymerized with thieno[3,2-b]thiophene",fdpp copolymerized with thieno 3 2-b thiophene,"fdpp acceptor copolymerized with thieno[3,2-b]thiophene",False,False,False,opsin_direct,,False,,,FAILURE,"fdpp acceptor copolymerized with thieno[3,2-b]thiophene is unparsable due to the following being uninterpretable: fdpp acceptor copolymerized with thieno[3,2-b]thiophene The following was not parseable: fdpp acceptor copolymerized with thieno[3,2-b]thiophene",,,,direct,,True,"fdpp acceptor copolymerized with thieno[3,2-b]thiophene",False,,,,,,,,,,,,,,,,
412,boc-fdpp-tt,"fdpp acceptor copolymerized with thieno[3,2-b]thiophene","fdpp  copolymerized with thieno[3,2-b]thiophene","fdpp  copolymerized with thieno[3,2-b]thiophene",False,False,False,opsin_repair,,False,drop_descriptors,,FAILURE,"fdpp  copolymerized with thieno[3,2-b]thiophene is unparsable due to the following being uninterpretable: fdpp  copolymerized with thieno[3,2-b]thiophene The following was not parseable: fdpp  copolymerized with thieno[3,2-b]thiophene",,,,repair,drop_descriptors,True,"fdpp  copolymerized with thieno[3,2-b]thiophene",False,,,,,,,,,,,,,,,,
412,boc-fdpp-tt,"fdpp acceptor copolymerized with thieno[3,2-b]thiophene","fdpp  copolymerized with thieno[3,2-b]thiophene","fdpp  copolymerized with thieno[3,2-b]thiophene",False,False,False,opsin_repair,,False,drop_substituted,,FAILURE,"fdpp  copolymerized with thieno[3,2-b]thiophene is unparsable due to the following being uninterpretable: fdpp  copolymerized with thieno[3,2-b]thiophene The following was not parseable: fdpp  copolymerized with thieno[3,2-b]thiophene",,,,repair,drop_substituted,True,"fdpp  copolymerized with thieno[3,2-b]thiophene",False,,,,,,,,,,,,,,,,
412,boc-fdpp-tt,"fdpp acceptor copolymerized with thieno[3,2-b]thiophene","fdpp copolymerized with thieno[3,2-b]thiophene","fdpp copolymerized with thieno[3,2-b]thiophene",False,False,False,opsin_repair,,False,tidy_punct,,FAILURE,"fdpp copolymerized with thieno[3,2-b]thiophene is unparsable due to the following being uninterpretable: fdpp copolymerized with thieno[3,2-b]thiophene The following was not parseable: fdpp copolymerized with thieno[3,2-b]thiophene",,,,repair,tidy_punct,True,"fdpp copolymerized with thieno[3,2-b]thiophene",False,,,,,,,,,,,,,,,,
412,boc-fdpp-tt,"fdpp acceptor copolymerized with thieno[3,2-b]thiophene",fdpp copolymerized with thieno 3 2-b thiophene,"fdpp acceptor copolymerized with thieno[3,2-b]thiophene",False,False,False,fallback,TEXT_FALLBACK,False,no parse,,,,,,,,,True,,False,,,,,,,,,,,,,,,,
412,boc-fdpp-tt,"fdpp acceptor copolymerized with thieno[3,2-b]thiophene",fdpp copolymerized with thieno 3 2-b thiophene,"fdpp acceptor copolymerized with thieno[3,2-b]thiophene",False,False,False,opsin_direct,,False,,,FAILURE,"fdpp acceptor copolymerized with thieno[3,2-b]thiophene is unparsable due to the following being uninterpretable: fdpp acceptor copolymerized with thieno[3,2-b]thiophene The following was not parseable: fdpp acceptor copolymerized with thieno[3,2-b]thiophene",,,,direct,,True,"fdpp acceptor copolymerized with thieno[3,2-b]thiophene",False,,,,,,,,,,,,,,,,
412,boc-fdpp-tt,"fdpp acceptor copolymerized with thieno[3,2-b]thiophene","fdpp  copolymerized with thieno[3,2-b]thiophene","fdpp  copolymerized with thieno[3,2-b]thiophene",False,False,False,opsin_repair,,False,drop_descriptors,,FAILURE,"fdpp  copolymerized with thieno[3,2-b]thiophene is unparsable due to the following being uninterpretable: fdpp  copolymerized with thieno[3,2-b]thiophene The following was not parseable: fdpp  copolymerized with thieno[3,2-b]thiophene",,,,repair,drop_descriptors,True,"fdpp  copolymerized with thieno[3,2-b]thiophene",False,,,,,,,,,,,,,,,,
412,boc-fdpp-tt,"fdpp acceptor copolymerized with thieno[3,2-b]thiophene","fdpp  copolymerized with thieno[3,2-b]thiophene","fdpp  copolymerized with thieno[3,2-b]thiophene",False,False,False,opsin_repair,,False,drop_substituted,,FAILURE,"fdpp  copolymerized with thieno[3,2-b]thiophene is unparsable due to the following being uninterpretable: fdpp  copolymerized with thieno[3,2-b]thiophene The following was not parseable: fdpp  copolymerized with thieno[3,2-b]thiophene",,,,repair,drop_substituted,True,"fdpp  copolymerized with thieno[3,2-b]thiophene",False,,,,,,,,,,,,,,,,
412,boc-fdpp-tt,"fdpp acceptor copolymerized with thieno[3,2-b]thiophene","fdpp copolymerized with thieno[3,2-b]thiophene","fdpp copolymerized with thieno[3,2-b]thiophene",False,False,False,opsin_repair,,False,tidy_punct,,FAILURE,"fdpp copolymerized with thieno[3,2-b]thiophene is unparsable due to the following being uninterpretable: fdpp copolymerized with thieno[3,2-b]thiophene The following was not parseable: fdpp copolymerized with thieno[3,2-b]thiophene",,,,repair,tidy_punct,True,"fdpp copolymerized with thieno[3,2-b]thiophene",False,,,,,,,,,,,,,,,,
412,boc-fdpp-tt,"fdpp acceptor copolymerized with thieno[3,2-b]thiophene",fdpp copolymerized with thieno 3 2-b thiophene,"fdpp acceptor copolymerized with thieno[3,2-b]thiophene",False,False,False,fallback,TEXT_FALLBACK,False,no parse,,,,,,,,,True,,False,,,,,,,,,,,,,,,,
412,nh-fdpp-tt,"fdpp acceptor copolymerized with thieno[3,2-b]thiophene",fdpp copolymerized with thieno 3 2-b thiophene,"fdpp acceptor copolymerized with thieno[3,2-b]thiophene",False,False,False,opsin_direct,,False,,,FAILURE,"fdpp acceptor copolymerized with thieno[3,2-b]thiophene is unparsable due to the following being uninterpretable: fdpp acceptor copolymerized with thieno[3,2-b]thiophene The following was not parseable: fdpp acceptor copolymerized with thieno[3,2-b]thiophene",,,,direct,,True,"fdpp acceptor copolymerized with thieno[3,2-b]thiophene",False,,,,,,,,,,,,,,,,
412,nh-fdpp-tt,"fdpp acceptor copolymerized with thieno[3,2-b]thiophene","fdpp  copolymerized with thieno[3,2-b]thiophene","fdpp  copolymerized with thieno[3,2-b]thiophene",False,False,False,opsin_repair,,False,drop_descriptors,,FAILURE,"fdpp  copolymerized with thieno[3,2-b]thiophene is unparsable due to the following being uninterpretable: fdpp  copolymerized with thieno[3,2-b]thiophene The following was not parseable: fdpp  copolymerized with thieno[3,2-b]thiophene",,,,repair,drop_descriptors,True,"fdpp  copolymerized with thieno[3,2-b]thiophene",False,,,,,,,,,,,,,,,,
412,nh-fdpp-tt,"fdpp acceptor copolymerized with thieno[3,2-b]thiophene","fdpp  copolymerized with thieno[3,2-b]thiophene","fdpp  copolymerized with thieno[3,2-b]thiophene",False,False,False,opsin_repair,,False,drop_substituted,,FAILURE,"fdpp  copolymerized with thieno[3,2-b]thiophene is unparsable due to the following being uninterpretable: fdpp  copolymerized with thieno[3,2-b]thiophene The following was not parseable: fdpp  copolymerized with thieno[3,2-b]thiophene",,,,repair,drop_substituted,True,"fdpp  copolymerized with thieno[3,2-b]thiophene",False,,,,,,,,,,,,,,,,
412,nh-fdpp-tt,"fdpp acceptor copolymerized with thieno[3,2-b]thiophene","fdpp copolymerized with thieno[3,2-b]thiophene","fdpp copolymerized with thieno[3,2-b]thiophene",False,False,False,opsin_repair,,False,tidy_punct,,FAILURE,"fdpp copolymerized with thieno[3,2-b]thiophene is unparsable due to the following being uninterpretable: fdpp copolymerized with thieno[3,2-b]thiophene The following was not parseable: fdpp copolymerized with thieno[3,2-b]thiophene",,,,repair,tidy_punct,True,"fdpp copolymerized with thieno[3,2-b]thiophene",False,,,,,,,,,,,,,,,,
412,nh-fdpp-tt,"fdpp acceptor copolymerized with thieno[3,2-b]thiophene",fdpp copolymerized with thieno 3 2-b thiophene,"fdpp acceptor copolymerized with thieno[3,2-b]thiophene",False,False,False,fallback,TEXT_FALLBACK,False,no parse,,,,,,,,,True,,False,,,,,,,,,,,,,,,,
412,nh-fdpp-tt,"fdpp acceptor copolymerized with thieno[3,2-b]thiophene",fdpp copolymerized with thieno 3 2-b thiophene,"fdpp acceptor copolymerized with thieno[3,2-b]thiophene",False,False,False,opsin_direct,,False,,,FAILURE,"fdpp acceptor copolymerized with thieno[3,2-b]thiophene is unparsable due to the following being uninterpretable: fdpp acceptor copolymerized with thieno[3,2-b]thiophene The following was not parseable: fdpp acceptor copolymerized with thieno[3,2-b]thiophene",,,,direct,,True,"fdpp acceptor copolymerized with thieno[3,2-b]thiophene",False,,,,,,,,,,,,,,,,
412,nh-fdpp-tt,"fdpp acceptor copolymerized with thieno[3,2-b]thiophene","fdpp  copolymerized with thieno[3,2-b]thiophene","fdpp  copolymerized with thieno[3,2-b]thiophene",False,False,False,opsin_repair,,False,drop_descriptors,,FAILURE,"fdpp  copolymerized with thieno[3,2-b]thiophene is unparsable due to the following being uninterpretable: fdpp  copolymerized with thieno[3,2-b]thiophene The following was not parseable: fdpp  copolymerized with thieno[3,2-b]thiophene",,,,repair,drop_descriptors,True,"fdpp  copolymerized with thieno[3,2-b]thiophene",False,,,,,,,,,,,,,,,,
412,nh-fdpp-tt,"fdpp acceptor copolymerized with thieno[3,2-b]thiophene","fdpp  copolymerized with thieno[3,2-b]thiophene","fdpp  copolymerized with thieno[3,2-b]thiophene",False,False,False,opsin_repair,,False,drop_substituted,,FAILURE,"fdpp  copolymerized with thieno[3,2-b]thiophene is unparsable due to the following being uninterpretable: fdpp  copolymerized with thieno[3,2-b]thiophene The following was not parseable: fdpp  copolymerized with thieno[3,2-b]thiophene",,,,repair,drop_substituted,True,"fdpp  copolymerized with thieno[3,2-b]thiophene",False,,,,,,,,,,,,,,,,
412,nh-fdpp-tt,"fdpp acceptor copolymerized with thieno[3,2-b]thiophene","fdpp copolymerized with thieno[3,2-b]thiophene","fdpp copolymerized with thieno[3,2-b]thiophene",False,False,False,opsin_repair,,False,tidy_punct,,FAILURE,"fdpp copolymerized with thieno[3,2-b]thiophene is unparsable due to the following being uninterpretable: fdpp copolymerized with thieno[3,2-b]thiophene The following was not parseable: fdpp copolymerized with thieno[3,2-b]thiophene",,,,repair,tidy_punct,True,"fdpp copolymerized with thieno[3,2-b]thiophene",False,,,,,,,,,,,,,,,,
412,nh-fdpp-tt,"fdpp acceptor copolymerized with thieno[3,2-b]thiophene",fdpp copolymerized with thieno 3 2-b thiophene,"fdpp acceptor copolymerized with thieno[3,2-b]thiophene",False,False,False,fallback,TEXT_FALLBACK,False,no parse,,,,,,,,,True,,False,,,,,,,,,,,,,,,,
412,nh-fdpp-tt,"fdpp acceptor copolymerized with thieno[3,2-b]thiophene",fdpp copolymerized with thieno 3 2-b thiophene,"fdpp acceptor copolymerized with thieno[3,2-b]thiophene",False,False,False,opsin_direct,,False,,,FAILURE,"fdpp acceptor copolymerized with thieno[3,2-b]thiophene is unparsable due to the following being uninterpretable: fdpp acceptor copolymerized with thieno[3,2-b]thiophene The following was not parseable: fdpp acceptor copolymerized with thieno[3,2-b]thiophene",,,,direct,,True,"fdpp acceptor copolymerized with thieno[3,2-b]thiophene",False,,,,,,,,,,,,,,,,
412,nh-fdpp-tt,"fdpp acceptor copolymerized with thieno[3,2-b]thiophene","fdpp  copolymerized with thieno[3,2-b]thiophene","fdpp  copolymerized with thieno[3,2-b]thiophene",False,False,False,opsin_repair,,False,drop_descriptors,,FAILURE,"fdpp  copolymerized with thieno[3,2-b]thiophene is unparsable due to the following being uninterpretable: fdpp  copolymerized with thieno[3,2-b]thiophene The following was not parseable: fdpp  copolymerized with thieno[3,2-b]thiophene",,,,repair,drop_descriptors,True,"fdpp  copolymerized with thieno[3,2-b]thiophene",False,,,,,,,,,,,,,,,,
412,nh-fdpp-tt,"fdpp acceptor copolymerized with thieno[3,2-b]thiophene","fdpp  copolymerized with thieno[3,2-b]thiophene","fdpp  copolymerized with thieno[3,2-b]thiophene",False,False,False,opsin_repair,,False,drop_substituted,,FAILURE,"fdpp  copolymerized with thieno[3,2-b]thiophene is unparsable due to the following being uninterpretable: fdpp  copolymerized with thieno[3,2-b]thiophene The following was not parseable: fdpp  copolymerized with thieno[3,2-b]thiophene",,,,repair,drop_substituted,True,"fdpp  copolymerized with thieno[3,2-b]thiophene",False,,,,,,,,,,,,,,,,
412,nh-fdpp-tt,"fdpp acceptor copolymerized with thieno[3,2-b]thiophene","fdpp copolymerized with thieno[3,2-b]thiophene","fdpp copolymerized with thieno[3,2-b]thiophene",False,False,False,opsin_repair,,False,tidy_punct,,FAILURE,"fdpp copolymerized with thieno[3,2-b]thiophene is unparsable due to the following being uninterpretable: fdpp copolymerized with thieno[3,2-b]thiophene The following was not parseable: fdpp copolymerized with thieno[3,2-b]thiophene",,,,repair,tidy_punct,True,"fdpp copolymerized with thieno[3,2-b]thiophene",False,,,,,,,,,,,,,,,,
412,nh-fdpp-tt,"fdpp acceptor copolymerized with thieno[3,2-b]thiophene",fdpp copolymerized with thieno 3 2-b thiophene,"fdpp acceptor copolymerized with thieno[3,2-b]thiophene",False,False,False,fallback,TEXT_FALLBACK,False,no parse,,,,,,,,,True,,False,,,,,,,,,,,,,,,,
412,boc-fdpp-bt,"fdpp acceptor copolymerized with 2,2-bithiophene",fdpp copolymerized with 2 2-bithiophene,"fdpp acceptor copolymerized with 2,2-bithiophene",False,False,False,opsin_direct,,False,,,FAILURE,"fdpp acceptor copolymerized with 2,2-bithiophene is unparsable due to the following being uninterpretable: fdpp acceptor copolymerized with 2,2-bithiophene The following was not parseable: fdpp acceptor copolymerized with 2,2-bithiophene",,,,direct,,True,"fdpp acceptor copolymerized with 2,2-bithiophene",False,,,,,,,,,,,,,,,,
412,boc-fdpp-bt,"fdpp acceptor copolymerized with 2,2-bithiophene","fdpp  copolymerized with 2,2-bithiophene","fdpp  copolymerized with 2,2-bithiophene",False,False,False,opsin_repair,,False,drop_descriptors,,FAILURE,"fdpp  copolymerized with 2,2-bithiophene is unparsable due to the following being uninterpretable: fdpp  copolymerized with 2,2-bithiophene The following was not parseable: fdpp  copolymerized with 2,2-bithiophene",,,,repair,drop_descriptors,True,"fdpp  copolymerized with 2,2-bithiophene",False,,,,,,,,,,,,,,,,
412,boc-fdpp-bt,"fdpp acceptor copolymerized with 2,2-bithiophene","fdpp  copolymerized with 2,2-bithiophene","fdpp  copolymerized with 2,2-bithiophene",False,False,False,opsin_repair,,False,drop_substituted,,FAILURE,"fdpp  copolymerized with 2,2-bithiophene is unparsable due to the following being uninterpretable: fdpp  copolymerized with 2,2-bithiophene The following was not parseable: fdpp  copolymerized with 2,2-bithiophene",,,,repair,drop_substituted,True,"fdpp  copolymerized with 2,2-bithiophene",False,,,,,,,,,,,,,,,,
412,boc-fdpp-bt,"fdpp acceptor copolymerized with 2,2-bithiophene","fdpp copolymerized with 2,2-bithiophene","fdpp copolymerized with 2,2-bithiophene",False,False,False,opsin_repair,,False,tidy_punct,,FAILURE,"fdpp copolymerized with 2,2-bithiophene is unparsable due to the following being uninterpretable: fdpp copolymerized with 2,2-bithiophene The following was not parseable: fdpp copolymerized with 2,2-bithiophene",,,,repair,tidy_punct,True,"fdpp copolymerized with 2,2-bithiophene",False,,,,,,,,,,,,,,,,
412,boc-fdpp-bt,"fdpp acceptor copolymerized with 2,2-bithiophene",fdpp copolymerized with 2 2-bithiophene,"fdpp acceptor copolymerized with 2,2-bithiophene",False,False,False,fallback,TEXT_FALLBACK,False,no parse,,,,,,,,,True,,False,,,,,,,,,,,,,,,,
412,boc-fdpp-bt,"fdpp acceptor copolymerized with 2,2-bithiophene",fdpp copolymerized with 2 2-bithiophene,"fdpp acceptor copolymerized with 2,2-bithiophene",False,False,False,opsin_direct,,False,,,FAILURE,"fdpp acceptor copolymerized with 2,2-bithiophene is unparsable due to the following being uninterpretable: fdpp acceptor copolymerized with 2,2-bithiophene The following was not parseable: fdpp acceptor copolymerized with 2,2-bithiophene",,,,direct,,True,"fdpp acceptor copolymerized with 2,2-bithiophene",False,,,,,,,,,,,,,,,,
412,boc-fdpp-bt,"fdpp acceptor copolymerized with 2,2-bithiophene","fdpp  copolymerized with 2,2-bithiophene","fdpp  copolymerized with 2,2-bithiophene",False,False,False,opsin_repair,,False,drop_descriptors,,FAILURE,"fdpp  copolymerized with 2,2-bithiophene is unparsable due to the following being uninterpretable: fdpp  copolymerized with 2,2-bithiophene The following was not parseable: fdpp  copolymerized with 2,2-bithiophene",,,,repair,drop_descriptors,True,"fdpp  copolymerized with 2,2-bithiophene",False,,,,,,,,,,,,,,,,
412,boc-fdpp-bt,"fdpp acceptor copolymerized with 2,2-bithiophene","fdpp  copolymerized with 2,2-bithiophene","fdpp  copolymerized with 2,2-bithiophene",False,False,False,opsin_repair,,False,drop_substituted,,FAILURE,"fdpp  copolymerized with 2,2-bithiophene is unparsable due to the following being uninterpretable: fdpp  copolymerized with 2,2-bithiophene The following was not parseable: fdpp  copolymerized with 2,2-bithiophene",,,,repair,drop_substituted,True,"fdpp  copolymerized with 2,2-bithiophene",False,,,,,,,,,,,,,,,,
412,boc-fdpp-bt,"fdpp acceptor copolymerized with 2,2-bithiophene","fdpp copolymerized with 2,2-bithiophene","fdpp copolymerized with 2,2-bithiophene",False,False,False,opsin_repair,,False,tidy_punct,,FAILURE,"fdpp copolymerized with 2,2-bithiophene is unparsable due to the following being uninterpretable: fdpp copolymerized with 2,2-bithiophene The following was not parseable: fdpp copolymerized with 2,2-bithiophene",,,,repair,tidy_punct,True,"fdpp copolymerized with 2,2-bithiophene",False,,,,,,,,,,,,,,,,
412,boc-fdpp-bt,"fdpp acceptor copolymerized with 2,2-bithiophene",fdpp copolymerized with 2 2-bithiophene,"fdpp acceptor copolymerized with 2,2-bithiophene",False,False,False,fallback,TEXT_FALLBACK,False,no parse,,,,,,,,,True,,False,,,,,,,,,,,,,,,,
412,boc-fdpp-bt,"fdpp acceptor copolymerized with 2,2-bithiophene",fdpp copolymerized with 2 2-bithiophene,"fdpp acceptor copolymerized with 2,2-bithiophene",False,False,False,opsin_direct,,False,,,FAILURE,"fdpp acceptor copolymerized with 2,2-bithiophene is unparsable due to the following being uninterpretable: fdpp acceptor copolymerized with 2,2-bithiophene The following was not parseable: fdpp acceptor copolymerized with 2,2-bithiophene",,,,direct,,True,"fdpp acceptor copolymerized with 2,2-bithiophene",False,,,,,,,,,,,,,,,,
412,boc-fdpp-bt,"fdpp acceptor copolymerized with 2,2-bithiophene","fdpp  copolymerized with 2,2-bithiophene","fdpp  copolymerized with 2,2-bithiophene",False,False,False,opsin_repair,,False,drop_descriptors,,FAILURE,"fdpp  copolymerized with 2,2-bithiophene is unparsable due to the following being uninterpretable: fdpp  copolymerized with 2,2-bithiophene The following was not parseable: fdpp  copolymerized with 2,2-bithiophene",,,,repair,drop_descriptors,True,"fdpp  copolymerized with 2,2-bithiophene",False,,,,,,,,,,,,,,,,
412,boc-fdpp-bt,"fdpp acceptor copolymerized with 2,2-bithiophene","fdpp  copolymerized with 2,2-bithiophene","fdpp  copolymerized with 2,2-bithiophene",False,False,False,opsin_repair,,False,drop_substituted,,FAILURE,"fdpp  copolymerized with 2,2-bithiophene is unparsable due to the following being uninterpretable: fdpp  copolymerized with 2,2-bithiophene The following was not parseable: fdpp  copolymerized with 2,2-bithiophene",,,,repair,drop_substituted,True,"fdpp  copolymerized with 2,2-bithiophene",False,,,,,,,,,,,,,,,,
412,boc-fdpp-bt,"fdpp acceptor copolymerized with 2,2-bithiophene","fdpp copolymerized with 2,2-bithiophene","fdpp copolymerized with 2,2-bithiophene",False,False,False,opsin_repair,,False,tidy_punct,,FAILURE,"fdpp copolymerized with 2,2-bithiophene is unparsable due to the following being uninterpretable: fdpp copolymerized with 2,2-bithiophene The following was not parseable: fdpp copolymerized with 2,2-bithiophene",,,,repair,tidy_punct,True,"fdpp copolymerized with 2,2-bithiophene",False,,,,,,,,,,,,,,,,
412,boc-fdpp-bt,"fdpp acceptor copolymerized with 2,2-bithiophene",fdpp copolymerized with 2 2-bithiophene,"fdpp acceptor copolymerized with 2,2-bithiophene",False,False,False,fallback,TEXT_FALLBACK,False,no parse,,,,,,,,,True,,False,,,,,,,,,,,,,,,,
412,nh-fdpp-bt,"fdpp acceptor copolymerized with 2,2-bithiophene",fdpp copolymerized with 2 2-bithiophene,"fdpp acceptor copolymerized with 2,2-bithiophene",False,False,False,opsin_direct,,False,,,FAILURE,"fdpp acceptor copolymerized with 2,2-bithiophene is unparsable due to the following being uninterpretable: fdpp acceptor copolymerized with 2,2-bithiophene The following was not parseable: fdpp acceptor copolymerized with 2,2-bithiophene",,,,direct,,True,"fdpp acceptor copolymerized with 2,2-bithiophene",False,,,,,,,,,,,,,,,,
412,nh-fdpp-bt,"fdpp acceptor copolymerized with 2,2-bithiophene","fdpp  copolymerized with 2,2-bithiophene","fdpp  copolymerized with 2,2-bithiophene",False,False,False,opsin_repair,,False,drop_descriptors,,FAILURE,"fdpp  copolymerized with 2,2-bithiophene is unparsable due to the following being uninterpretable: fdpp  copolymerized with 2,2-bithiophene The following was not parseable: fdpp  copolymerized with 2,2-bithiophene",,,,repair,drop_descriptors,True,"fdpp  copolymerized with 2,2-bithiophene",False,,,,,,,,,,,,,,,,
412,nh-fdpp-bt,"fdpp acceptor copolymerized with 2,2-bithiophene","fdpp  copolymerized with 2,2-bithiophene","fdpp  copolymerized with 2,2-bithiophene",False,False,False,opsin_repair,,False,drop_substituted,,FAILURE,"fdpp  copolymerized with 2,2-bithiophene is unparsable due to the following being uninterpretable: fdpp  copolymerized with 2,2-bithiophene The following was not parseable: fdpp  copolymerized with 2,2-bithiophene",,,,repair,drop_substituted,True,"fdpp  copolymerized with 2,2-bithiophene",False,,,,,,,,,,,,,,,,
412,nh-fdpp-bt,"fdpp acceptor copolymerized with 2,2-bithiophene","fdpp copolymerized with 2,2-bithiophene","fdpp copolymerized with 2,2-bithiophene",False,False,False,opsin_repair,,False,tidy_punct,,FAILURE,"fdpp copolymerized with 2,2-bithiophene is unparsable due to the following being uninterpretable: fdpp copolymerized with 2,2-bithiophene The following was not parseable: fdpp copolymerized with 2,2-bithiophene",,,,repair,tidy_punct,True,"fdpp copolymerized with 2,2-bithiophene",False,,,,,,,,,,,,,,,,
412,nh-fdpp-bt,"fdpp acceptor copolymerized with 2,2-bithiophene",fdpp copolymerized with 2 2-bithiophene,"fdpp acceptor copolymerized with 2,2-bithiophene",False,False,False,fallback,TEXT_FALLBACK,False,no parse,,,,,,,,,True,,False,,,,,,,,,,,,,,,,
412,nh-fdpp-bt,"fdpp acceptor copolymerized with 2,2-bithiophene",fdpp copolymerized with 2 2-bithiophene,"fdpp acceptor copolymerized with 2,2-bithiophene",False,False,False,opsin_direct,,False,,,FAILURE,"fdpp acceptor copolymerized with 2,2-bithiophene is unparsable due to the following being uninterpretable: fdpp acceptor copolymerized with 2,2-bithiophene The following was not parseable: fdpp acceptor copolymerized with 2,2-bithiophene",,,,direct,,True,"fdpp acceptor copolymerized with 2,2-bithiophene",False,,,,,,,,,,,,,,,,
412,nh-fdpp-bt,"fdpp acceptor copolymerized with 2,2-bithiophene","fdpp  copolymerized with 2,2-bithiophene","fdpp  copolymerized with 2,2-bithiophene",False,False,False,opsin_repair,,False,drop_descriptors,,FAILURE,"fdpp  copolymerized with 2,2-bithiophene is unparsable due to the following being uninterpretable: fdpp  copolymerized with 2,2-bithiophene The following was not parseable: fdpp  copolymerized with 2,2-bithiophene",,,,repair,drop_descriptors,True,"fdpp  copolymerized with 2,2-bithiophene",False,,,,,,,,,,,,,,,,
412,nh-fdpp-bt,"fdpp acceptor copolymerized with 2,2-bithiophene","fdpp  copolymerized with 2,2-bithiophene","fdpp  copolymerized with 2,2-bithiophene",False,False,False,opsin_repair,,False,drop_substituted,,FAILURE,"fdpp  copolymerized with 2,2-bithiophene is unparsable due to the following being uninterpretable: fdpp  copolymerized with 2,2-bithiophene The following was not parseable: fdpp  copolymerized with 2,2-bithiophene",,,,repair,drop_substituted,True,"fdpp  copolymerized with 2,2-bithiophene",False,,,,,,,,,,,,,,,,
412,nh-fdpp-bt,"fdpp acceptor copolymerized with 2,2-bithiophene","fdpp copolymerized with 2,2-bithiophene","fdpp copolymerized with 2,2-bithiophene",False,False,False,opsin_repair,,False,tidy_punct,,FAILURE,"fdpp copolymerized with 2,2-bithiophene is unparsable due to the following being uninterpretable: fdpp copolymerized with 2,2-bithiophene The following was not parseable: fdpp copolymerized with 2,2-bithiophene",,,,repair,tidy_punct,True,"fdpp copolymerized with 2,2-bithiophene",False,,,,,,,,,,,,,,,,
412,nh-fdpp-bt,"fdpp acceptor copolymerized with 2,2-bithiophene",fdpp copolymerized with 2 2-bithiophene,"fdpp acceptor copolymerized with 2,2-bithiophene",False,False,False,fallback,TEXT_FALLBACK,False,no parse,,,,,,,,,True,,False,,,,,,,,,,,,,,,,
412,nh-fdpp-bt,"fdpp acceptor copolymerized with 2,2-bithiophene",fdpp copolymerized with 2 2-bithiophene,"fdpp acceptor copolymerized with 2,2-bithiophene",False,False,False,opsin_direct,,False,,,FAILURE,"fdpp acceptor copolymerized with 2,2-bithiophene is unparsable due to the following being uninterpretable: fdpp acceptor copolymerized with 2,2-bithiophene The following was not parseable: fdpp acceptor copolymerized with 2,2-bithiophene",,,,direct,,True,"fdpp acceptor copolymerized with 2,2-bithiophene",False,,,,,,,,,,,,,,,,
412,nh-fdpp-bt,"fdpp acceptor copolymerized with 2,2-bithiophene","fdpp  copolymerized with 2,2-bithiophene","fdpp  copolymerized with 2,2-bithiophene",False,False,False,opsin_repair,,False,drop_descriptors,,FAILURE,"fdpp  copolymerized with 2,2-bithiophene is unparsable due to the following being uninterpretable: fdpp  copolymerized with 2,2-bithiophene The following was not parseable: fdpp  copolymerized with 2,2-bithiophene",,,,repair,drop_descriptors,True,"fdpp  copolymerized with 2,2-bithiophene",False,,,,,,,,,,,,,,,,
412,nh-fdpp-bt,"fdpp acceptor copolymerized with 2,2-bithiophene","fdpp  copolymerized with 2,2-bithiophene","fdpp  copolymerized with 2,2-bithiophene",False,False,False,opsin_repair,,False,drop_substituted,,FAILURE,"fdpp  copolymerized with 2,2-bithiophene is unparsable due to the following being uninterpretable: fdpp  copolymerized with 2,2-bithiophene The following was not parseable: fdpp  copolymerized with 2,2-bithiophene",,,,repair,drop_substituted,True,"fdpp  copolymerized with 2,2-bithiophene",False,,,,,,,,,,,,,,,,
412,nh-fdpp-bt,"fdpp acceptor copolymerized with 2,2-bithiophene","fdpp copolymerized with 2,2-bithiophene","fdpp copolymerized with 2,2-bithiophene",False,False,False,opsin_repair,,False,tidy_punct,,FAILURE,"fdpp copolymerized with 2,2-bithiophene is unparsable due to the following being uninterpretable: fdpp copolymerized with 2,2-bithiophene The following was not parseable: fdpp copolymerized with 2,2-bithiophene",,,,repair,tidy_punct,True,"fdpp copolymerized with 2,2-bithiophene",False,,,,,,,,,,,,,,,,
412,nh-fdpp-bt,"fdpp acceptor copolymerized with 2,2-bithiophene",fdpp copolymerized with 2 2-bithiophene,"fdpp acceptor copolymerized with 2,2-bithiophene",False,False,False,fallback,TEXT_FALLBACK,False,no parse,,,,,,,,,True,,False,,,,,,,,,,,,,,,,
463,"p(c,c)",poly(isindigo-alt-bithiophene),poly isindigo-alt-bithiophene,poly(isindigo-alt-bithiophene),False,False,False,opsin_direct,,False,,,FAILURE,poly(isindigo-alt-bithiophene) is unparsable due to the following being uninterpretable: poly(isindigo-alt-bithiophene) The following was not parseable: isindigo-alt-bithiophene),,,,direct,,True,poly(isindigo-alt-bithiophene),False,,,,,,,,,,,,,,,,
463,"p(c,c)",poly(isindigo-alt-bithiophene),poly(isindigo-alt-bithiophene),poly(isindigo-alt-bithiophene),False,False,False,opsin_repair,,False,drop_descriptors,,FAILURE,poly(isindigo-alt-bithiophene) is unparsable due to the following being uninterpretable: poly(isindigo-alt-bithiophene) The following was not parseable: isindigo-alt-bithiophene),,,,repair,drop_descriptors,True,poly(isindigo-alt-bithiophene),False,,,,,,,,,,,,,,,,
463,"p(c,c)",poly(isindigo-alt-bithiophene),poly(isindigo-alt-bithiophene),poly(isindigo-alt-bithiophene),False,False,False,opsin_repair,,False,drop_substituted,,FAILURE,poly(isindigo-alt-bithiophene) is unparsable due to the following being uninterpretable: poly(isindigo-alt-bithiophene) The following was not parseable: isindigo-alt-bithiophene),,,,repair,drop_substituted,True,poly(isindigo-alt-bithiophene),False,,,,,,,,,,,,,,,,
463,"p(c,c)",poly(isindigo-alt-bithiophene),poly(isindigo-alt-bithiophene),poly(isindigo-alt-bithiophene),False,False,False,opsin_repair,,False,tidy_punct,,FAILURE,poly(isindigo-alt-bithiophene) is unparsable due to the following being uninterpretable: poly(isindigo-alt-bithiophene) The following was not parseable: isindigo-alt-bithiophene),,,,repair,tidy_punct,True,poly(isindigo-alt-bithiophene),False,,,,,,,,,,,,,,,,
463,"p(c,c)",poly(isindigo-alt-bithiophene),poly isindigo-alt-bithiophene,poly(isindigo-alt-bithiophene),False,False,False,fallback,TEXT_FALLBACK,False,no parse,,,,,,,,,True,,False,,,,,,,,,,,,,,,,
463,"p(c,o)",poly(isindigo-alt-bithiophene),poly isindigo-alt-bithiophene,poly(isindigo-alt-bithiophene),False,False,False,opsin_direct,,False,,,FAILURE,poly(isindigo-alt-bithiophene) is unparsable due to the following being uninterpretable: poly(isindigo-alt-bithiophene) The following was not parseable: isindigo-alt-bithiophene),,,,direct,,True,poly(isindigo-alt-bithiophene),False,,,,,,,,,,,,,,,,
463,"p(c,o)",poly(isindigo-alt-bithiophene),poly(isindigo-alt-bithiophene),poly(isindigo-alt-bithiophene),False,False,False,opsin_repair,,False,drop_descriptors,,FAILURE,poly(isindigo-alt-bithiophene) is unparsable due to the following being uninterpretable: poly(isindigo-alt-bithiophene) The following was not parseable: isindigo-alt-bithiophene),,,,repair,drop_descriptors,True,poly(isindigo-alt-bithiophene),False,,,,,,,,,,,,,,,,
463,"p(c,o)",poly(isindigo-alt-bithiophene),poly(isindigo-alt-bithiophene),poly(isindigo-alt-bithiophene),False,False,False,opsin_repair,,False,drop_substituted,,FAILURE,poly(isindigo-alt-bithiophene) is unparsable due to the following being uninterpretable: poly(isindigo-alt-bithiophene) The following was not parseable: isindigo-alt-bithiophene),,,,repair,drop_substituted,True,poly(isindigo-alt-bithiophene),False,,,,,,,,,,,,,,,,
463,"p(c,o)",poly(isindigo-alt-bithiophene),poly(isindigo-alt-bithiophene),poly(isindigo-alt-bithiophene),False,False,False,opsin_repair,,False,tidy_punct,,FAILURE,poly(isindigo-alt-bithiophene) is unparsable due to the following being uninterpretable: poly(isindigo-alt-bithiophene) The following was not parseable: isindigo-alt-bithiophene),,,,repair,tidy_punct,True,poly(isindigo-alt-bithiophene),False,,,,,,,,,,,,,,,,
463,"p(c,o)",poly(isindigo-alt-bithiophene),poly isindigo-alt-bithiophene,poly(isindigo-alt-bithiophene),False,False,False,fallback,TEXT_FALLBACK,False,no parse,,,,,,,,,True,,False,,,,,,,,,,,,,,,,
463,"p(c,o)",,,branchedalkylandoligoether s-yl,False,False,False,template_expand,,True,[OPSIN-PREPROC] raw='branchedalkylandoligoethersidechains' -> preprocessed='branchedalkylandoligoether s-yl',,,,,,,,,,,,,,,branchedalkylandoligoethersidechains,branchedalkylandoligoether s-yl,False,False,True,False,False,unknown,low,True,"[{""name"": ""branchedalkylandoligoethersidechains"", ""count"": 1}]",,
463,"p(c,o)",,,branchedalkylandoligoether s-yl,False,False,False,sidechain_non_opsin_compatible,NON_OPSIN_COMPATIBLE,False,ineligible,,,,,,,,,,,,,,,branchedalkylandoligoethersidechains,branchedalkylandoligoether s-yl,False,False,True,False,False,,,,,,
463,"p(o,o)",poly(isindigo-alt-bithiophene),poly isindigo-alt-bithiophene,poly(isindigo-alt-bithiophene),False,False,False,opsin_direct,,False,,,FAILURE,poly(isindigo-alt-bithiophene) is unparsable due to the following being uninterpretable: poly(isindigo-alt-bithiophene) The following was not parseable: isindigo-alt-bithiophene),,,,direct,,True,poly(isindigo-alt-bithiophene),False,,,,,,,,,,,,,,,,
463,"p(o,o)",poly(isindigo-alt-bithiophene),poly(isindigo-alt-bithiophene),poly(isindigo-alt-bithiophene),False,False,False,opsin_repair,,False,drop_descriptors,,FAILURE,poly(isindigo-alt-bithiophene) is unparsable due to the following being uninterpretable: poly(isindigo-alt-bithiophene) The following was not parseable: isindigo-alt-bithiophene),,,,repair,drop_descriptors,True,poly(isindigo-alt-bithiophene),False,,,,,,,,,,,,,,,,
463,"p(o,o)",poly(isindigo-alt-bithiophene),poly(isindigo-alt-bithiophene),poly(isindigo-alt-bithiophene),False,False,False,opsin_repair,,False,drop_substituted,,FAILURE,poly(isindigo-alt-bithiophene) is unparsable due to the following being uninterpretable: poly(isindigo-alt-bithiophene) The following was not parseable: isindigo-alt-bithiophene),,,,repair,drop_substituted,True,poly(isindigo-alt-bithiophene),False,,,,,,,,,,,,,,,,
463,"p(o,o)",poly(isindigo-alt-bithiophene),poly(isindigo-alt-bithiophene),poly(isindigo-alt-bithiophene),False,False,False,opsin_repair,,False,tidy_punct,,FAILURE,poly(isindigo-alt-bithiophene) is unparsable due to the following being uninterpretable: poly(isindigo-alt-bithiophene) The following was not parseable: isindigo-alt-bithiophene),,,,repair,tidy_punct,True,poly(isindigo-alt-bithiophene),False,,,,,,,,,,,,,,,,
463,"p(o,o)",poly(isindigo-alt-bithiophene),poly isindigo-alt-bithiophene,poly(isindigo-alt-bithiophene),False,False,False,fallback,TEXT_FALLBACK,False,no parse,,,,,,,,,True,,False,,,,,,,,,,,,,,,,
463,"p(o,o)",,,oligoether s-yl,False,False,False,template_expand,,True,[OPSIN-PREPROC] raw='oligoethersidechains' -> preprocessed='oligoether s-yl',,,,,,,,,,,,,,,oligoethersidechains,oligoether s-yl,False,False,True,False,False,unknown,low,True,"[{""name"": ""oligoethersidechains"", ""count"": 1}]",,
463,"p(o,o)",,,oligoether s-yl,False,False,False,sidechain_non_opsin_compatible,NON_OPSIN_COMPATIBLE,False,ineligible,,,,,,,,,,,,,,,oligoethersidechains,oligoether s-yl,False,False,True,False,False,,,,,,
452,p(g3t2-t),all-thiophene polymer backbone,all-thiophene,all-thiophene polymer backbone,False,False,False,opsin_direct,,False,,,FAILURE,all-thiophene polymer backbone is unparsable due to the following being uninterpretable: all-thiophene polymer backbone The following was not parseable: phene polymer backbone,,,,direct,,True,all-thiophene polymer backbone,False,,,,,,,,,,,,,,,,
452,p(g3t2-t),all-thiophene polymer backbone,all-thiophene  backbone,all-thiophene  backbone,False,False,False,opsin_repair,,False,drop_descriptors,,FAILURE,all-thiophene  backbone is unparsable due to the following being uninterpretable: all-thiophene  backbone The following was not parseable: phene  backbone,,,,repair,drop_descriptors,True,all-thiophene  backbone,False,,,,,,,,,,,,,,,,
452,p(g3t2-t),all-thiophene polymer backbone,all-thiophene  backbone,all-thiophene  backbone,False,False,False,opsin_repair,,False,drop_substituted,,FAILURE,all-thiophene  backbone is unparsable due to the following being uninterpretable: all-thiophene  backbone The following was not parseable: phene  backbone,,,,repair,drop_substituted,True,all-thiophene  backbone,False,,,,,,,,,,,,,,,,
452,p(g3t2-t),all-thiophene polymer backbone,all-thiophene backbone,all-thiophene backbone,False,False,False,opsin_repair,,False,tidy_punct,,FAILURE,all-thiophene backbone is unparsable due to the following being uninterpretable: all-thiophene backbone The following was not parseable: phene backbone,,,,repair,tidy_punct,True,all-thiophene backbone,False,,,,,,,,,,,,,,,,
452,p(g3t2-t),all-thiophene polymer backbone,all-thiophene,all-thiophene polymer backbone,False,False,False,fallback,TEXT_FALLBACK,False,no parse,,,,,,,,,True,,False,,,,,,,,,,,,,,,,
452,p(g3t2-t),,,triethylenethoxyethyllycol s-yl,False,False,False,template_expand,,True,[OPSIN-PREPROC] raw='tric2eneglycolsidechains' -> preprocessed='triethylenethoxyethyllycol s-yl',,,,,,,,,,,,,,,tric2eneglycolsidechains,triethylenethoxyethyllycol s-yl,False,False,True,False,False,unknown,low,True,"[{""name"": ""tric2eneglycolsidechains"", ""count"": 1}]",,
452,p(g3t2-t),,,triethylenethoxyethyllycol s-yl,False,False,False,sidechain_length,ALKYL_LENGTH,True,,CC,,,,,,,,,,,,,,tric2eneglycolsidechains,triethylenethoxyethyllycol s-yl,False,False,True,False,False,,,,,,
452,p(g4t2-t),all-thiophene polymer backbone,all-thiophene,all-thiophene polymer backbone,False,False,False,opsin_direct,,False,,,FAILURE,all-thiophene polymer backbone is unparsable due to the following being uninterpretable: all-thiophene polymer backbone The following was not parseable: phene polymer backbone,,,,direct,,True,all-thiophene polymer backbone,False,,,,,,,,,,,,,,,,
452,p(g4t2-t),all-thiophene polymer backbone,all-thiophene  backbone,all-thiophene  backbone,False,False,False,opsin_repair,,False,drop_descriptors,,FAILURE,all-thiophene  backbone is unparsable due to the following being uninterpretable: all-thiophene  backbone The following was not parseable: phene  backbone,,,,repair,drop_descriptors,True,all-thiophene  backbone,False,,,,,,,,,,,,,,,,
452,p(g4t2-t),all-thiophene polymer backbone,all-thiophene  backbone,all-thiophene  backbone,False,False,False,opsin_repair,,False,drop_substituted,,FAILURE,all-thiophene  backbone is unparsable due to the following being uninterpretable: all-thiophene  backbone The following was not parseable: phene  backbone,,,,repair,drop_substituted,True,all-thiophene  backbone,False,,,,,,,,,,,,,,,,
452,p(g4t2-t),all-thiophene polymer backbone,all-thiophene backbone,all-thiophene backbone,False,False,False,opsin_repair,,False,tidy_punct,,FAILURE,all-thiophene backbone is unparsable due to the following being uninterpretable: all-thiophene backbone The following was not parseable: phene backbone,,,,repair,tidy_punct,True,all-thiophene backbone,False,,,,,,,,,,,,,,,,
452,p(g4t2-t),all-thiophene polymer backbone,all-thiophene,all-thiophene polymer backbone,False,False,False,fallback,TEXT_FALLBACK,False,no parse,,,,,,,,,True,,False,,,,,,,,,,,,,,,,
452,p(g4t2-t),,,tetraethylenethoxyethyllycol s-yl,False,False,False,template_expand,,True,[OPSIN-PREPROC] raw='tetrac2eneglycolsidechains' -> preprocessed='tetraethylenethoxyethyllycol s-yl',,,,,,,,,,,,,,,tetrac2eneglycolsidechains,tetraethylenethoxyethyllycol s-yl,False,False,True,False,False,unknown,low,True,"[{""name"": ""tetrac2eneglycolsidechains"", ""count"": 1}]",,
452,p(g4t2-t),,,tetraethylenethoxyethyllycol s-yl,False,False,False,sidechain_length,ALKYL_LENGTH,True,,CC,,,,,,,,,,,,,,tetrac2eneglycolsidechains,tetraethylenethoxyethyllycol s-yl,False,False,True,False,False,,,,,,
452,p(g2t2-t),all-thiophene polymer backbone,all-thiophene,all-thiophene polymer backbone,False,False,False,opsin_direct,,False,,,FAILURE,all-thiophene polymer backbone is unparsable due to the following being uninterpretable: all-thiophene polymer backbone The following was not parseable: phene polymer backbone,,,,direct,,True,all-thiophene polymer backbone,False,,,,,,,,,,,,,,,,
452,p(g2t2-t),all-thiophene polymer backbone,all-thiophene  backbone,all-thiophene  backbone,False,False,False,opsin_repair,,False,drop_descriptors,,FAILURE,all-thiophene  backbone is unparsable due to the following being uninterpretable: all-thiophene  backbone The following was not parseable: phene  backbone,,,,repair,drop_descriptors,True,all-thiophene  backbone,False,,,,,,,,,,,,,,,,
452,p(g2t2-t),all-thiophene polymer backbone,all-thiophene  backbone,all-thiophene  backbone,False,False,False,opsin_repair,,False,drop_substituted,,FAILURE,all-thiophene  backbone is unparsable due to the following being uninterpretable: all-thiophene  backbone The following was not parseable: phene  backbone,,,,repair,drop_substituted,True,all-thiophene  backbone,False,,,,,,,,,,,,,,,,
452,p(g2t2-t),all-thiophene polymer backbone,all-thiophene backbone,all-thiophene backbone,False,False,False,opsin_repair,,False,tidy_punct,,FAILURE,all-thiophene backbone is unparsable due to the following being uninterpretable: all-thiophene backbone The following was not parseable: phene backbone,,,,repair,tidy_punct,True,all-thiophene backbone,False,,,,,,,,,,,,,,,,
452,p(g2t2-t),all-thiophene polymer backbone,all-thiophene,all-thiophene polymer backbone,False,False,False,fallback,TEXT_FALLBACK,False,no parse,,,,,,,,,True,,False,,,,,,,,,,,,,,,,
452,p(g2t2-t),,,diethylenethoxyethyllycol s-yl,False,False,False,template_expand,,True,[OPSIN-PREPROC] raw='dic2eneglycolsidechains' -> preprocessed='diethylenethoxyethyllycol s-yl',,,,,,,,,,,,,,,dic2eneglycolsidechains,diethylenethoxyethyllycol s-yl,False,False,True,False,False,unknown,low,True,"[{""name"": ""dic2eneglycolsidechains"", ""count"": 1}]",,
452,p(g2t2-t),,,diethylenethoxyethyllycol s-yl,False,False,False,sidechain_length,ALKYL_LENGTH,True,,CC,,,,,,,,,,,,,,dic2eneglycolsidechains,diethylenethoxyethyllycol s-yl,False,False,True,False,False,,,,,,
452,p(g6t2-t),all-thiophene polymer backbone,all-thiophene,all-thiophene polymer backbone,False,False,False,opsin_direct,,False,,,FAILURE,all-thiophene polymer backbone is unparsable due to the following being uninterpretable: all-thiophene polymer backbone The following was not parseable: phene polymer backbone,,,,direct,,True,all-thiophene polymer backbone,False,,,,,,,,,,,,,,,,
452,p(g6t2-t),all-thiophene polymer backbone,all-thiophene  backbone,all-thiophene  backbone,False,False,False,opsin_repair,,False,drop_descriptors,,FAILURE,all-thiophene  backbone is unparsable due to the following being uninterpretable: all-thiophene  backbone The following was not parseable: phene  backbone,,,,repair,drop_descriptors,True,all-thiophene  backbone,False,,,,,,,,,,,,,,,,
452,p(g6t2-t),all-thiophene polymer backbone,all-thiophene  backbone,all-thiophene  backbone,False,False,False,opsin_repair,,False,drop_substituted,,FAILURE,all-thiophene  backbone is unparsable due to the following being uninterpretable: all-thiophene  backbone The following was not parseable: phene  backbone,,,,repair,drop_substituted,True,all-thiophene  backbone,False,,,,,,,,,,,,,,,,
452,p(g6t2-t),all-thiophene polymer backbone,all-thiophene backbone,all-thiophene backbone,False,False,False,opsin_repair,,False,tidy_punct,,FAILURE,all-thiophene backbone is unparsable due to the following being uninterpretable: all-thiophene backbone The following was not parseable: phene backbone,,,,repair,tidy_punct,True,all-thiophene backbone,False,,,,,,,,,,,,,,,,
452,p(g6t2-t),all-thiophene polymer backbone,all-thiophene,all-thiophene polymer backbone,False,False,False,fallback,TEXT_FALLBACK,False,no parse,,,,,,,,,True,,False,,,,,,,,,,,,,,,,
452,p(g6t2-t),,,hexaethylenethoxyethyllycol s-yl,False,False,False,template_expand,,True,[OPSIN-PREPROC] raw='hexac2eneglycolsidechains' -> preprocessed='hexaethylenethoxyethyllycol s-yl',,,,,,,,,,,,,,,hexac2eneglycolsidechains,hexaethylenethoxyethyllycol s-yl,False,False,True,False,False,unknown,low,True,"[{""name"": ""hexac2eneglycolsidechains"", ""count"": 1}]",,
452,p(g6t2-t),,,hexaethylenethoxyethyllycol s-yl,False,False,False,sidechain_length,ALKYL_LENGTH,True,,CC,,,,,,,,,,,,,,hexac2eneglycolsidechains,hexaethylenethoxyethyllycol s-yl,False,False,True,False,False,,,,,,
492,n-pt5,"alternating thiazole-flanked thieno[3,4-c]pyrrole-4,6-dione (tpd) unit and 3,4-dicyanothiophene (2cn-t) unit",alternating thiazole-flanked thieno 3 4-c pyrrole-4 6-dione tpd unit and 3 4-dicyanothiophene 2-cn-t unit,"alternating thiazole-flanked thieno[3,4-c]pyrrole-4,6-dione (tpd) unit and 3,4-dicyanothiophene (2cn-t) unit",False,False,False,opsin_direct,,False,,,FAILURE,"alternating thiazole-flanked thieno[3,4-c]pyrrole-4,6-dione (tpd) unit and 3,4-dicyanothiophene (2cn-t) unit is unparsable due to the following being uninterpretable: alternating thiazole-flanked thieno[3,4-c]pyrrole-4,6-dione (tpd) unit and 3,4-dicyanothiophene (2cn-t) unit The following was not parseable: alternating thiazole-flanked thieno[3,4-c]pyrrole-4,6-dione (tpd) unit and 3,4-dicyanothiophene (2cn-t) unit",,,,direct,,True,"alternating thiazole-flanked thieno[3,4-c]pyrrole-4,6-dione (tpd) unit and 3,4-dicyanothiophene (2cn-t) unit",False,,,,,,,,,,,,,,,,
492,n-pt5,"alternating thiazole-flanked thieno[3,4-c]pyrrole-4,6-dione (tpd) unit and 3,4-dicyanothiophene (2cn-t) unit","alternating thiazole-flanked thieno[3,4-c]pyrrole-4,6-dione (tpd)  and 3,4-dicyanothiophene (2cn-t)","alternating thiazole-flanked thieno[3,4-c]pyrrole-4,6-dione (tpd)  and 3,4-dicyanothiophene (2cn-t)",False,False,False,opsin_repair,,False,drop_descriptors,,FAILURE,"alternating thiazole-flanked thieno[3,4-c]pyrrole-4,6-dione (tpd)  and 3,4-dicyanothiophene (2cn-t) is unparsable due to the following being uninterpretable: alternating thiazole-flanked thieno[3,4-c]pyrrole-4,6-dione (tpd)  and 3,4-dicyanothiophene (2cn-t) The following was not parseable: alternating thiazole-flanked thieno[3,4-c]pyrrole-4,6-dione (tpd)  and 3,4-dicyanothiophene (2cn-t)",,,,repair,drop_descriptors,True,"alternating thiazole-flanked thieno[3,4-c]pyrrole-4,6-dione (tpd)  and 3,4-dicyanothiophene (2cn-t)",False,,,,,,,,,,,,,,,,
492,n-pt5,"alternating thiazole-flanked thieno[3,4-c]pyrrole-4,6-dione (tpd) unit and 3,4-dicyanothiophene (2cn-t) unit","alternating thiazole-flanked thieno[3,4-c]pyrrole-4,6-dione (tpd)  and 3,4-dicyanothiophene (2cn-t)","alternating thiazole-flanked thieno[3,4-c]pyrrole-4,6-dione (tpd)  and 3,4-dicyanothiophene (2cn-t)",False,False,False,opsin_repair,,False,drop_substituted,,FAILURE,"alternating thiazole-flanked thieno[3,4-c]pyrrole-4,6-dione (tpd)  and 3,4-dicyanothiophene (2cn-t) is unparsable due to the following being uninterpretable: alternating thiazole-flanked thieno[3,4-c]pyrrole-4,6-dione (tpd)  and 3,4-dicyanothiophene (2cn-t) The following was not parseable: alternating thiazole-flanked thieno[3,4-c]pyrrole-4,6-dione (tpd)  and 3,4-dicyanothiophene (2cn-t)",,,,repair,drop_substituted,True,"alternating thiazole-flanked thieno[3,4-c]pyrrole-4,6-dione (tpd)  and 3,4-dicyanothiophene (2cn-t)",False,,,,,,,,,,,,,,,,
492,n-pt5,"alternating thiazole-flanked thieno[3,4-c]pyrrole-4,6-dione (tpd) unit and 3,4-dicyanothiophene (2cn-t) unit","alternating thiazole-flanked thieno[3,4-c]pyrrole-4,6-dione (tpd) and 3,4-dicyanothiophene (2cn-t)","alternating thiazole-flanked thieno[3,4-c]pyrrole-4,6-dione (tpd) and 3,4-dicyanothiophene (2cn-t)",False,False,False,opsin_repair,,False,tidy_punct,,FAILURE,"alternating thiazole-flanked thieno[3,4-c]pyrrole-4,6-dione (tpd) and 3,4-dicyanothiophene (2cn-t) is unparsable due to the following being uninterpretable: alternating thiazole-flanked thieno[3,4-c]pyrrole-4,6-dione (tpd) and 3,4-dicyanothiophene (2cn-t) The following was not parseable: alternating thiazole-flanked thieno[3,4-c]pyrrole-4,6-dione (tpd) and 3,4-dicyanothiophene (2cn-t)",,,,repair,tidy_punct,True,"alternating thiazole-flanked thieno[3,4-c]pyrrole-4,6-dione (tpd) and 3,4-dicyanothiophene (2cn-t)",False,,,,,,,,,,,,,,,,
492,n-pt5,"alternating thiazole-flanked thieno[3,4-c]pyrrole-4,6-dione (tpd) unit and 3,4-dicyanothiophene (2cn-t) unit",alternating thiazole-flanked thieno 3 4-c pyrrole-4 6-dione tpd unit and 3 4-dicyanothiophene 2-cn-t unit,"alternating thiazole-flanked thieno[3,4-c]pyrrole-4,6-dione (tpd) unit and 3,4-dicyanothiophene (2cn-t) unit",False,False,False,fallback,TEXT_FALLBACK,False,no parse,,,,,,,,,True,,False,,,,,,,,,,,,,,,,
492,n-pt5,,,branchedoligoethylenethoxyethyllycoloethoxyethyl s-yl,False,False,False,template_expand,,True,[OPSIN-PREPROC] raw='branchedoligoc2eneglycoloegsidechains' -> preprocessed='branchedoligoethylenethoxyethyllycoloethoxyethyl s-yl',,,,,,,,,,,,,,,branchedoligoc2eneglycoloegsidechains,branchedoligoethylenethoxyethyllycoloethoxyethyl s-yl,False,False,True,False,False,unknown,low,True,"[{""name"": ""branchedoligoc2eneglycoloegsidechains"", ""count"": 1}]",,
492,n-pt5,,,branchedoligoethylenethoxyethyllycoloethoxyethyl s-yl,False,False,False,sidechain_length,ALKYL_LENGTH,True,,CC,,,,,,,,,,,,,,branchedoligoc2eneglycoloegsidechains,branchedoligoethylenethoxyethyllycoloethoxyethyl s-yl,False,False,True,False,False,,,,,,
492,n-pt5: pei,"alternating thiazole-flanked thieno[3,4-c]pyrrole-4,6-dione (tpd) unit and 3,4-dicyanothiophene (2cn-t) unit",alternating thiazole-flanked thieno 3 4-c pyrrole-4 6-dione tpd unit and 3 4-dicyanothiophene 2-cn-t unit,"alternating thiazole-flanked thieno[3,4-c]pyrrole-4,6-dione (tpd) unit and 3,4-dicyanothiophene (2cn-t) unit",False,False,False,opsin_direct,,False,,,FAILURE,"alternating thiazole-flanked thieno[3,4-c]pyrrole-4,6-dione (tpd) unit and 3,4-dicyanothiophene (2cn-t) unit is unparsable due to the following being uninterpretable: alternating thiazole-flanked thieno[3,4-c]pyrrole-4,6-dione (tpd) unit and 3,4-dicyanothiophene (2cn-t) unit The following was not parseable: alternating thiazole-flanked thieno[3,4-c]pyrrole-4,6-dione (tpd) unit and 3,4-dicyanothiophene (2cn-t) unit",,,,direct,,True,"alternating thiazole-flanked thieno[3,4-c]pyrrole-4,6-dione (tpd) unit and 3,4-dicyanothiophene (2cn-t) unit",False,,,,,,,,,,,,,,,,
492,n-pt5: pei,"alternating thiazole-flanked thieno[3,4-c]pyrrole-4,6-dione (tpd) unit and 3,4-dicyanothiophene (2cn-t) unit","alternating thiazole-flanked thieno[3,4-c]pyrrole-4,6-dione (tpd)  and 3,4-dicyanothiophene (2cn-t)","alternating thiazole-flanked thieno[3,4-c]pyrrole-4,6-dione (tpd)  and 3,4-dicyanothiophene (2cn-t)",False,False,False,opsin_repair,,False,drop_descriptors,,FAILURE,"alternating thiazole-flanked thieno[3,4-c]pyrrole-4,6-dione (tpd)  and 3,4-dicyanothiophene (2cn-t) is unparsable due to the following being uninterpretable: alternating thiazole-flanked thieno[3,4-c]pyrrole-4,6-dione (tpd)  and 3,4-dicyanothiophene (2cn-t) The following was not parseable: alternating thiazole-flanked thieno[3,4-c]pyrrole-4,6-dione (tpd)  and 3,4-dicyanothiophene (2cn-t)",,,,repair,drop_descriptors,True,"alternating thiazole-flanked thieno[3,4-c]pyrrole-4,6-dione (tpd)  and 3,4-dicyanothiophene (2cn-t)",False,,,,,,,,,,,,,,,,
492,n-pt5: pei,"alternating thiazole-flanked thieno[3,4-c]pyrrole-4,6-dione (tpd) unit and 3,4-dicyanothiophene (2cn-t) unit","alternating thiazole-flanked thieno[3,4-c]pyrrole-4,6-dione (tpd)  and 3,4-dicyanothiophene (2cn-t)","alternating thiazole-flanked thieno[3,4-c]pyrrole-4,6-dione (tpd)  and 3,4-dicyanothiophene (2cn-t)",False,False,False,opsin_repair,,False,drop_substituted,,FAILURE,"alternating thiazole-flanked thieno[3,4-c]pyrrole-4,6-dione (tpd)  and 3,4-dicyanothiophene (2cn-t) is unparsable due to the following being uninterpretable: alternating thiazole-flanked thieno[3,4-c]pyrrole-4,6-dione (tpd)  and 3,4-dicyanothiophene (2cn-t) The following was not parseable: alternating thiazole-flanked thieno[3,4-c]pyrrole-4,6-dione (tpd)  and 3,4-dicyanothiophene (2cn-t)",,,,repair,drop_substituted,True,"alternating thiazole-flanked thieno[3,4-c]pyrrole-4,6-dione (tpd)  and 3,4-dicyanothiophene (2cn-t)",False,,,,,,,,,,,,,,,,
492,n-pt5: pei,"alternating thiazole-flanked thieno[3,4-c]pyrrole-4,6-dione (tpd) unit and 3,4-dicyanothiophene (2cn-t) unit","alternating thiazole-flanked thieno[3,4-c]pyrrole-4,6-dione (tpd) and 3,4-dicyanothiophene (2cn-t)","alternating thiazole-flanked thieno[3,4-c]pyrrole-4,6-dione (tpd) and 3,4-dicyanothiophene (2cn-t)",False,False,False,opsin_repair,,False,tidy_punct,,FAILURE,"alternating thiazole-flanked thieno[3,4-c]pyrrole-4,6-dione (tpd) and 3,4-dicyanothiophene (2cn-t) is unparsable due to the following being uninterpretable: alternating thiazole-flanked thieno[3,4-c]pyrrole-4,6-dione (tpd) and 3,4-dicyanothiophene (2cn-t) The following was not parseable: alternating thiazole-flanked thieno[3,4-c]pyrrole-4,6-dione (tpd) and 3,4-dicyanothiophene (2cn-t)",,,,repair,tidy_punct,True,"alternating thiazole-flanked thieno[3,4-c]pyrrole-4,6-dione (tpd) and 3,4-dicyanothiophene (2cn-t)",False,,,,,,,,,,,,,,,,
492,n-pt5: pei,"alternating thiazole-flanked thieno[3,4-c]pyrrole-4,6-dione (tpd) unit and 3,4-dicyanothiophene (2cn-t) unit",alternating thiazole-flanked thieno 3 4-c pyrrole-4 6-dione tpd unit and 3 4-dicyanothiophene 2-cn-t unit,"alternating thiazole-flanked thieno[3,4-c]pyrrole-4,6-dione (tpd) unit and 3,4-dicyanothiophene (2cn-t) unit",False,False,False,fallback,TEXT_FALLBACK,False,no parse,,,,,,,,,True,,False,,,,,,,,,,,,,,,,
492,n-pt5: pei,,,branchedoligoethylenethoxyethyllycoloethoxyethyl s-yl,False,False,False,template_expand,,True,[OPSIN-PREPROC] raw='branchedoligoc2eneglycoloegsidechains' -> preprocessed='branchedoligoethylenethoxyethyllycoloethoxyethyl s-yl',,,,,,,,,,,,,,,branchedoligoc2eneglycoloegsidechains,branchedoligoethylenethoxyethyllycoloethoxyethyl s-yl,False,False,True,False,False,unknown,low,True,"[{""name"": ""branchedoligoc2eneglycoloegsidechains"", ""count"": 1}]",,
492,n-pt5: pei,,,branchedoligoethylenethoxyethyllycoloethoxyethyl s-yl,False,False,False,sidechain_length,ALKYL_LENGTH,True,,CC,,,,,,,,,,,,,,branchedoligoc2eneglycoloegsidechains,branchedoligoethylenethoxyethyllycoloethoxyethyl s-yl,False,False,True,False,False,,,,,,
492,n-pt5: n-dmbi,"alternating thiazole-flanked thieno[3,4-c]pyrrole-4,6-dione (tpd) unit and 3,4-dicyanothiophene (2cn-t) unit",alternating thiazole-flanked thieno 3 4-c pyrrole-4 6-dione tpd unit and 3 4-dicyanothiophene 2-cn-t unit,"alternating thiazole-flanked thieno[3,4-c]pyrrole-4,6-dione (tpd) unit and 3,4-dicyanothiophene (2cn-t) unit",False,False,False,opsin_direct,,False,,,FAILURE,"alternating thiazole-flanked thieno[3,4-c]pyrrole-4,6-dione (tpd) unit and 3,4-dicyanothiophene (2cn-t) unit is unparsable due to the following being uninterpretable: alternating thiazole-flanked thieno[3,4-c]pyrrole-4,6-dione (tpd) unit and 3,4-dicyanothiophene (2cn-t) unit The following was not parseable: alternating thiazole-flanked thieno[3,4-c]pyrrole-4,6-dione (tpd) unit and 3,4-dicyanothiophene (2cn-t) unit",,,,direct,,True,"alternating thiazole-flanked thieno[3,4-c]pyrrole-4,6-dione (tpd) unit and 3,4-dicyanothiophene (2cn-t) unit",False,,,,,,,,,,,,,,,,
492,n-pt5: n-dmbi,"alternating thiazole-flanked thieno[3,4-c]pyrrole-4,6-dione (tpd) unit and 3,4-dicyanothiophene (2cn-t) unit","alternating thiazole-flanked thieno[3,4-c]pyrrole-4,6-dione (tpd)  and 3,4-dicyanothiophene (2cn-t)","alternating thiazole-flanked thieno[3,4-c]pyrrole-4,6-dione (tpd)  and 3,4-dicyanothiophene (2cn-t)",False,False,False,opsin_repair,,False,drop_descriptors,,FAILURE,"alternating thiazole-flanked thieno[3,4-c]pyrrole-4,6-dione (tpd)  and 3,4-dicyanothiophene (2cn-t) is unparsable due to the following being uninterpretable: alternating thiazole-flanked thieno[3,4-c]pyrrole-4,6-dione (tpd)  and 3,4-dicyanothiophene (2cn-t) The following was not parseable: alternating thiazole-flanked thieno[3,4-c]pyrrole-4,6-dione (tpd)  and 3,4-dicyanothiophene (2cn-t)",,,,repair,drop_descriptors,True,"alternating thiazole-flanked thieno[3,4-c]pyrrole-4,6-dione (tpd)  and 3,4-dicyanothiophene (2cn-t)",False,,,,,,,,,,,,,,,,
492,n-pt5: n-dmbi,"alternating thiazole-flanked thieno[3,4-c]pyrrole-4,6-dione (tpd) unit and 3,4-dicyanothiophene (2cn-t) unit","alternating thiazole-flanked thieno[3,4-c]pyrrole-4,6-dione (tpd)  and 3,4-dicyanothiophene (2cn-t)","alternating thiazole-flanked thieno[3,4-c]pyrrole-4,6-dione (tpd)  and 3,4-dicyanothiophene (2cn-t)",False,False,False,opsin_repair,,False,drop_substituted,,FAILURE,"alternating thiazole-flanked thieno[3,4-c]pyrrole-4,6-dione (tpd)  and 3,4-dicyanothiophene (2cn-t) is unparsable due to the following being uninterpretable: alternating thiazole-flanked thieno[3,4-c]pyrrole-4,6-dione (tpd)  and 3,4-dicyanothiophene (2cn-t) The following was not parseable: alternating thiazole-flanked thieno[3,4-c]pyrrole-4,6-dione (tpd)  and 3,4-dicyanothiophene (2cn-t)",,,,repair,drop_substituted,True,"alternating thiazole-flanked thieno[3,4-c]pyrrole-4,6-dione (tpd)  and 3,4-dicyanothiophene (2cn-t)",False,,,,,,,,,,,,,,,,
492,n-pt5: n-dmbi,"alternating thiazole-flanked thieno[3,4-c]pyrrole-4,6-dione (tpd) unit and 3,4-dicyanothiophene (2cn-t) unit","alternating thiazole-flanked thieno[3,4-c]pyrrole-4,6-dione (tpd) and 3,4-dicyanothiophene (2cn-t)","alternating thiazole-flanked thieno[3,4-c]pyrrole-4,6-dione (tpd) and 3,4-dicyanothiophene (2cn-t)",False,False,False,opsin_repair,,False,tidy_punct,,FAILURE,"alternating thiazole-flanked thieno[3,4-c]pyrrole-4,6-dione (tpd) and 3,4-dicyanothiophene (2cn-t) is unparsable due to the following being uninterpretable: alternating thiazole-flanked thieno[3,4-c]pyrrole-4,6-dione (tpd) and 3,4-dicyanothiophene (2cn-t) The following was not parseable: alternating thiazole-flanked thieno[3,4-c]pyrrole-4,6-dione (tpd) and 3,4-dicyanothiophene (2cn-t)",,,,repair,tidy_punct,True,"alternating thiazole-flanked thieno[3,4-c]pyrrole-4,6-dione (tpd) and 3,4-dicyanothiophene (2cn-t)",False,,,,,,,,,,,,,,,,
492,n-pt5: n-dmbi,"alternating thiazole-flanked thieno[3,4-c]pyrrole-4,6-dione (tpd) unit and 3,4-dicyanothiophene (2cn-t) unit",alternating thiazole-flanked thieno 3 4-c pyrrole-4 6-dione tpd unit and 3 4-dicyanothiophene 2-cn-t unit,"alternating thiazole-flanked thieno[3,4-c]pyrrole-4,6-dione (tpd) unit and 3,4-dicyanothiophene (2cn-t) unit",False,False,False,fallback,TEXT_FALLBACK,False,no parse,,,,,,,,,True,,False,,,,,,,,,,,,,,,,
492,n-pt5: n-dmbi,,,branchedoligoethylenethoxyethyllycoloethoxyethyl s-yl,False,False,False,template_expand,,True,[OPSIN-PREPROC] raw='branchedoligoc2eneglycoloegsidechains' -> preprocessed='branchedoligoethylenethoxyethyllycoloethoxyethyl s-yl',,,,,,,,,,,,,,,branchedoligoc2eneglycoloegsidechains,branchedoligoethylenethoxyethyllycoloethoxyethyl s-yl,False,False,True,False,False,unknown,low,True,"[{""name"": ""branchedoligoc2eneglycoloegsidechains"", ""count"": 1}]",,
492,n-pt5: n-dmbi,,,branchedoligoethylenethoxyethyllycoloethoxyethyl s-yl,False,False,False,sidechain_length,ALKYL_LENGTH,True,,CC,,,,,,,,,,,,,,branchedoligoc2eneglycoloegsidechains,branchedoligoethylenethoxyethyllycoloethoxyethyl s-yl,False,False,True,False,False,,,,,,
479,p(at2),bithiophene,bithiophene,bithiophene,False,False,False,opsin_direct,OPSIN,True,,c1csc(-c2cccs2)c1,CACHE_HIT,,,False,0.0,direct,,True,bithiophene,False,,,,,,,,,,,,,,,,
479,p(gt2),bithiophene,bithiophene,bithiophene,False,False,False,opsin_direct,OPSIN,True,,c1csc(-c2cccs2)c1,CACHE_HIT,,,False,0.0,direct,,True,bithiophene,False,,,,,,,,,,,,,,,,
479,p(gt2),bithiophene,bithiophene,bithiophene,False,False,False,opsin_direct,OPSIN,True,,c1csc(-c2cccs2)c1,CACHE_HIT,,,False,0.0,direct,,True,bithiophene,False,,,,,,,,,,,,,,,,
479,p(at2),bithiophene,bithiophene,bithiophene,False,False,False,opsin_direct,OPSIN,True,,c1csc(-c2cccs2)c1,CACHE_HIT,,,False,0.0,direct,,True,bithiophene,False,,,,,,,,,,,,,,,,
472,pe2-oe4,poly(prodot-biedot) backbone,poly prodot-biedot,poly(prodot-biedot) backbone,False,False,False,opsin_direct,,False,,,FAILURE,poly(prodot-biedot) backbone is unparsable due to the following being uninterpretable: poly(prodot-biedot) backbone The following was not parseable: prodot-biedot) backbone,,,,direct,,True,poly(prodot-biedot) backbone,False,,,,,,,,,,,,,,,,
472,pe2-oe4,poly(prodot-biedot) backbone,poly(prodot-biedot) backbone,poly(prodot-biedot) backbone,False,False,False,opsin_repair,,False,drop_descriptors,,FAILURE,poly(prodot-biedot) backbone is unparsable due to the following being uninterpretable: poly(prodot-biedot) backbone The following was not parseable: prodot-biedot) backbone,,,,repair,drop_descriptors,True,poly(prodot-biedot) backbone,False,,,,,,,,,,,,,,,,
472,pe2-oe4,poly(prodot-biedot) backbone,poly(prodot-biedot) backbone,poly(prodot-biedot) backbone,False,False,False,opsin_repair,,False,drop_substituted,,FAILURE,poly(prodot-biedot) backbone is unparsable due to the following being uninterpretable: poly(prodot-biedot) backbone The following was not parseable: prodot-biedot) backbone,,,,repair,drop_substituted,True,poly(prodot-biedot) backbone,False,,,,,,,,,,,,,,,,
472,pe2-oe4,poly(prodot-biedot) backbone,poly(prodot-biedot) backbone,poly(prodot-biedot) backbone,False,False,False,opsin_repair,,False,tidy_punct,,FAILURE,poly(prodot-biedot) backbone is unparsable due to the following being uninterpretable: poly(prodot-biedot) backbone The following was not parseable: prodot-biedot) backbone,,,,repair,tidy_punct,True,poly(prodot-biedot) backbone,False,,,,,,,,,,,,,,,,
472,pe2-oe4,poly(prodot-biedot) backbone,poly prodot-biedot,poly(prodot-biedot) backbone,False,False,False,fallback,TEXT_FALLBACK,False,no parse,,,,,,,,,True,,False,,,,,,,,,,,,,,,,
472,pe2-oe6,poly(prodot-biedot) backbone,poly prodot-biedot,poly(prodot-biedot) backbone,False,False,False,opsin_direct,,False,,,FAILURE,poly(prodot-biedot) backbone is unparsable due to the following being uninterpretable: poly(prodot-biedot) backbone The following was not parseable: prodot-biedot) backbone,,,,direct,,True,poly(prodot-biedot) backbone,False,,,,,,,,,,,,,,,,
472,pe2-oe6,poly(prodot-biedot) backbone,poly(prodot-biedot) backbone,poly(prodot-biedot) backbone,False,False,False,opsin_repair,,False,drop_descriptors,,FAILURE,poly(prodot-biedot) backbone is unparsable due to the following being uninterpretable: poly(prodot-biedot) backbone The following was not parseable: prodot-biedot) backbone,,,,repair,drop_descriptors,True,poly(prodot-biedot) backbone,False,,,,,,,,,,,,,,,,
472,pe2-oe6,poly(prodot-biedot) backbone,poly(prodot-biedot) backbone,poly(prodot-biedot) backbone,False,False,False,opsin_repair,,False,drop_substituted,,FAILURE,poly(prodot-biedot) backbone is unparsable due to the following being uninterpretable: poly(prodot-biedot) backbone The following was not parseable: prodot-biedot) backbone,,,,repair,drop_substituted,True,poly(prodot-biedot) backbone,False,,,,,,,,,,,,,,,,
472,pe2-oe6,poly(prodot-biedot) backbone,poly(prodot-biedot) backbone,poly(prodot-biedot) backbone,False,False,False,opsin_repair,,False,tidy_punct,,FAILURE,poly(prodot-biedot) backbone is unparsable due to the following being uninterpretable: poly(prodot-biedot) backbone The following was not parseable: prodot-biedot) backbone,,,,repair,tidy_punct,True,poly(prodot-biedot) backbone,False,,,,,,,,,,,,,,,,
472,pe2-oe6,poly(prodot-biedot) backbone,poly prodot-biedot,poly(prodot-biedot) backbone,False,False,False,fallback,TEXT_FALLBACK,False,no parse,,,,,,,,,True,,False,,,,,,,,,,,,,,,,
472,pe2-oe2oe2,poly(prodot-biedot) backbone,poly prodot-biedot,poly(prodot-biedot) backbone,False,False,False,opsin_direct,,False,,,FAILURE,poly(prodot-biedot) backbone is unparsable due to the following being uninterpretable: poly(prodot-biedot) backbone The following was not parseable: prodot-biedot) backbone,,,,direct,,True,poly(prodot-biedot) backbone,False,,,,,,,,,,,,,,,,
472,pe2-oe2oe2,poly(prodot-biedot) backbone,poly(prodot-biedot) backbone,poly(prodot-biedot) backbone,False,False,False,opsin_repair,,False,drop_descriptors,,FAILURE,poly(prodot-biedot) backbone is unparsable due to the following being uninterpretable: poly(prodot-biedot) backbone The following was not parseable: prodot-biedot) backbone,,,,repair,drop_descriptors,True,poly(prodot-biedot) backbone,False,,,,,,,,,,,,,,,,
472,pe2-oe2oe2,poly(prodot-biedot) backbone,poly(prodot-biedot) backbone,poly(prodot-biedot) backbone,False,False,False,opsin_repair,,False,drop_substituted,,FAILURE,poly(prodot-biedot) backbone is unparsable due to the following being uninterpretable: poly(prodot-biedot) backbone The following was not parseable: prodot-biedot) backbone,,,,repair,drop_substituted,True,poly(prodot-biedot) backbone,False,,,,,,,,,,,,,,,,
472,pe2-oe2oe2,poly(prodot-biedot) backbone,poly(prodot-biedot) backbone,poly(prodot-biedot) backbone,False,False,False,opsin_repair,,False,tidy_punct,,FAILURE,poly(prodot-biedot) backbone is unparsable due to the following being uninterpretable: poly(prodot-biedot) backbone The following was not parseable: prodot-biedot) backbone,,,,repair,tidy_punct,True,poly(prodot-biedot) backbone,False,,,,,,,,,,,,,,,,
472,pe2-oe2oe2,poly(prodot-biedot) backbone,poly prodot-biedot,poly(prodot-biedot) backbone,False,False,False,fallback,TEXT_FALLBACK,False,no parse,,,,,,,,,True,,False,,,,,,,,,,,,,,,,
472,pe2-oe2oe3,poly(prodot-biedot) backbone,poly prodot-biedot,poly(prodot-biedot) backbone,False,False,False,opsin_direct,,False,,,FAILURE,poly(prodot-biedot) backbone is unparsable due to the following being uninterpretable: poly(prodot-biedot) backbone The following was not parseable: prodot-biedot) backbone,,,,direct,,True,poly(prodot-biedot) backbone,False,,,,,,,,,,,,,,,,
472,pe2-oe2oe3,poly(prodot-biedot) backbone,poly(prodot-biedot) backbone,poly(prodot-biedot) backbone,False,False,False,opsin_repair,,False,drop_descriptors,,FAILURE,poly(prodot-biedot) backbone is unparsable due to the following being uninterpretable: poly(prodot-biedot) backbone The following was not parseable: prodot-biedot) backbone,,,,repair,drop_descriptors,True,poly(prodot-biedot) backbone,False,,,,,,,,,,,,,,,,
472,pe2-oe2oe3,poly(prodot-biedot) backbone,poly(prodot-biedot) backbone,poly(prodot-biedot) backbone,False,False,False,opsin_repair,,False,drop_substituted,,FAILURE,poly(prodot-biedot) backbone is unparsable due to the following being uninterpretable: poly(prodot-biedot) backbone The following was not parseable: prodot-biedot) backbone,,,,repair,drop_substituted,True,poly(prodot-biedot) backbone,False,,,,,,,,,,,,,,,,
472,pe2-oe2oe3,poly(prodot-biedot) backbone,poly(prodot-biedot) backbone,poly(prodot-biedot) backbone,False,False,False,opsin_repair,,False,tidy_punct,,FAILURE,poly(prodot-biedot) backbone is unparsable due to the following being uninterpretable: poly(prodot-biedot) backbone The following was not parseable: prodot-biedot) backbone,,,,repair,tidy_punct,True,poly(prodot-biedot) backbone,False,,,,,,,,,,,,,,,,
472,pe2-oe2oe3,poly(prodot-biedot) backbone,poly prodot-biedot,poly(prodot-biedot) backbone,False,False,False,fallback,TEXT_FALLBACK,False,no parse,,,,,,,,,True,,False,,,,,,,,,,,,,,,,
472,pe2-oe3oe3,poly(prodot-biedot) backbone,poly prodot-biedot,poly(prodot-biedot) backbone,False,False,False,opsin_direct,,False,,,FAILURE,poly(prodot-biedot) backbone is unparsable due to the following being uninterpretable: poly(prodot-biedot) backbone The following was not parseable: prodot-biedot) backbone,,,,direct,,True,poly(prodot-biedot) backbone,False,,,,,,,,,,,,,,,,
472,pe2-oe3oe3,poly(prodot-biedot) backbone,poly(prodot-biedot) backbone,poly(prodot-biedot) backbone,False,False,False,opsin_repair,,False,drop_descriptors,,FAILURE,poly(prodot-biedot) backbone is unparsable due to the following being uninterpretable: poly(prodot-biedot) backbone The following was not parseable: prodot-biedot) backbone,,,,repair,drop_descriptors,True,poly(prodot-biedot) backbone,False,,,,,,,,,,,,,,,,
472,pe2-oe3oe3,poly(prodot-biedot) backbone,poly(prodot-biedot) backbone,poly(prodot-biedot) backbone,False,False,False,opsin_repair,,False,drop_substituted,,FAILURE,poly(prodot-biedot) backbone is unparsable due to the following being uninterpretable: poly(prodot-biedot) backbone The following was not parseable: prodot-biedot) backbone,,,,repair,drop_substituted,True,poly(prodot-biedot) backbone,False,,,,,,,,,,,,,,,,
472,pe2-oe3oe3,poly(prodot-biedot) backbone,poly(prodot-biedot) backbone,poly(prodot-biedot) backbone,False,False,False,opsin_repair,,False,tidy_punct,,FAILURE,poly(prodot-biedot) backbone is unparsable due to the following being uninterpretable: poly(prodot-biedot) backbone The following was not parseable: prodot-biedot) backbone,,,,repair,tidy_punct,True,poly(prodot-biedot) backbone,False,,,,,,,,,,,,,,,,
472,pe2-oe3oe3,poly(prodot-biedot) backbone,poly prodot-biedot,poly(prodot-biedot) backbone,False,False,False,fallback,TEXT_FALLBACK,False,no parse,,,,,,,,,True,,False,,,,,,,,,,,,,,,,
432,p1,idtz-dtbt/dtbtff,idtz-dtbt/dtbtff,idtz-dtbt/dtbtff,False,False,False,opsin_direct,,False,,,FAILURE,idtz-dtbt/dtbtff is unparsable due to the following being uninterpretable: idtz-dtbt/dtbtff The following was not parseable: tz-dtbt/dtbtff,,,,direct,,True,idtz-dtbt/dtbtff,False,,,,,,,,,,,,,,,,
432,p1,idtz-dtbt/dtbtff,idtz-dtbt/dtbtff,idtz-dtbt/dtbtff,False,False,False,opsin_repair,,False,drop_descriptors,,FAILURE,idtz-dtbt/dtbtff is unparsable due to the following being uninterpretable: idtz-dtbt/dtbtff The following was not parseable: tz-dtbt/dtbtff,,,,repair,drop_descriptors,True,idtz-dtbt/dtbtff,False,,,,,,,,,,,,,,,,
432,p1,idtz-dtbt/dtbtff,idtz-dtbt/dtbtff,idtz-dtbt/dtbtff,False,False,False,opsin_repair,,False,drop_substituted,,FAILURE,idtz-dtbt/dtbtff is unparsable due to the following being uninterpretable: idtz-dtbt/dtbtff The following was not parseable: tz-dtbt/dtbtff,,,,repair,drop_substituted,True,idtz-dtbt/dtbtff,False,,,,,,,,,,,,,,,,
432,p1,idtz-dtbt/dtbtff,idtz-dtbt/dtbtff,idtz-dtbt/dtbtff,False,False,False,opsin_repair,,False,tidy_punct,,FAILURE,idtz-dtbt/dtbtff is unparsable due to the following being uninterpretable: idtz-dtbt/dtbtff The following was not parseable: tz-dtbt/dtbtff,,,,repair,tidy_punct,True,idtz-dtbt/dtbtff,False,,,,,,,,,,,,,,,,
432,p1,idtz-dtbt/dtbtff,idtz-dtbt/dtbtff,idtz-dtbt/dtbtff,False,False,False,fallback,TEXT_FALLBACK,False,no parse,,,,,,,,,True,,False,,,,,,,,,,,,,,,,
432,p2,idtz-dtbt/dtbtff,idtz-dtbt/dtbtff,idtz-dtbt/dtbtff,False,False,False,opsin_direct,,False,,,FAILURE,idtz-dtbt/dtbtff is unparsable due to the following being uninterpretable: idtz-dtbt/dtbtff The following was not parseable: tz-dtbt/dtbtff,,,,direct,,True,idtz-dtbt/dtbtff,False,,,,,,,,,,,,,,,,
432,p2,idtz-dtbt/dtbtff,idtz-dtbt/dtbtff,idtz-dtbt/dtbtff,False,False,False,opsin_repair,,False,drop_descriptors,,FAILURE,idtz-dtbt/dtbtff is unparsable due to the following being uninterpretable: idtz-dtbt/dtbtff The following was not parseable: tz-dtbt/dtbtff,,,,repair,drop_descriptors,True,idtz-dtbt/dtbtff,False,,,,,,,,,,,,,,,,
432,p2,idtz-dtbt/dtbtff,idtz-dtbt/dtbtff,idtz-dtbt/dtbtff,False,False,False,opsin_repair,,False,drop_substituted,,FAILURE,idtz-dtbt/dtbtff is unparsable due to the following being uninterpretable: idtz-dtbt/dtbtff The following was not parseable: tz-dtbt/dtbtff,,,,repair,drop_substituted,True,idtz-dtbt/dtbtff,False,,,,,,,,,,,,,,,,
432,p2,idtz-dtbt/dtbtff,idtz-dtbt/dtbtff,idtz-dtbt/dtbtff,False,False,False,opsin_repair,,False,tidy_punct,,FAILURE,idtz-dtbt/dtbtff is unparsable due to the following being uninterpretable: idtz-dtbt/dtbtff The following was not parseable: tz-dtbt/dtbtff,,,,repair,tidy_punct,True,idtz-dtbt/dtbtff,False,,,,,,,,,,,,,,,,
432,p2,idtz-dtbt/dtbtff,idtz-dtbt/dtbtff,idtz-dtbt/dtbtff,False,False,False,fallback,TEXT_FALLBACK,False,no parse,,,,,,,,,True,,False,,,,,,,,,,,,,,,,
432,p3,idtz-dtbt/dtbtff,idtz-dtbt/dtbtff,idtz-dtbt/dtbtff,False,False,False,opsin_direct,,False,,,FAILURE,idtz-dtbt/dtbtff is unparsable due to the following being uninterpretable: idtz-dtbt/dtbtff The following was not parseable: tz-dtbt/dtbtff,,,,direct,,True,idtz-dtbt/dtbtff,False,,,,,,,,,,,,,,,,
432,p3,idtz-dtbt/dtbtff,idtz-dtbt/dtbtff,idtz-dtbt/dtbtff,False,False,False,opsin_repair,,False,drop_descriptors,,FAILURE,idtz-dtbt/dtbtff is unparsable due to the following being uninterpretable: idtz-dtbt/dtbtff The following was not parseable: tz-dtbt/dtbtff,,,,repair,drop_descriptors,True,idtz-dtbt/dtbtff,False,,,,,,,,,,,,,,,,
432,p3,idtz-dtbt/dtbtff,idtz-dtbt/dtbtff,idtz-dtbt/dtbtff,False,False,False,opsin_repair,,False,drop_substituted,,FAILURE,idtz-dtbt/dtbtff is unparsable due to the following being uninterpretable: idtz-dtbt/dtbtff The following was not parseable: tz-dtbt/dtbtff,,,,repair,drop_substituted,True,idtz-dtbt/dtbtff,False,,,,,,,,,,,,,,,,
432,p3,idtz-dtbt/dtbtff,idtz-dtbt/dtbtff,idtz-dtbt/dtbtff,False,False,False,opsin_repair,,False,tidy_punct,,FAILURE,idtz-dtbt/dtbtff is unparsable due to the following being uninterpretable: idtz-dtbt/dtbtff The following was not parseable: tz-dtbt/dtbtff,,,,repair,tidy_punct,True,idtz-dtbt/dtbtff,False,,,,,,,,,,,,,,,,
432,p3,idtz-dtbt/dtbtff,idtz-dtbt/dtbtff,idtz-dtbt/dtbtff,False,False,False,fallback,TEXT_FALLBACK,False,no parse,,,,,,,,,True,,False,,,,,,,,,,,,,,,,
432,p3,,,combinationofbranchedandlinear s-yl,False,False,False,template_expand,,True,[OPSIN-PREPROC] raw='combinationofbranchedandlinearsidechains' -> preprocessed='combinationofbranchedandlinear s-yl',,,,,,,,,,,,,,,combinationofbranchedandlinearsidechains,combinationofbranchedandlinear s-yl,False,False,True,False,False,unknown,low,True,"[{""name"": ""combinationofbranchedandlinearsidechains"", ""count"": 1}]",,
432,p3,,,combinationofbranchedandlinear s-yl,False,False,False,sidechain_non_opsin_compatible,NON_OPSIN_COMPATIBLE,False,ineligible,,,,,,,,,,,,,,,combinationofbranchedandlinearsidechains,combinationofbranchedandlinear s-yl,False,False,True,False,False,,,,,,
432,p4,idtz-dtbt/dtbtff,idtz-dtbt/dtbtff,idtz-dtbt/dtbtff,False,False,False,opsin_direct,,False,,,FAILURE,idtz-dtbt/dtbtff is unparsable due to the following being uninterpretable: idtz-dtbt/dtbtff The following was not parseable: tz-dtbt/dtbtff,,,,direct,,True,idtz-dtbt/dtbtff,False,,,,,,,,,,,,,,,,
432,p4,idtz-dtbt/dtbtff,idtz-dtbt/dtbtff,idtz-dtbt/dtbtff,False,False,False,opsin_repair,,False,drop_descriptors,,FAILURE,idtz-dtbt/dtbtff is unparsable due to the following being uninterpretable: idtz-dtbt/dtbtff The following was not parseable: tz-dtbt/dtbtff,,,,repair,drop_descriptors,True,idtz-dtbt/dtbtff,False,,,,,,,,,,,,,,,,
432,p4,idtz-dtbt/dtbtff,idtz-dtbt/dtbtff,idtz-dtbt/dtbtff,False,False,False,opsin_repair,,False,drop_substituted,,FAILURE,idtz-dtbt/dtbtff is unparsable due to the following being uninterpretable: idtz-dtbt/dtbtff The following was not parseable: tz-dtbt/dtbtff,,,,repair,drop_substituted,True,idtz-dtbt/dtbtff,False,,,,,,,,,,,,,,,,
432,p4,idtz-dtbt/dtbtff,idtz-dtbt/dtbtff,idtz-dtbt/dtbtff,False,False,False,opsin_repair,,False,tidy_punct,,FAILURE,idtz-dtbt/dtbtff is unparsable due to the following being uninterpretable: idtz-dtbt/dtbtff The following was not parseable: tz-dtbt/dtbtff,,,,repair,tidy_punct,True,idtz-dtbt/dtbtff,False,,,,,,,,,,,,,,,,
432,p4,idtz-dtbt/dtbtff,idtz-dtbt/dtbtff,idtz-dtbt/dtbtff,False,False,False,fallback,TEXT_FALLBACK,False,no parse,,,,,,,,,True,,False,,,,,,,,,,,,,,,,
432,p4,,,combinationofbranchedandlinear s-yl,False,False,False,template_expand,,True,[OPSIN-PREPROC] raw='combinationofbranchedandlinearsidechains' -> preprocessed='combinationofbranchedandlinear s-yl',,,,,,,,,,,,,,,combinationofbranchedandlinearsidechains,combinationofbranchedandlinear s-yl,False,False,True,False,False,unknown,low,True,"[{""name"": ""combinationofbranchedandlinearsidechains"", ""count"": 1}]",,
432,p4,,,combinationofbranchedandlinear s-yl,False,False,False,sidechain_non_opsin_compatible,NON_OPSIN_COMPATIBLE,False,ineligible,,,,,,,,,,,,,,,combinationofbranchedandlinearsidechains,combinationofbranchedandlinear s-yl,False,False,True,False,False,,,,,,
455,"dpp3t-c8,12",dithienyl-diketopyrrolopyrrole and thiophene,dithienyl-diketopyrrolopyrrole and thiophene,dithienyl-diketopyrrolopyrrole and thiophene,False,False,False,opsin_direct,OPSIN,True,,O=c1nc2c(-c3cccs3)c(-c3cccs3)nc-2c1=O.c1ccsc1,CACHE_HIT,,,True,1.0,direct,,True,dithienyl-diketopyrrolopyrrole and thiophene,False,,,,,,,,,,,,,,,,
455,"dpp3t-c8,12",,,branchedalkyl,False,False,False,template_expand,,True,[OPSIN-PREPROC] raw='branchedalkyl' -> preprocessed='branchedalkyl',,,,,,,,,,,,,,,branchedalkyl,branchedalkyl,False,False,False,False,False,unknown,low,True,"[{""name"": ""branchedalkyl"", ""count"": 1}]",,
455,"dpp3t-c8,12",,,branchedalkyl,False,False,False,sidechain_non_opsin_compatible,NON_OPSIN_COMPATIBLE,False,ineligible,,,,,,,,,,,,,,,branchedalkyl,branchedalkyl,False,False,False,False,False,,,,,,
455,dpp3t-l0-tfa,dithienyl-diketopyrrolopyrrole and thiophene,dithienyl-diketopyrrolopyrrole and thiophene,dithienyl-diketopyrrolopyrrole and thiophene,False,False,False,opsin_direct,OPSIN,True,,O=c1nc2c(-c3cccs3)c(-c3cccs3)nc-2c1=O.c1ccsc1,CACHE_HIT,,,True,1.0,direct,,True,dithienyl-diketopyrrolopyrrole and thiophene,False,,,,,,,,,,,,,,,,
455,dpp3t-l1-tfa,dithienyl-diketopyrrolopyrrole and thiophene,dithienyl-diketopyrrolopyrrole and thiophene,dithienyl-diketopyrrolopyrrole and thiophene,False,False,False,opsin_direct,OPSIN,True,,O=c1nc2c(-c3cccs3)c(-c3cccs3)nc-2c1=O.c1ccsc1,CACHE_HIT,,,True,1.0,direct,,True,dithienyl-diketopyrrolopyrrole and thiophene,False,,,,,,,,,,,,,,,,
455,dpp3t-l2-tfa,dithienyl-diketopyrrolopyrrole and thiophene,dithienyl-diketopyrrolopyrrole and thiophene,dithienyl-diketopyrrolopyrrole and thiophene,False,False,False,opsin_direct,OPSIN,True,,O=c1nc2c(-c3cccs3)c(-c3cccs3)nc-2c1=O.c1ccsc1,CACHE_HIT,,,True,1.0,direct,,True,dithienyl-diketopyrrolopyrrole and thiophene,False,,,,,,,,,,,,,,,,
455,pll,poly-l-lysine backbone,poly-l-lysine,poly-l-lysine backbone,False,False,False,opsin_direct,,False,,,FAILURE,poly-l-lysine backbone is unparsable due to the following being uninterpretable: poly-l-lysine backbone The following was not parseable: -l-lysine backbone,,,,direct,,True,poly-l-lysine backbone,False,,,,,,,,,,,,,,,,
455,pll,poly-l-lysine backbone,poly-l-lysine backbone,poly-l-lysine backbone,False,False,False,opsin_repair,,False,drop_descriptors,,FAILURE,poly-l-lysine backbone is unparsable due to the following being uninterpretable: poly-l-lysine backbone The following was not parseable: -l-lysine backbone,,,,repair,drop_descriptors,True,poly-l-lysine backbone,False,,,,,,,,,,,,,,,,
455,pll,poly-l-lysine backbone,poly-l-lysine backbone,poly-l-lysine backbone,False,False,False,opsin_repair,,False,drop_substituted,,FAILURE,poly-l-lysine backbone is unparsable due to the following being uninterpretable: poly-l-lysine backbone The following was not parseable: -l-lysine backbone,,,,repair,drop_substituted,True,poly-l-lysine backbone,False,,,,,,,,,,,,,,,,
455,pll,poly-l-lysine backbone,poly-l-lysine backbone,poly-l-lysine backbone,False,False,False,opsin_repair,,False,tidy_punct,,FAILURE,poly-l-lysine backbone is unparsable due to the following being uninterpretable: poly-l-lysine backbone The following was not parseable: -l-lysine backbone,,,,repair,tidy_punct,True,poly-l-lysine backbone,False,,,,,,,,,,,,,,,,
455,pll,poly-l-lysine backbone,poly-l-lysine,poly-l-lysine backbone,False,False,False,fallback,TEXT_FALLBACK,False,no parse,,,,,,,,,True,,False,,,,,,,,,,,,,,,,
495,ptvttt14,copolymer of tvt and tt,of tvt and tt,copolymer of tvt and tt,False,False,False,opsin_skip,NON_OPSIN_ELIGIBLE,False,ineligible,,,,,,,skip,eligibility,False,copolymer of tvt and tt,False,,,,,,,,,,,,,,,,
495,ptvtdtt18,copolymer of tvt and dtt,of tvt and dtt,copolymer of tvt and dtt,False,False,False,opsin_skip,NON_OPSIN_ELIGIBLE,False,ineligible,,,,,,,skip,eligibility,False,copolymer of tvt and dtt,False,,,,,,,,,,,,,,,,
495,ptvttt14,copolymer of tvt and tt,of tvt and tt,copolymer of tvt and tt,False,False,False,opsin_skip,NON_OPSIN_ELIGIBLE,False,ineligible,,,,,,,skip,eligibility,False,copolymer of tvt and tt,False,,,,,,,,,,,,,,,,
495,ptvttt14,copolymer of tvt and tt,of tvt and tt,copolymer of tvt and tt,False,False,False,opsin_skip,NON_OPSIN_ELIGIBLE,False,ineligible,,,,,,,skip,eligibility,False,copolymer of tvt and tt,False,,,,,,,,,,,,,,,,
495,ptvttt14,copolymer of tvt and tt,of tvt and tt,copolymer of tvt and tt,False,False,False,opsin_skip,NON_OPSIN_ELIGIBLE,False,ineligible,,,,,,,skip,eligibility,False,copolymer of tvt and tt,False,,,,,,,,,,,,,,,,
495,ptvtdtt18,copolymer of tvt and dtt,of tvt and dtt,copolymer of tvt and dtt,False,False,False,opsin_skip,NON_OPSIN_ELIGIBLE,False,ineligible,,,,,,,skip,eligibility,False,copolymer of tvt and dtt,False,,,,,,,,,,,,,,,,
495,ptvtdtt18,copolymer of tvt and dtt,of tvt and dtt,copolymer of tvt and dtt,False,False,False,opsin_skip,NON_OPSIN_ELIGIBLE,False,ineligible,,,,,,,skip,eligibility,False,copolymer of tvt and dtt,False,,,,,,,,,,,,,,,,
495,ptvtdtt18,copolymer of tvt and dtt,of tvt and dtt,copolymer of tvt and dtt,False,False,False,opsin_skip,NON_OPSIN_ELIGIBLE,False,ineligible,,,,,,,skip,eligibility,False,copolymer of tvt and dtt,False,,,,,,,,,,,,,,,,
464,"2,5-dibromo-3-hexylthiophene",,,hexyl,False,False,False,template_expand,,True,[OPSIN-PREPROC] raw='c6' -> preprocessed='hexyl',,,,,,,,,,,,,,,c6,hexyl,False,False,False,False,False,unknown,low,True,"[{""name"": ""c6"", ""count"": 1}]",,
464,"2,5-dibromo-3-hexylthiophene",,,hexyl,False,False,False,sidechain_length,ALKYL_LENGTH,True,,CCCCCC,,,,,,,,,,,,,,c6,hexyl,False,False,False,False,False,,,,,,
464,p3meemt,polythiophene,polythiophene,polythiophene,False,False,False,opsin_direct,,False,,,FAILURE,"polythiophene could be parsed but OPSIN was unsure of the meaning of the words. This error will occur, by default, if a name is just a substituent",,,,direct,,True,polythiophene,False,,,,,,,,,,,,,,,,
464,p3meemt,polythiophene,polythiophene,polythiophene,False,False,False,opsin_repair,,False,drop_descriptors,,FAILURE,"polythiophene could be parsed but OPSIN was unsure of the meaning of the words. This error will occur, by default, if a name is just a substituent",,,,repair,drop_descriptors,True,polythiophene,False,,,,,,,,,,,,,,,,
464,p3meemt,polythiophene,polythiophene,polythiophene,False,False,False,opsin_repair,,False,drop_substituted,,FAILURE,"polythiophene could be parsed but OPSIN was unsure of the meaning of the words. This error will occur, by default, if a name is just a substituent",,,,repair,drop_substituted,True,polythiophene,False,,,,,,,,,,,,,,,,
464,p3meemt,polythiophene,polythiophene,polythiophene,False,False,False,opsin_repair,,False,tidy_punct,,FAILURE,"polythiophene could be parsed but OPSIN was unsure of the meaning of the words. This error will occur, by default, if a name is just a substituent",,,,repair,tidy_punct,True,polythiophene,False,,,,,,,,,,,,,,,,
464,p3meemt,polythiophene,polythiophene,polythiophene,False,False,False,fallback,TEXT_FALLBACK,False,no parse,,,,,,,,,True,,False,,,,,,,,,,,,,,,,
464,p3meemt,polythiophene,polythiophene,polythiophene,False,False,False,opsin_direct,,False,,,FAILURE,"polythiophene could be parsed but OPSIN was unsure of the meaning of the words. This error will occur, by default, if a name is just a substituent",,,,direct,,True,polythiophene,False,,,,,,,,,,,,,,,,
464,p3meemt,polythiophene,polythiophene,polythiophene,False,False,False,opsin_repair,,False,drop_descriptors,,FAILURE,"polythiophene could be parsed but OPSIN was unsure of the meaning of the words. This error will occur, by default, if a name is just a substituent",,,,repair,drop_descriptors,True,polythiophene,False,,,,,,,,,,,,,,,,
464,p3meemt,polythiophene,polythiophene,polythiophene,False,False,False,opsin_repair,,False,drop_substituted,,FAILURE,"polythiophene could be parsed but OPSIN was unsure of the meaning of the words. This error will occur, by default, if a name is just a substituent",,,,repair,drop_substituted,True,polythiophene,False,,,,,,,,,,,,,,,,
464,p3meemt,polythiophene,polythiophene,polythiophene,False,False,False,opsin_repair,,False,tidy_punct,,FAILURE,"polythiophene could be parsed but OPSIN was unsure of the meaning of the words. This error will occur, by default, if a name is just a substituent",,,,repair,tidy_punct,True,polythiophene,False,,,,,,,,,,,,,,,,
464,p3meemt,polythiophene,polythiophene,polythiophene,False,False,False,fallback,TEXT_FALLBACK,False,no parse,,,,,,,,,True,,False,,,,,,,,,,,,,,,,
464,p3meemt,polythiophene,polythiophene,polythiophene,False,False,False,opsin_direct,,False,,,FAILURE,"polythiophene could be parsed but OPSIN was unsure of the meaning of the words. This error will occur, by default, if a name is just a substituent",,,,direct,,True,polythiophene,False,,,,,,,,,,,,,,,,
464,p3meemt,polythiophene,polythiophene,polythiophene,False,False,False,opsin_repair,,False,drop_descriptors,,FAILURE,"polythiophene could be parsed but OPSIN was unsure of the meaning of the words. This error will occur, by default, if a name is just a substituent",,,,repair,drop_descriptors,True,polythiophene,False,,,,,,,,,,,,,,,,
464,p3meemt,polythiophene,polythiophene,polythiophene,False,False,False,opsin_repair,,False,drop_substituted,,FAILURE,"polythiophene could be parsed but OPSIN was unsure of the meaning of the words. This error will occur, by default, if a name is just a substituent",,,,repair,drop_substituted,True,polythiophene,False,,,,,,,,,,,,,,,,
464,p3meemt,polythiophene,polythiophene,polythiophene,False,False,False,opsin_repair,,False,tidy_punct,,FAILURE,"polythiophene could be parsed but OPSIN was unsure of the meaning of the words. This error will occur, by default, if a name is just a substituent",,,,repair,tidy_punct,True,polythiophene,False,,,,,,,,,,,,,,,,
464,p3meemt,polythiophene,polythiophene,polythiophene,False,False,False,fallback,TEXT_FALLBACK,False,no parse,,,,,,,,,True,,False,,,,,,,,,,,,,,,,
464,p3meemt,polythiophene,polythiophene,polythiophene,False,False,False,opsin_direct,,False,,,FAILURE,"polythiophene could be parsed but OPSIN was unsure of the meaning of the words. This error will occur, by default, if a name is just a substituent",,,,direct,,True,polythiophene,False,,,,,,,,,,,,,,,,
464,p3meemt,polythiophene,polythiophene,polythiophene,False,False,False,opsin_repair,,False,drop_descriptors,,FAILURE,"polythiophene could be parsed but OPSIN was unsure of the meaning of the words. This error will occur, by default, if a name is just a substituent",,,,repair,drop_descriptors,True,polythiophene,False,,,,,,,,,,,,,,,,
464,p3meemt,polythiophene,polythiophene,polythiophene,False,False,False,opsin_repair,,False,drop_substituted,,FAILURE,"polythiophene could be parsed but OPSIN was unsure of the meaning of the words. This error will occur, by default, if a name is just a substituent",,,,repair,drop_substituted,True,polythiophene,False,,,,,,,,,,,,,,,,
464,p3meemt,polythiophene,polythiophene,polythiophene,False,False,False,opsin_repair,,False,tidy_punct,,FAILURE,"polythiophene could be parsed but OPSIN was unsure of the meaning of the words. This error will occur, by default, if a name is just a substituent",,,,repair,tidy_punct,True,polythiophene,False,,,,,,,,,,,,,,,,
464,p3meemt,polythiophene,polythiophene,polythiophene,False,False,False,fallback,TEXT_FALLBACK,False,no parse,,,,,,,,,True,,False,,,,,,,,,,,,,,,,
464,p3meemt,polythiophene,polythiophene,polythiophene,False,False,False,opsin_direct,,False,,,FAILURE,"polythiophene could be parsed but OPSIN was unsure of the meaning of the words. This error will occur, by default, if a name is just a substituent",,,,direct,,True,polythiophene,False,,,,,,,,,,,,,,,,
464,p3meemt,polythiophene,polythiophene,polythiophene,False,False,False,opsin_repair,,False,drop_descriptors,,FAILURE,"polythiophene could be parsed but OPSIN was unsure of the meaning of the words. This error will occur, by default, if a name is just a substituent",,,,repair,drop_descriptors,True,polythiophene,False,,,,,,,,,,,,,,,,
464,p3meemt,polythiophene,polythiophene,polythiophene,False,False,False,opsin_repair,,False,drop_substituted,,FAILURE,"polythiophene could be parsed but OPSIN was unsure of the meaning of the words. This error will occur, by default, if a name is just a substituent",,,,repair,drop_substituted,True,polythiophene,False,,,,,,,,,,,,,,,,
464,p3meemt,polythiophene,polythiophene,polythiophene,False,False,False,opsin_repair,,False,tidy_punct,,FAILURE,"polythiophene could be parsed but OPSIN was unsure of the meaning of the words. This error will occur, by default, if a name is just a substituent",,,,repair,tidy_punct,True,polythiophene,False,,,,,,,,,,,,,,,,
464,p3meemt,polythiophene,polythiophene,polythiophene,False,False,False,fallback,TEXT_FALLBACK,False,no parse,,,,,,,,,True,,False,,,,,,,,,,,,,,,,
502,bdf-t-4o,benzodifuranone-thiophene copolymer,benzodifuranone-thiophene,benzodifuranone-thiophene copolymer,False,False,False,opsin_skip,NON_OPSIN_ELIGIBLE,False,ineligible,,,,,,,skip,eligibility,False,benzodifuranone-thiophene copolymer,False,,,,,,,,,,,,,,,,
502,bdf-t-8o,benzodifuranone-thiophene copolymer,benzodifuranone-thiophene,benzodifuranone-thiophene copolymer,False,False,False,opsin_skip,NON_OPSIN_ELIGIBLE,False,ineligible,,,,,,,skip,eligibility,False,benzodifuranone-thiophene copolymer,False,,,,,,,,,,,,,,,,
502,bdf-t-12o,benzodifuranone-thiophene copolymer,benzodifuranone-thiophene,benzodifuranone-thiophene copolymer,False,False,False,opsin_skip,NON_OPSIN_ELIGIBLE,False,ineligible,,,,,,,skip,eligibility,False,benzodifuranone-thiophene copolymer,False,,,,,,,,,,,,,,,,
502,bdf-f-8o,benzodifuranone-furan copolymer,benzodifuranone-furan,benzodifuranone-furan copolymer,False,False,False,opsin_skip,NON_OPSIN_ELIGIBLE,False,ineligible,,,,,,,skip,eligibility,False,benzodifuranone-furan copolymer,False,,,,,,,,,,,,,,,,
406,ppp24-l,perylene diimide (pdi) and phenothiazine (ptz) copolymer,perylene diimide pdi and phenothiazine ptz,perylene diimide (pdi) and phenothiazine (ptz) copolymer,False,False,False,opsin_direct,,False,,,FAILURE,perylene diimide (pdi) and phenothiazine (ptz) copolymer is unparsable due to the following being uninterpretable: (pdi) and phenothiazine (ptz) copolymer The following was not parseable: pdi) and phenothiazine (ptz) copolymer,,,,direct,,True,perylene diimide (pdi) and phenothiazine (ptz) copolymer,False,,,,,,,,,,,,,,,,
406,ppp24-l,perylene diimide (pdi) and phenothiazine (ptz) copolymer,perylene diimide (pdi) and phenothiazine (ptz),perylene diimide (pdi) and phenothiazine (ptz),False,False,False,opsin_repair,,False,drop_descriptors,,FAILURE,perylene diimide (pdi) and phenothiazine (ptz) is unparsable due to the following being uninterpretable: (pdi) and phenothiazine (ptz) The following was not parseable: pdi) and phenothiazine (ptz),,,,repair,drop_descriptors,True,perylene diimide (pdi) and phenothiazine (ptz),False,,,,,,,,,,,,,,,,
406,ppp24-l,perylene diimide (pdi) and phenothiazine (ptz) copolymer,perylene diimide (pdi) and phenothiazine (ptz),perylene diimide (pdi) and phenothiazine (ptz),False,False,False,opsin_repair,,False,drop_substituted,,FAILURE,perylene diimide (pdi) and phenothiazine (ptz) is unparsable due to the following being uninterpretable: (pdi) and phenothiazine (ptz) The following was not parseable: pdi) and phenothiazine (ptz),,,,repair,drop_substituted,True,perylene diimide (pdi) and phenothiazine (ptz),False,,,,,,,,,,,,,,,,
406,ppp24-l,perylene diimide (pdi) and phenothiazine (ptz) copolymer,perylene diimide (pdi) and phenothiazine (ptz),perylene diimide (pdi) and phenothiazine (ptz),False,False,False,opsin_repair,,False,tidy_punct,,FAILURE,perylene diimide (pdi) and phenothiazine (ptz) is unparsable due to the following being uninterpretable: (pdi) and phenothiazine (ptz) The following was not parseable: pdi) and phenothiazine (ptz),,,,repair,tidy_punct,True,perylene diimide (pdi) and phenothiazine (ptz),False,,,,,,,,,,,,,,,,
406,ppp24-l,perylene diimide (pdi) and phenothiazine (ptz) copolymer,perylene diimide pdi and phenothiazine ptz,perylene diimide (pdi) and phenothiazine (ptz) copolymer,False,False,False,fallback,TEXT_FALLBACK,False,no parse,,,,,,,,,True,,False,,,,,,,,,,,,,,,,
406,ppp24-h,perylene diimide (pdi) and phenothiazine (ptz) copolymer,perylene diimide pdi and phenothiazine ptz,perylene diimide (pdi) and phenothiazine (ptz) copolymer,False,False,False,opsin_direct,,False,,,FAILURE,perylene diimide (pdi) and phenothiazine (ptz) copolymer is unparsable due to the following being uninterpretable: (pdi) and phenothiazine (ptz) copolymer The following was not parseable: pdi) and phenothiazine (ptz) copolymer,,,,direct,,True,perylene diimide (pdi) and phenothiazine (ptz) copolymer,False,,,,,,,,,,,,,,,,
406,ppp24-h,perylene diimide (pdi) and phenothiazine (ptz) copolymer,perylene diimide (pdi) and phenothiazine (ptz),perylene diimide (pdi) and phenothiazine (ptz),False,False,False,opsin_repair,,False,drop_descriptors,,FAILURE,perylene diimide (pdi) and phenothiazine (ptz) is unparsable due to the following being uninterpretable: (pdi) and phenothiazine (ptz) The following was not parseable: pdi) and phenothiazine (ptz),,,,repair,drop_descriptors,True,perylene diimide (pdi) and phenothiazine (ptz),False,,,,,,,,,,,,,,,,
406,ppp24-h,perylene diimide (pdi) and phenothiazine (ptz) copolymer,perylene diimide (pdi) and phenothiazine (ptz),perylene diimide (pdi) and phenothiazine (ptz),False,False,False,opsin_repair,,False,drop_substituted,,FAILURE,perylene diimide (pdi) and phenothiazine (ptz) is unparsable due to the following being uninterpretable: (pdi) and phenothiazine (ptz) The following was not parseable: pdi) and phenothiazine (ptz),,,,repair,drop_substituted,True,perylene diimide (pdi) and phenothiazine (ptz),False,,,,,,,,,,,,,,,,
406,ppp24-h,perylene diimide (pdi) and phenothiazine (ptz) copolymer,perylene diimide (pdi) and phenothiazine (ptz),perylene diimide (pdi) and phenothiazine (ptz),False,False,False,opsin_repair,,False,tidy_punct,,FAILURE,perylene diimide (pdi) and phenothiazine (ptz) is unparsable due to the following being uninterpretable: (pdi) and phenothiazine (ptz) The following was not parseable: pdi) and phenothiazine (ptz),,,,repair,tidy_punct,True,perylene diimide (pdi) and phenothiazine (ptz),False,,,,,,,,,,,,,,,,
406,ppp24-h,perylene diimide (pdi) and phenothiazine (ptz) copolymer,perylene diimide pdi and phenothiazine ptz,perylene diimide (pdi) and phenothiazine (ptz) copolymer,False,False,False,fallback,TEXT_FALLBACK,False,no parse,,,,,,,,,True,,False,,,,,,,,,,,,,,,,
406,ppp16-l,perylene diimide (pdi) and phenothiazine (ptz) copolymer,perylene diimide pdi and phenothiazine ptz,perylene diimide (pdi) and phenothiazine (ptz) copolymer,False,False,False,opsin_direct,,False,,,FAILURE,perylene diimide (pdi) and phenothiazine (ptz) copolymer is unparsable due to the following being uninterpretable: (pdi) and phenothiazine (ptz) copolymer The following was not parseable: pdi) and phenothiazine (ptz) copolymer,,,,direct,,True,perylene diimide (pdi) and phenothiazine (ptz) copolymer,False,,,,,,,,,,,,,,,,
406,ppp16-l,perylene diimide (pdi) and phenothiazine (ptz) copolymer,perylene diimide (pdi) and phenothiazine (ptz),perylene diimide (pdi) and phenothiazine (ptz),False,False,False,opsin_repair,,False,drop_descriptors,,FAILURE,perylene diimide (pdi) and phenothiazine (ptz) is unparsable due to the following being uninterpretable: (pdi) and phenothiazine (ptz) The following was not parseable: pdi) and phenothiazine (ptz),,,,repair,drop_descriptors,True,perylene diimide (pdi) and phenothiazine (ptz),False,,,,,,,,,,,,,,,,
406,ppp16-l,perylene diimide (pdi) and phenothiazine (ptz) copolymer,perylene diimide (pdi) and phenothiazine (ptz),perylene diimide (pdi) and phenothiazine (ptz),False,False,False,opsin_repair,,False,drop_substituted,,FAILURE,perylene diimide (pdi) and phenothiazine (ptz) is unparsable due to the following being uninterpretable: (pdi) and phenothiazine (ptz) The following was not parseable: pdi) and phenothiazine (ptz),,,,repair,drop_substituted,True,perylene diimide (pdi) and phenothiazine (ptz),False,,,,,,,,,,,,,,,,
406,ppp16-l,perylene diimide (pdi) and phenothiazine (ptz) copolymer,perylene diimide (pdi) and phenothiazine (ptz),perylene diimide (pdi) and phenothiazine (ptz),False,False,False,opsin_repair,,False,tidy_punct,,FAILURE,perylene diimide (pdi) and phenothiazine (ptz) is unparsable due to the following being uninterpretable: (pdi) and phenothiazine (ptz) The following was not parseable: pdi) and phenothiazine (ptz),,,,repair,tidy_punct,True,perylene diimide (pdi) and phenothiazine (ptz),False,,,,,,,,,,,,,,,,
406,ppp16-l,perylene diimide (pdi) and phenothiazine (ptz) copolymer,perylene diimide pdi and phenothiazine ptz,perylene diimide (pdi) and phenothiazine (ptz) copolymer,False,False,False,fallback,TEXT_FALLBACK,False,no parse,,,,,,,,,True,,False,,,,,,,,,,,,,,,,
406,ppp16-h,perylene diimide (pdi) and phenothiazine (ptz) copolymer,perylene diimide pdi and phenothiazine ptz,perylene diimide (pdi) and phenothiazine (ptz) copolymer,False,False,False,opsin_direct,,False,,,FAILURE,perylene diimide (pdi) and phenothiazine (ptz) copolymer is unparsable due to the following being uninterpretable: (pdi) and phenothiazine (ptz) copolymer The following was not parseable: pdi) and phenothiazine (ptz) copolymer,,,,direct,,True,perylene diimide (pdi) and phenothiazine (ptz) copolymer,False,,,,,,,,,,,,,,,,
406,ppp16-h,perylene diimide (pdi) and phenothiazine (ptz) copolymer,perylene diimide (pdi) and phenothiazine (ptz),perylene diimide (pdi) and phenothiazine (ptz),False,False,False,opsin_repair,,False,drop_descriptors,,FAILURE,perylene diimide (pdi) and phenothiazine (ptz) is unparsable due to the following being uninterpretable: (pdi) and phenothiazine (ptz) The following was not parseable: pdi) and phenothiazine (ptz),,,,repair,drop_descriptors,True,perylene diimide (pdi) and phenothiazine (ptz),False,,,,,,,,,,,,,,,,
406,ppp16-h,perylene diimide (pdi) and phenothiazine (ptz) copolymer,perylene diimide (pdi) and phenothiazine (ptz),perylene diimide (pdi) and phenothiazine (ptz),False,False,False,opsin_repair,,False,drop_substituted,,FAILURE,perylene diimide (pdi) and phenothiazine (ptz) is unparsable due to the following being uninterpretable: (pdi) and phenothiazine (ptz) The following was not parseable: pdi) and phenothiazine (ptz),,,,repair,drop_substituted,True,perylene diimide (pdi) and phenothiazine (ptz),False,,,,,,,,,,,,,,,,
406,ppp16-h,perylene diimide (pdi) and phenothiazine (ptz) copolymer,perylene diimide (pdi) and phenothiazine (ptz),perylene diimide (pdi) and phenothiazine (ptz),False,False,False,opsin_repair,,False,tidy_punct,,FAILURE,perylene diimide (pdi) and phenothiazine (ptz) is unparsable due to the following being uninterpretable: (pdi) and phenothiazine (ptz) The following was not parseable: pdi) and phenothiazine (ptz),,,,repair,tidy_punct,True,perylene diimide (pdi) and phenothiazine (ptz),False,,,,,,,,,,,,,,,,
406,ppp16-h,perylene diimide (pdi) and phenothiazine (ptz) copolymer,perylene diimide pdi and phenothiazine ptz,perylene diimide (pdi) and phenothiazine (ptz) copolymer,False,False,False,fallback,TEXT_FALLBACK,False,no parse,,,,,,,,,True,,False,,,,,,,,,,,,,,,,
406,pnp24-l,naphthalene diimide (ndi) and phenothiazine (ptz) copolymer,naphthalene diimide ndi and phenothiazine ptz,naphthalene diimide (ndi) and phenothiazine (ptz) copolymer,False,False,False,opsin_direct,,False,,,FAILURE,naphthalene diimide (ndi) and phenothiazine (ptz) copolymer is unparsable due to the following being uninterpretable: (ndi) and phenothiazine (ptz) copolymer The following was not parseable: ndi) and phenothiazine (ptz) copolymer,,,,direct,,True,naphthalene diimide (ndi) and phenothiazine (ptz) copolymer,False,,,,,,,,,,,,,,,,
406,pnp24-l,naphthalene diimide (ndi) and phenothiazine (ptz) copolymer,naphthalene diimide (ndi) and phenothiazine (ptz),naphthalene diimide (ndi) and phenothiazine (ptz),False,False,False,opsin_repair,,False,drop_descriptors,,FAILURE,naphthalene diimide (ndi) and phenothiazine (ptz) is unparsable due to the following being uninterpretable: (ndi) and phenothiazine (ptz) The following was not parseable: ndi) and phenothiazine (ptz),,,,repair,drop_descriptors,True,naphthalene diimide (ndi) and phenothiazine (ptz),False,,,,,,,,,,,,,,,,
406,pnp24-l,naphthalene diimide (ndi) and phenothiazine (ptz) copolymer,naphthalene diimide (ndi) and phenothiazine (ptz),naphthalene diimide (ndi) and phenothiazine (ptz),False,False,False,opsin_repair,,False,drop_substituted,,FAILURE,naphthalene diimide (ndi) and phenothiazine (ptz) is unparsable due to the following being uninterpretable: (ndi) and phenothiazine (ptz) The following was not parseable: ndi) and phenothiazine (ptz),,,,repair,drop_substituted,True,naphthalene diimide (ndi) and phenothiazine (ptz),False,,,,,,,,,,,,,,,,
406,pnp24-l,naphthalene diimide (ndi) and phenothiazine (ptz) copolymer,naphthalene diimide (ndi) and phenothiazine (ptz),naphthalene diimide (ndi) and phenothiazine (ptz),False,False,False,opsin_repair,,False,tidy_punct,,FAILURE,naphthalene diimide (ndi) and phenothiazine (ptz) is unparsable due to the following being uninterpretable: (ndi) and phenothiazine (ptz) The following was not parseable: ndi) and phenothiazine (ptz),,,,repair,tidy_punct,True,naphthalene diimide (ndi) and phenothiazine (ptz),False,,,,,,,,,,,,,,,,
406,pnp24-l,naphthalene diimide (ndi) and phenothiazine (ptz) copolymer,naphthalene diimide ndi and phenothiazine ptz,naphthalene diimide (ndi) and phenothiazine (ptz) copolymer,False,False,False,fallback,TEXT_FALLBACK,False,no parse,,,,,,,,,True,,False,,,,,,,,,,,,,,,,
406,pnp24-h,naphthalene diimide (ndi) and phenothiazine (ptz) copolymer,naphthalene diimide ndi and phenothiazine ptz,naphthalene diimide (ndi) and phenothiazine (ptz) copolymer,False,False,False,opsin_direct,,False,,,FAILURE,naphthalene diimide (ndi) and phenothiazine (ptz) copolymer is unparsable due to the following being uninterpretable: (ndi) and phenothiazine (ptz) copolymer The following was not parseable: ndi) and phenothiazine (ptz) copolymer,,,,direct,,True,naphthalene diimide (ndi) and phenothiazine (ptz) copolymer,False,,,,,,,,,,,,,,,,
406,pnp24-h,naphthalene diimide (ndi) and phenothiazine (ptz) copolymer,naphthalene diimide (ndi) and phenothiazine (ptz),naphthalene diimide (ndi) and phenothiazine (ptz),False,False,False,opsin_repair,,False,drop_descriptors,,FAILURE,naphthalene diimide (ndi) and phenothiazine (ptz) is unparsable due to the following being uninterpretable: (ndi) and phenothiazine (ptz) The following was not parseable: ndi) and phenothiazine (ptz),,,,repair,drop_descriptors,True,naphthalene diimide (ndi) and phenothiazine (ptz),False,,,,,,,,,,,,,,,,
406,pnp24-h,naphthalene diimide (ndi) and phenothiazine (ptz) copolymer,naphthalene diimide (ndi) and phenothiazine (ptz),naphthalene diimide (ndi) and phenothiazine (ptz),False,False,False,opsin_repair,,False,drop_substituted,,FAILURE,naphthalene diimide (ndi) and phenothiazine (ptz) is unparsable due to the following being uninterpretable: (ndi) and phenothiazine (ptz) The following was not parseable: ndi) and phenothiazine (ptz),,,,repair,drop_substituted,True,naphthalene diimide (ndi) and phenothiazine (ptz),False,,,,,,,,,,,,,,,,
406,pnp24-h,naphthalene diimide (ndi) and phenothiazine (ptz) copolymer,naphthalene diimide (ndi) and phenothiazine (ptz),naphthalene diimide (ndi) and phenothiazine (ptz),False,False,False,opsin_repair,,False,tidy_punct,,FAILURE,naphthalene diimide (ndi) and phenothiazine (ptz) is unparsable due to the following being uninterpretable: (ndi) and phenothiazine (ptz) The following was not parseable: ndi) and phenothiazine (ptz),,,,repair,tidy_punct,True,naphthalene diimide (ndi) and phenothiazine (ptz),False,,,,,,,,,,,,,,,,
406,pnp24-h,naphthalene diimide (ndi) and phenothiazine (ptz) copolymer,naphthalene diimide ndi and phenothiazine ptz,naphthalene diimide (ndi) and phenothiazine (ptz) copolymer,False,False,False,fallback,TEXT_FALLBACK,False,no parse,,,,,,,,,True,,False,,,,,,,,,,,,,,,,
473,p1,naphthalene diimide-based donor−acceptor copolymer,naphthalene diimide-based -,naphthalene diimide-based donor-acceptor copolymer,False,False,False,opsin_direct,,False,,,FAILURE,naphthalene diimide-based donor-acceptor copolymer is unparsable due to the following being uninterpretable: based donor-acceptor copolymer The following was not parseable: based donor-acceptor copolymer,,,,direct,,True,naphthalene diimide-based donor-acceptor copolymer,True,fused_ring_prime_0_to_quote,naphthalene diimide-based donor−acceptor copolymer,naphthalene diimide-based donor-acceptor copolymer,,,,,,,,,,,,,
473,p1,naphthalene diimide-based donor−acceptor copolymer,naphthalene diimide- -,naphthalene diimide- -,False,False,False,opsin_repair,,False,drop_descriptors,,FAILURE,naphthalene diimide- - is unparsable due to the following being uninterpretable:  - The following was not parseable:  -,,,,repair,drop_descriptors,True,naphthalene diimide- -,False,,,,,,,,,,,,,,,,
473,p1,naphthalene diimide-based donor−acceptor copolymer,naphthalene diimide- -,naphthalene diimide- -,False,False,False,opsin_repair,,False,drop_substituted,,FAILURE,naphthalene diimide- - is unparsable due to the following being uninterpretable:  - The following was not parseable:  -,,,,repair,drop_substituted,True,naphthalene diimide- -,False,,,,,,,,,,,,,,,,
473,p1,naphthalene diimide-based donor−acceptor copolymer,naphthalene diimide- -,naphthalene diimide- -,False,False,False,opsin_repair,,False,tidy_punct,,FAILURE,naphthalene diimide- - is unparsable due to the following being uninterpretable:  - The following was not parseable:  -,,,,repair,tidy_punct,True,naphthalene diimide- -,False,,,,,,,,,,,,,,,,
473,p1,naphthalene diimide-based donor−acceptor copolymer,naphthalene diimide-based -,naphthalene diimide-based donor-acceptor copolymer,False,False,False,fallback,TEXT_FALLBACK,False,no parse,,,,,,,,,True,,False,,,,,,,,,,,,,,,,
473,p2,phthalimide-based copolymer (btor/phthalimide),phthalimide-based btor/phthalimide,phthalimide-based copolymer (btor/phthalimide),False,False,False,opsin_direct,,False,,,FAILURE,phthalimide-based copolymer (btor/phthalimide) is unparsable due to the following being uninterpretable: based copolymer (btor/phthalimide) The following was not parseable: based copolymer (btor/phthalimide),,,,direct,,True,phthalimide-based copolymer (btor/phthalimide),False,,,,,,,,,,,,,,,,
473,p2,phthalimide-based copolymer (btor/phthalimide),phthalimide-  (btor/phthalimide),phthalimide-  (btor/phthalimide),False,False,False,opsin_repair,,False,drop_descriptors,,FAILURE,phthalimide-  (btor/phthalimide) is unparsable due to the following being uninterpretable:   (btor/phthalimide) The following was not parseable:   (btor/phthalimide),,,,repair,drop_descriptors,True,phthalimide-  (btor/phthalimide),False,,,,,,,,,,,,,,,,
473,p2,phthalimide-based copolymer (btor/phthalimide),phthalimide-  (btor/phthalimide),phthalimide-  (btor/phthalimide),False,False,False,opsin_repair,,False,drop_substituted,,FAILURE,phthalimide-  (btor/phthalimide) is unparsable due to the following being uninterpretable:   (btor/phthalimide) The following was not parseable:   (btor/phthalimide),,,,repair,drop_substituted,True,phthalimide-  (btor/phthalimide),False,,,,,,,,,,,,,,,,
473,p2,phthalimide-based copolymer (btor/phthalimide),phthalimide- (btor/phthalimide),phthalimide- (btor/phthalimide),False,False,False,opsin_repair,,False,tidy_punct,,FAILURE,phthalimide- (btor/phthalimide) is unparsable due to the following being uninterpretable:  (btor/phthalimide) The following was not parseable:  (btor/phthalimide),,,,repair,tidy_punct,True,phthalimide- (btor/phthalimide),False,,,,,,,,,,,,,,,,
473,p2,phthalimide-based copolymer (btor/phthalimide),phthalimide-based btor/phthalimide,phthalimide-based copolymer (btor/phthalimide),False,False,False,fallback,TEXT_FALLBACK,False,no parse,,,,,,,,,True,,False,,,,,,,,,,,,,,,,
473,p3,phthalimide-based copolymer (btor/phthalimide),phthalimide-based btor/phthalimide,phthalimide-based copolymer (btor/phthalimide),False,False,False,opsin_direct,,False,,,FAILURE,phthalimide-based copolymer (btor/phthalimide) is unparsable due to the following being uninterpretable: based copolymer (btor/phthalimide) The following was not parseable: based copolymer (btor/phthalimide),,,,direct,,True,phthalimide-based copolymer (btor/phthalimide),False,,,,,,,,,,,,,,,,
473,p3,phthalimide-based copolymer (btor/phthalimide),phthalimide-  (btor/phthalimide),phthalimide-  (btor/phthalimide),False,False,False,opsin_repair,,False,drop_descriptors,,FAILURE,phthalimide-  (btor/phthalimide) is unparsable due to the following being uninterpretable:   (btor/phthalimide) The following was not parseable:   (btor/phthalimide),,,,repair,drop_descriptors,True,phthalimide-  (btor/phthalimide),False,,,,,,,,,,,,,,,,
473,p3,phthalimide-based copolymer (btor/phthalimide),phthalimide-  (btor/phthalimide),phthalimide-  (btor/phthalimide),False,False,False,opsin_repair,,False,drop_substituted,,FAILURE,phthalimide-  (btor/phthalimide) is unparsable due to the following being uninterpretable:   (btor/phthalimide) The following was not parseable:   (btor/phthalimide),,,,repair,drop_substituted,True,phthalimide-  (btor/phthalimide),False,,,,,,,,,,,,,,,,
473,p3,phthalimide-based copolymer (btor/phthalimide),phthalimide- (btor/phthalimide),phthalimide- (btor/phthalimide),False,False,False,opsin_repair,,False,tidy_punct,,FAILURE,phthalimide- (btor/phthalimide) is unparsable due to the following being uninterpretable:  (btor/phthalimide) The following was not parseable:  (btor/phthalimide),,,,repair,tidy_punct,True,phthalimide- (btor/phthalimide),False,,,,,,,,,,,,,,,,
473,p3,phthalimide-based copolymer (btor/phthalimide),phthalimide-based btor/phthalimide,phthalimide-based copolymer (btor/phthalimide),False,False,False,fallback,TEXT_FALLBACK,False,no parse,,,,,,,,,True,,False,,,,,,,,,,,,,,,,
473,p6,btor-bodipy copolymer,btor-bodipy,btor-bodipy copolymer,False,False,False,opsin_skip,NON_OPSIN_ELIGIBLE,False,ineligible,,,,,,,skip,eligibility,False,btor-bodipy copolymer,False,,,,,,,,,,,,,,,,
473,p19,btzor homopolymer,btzor homopolymer,btzor homopolymer,False,False,False,opsin_skip,NON_OPSIN_ELIGIBLE,False,ineligible,,,,,,,skip,eligibility,False,btzor homopolymer,False,,,,,,,,,,,,,,,,
473,p20,btzor-phthalimide copolymer,btzor-phthalimide,btzor-phthalimide copolymer,False,False,False,opsin_skip,NON_OPSIN_ELIGIBLE,False,ineligible,,,,,,,skip,eligibility,False,btzor-phthalimide copolymer,False,,,,,,,,,,,,,,,,
473,p21,btzor-phthalimide copolymer,btzor-phthalimide,btzor-phthalimide copolymer,False,False,False,opsin_skip,NON_OPSIN_ELIGIBLE,False,ineligible,,,,,,,skip,eligibility,False,btzor-phthalimide copolymer,False,,,,,,,,,,,,,,,,
473,p22,btzor-coupled with btzi (ambipolar),btzor-coupled with btzi ambipolar,btzor-coupled with btzi (ambipolar),False,False,False,opsin_direct,,False,,,FAILURE,btzor-coupled with btzi (ambipolar) is unparsable due to the following being uninterpretable: btzor-coupled with btzi (ambipolar) The following was not parseable: btzor-coupled with btzi (ambipolar),,,,direct,,True,btzor-coupled with btzi (ambipolar),False,,,,,,,,,,,,,,,,
473,p22,btzor-coupled with btzi (ambipolar),btzor-coupled with btzi (ambipolar),btzor-coupled with btzi (ambipolar),False,False,False,opsin_repair,,False,drop_descriptors,,FAILURE,btzor-coupled with btzi (ambipolar) is unparsable due to the following being uninterpretable: btzor-coupled with btzi (ambipolar) The following was not parseable: btzor-coupled with btzi (ambipolar),,,,repair,drop_descriptors,True,btzor-coupled with btzi (ambipolar),False,,,,,,,,,,,,,,,,
473,p22,btzor-coupled with btzi (ambipolar),btzor-coupled with btzi (ambipolar),btzor-coupled with btzi (ambipolar),False,False,False,opsin_repair,,False,drop_substituted,,FAILURE,btzor-coupled with btzi (ambipolar) is unparsable due to the following being uninterpretable: btzor-coupled with btzi (ambipolar) The following was not parseable: btzor-coupled with btzi (ambipolar),,,,repair,drop_substituted,True,btzor-coupled with btzi (ambipolar),False,,,,,,,,,,,,,,,,
473,p22,btzor-coupled with btzi (ambipolar),btzor-coupled with btzi (ambipolar),btzor-coupled with btzi (ambipolar),False,False,False,opsin_repair,,False,tidy_punct,,FAILURE,btzor-coupled with btzi (ambipolar) is unparsable due to the following being uninterpretable: btzor-coupled with btzi (ambipolar) The following was not parseable: btzor-coupled with btzi (ambipolar),,,,repair,tidy_punct,True,btzor-coupled with btzi (ambipolar),False,,,,,,,,,,,,,,,,
473,p22,btzor-coupled with btzi (ambipolar),btzor-coupled with btzi ambipolar,btzor-coupled with btzi (ambipolar),False,False,False,fallback,TEXT_FALLBACK,False,no parse,,,,,,,,,True,,False,,,,,,,,,,,,,,,,
473,p23,btzor-coupled with pyridine-flanked dpp,btzor-coupled with pyridine-flanked dpp,btzor-coupled with pyridine-flanked dpp,False,False,False,opsin_direct,,False,,,FAILURE,btzor-coupled with pyridine-flanked dpp is unparsable due to the following being uninterpretable: btzor-coupled with pyridine-flanked dpp The following was not parseable: btzor-coupled with pyridine-flanked dpp,,,,direct,,True,btzor-coupled with pyridine-flanked dpp,False,,,,,,,,,,,,,,,,
473,p23,btzor-coupled with pyridine-flanked dpp,btzor-coupled with pyridine-flanked dpp,btzor-coupled with pyridine-flanked dpp,False,False,False,opsin_repair,,False,drop_descriptors,,FAILURE,btzor-coupled with pyridine-flanked dpp is unparsable due to the following being uninterpretable: btzor-coupled with pyridine-flanked dpp The following was not parseable: btzor-coupled with pyridine-flanked dpp,,,,repair,drop_descriptors,True,btzor-coupled with pyridine-flanked dpp,False,,,,,,,,,,,,,,,,
473,p23,btzor-coupled with pyridine-flanked dpp,btzor-coupled with pyridine-flanked dpp,btzor-coupled with pyridine-flanked dpp,False,False,False,opsin_repair,,False,drop_substituted,,FAILURE,btzor-coupled with pyridine-flanked dpp is unparsable due to the following being uninterpretable: btzor-coupled with pyridine-flanked dpp The following was not parseable: btzor-coupled with pyridine-flanked dpp,,,,repair,drop_substituted,True,btzor-coupled with pyridine-flanked dpp,False,,,,,,,,,,,,,,,,
473,p23,btzor-coupled with pyridine-flanked dpp,btzor-coupled with pyridine-flanked dpp,btzor-coupled with pyridine-flanked dpp,False,False,False,opsin_repair,,False,tidy_punct,,FAILURE,btzor-coupled with pyridine-flanked dpp is unparsable due to the following being uninterpretable: btzor-coupled with pyridine-flanked dpp The following was not parseable: btzor-coupled with pyridine-flanked dpp,,,,repair,tidy_punct,True,btzor-coupled with pyridine-flanked dpp,False,,,,,,,,,,,,,,,,
473,p23,btzor-coupled with pyridine-flanked dpp,btzor-coupled with pyridine-flanked dpp,btzor-coupled with pyridine-flanked dpp,False,False,False,fallback,TEXT_FALLBACK,False,no parse,,,,,,,,,True,,False,,,,,,,,,,,,,,,,
473,p24,btzor-foi (imide-fluorenone) copolymer,btzor-foi imide-fluorenone,btzor-foi (imide-fluorenone) copolymer,False,False,False,opsin_direct,,False,,,FAILURE,btzor-foi (imide-fluorenone) copolymer is unparsable due to the following being uninterpretable: btzor-foi (imide-fluorenone) copolymer The following was not parseable: btzor-foi (imide-fluorenone) copolymer,,,,direct,,True,btzor-foi (imide-fluorenone) copolymer,False,,,,,,,,,,,,,,,,
473,p24,btzor-foi (imide-fluorenone) copolymer,btzor-foi (imide-fluorenone),btzor-foi (imide-fluorenone),False,False,False,opsin_repair,,False,drop_descriptors,,FAILURE,btzor-foi (imide-fluorenone) is unparsable due to the following being uninterpretable: btzor-foi (imide-fluorenone) The following was not parseable: btzor-foi (imide-fluorenone),,,,repair,drop_descriptors,True,btzor-foi (imide-fluorenone),False,,,,,,,,,,,,,,,,
473,p24,btzor-foi (imide-fluorenone) copolymer,btzor-foi (imide-fluorenone),btzor-foi (imide-fluorenone),False,False,False,opsin_repair,,False,drop_substituted,,FAILURE,btzor-foi (imide-fluorenone) is unparsable due to the following being uninterpretable: btzor-foi (imide-fluorenone) The following was not parseable: btzor-foi (imide-fluorenone),,,,repair,drop_substituted,True,btzor-foi (imide-fluorenone),False,,,,,,,,,,,,,,,,
473,p24,btzor-foi (imide-fluorenone) copolymer,btzor-foi (imide-fluorenone),btzor-foi (imide-fluorenone),False,False,False,opsin_repair,,False,tidy_punct,,FAILURE,btzor-foi (imide-fluorenone) is unparsable due to the following being uninterpretable: btzor-foi (imide-fluorenone) The following was not parseable: btzor-foi (imide-fluorenone),,,,repair,tidy_punct,True,btzor-foi (imide-fluorenone),False,,,,,,,,,,,,,,,,
473,p24,btzor-foi (imide-fluorenone) copolymer,btzor-foi imide-fluorenone,btzor-foi (imide-fluorenone) copolymer,False,False,False,fallback,TEXT_FALLBACK,False,no parse,,,,,,,,,True,,False,,,,,,,,,,,,,,,,
473,p25,btzor-fcni (cyanated fluorenone) copolymer,btzor-fcni cyanated fluorenone,btzor-fcni (cyanated fluorenone) copolymer,False,False,False,opsin_direct,,False,,,FAILURE,btzor-fcni (cyanated fluorenone) copolymer is unparsable due to the following being uninterpretable: btzor-fcni (cyanatedfluorenone) copolymer The following was not parseable: btzor-fcni (cyanatedfluorenone) copolymer,,,,direct,,True,btzor-fcni (cyanated fluorenone) copolymer,False,,,,,,,,,,,,,,,,
473,p25,btzor-fcni (cyanated fluorenone) copolymer,btzor-fcni (cyanated fluorenone),btzor-fcni (cyanated fluorenone),False,False,False,opsin_repair,,False,drop_descriptors,,FAILURE,btzor-fcni (cyanated fluorenone) is unparsable due to the following being uninterpretable: btzor-fcni (cyanatedfluorenone) The following was not parseable: btzor-fcni (cyanatedfluorenone),,,,repair,drop_descriptors,True,btzor-fcni (cyanated fluorenone),False,,,,,,,,,,,,,,,,
473,p25,btzor-fcni (cyanated fluorenone) copolymer,btzor-fcni (cyanated fluorenone),btzor-fcni (cyanated fluorenone),False,False,False,opsin_repair,,False,drop_substituted,,FAILURE,btzor-fcni (cyanated fluorenone) is unparsable due to the following being uninterpretable: btzor-fcni (cyanatedfluorenone) The following was not parseable: btzor-fcni (cyanatedfluorenone),,,,repair,drop_substituted,True,btzor-fcni (cyanated fluorenone),False,,,,,,,,,,,,,,,,
473,p25,btzor-fcni (cyanated fluorenone) copolymer,btzor-fcni (cyanated fluorenone),btzor-fcni (cyanated fluorenone),False,False,False,opsin_repair,,False,tidy_punct,,FAILURE,btzor-fcni (cyanated fluorenone) is unparsable due to the following being uninterpretable: btzor-fcni (cyanatedfluorenone) The following was not parseable: btzor-fcni (cyanatedfluorenone),,,,repair,tidy_punct,True,btzor-fcni (cyanated fluorenone),False,,,,,,,,,,,,,,,,
473,p25,btzor-fcni (cyanated fluorenone) copolymer,btzor-fcni cyanated fluorenone,btzor-fcni (cyanated fluorenone) copolymer,False,False,False,fallback,TEXT_FALLBACK,False,no parse,,,,,,,,,True,,False,,,,,,,,,,,,,,,,
473,p32,btor-based homopolymer,btor-based homopolymer,btor-based homopolymer,False,False,False,opsin_skip,NON_OPSIN_ELIGIBLE,False,ineligible,,,,,,,skip,eligibility,False,btor-based homopolymer,False,,,,,,,,,,,,,,,,
473,p33,btfor-based homopolymer (difluoro on β-positions),btfor-based homopolymer difluoro on beta-positions,btfor-based homopolymer (difluoro on β-positions),False,False,False,opsin_direct,,False,,,FAILURE,btfor-based homopolymer (difluoro on beta-positions) is unparsable due to the following being uninterpretable: btfor-based homopolymer (difluoroonbeta-positions) The following was not parseable: btfor-based homopolymer (difluoroonbeta-positions),,,,direct,,True,btfor-based homopolymer (difluoro on β-positions),False,,,,,,,,,,,,,,,,
473,p33,btfor-based homopolymer (difluoro on β-positions),btfor- homopolymer (difluoro on β-positions),btfor- homopolymer (difluoro on β-positions),False,False,False,opsin_repair,,False,drop_descriptors,,FAILURE,btfor- homopolymer (difluoro on beta-positions) is unparsable due to the following being uninterpretable: btfor- homopolymer (difluoroonbeta-positions) The following was not parseable: btfor- homopolymer (difluoroonbeta-positions),,,,repair,drop_descriptors,True,btfor- homopolymer (difluoro on β-positions),False,,,,,,,,,,,,,,,,
473,p33,btfor-based homopolymer (difluoro on β-positions),btfor- homopolymer (difluoro on β-positions),btfor- homopolymer (difluoro on β-positions),False,False,False,opsin_repair,,False,drop_substituted,,FAILURE,btfor- homopolymer (difluoro on beta-positions) is unparsable due to the following being uninterpretable: btfor- homopolymer (difluoroonbeta-positions) The following was not parseable: btfor- homopolymer (difluoroonbeta-positions),,,,repair,drop_substituted,True,btfor- homopolymer (difluoro on β-positions),False,,,,,,,,,,,,,,,,
473,p33,btfor-based homopolymer (difluoro on β-positions),btfor- homopolymer (difluoro on β-positions),btfor- homopolymer (difluoro on β-positions),False,False,False,opsin_repair,,False,tidy_punct,,FAILURE,btfor- homopolymer (difluoro on beta-positions) is unparsable due to the following being uninterpretable: btfor- homopolymer (difluoroonbeta-positions) The following was not parseable: btfor- homopolymer (difluoroonbeta-positions),,,,repair,tidy_punct,True,btfor- homopolymer (difluoro on β-positions),False,,,,,,,,,,,,,,,,
473,p33,btfor-based homopolymer (difluoro on β-positions),btfor-based homopolymer difluoro on beta-positions,btfor-based homopolymer (difluoro on β-positions),False,False,False,fallback,TEXT_FALLBACK,False,no parse,,,,,,,,,True,,False,,,,,,,,,,,,,,,,
473,p34,btcnor homopolymer (cyano-functionalized),btcnor homopolymer cyano-functionalized,btcnor homopolymer (cyano-functionalized),False,False,False,opsin_direct,,False,,,FAILURE,btcnor homopolymer (cyano-functionalized) is unparsable due to the following being uninterpretable: btcnor homopolymer (cyano-functionalized) The following was not parseable: btcnor homopolymer (cyano-functionalized),,,,direct,,True,btcnor homopolymer (cyano-functionalized),False,,,,,,,,,,,,,,,,
473,p34,btcnor homopolymer (cyano-functionalized),btcnor homopolymer (cyano-functionalized),btcnor homopolymer (cyano-functionalized),False,False,False,opsin_repair,,False,drop_descriptors,,FAILURE,btcnor homopolymer (cyano-functionalized) is unparsable due to the following being uninterpretable: btcnor homopolymer (cyano-functionalized) The following was not parseable: btcnor homopolymer (cyano-functionalized),,,,repair,drop_descriptors,True,btcnor homopolymer (cyano-functionalized),False,,,,,,,,,,,,,,,,
473,p34,btcnor homopolymer (cyano-functionalized),btcnor homopolymer (cyano-),btcnor homopolymer (cyano-),False,False,False,opsin_repair,,False,drop_substituted,,FAILURE,btcnor homopolymer (cyano-) is unparsable due to the following being uninterpretable: btcnor homopolymer (cyano-) The following was not parseable: btcnor homopolymer (cyano-),,,,repair,drop_substituted,True,btcnor homopolymer (cyano-),False,,,,,,,,,,,,,,,,
473,p34,btcnor homopolymer (cyano-functionalized),btcnor homopolymer (cyano-),btcnor homopolymer (cyano-),False,False,False,opsin_repair,,False,tidy_punct,,FAILURE,btcnor homopolymer (cyano-) is unparsable due to the following being uninterpretable: btcnor homopolymer (cyano-) The following was not parseable: btcnor homopolymer (cyano-),,,,repair,tidy_punct,True,btcnor homopolymer (cyano-),False,,,,,,,,,,,,,,,,
473,p34,btcnor homopolymer (cyano-functionalized),btcnor homopolymer cyano-functionalized,btcnor homopolymer (cyano-functionalized),False,False,False,fallback,TEXT_FALLBACK,False,no parse,,,,,,,,,True,,False,,,,,,,,,,,,,,,,
473,p35,btcnor-benzodithiophene copolymer,btcnor-benzodithiophene,btcnor-benzodithiophene copolymer,False,False,False,opsin_skip,NON_OPSIN_ELIGIBLE,False,ineligible,,,,,,,skip,eligibility,False,btcnor-benzodithiophene copolymer,False,,,,,,,,,,,,,,,,
473,p37,btcnor-benzodithiophene copolymer,btcnor-benzodithiophene,btcnor-benzodithiophene copolymer,False,False,False,opsin_skip,NON_OPSIN_ELIGIBLE,False,ineligible,,,,,,,skip,eligibility,False,btcnor-benzodithiophene copolymer,False,,,,,,,,,,,,,,,,
473,p38,trtor-phthalimide copolymer (3-alkyl-3'-alkoxy bithiophene),trtor-phthalimide 3-alkyl-3'-alkoxy bithiophene,trtor-phthalimide copolymer (3-alkyl-3'-alkoxy bithiophene),False,False,False,opsin_direct,,False,,,FAILURE,trtor-phthalimide copolymer (3-alkyl-3'-alkoxy bithiophene) is unparsable due to the following being uninterpretable: trtor-phthalimide copolymer (3-alkyl-3'-alkoxybithiophene) The following was not parseable: trtor-phthalimide copolymer (3-alkyl-3'-alkoxybithiophene),,,,direct,,True,trtor-phthalimide copolymer (3-alkyl-3'-alkoxy bithiophene),False,,,,,,,,,,,,,,,,
473,p38,trtor-phthalimide copolymer (3-alkyl-3'-alkoxy bithiophene),trtor-phthalimide  (3-alkyl-3'-alkoxy bithiophene),trtor-phthalimide  (3-alkyl-3'-alkoxy bithiophene),False,False,False,opsin_repair,,False,drop_descriptors,,FAILURE,trtor-phthalimide  (3-alkyl-3'-alkoxy bithiophene) is unparsable due to the following being uninterpretable: trtor-phthalimide  (3-alkyl-3'-alkoxybithiophene) The following was not parseable: trtor-phthalimide  (3-alkyl-3'-alkoxybithiophene),,,,repair,drop_descriptors,True,trtor-phthalimide  (3-alkyl-3'-alkoxy bithiophene),False,,,,,,,,,,,,,,,,
473,p38,trtor-phthalimide copolymer (3-alkyl-3'-alkoxy bithiophene),trtor-phthalimide  (3-alkyl-3'-alkoxy bithiophene),trtor-phthalimide  (3-alkyl-3'-alkoxy bithiophene),False,False,False,opsin_repair,,False,drop_substituted,,FAILURE,trtor-phthalimide  (3-alkyl-3'-alkoxy bithiophene) is unparsable due to the following being uninterpretable: trtor-phthalimide  (3-alkyl-3'-alkoxybithiophene) The following was not parseable: trtor-phthalimide  (3-alkyl-3'-alkoxybithiophene),,,,repair,drop_substituted,True,trtor-phthalimide  (3-alkyl-3'-alkoxy bithiophene),False,,,,,,,,,,,,,,,,
473,p38,trtor-phthalimide copolymer (3-alkyl-3'-alkoxy bithiophene),trtor-phthalimide (3-alkyl-3'-alkoxy bithiophene),trtor-phthalimide (3-alkyl-3'-alkoxy bithiophene),False,False,False,opsin_repair,,False,tidy_punct,,FAILURE,trtor-phthalimide (3-alkyl-3'-alkoxy bithiophene) is unparsable due to the following being uninterpretable: trtor-phthalimide (3-alkyl-3'-alkoxybithiophene) The following was not parseable: trtor-phthalimide (3-alkyl-3'-alkoxybithiophene),,,,repair,tidy_punct,True,trtor-phthalimide (3-alkyl-3'-alkoxy bithiophene),False,,,,,,,,,,,,,,,,
473,p38,trtor-phthalimide copolymer (3-alkyl-3'-alkoxy bithiophene),trtor-phthalimide 3-alkyl-3'-alkoxy bithiophene,trtor-phthalimide copolymer (3-alkyl-3'-alkoxy bithiophene),False,False,False,fallback,TEXT_FALLBACK,False,no parse,,,,,,,,,True,,False,,,,,,,,,,,,,,,,
473,p39,trtor-phthalimide copolymer,trtor-phthalimide,trtor-phthalimide copolymer,False,False,False,opsin_skip,NON_OPSIN_ELIGIBLE,False,ineligible,,,,,,,skip,eligibility,False,trtor-phthalimide copolymer,False,,,,,,,,,,,,,,,,
473,p40,trtor-phthalimide copolymer,trtor-phthalimide,trtor-phthalimide copolymer,False,False,False,opsin_skip,NON_OPSIN_ELIGIBLE,False,ineligible,,,,,,,skip,eligibility,False,trtor-phthalimide copolymer,False,,,,,,,,,,,,,,,,
473,p43,difluorinated benzothiadiazole-trtor copolymer,difluorinated benzothiadiazole-trtor,difluorinated benzothiadiazole-trtor copolymer,False,False,False,opsin_direct,,False,,,FAILURE,difluorinated benzothiadiazole-trtor copolymer is unparsable due to the following being uninterpretable: difluorinated benzothiadiazole-trtor copolymer The following was not parseable: inated benzothiadiazole-trtor copolymer,,,,direct,,True,difluorinated benzothiadiazole-trtor copolymer,False,,,,,,,,,,,,,,,,
473,p43,difluorinated benzothiadiazole-trtor copolymer,difluorinated benzothiadiazole-trtor,difluorinated benzothiadiazole-trtor,False,False,False,opsin_repair,,False,drop_descriptors,,FAILURE,difluorinated benzothiadiazole-trtor is unparsable due to the following being uninterpretable: difluorinated benzothiadiazole-trtor The following was not parseable: inated benzothiadiazole-trtor,,,,repair,drop_descriptors,True,difluorinated benzothiadiazole-trtor,False,,,,,,,,,,,,,,,,
473,p43,difluorinated benzothiadiazole-trtor copolymer,difluorinated benzothiadiazole-trtor,difluorinated benzothiadiazole-trtor,False,False,False,opsin_repair,,False,drop_substituted,,FAILURE,difluorinated benzothiadiazole-trtor is unparsable due to the following being uninterpretable: difluorinated benzothiadiazole-trtor The following was not parseable: inated benzothiadiazole-trtor,,,,repair,drop_substituted,True,difluorinated benzothiadiazole-trtor,False,,,,,,,,,,,,,,,,
473,p43,difluorinated benzothiadiazole-trtor copolymer,difluorinated benzothiadiazole-trtor,difluorinated benzothiadiazole-trtor,False,False,False,opsin_repair,,False,tidy_punct,,FAILURE,difluorinated benzothiadiazole-trtor is unparsable due to the following being uninterpretable: difluorinated benzothiadiazole-trtor The following was not parseable: inated benzothiadiazole-trtor,,,,repair,tidy_punct,True,difluorinated benzothiadiazole-trtor,False,,,,,,,,,,,,,,,,
473,p43,difluorinated benzothiadiazole-trtor copolymer,difluorinated benzothiadiazole-trtor,difluorinated benzothiadiazole-trtor copolymer,False,False,False,fallback,TEXT_FALLBACK,False,no parse,,,,,,,,,True,,False,,,,,,,,,,,,,,,,
473,p44,trtor-btzi copolymer (nir-absorbing),trtor-btzi nir-absorbing,trtor-btzi copolymer (nir-absorbing),False,False,False,opsin_direct,,False,,,FAILURE,trtor-btzi copolymer (nir-absorbing) is unparsable due to the following being uninterpretable: trtor-btzi copolymer (nir-absorbing) The following was not parseable: trtor-btzi copolymer (nir-absorbing),,,,direct,,True,trtor-btzi copolymer (nir-absorbing),False,,,,,,,,,,,,,,,,
473,p44,trtor-btzi copolymer (nir-absorbing),trtor-btzi  (nir-absorbing),trtor-btzi  (nir-absorbing),False,False,False,opsin_repair,,False,drop_descriptors,,FAILURE,trtor-btzi  (nir-absorbing) is unparsable due to the following being uninterpretable: trtor-btzi  (nir-absorbing) The following was not parseable: trtor-btzi  (nir-absorbing),,,,repair,drop_descriptors,True,trtor-btzi  (nir-absorbing),False,,,,,,,,,,,,,,,,
473,p44,trtor-btzi copolymer (nir-absorbing),trtor-btzi  (nir-absorbing),trtor-btzi  (nir-absorbing),False,False,False,opsin_repair,,False,drop_substituted,,FAILURE,trtor-btzi  (nir-absorbing) is unparsable due to the following being uninterpretable: trtor-btzi  (nir-absorbing) The following was not parseable: trtor-btzi  (nir-absorbing),,,,repair,drop_substituted,True,trtor-btzi  (nir-absorbing),False,,,,,,,,,,,,,,,,
473,p44,trtor-btzi copolymer (nir-absorbing),trtor-btzi (nir-absorbing),trtor-btzi (nir-absorbing),False,False,False,opsin_repair,,False,tidy_punct,,FAILURE,trtor-btzi (nir-absorbing) is unparsable due to the following being uninterpretable: trtor-btzi (nir-absorbing) The following was not parseable: trtor-btzi (nir-absorbing),,,,repair,tidy_punct,True,trtor-btzi (nir-absorbing),False,,,,,,,,,,,,,,,,
473,p44,trtor-btzi copolymer (nir-absorbing),trtor-btzi nir-absorbing,trtor-btzi copolymer (nir-absorbing),False,False,False,fallback,TEXT_FALLBACK,False,no parse,,,,,,,,,True,,False,,,,,,,,,,,,,,,,
473,p45,trtor-based polymer (ester-free),trtor-based ester-free,trtor-based polymer (ester-free),False,False,False,opsin_direct,,False,,,FAILURE,trtor-based polymer (ester-free) is unparsable due to the following being uninterpretable: trtor-based polymer (ester-free) The following was not parseable: trtor-based polymer (ester-free),,,,direct,,True,trtor-based polymer (ester-free),False,,,,,,,,,,,,,,,,
473,p45,trtor-based polymer (ester-free),trtor-  (ester-free),trtor-  (ester-free),False,False,False,opsin_repair,,False,drop_descriptors,,FAILURE,trtor-  (ester-free) is unparsable due to the following being uninterpretable: trtor-  (ester-free) The following was not parseable: trtor-  (ester-free),,,,repair,drop_descriptors,True,trtor-  (ester-free),False,,,,,,,,,,,,,,,,
473,p45,trtor-based polymer (ester-free),trtor-  (ester-free),trtor-  (ester-free),False,False,False,opsin_repair,,False,drop_substituted,,FAILURE,trtor-  (ester-free) is unparsable due to the following being uninterpretable: trtor-  (ester-free) The following was not parseable: trtor-  (ester-free),,,,repair,drop_substituted,True,trtor-  (ester-free),False,,,,,,,,,,,,,,,,
473,p45,trtor-based polymer (ester-free),trtor- (ester-free),trtor- (ester-free),False,False,False,opsin_repair,,False,tidy_punct,,FAILURE,trtor- (ester-free) is unparsable due to the following being uninterpretable: trtor- (ester-free) The following was not parseable: trtor- (ester-free),,,,repair,tidy_punct,True,trtor- (ester-free),False,,,,,,,,,,,,,,,,
473,p45,trtor-based polymer (ester-free),trtor-based ester-free,trtor-based polymer (ester-free),False,False,False,fallback,TEXT_FALLBACK,False,no parse,,,,,,,,,True,,False,,,,,,,,,,,,,,,,
473,p45,,,alkoxyandalkyl,False,False,False,template_expand,,True,[OPSIN-PREPROC] raw='alkoxyandalkyl' -> preprocessed='alkoxyandalkyl',,,,,,,,,,,,,,,alkoxyandalkyl,alkoxyandalkyl,False,False,False,False,False,unknown,low,True,"[{""name"": ""alkoxyandalkyl"", ""count"": 1}]",,
473,p45,,,alkoxyandalkyl,False,False,False,sidechain_preprocessed_opsin,,False,,,,,,,,,,,,,,,,alkoxyandalkyl,alkoxyandalkyl,False,False,False,False,True,,,,,,False
473,p46,tetor-based polymer (esterified trtor),tetor-based esterified trtor,tetor-based polymer (esterified trtor),False,False,False,opsin_direct,,False,,,FAILURE,tetor-based polymer (esterified trtor) is unparsable due to the following being uninterpretable: tetor-based polymer (esterifiedtrtor) The following was not parseable: tetor-based polymer (esterifiedtrtor),,,,direct,,True,tetor-based polymer (esterified trtor),False,,,,,,,,,,,,,,,,
473,p46,tetor-based polymer (esterified trtor),tetor-  (esterified trtor),tetor-  (esterified trtor),False,False,False,opsin_repair,,False,drop_descriptors,,FAILURE,tetor-  (esterified trtor) is unparsable due to the following being uninterpretable: tetor-  (esterifiedtrtor) The following was not parseable: tetor-  (esterifiedtrtor),,,,repair,drop_descriptors,True,tetor-  (esterified trtor),False,,,,,,,,,,,,,,,,
473,p46,tetor-based polymer (esterified trtor),tetor-  (esterified trtor),tetor-  (esterified trtor),False,False,False,opsin_repair,,False,drop_substituted,,FAILURE,tetor-  (esterified trtor) is unparsable due to the following being uninterpretable: tetor-  (esterifiedtrtor) The following was not parseable: tetor-  (esterifiedtrtor),,,,repair,drop_substituted,True,tetor-  (esterified trtor),False,,,,,,,,,,,,,,,,
473,p46,tetor-based polymer (esterified trtor),tetor- (esterified trtor),tetor- (esterified trtor),False,False,False,opsin_repair,,False,tidy_punct,,FAILURE,tetor- (esterified trtor) is unparsable due to the following being uninterpretable: tetor- (esterifiedtrtor) The following was not parseable: tetor- (esterifiedtrtor),,,,repair,tidy_punct,True,tetor- (esterified trtor),False,,,,,,,,,,,,,,,,
473,p46,tetor-based polymer (esterified trtor),tetor-based esterified trtor,tetor-based polymer (esterified trtor),False,False,False,fallback,TEXT_FALLBACK,False,no parse,,,,,,,,,True,,False,,,,,,,,,,,,,,,,
473,p48,tortry-based polymer (alkynyl + alkoxy),tortry-based alkynyl + alkoxy,tortry-based polymer (alkynyl + alkoxy),False,False,False,opsin_direct,,False,,,FAILURE,tortry-based polymer (alkynyl + alkoxy) is unparsable due to the following being uninterpretable: tortry-based polymer (alkynyl+alkoxy) The following was not parseable: tortry-based polymer (alkynyl+alkoxy),,,,direct,,True,tortry-based polymer (alkynyl + alkoxy),False,,,,,,,,,,,,,,,,
473,p48,tortry-based polymer (alkynyl + alkoxy),tortry-  (alkynyl + alkoxy),tortry-  (alkynyl + alkoxy),False,False,False,opsin_repair,,False,drop_descriptors,,FAILURE,tortry-  (alkynyl + alkoxy) is unparsable due to the following being uninterpretable: tortry-  (alkynyl+alkoxy) The following was not parseable: tortry-  (alkynyl+alkoxy),,,,repair,drop_descriptors,True,tortry-  (alkynyl + alkoxy),False,,,,,,,,,,,,,,,,
473,p48,tortry-based polymer (alkynyl + alkoxy),tortry-  (alkynyl + alkoxy),tortry-  (alkynyl + alkoxy),False,False,False,opsin_repair,,False,drop_substituted,,FAILURE,tortry-  (alkynyl + alkoxy) is unparsable due to the following being uninterpretable: tortry-  (alkynyl+alkoxy) The following was not parseable: tortry-  (alkynyl+alkoxy),,,,repair,drop_substituted,True,tortry-  (alkynyl + alkoxy),False,,,,,,,,,,,,,,,,
473,p48,tortry-based polymer (alkynyl + alkoxy),tortry- (alkynyl + alkoxy),tortry- (alkynyl + alkoxy),False,False,False,opsin_repair,,False,tidy_punct,,FAILURE,tortry- (alkynyl + alkoxy) is unparsable due to the following being uninterpretable: tortry- (alkynyl+alkoxy) The following was not parseable: tortry- (alkynyl+alkoxy),,,,repair,tidy_punct,True,tortry- (alkynyl + alkoxy),False,,,,,,,,,,,,,,,,
473,p48,tortry-based polymer (alkynyl + alkoxy),tortry-based alkynyl + alkoxy,tortry-based polymer (alkynyl + alkoxy),False,False,False,fallback,TEXT_FALLBACK,False,no parse,,,,,,,,,True,,False,,,,,,,,,,,,,,,,
473,p52,"dithieno[3,2-b:2′,3′-d]pyran (dtp)-based copolymer",dithieno 3 2-b 2′ 3′-d pyran dtp -based,"dithieno[3,2-b:2',3'-d]pyran (dtp)-based copolymer",False,False,False,opsin_direct,,False,,,FAILURE,"dithieno[3,2-b:2',3'-d]pyran (dtp)-based copolymer is unparsable due to the following being uninterpretable: (dtp)-based copolymer The following was not parseable: tp)-based copolymer",,,,direct,,True,"dithieno[3,2-b:2',3'-d]pyran (dtp)-based copolymer",True,fused_ring_prime_0_to_quote,"dithieno[3,2-b:2′,3′-d]pyran (dtp)-based copolymer","dithieno[3,2-b:2',3'-d]pyran (dtp)-based copolymer",,,,,,,,,,,,,
473,p52,"dithieno[3,2-b:2′,3′-d]pyran (dtp)-based copolymer","dithieno[3,2-b:2',3'-d]pyran (dtp)-","dithieno[3,2-b:2',3'-d]pyran (dtp)-",False,False,False,opsin_repair,,False,drop_descriptors,,FAILURE,"dithieno[3,2-b:2',3'-d]pyran (dtp)- is unparsable due to the following being uninterpretable: (dtp)- The following was not parseable: tp)-",,,,repair,drop_descriptors,True,"dithieno[3,2-b:2',3'-d]pyran (dtp)-",False,,,,,,,,,,,,,,,,
473,p52,"dithieno[3,2-b:2′,3′-d]pyran (dtp)-based copolymer","dithieno[3,2-b:2',3'-d]pyran (dtp)-","dithieno[3,2-b:2',3'-d]pyran (dtp)-",False,False,False,opsin_repair,,False,drop_substituted,,FAILURE,"dithieno[3,2-b:2',3'-d]pyran (dtp)- is unparsable due to the following being uninterpretable: (dtp)- The following was not parseable: tp)-",,,,repair,drop_substituted,True,"dithieno[3,2-b:2',3'-d]pyran (dtp)-",False,,,,,,,,,,,,,,,,
473,p52,"dithieno[3,2-b:2′,3′-d]pyran (dtp)-based copolymer","dithieno[3,2-b:2',3'-d]pyran (dtp)-","dithieno[3,2-b:2',3'-d]pyran (dtp)-",False,False,False,opsin_repair,,False,tidy_punct,,FAILURE,"dithieno[3,2-b:2',3'-d]pyran (dtp)- is unparsable due to the following being uninterpretable: (dtp)- The following was not parseable: tp)-",,,,repair,tidy_punct,True,"dithieno[3,2-b:2',3'-d]pyran (dtp)-",False,,,,,,,,,,,,,,,,
473,p52,"dithieno[3,2-b:2′,3′-d]pyran (dtp)-based copolymer",dithieno 3 2-b 2′ 3′-d pyran dtp -based,"dithieno[3,2-b:2',3'-d]pyran (dtp)-based copolymer",False,False,False,fallback,TEXT_FALLBACK,False,no parse,,,,,,,,,True,,False,,,,,,,,,,,,,,,,
473,s1,btcnor-cored small-molecule htm control (no cyano),btcnor-cored small-molecule htm control no cyano,btcnor-cored small-molecule htm control (no cyano),False,False,False,opsin_direct,,False,,,FAILURE,btcnor-cored small-molecule htm control (no cyano) is unparsable due to the following being uninterpretable: btcnor-cored small-molecule htm control (nocyano) The following was not parseable: btcnor-cored small-molecule htm control (nocyano),,,,direct,,True,btcnor-cored small-molecule htm control (no cyano),False,,,,,,,,,,,,,,,,
473,s1,btcnor-cored small-molecule htm control (no cyano),btcnor-cored small-molecule htm control (no cyano),btcnor-cored small-molecule htm control (no cyano),False,False,False,opsin_repair,,False,drop_descriptors,,FAILURE,btcnor-cored small-molecule htm control (no cyano) is unparsable due to the following being uninterpretable: btcnor-cored small-molecule htm control (nocyano) The following was not parseable: btcnor-cored small-molecule htm control (nocyano),,,,repair,drop_descriptors,True,btcnor-cored small-molecule htm control (no cyano),False,,,,,,,,,,,,,,,,
473,s1,btcnor-cored small-molecule htm control (no cyano),btcnor-cored small-molecule htm control (no cyano),btcnor-cored small-molecule htm control (no cyano),False,False,False,opsin_repair,,False,drop_substituted,,FAILURE,btcnor-cored small-molecule htm control (no cyano) is unparsable due to the following being uninterpretable: btcnor-cored small-molecule htm control (nocyano) The following was not parseable: btcnor-cored small-molecule htm control (nocyano),,,,repair,drop_substituted,True,btcnor-cored small-molecule htm control (no cyano),False,,,,,,,,,,,,,,,,
473,s1,btcnor-cored small-molecule htm control (no cyano),btcnor-cored small-molecule htm control (no cyano),btcnor-cored small-molecule htm control (no cyano),False,False,False,opsin_repair,,False,tidy_punct,,FAILURE,btcnor-cored small-molecule htm control (no cyano) is unparsable due to the following being uninterpretable: btcnor-cored small-molecule htm control (nocyano) The following was not parseable: btcnor-cored small-molecule htm control (nocyano),,,,repair,tidy_punct,True,btcnor-cored small-molecule htm control (no cyano),False,,,,,,,,,,,,,,,,
473,s1,btcnor-cored small-molecule htm control (no cyano),btcnor-cored small-molecule htm control no cyano,btcnor-cored small-molecule htm control (no cyano),False,False,False,fallback,TEXT_FALLBACK,False,no parse,,,,,,,,,True,,False,,,,,,,,,,,,,,,,
473,s2,btcnor-cored small-molecule htm control (without cyano?),btcnor-cored small-molecule htm control without cyano?,btcnor-cored small-molecule htm control (without cyano?),False,False,False,opsin_direct,,False,,,FAILURE,btcnor-cored small-molecule htm control (without cyano?) is unparsable due to the following being uninterpretable: btcnor-cored small-molecule htm control (withoutcyano?) The following was not parseable: btcnor-cored small-molecule htm control (withoutcyano?),,,,direct,,True,btcnor-cored small-molecule htm control (without cyano?),False,,,,,,,,,,,,,,,,
473,s2,btcnor-cored small-molecule htm control (without cyano?),btcnor-cored small-molecule htm control (without cyano?),btcnor-cored small-molecule htm control (without cyano?),False,False,False,opsin_repair,,False,drop_descriptors,,FAILURE,btcnor-cored small-molecule htm control (without cyano?) is unparsable due to the following being uninterpretable: btcnor-cored small-molecule htm control (withoutcyano?) The following was not parseable: btcnor-cored small-molecule htm control (withoutcyano?),,,,repair,drop_descriptors,True,btcnor-cored small-molecule htm control (without cyano?),False,,,,,,,,,,,,,,,,
473,s2,btcnor-cored small-molecule htm control (without cyano?),btcnor-cored small-molecule htm control (without cyano?),btcnor-cored small-molecule htm control (without cyano?),False,False,False,opsin_repair,,False,drop_substituted,,FAILURE,btcnor-cored small-molecule htm control (without cyano?) is unparsable due to the following being uninterpretable: btcnor-cored small-molecule htm control (withoutcyano?) The following was not parseable: btcnor-cored small-molecule htm control (withoutcyano?),,,,repair,drop_substituted,True,btcnor-cored small-molecule htm control (without cyano?),False,,,,,,,,,,,,,,,,
473,s2,btcnor-cored small-molecule htm control (without cyano?),btcnor-cored small-molecule htm control (without cyano?),btcnor-cored small-molecule htm control (without cyano?),False,False,False,opsin_repair,,False,tidy_punct,,FAILURE,btcnor-cored small-molecule htm control (without cyano?) is unparsable due to the following being uninterpretable: btcnor-cored small-molecule htm control (withoutcyano?) The following was not parseable: btcnor-cored small-molecule htm control (withoutcyano?),,,,repair,tidy_punct,True,btcnor-cored small-molecule htm control (without cyano?),False,,,,,,,,,,,,,,,,
473,s2,btcnor-cored small-molecule htm control (without cyano?),btcnor-cored small-molecule htm control without cyano?,btcnor-cored small-molecule htm control (without cyano?),False,False,False,fallback,TEXT_FALLBACK,False,no parse,,,,,,,,,True,,False,,,,,,,,,,,,,,,,
473,s3,btcnor-cored small-molecule htm (cyano-functionalized),btcnor-cored small-molecule htm cyano-functionalized,btcnor-cored small-molecule htm (cyano-functionalized),False,False,False,opsin_direct,,False,,,FAILURE,btcnor-cored small-molecule htm (cyano-functionalized) is unparsable due to the following being uninterpretable: btcnor-cored small-molecule htm (cyano-functionalized) The following was not parseable: btcnor-cored small-molecule htm (cyano-functionalized),,,,direct,,True,btcnor-cored small-molecule htm (cyano-functionalized),False,,,,,,,,,,,,,,,,
473,s3,btcnor-cored small-molecule htm (cyano-functionalized),btcnor-cored small-molecule htm (cyano-functionalized),btcnor-cored small-molecule htm (cyano-functionalized),False,False,False,opsin_repair,,False,drop_descriptors,,FAILURE,btcnor-cored small-molecule htm (cyano-functionalized) is unparsable due to the following being uninterpretable: btcnor-cored small-molecule htm (cyano-functionalized) The following was not parseable: btcnor-cored small-molecule htm (cyano-functionalized),,,,repair,drop_descriptors,True,btcnor-cored small-molecule htm (cyano-functionalized),False,,,,,,,,,,,,,,,,
473,s3,btcnor-cored small-molecule htm (cyano-functionalized),btcnor-cored small-molecule htm (cyano-),btcnor-cored small-molecule htm (cyano-),False,False,False,opsin_repair,,False,drop_substituted,,FAILURE,btcnor-cored small-molecule htm (cyano-) is unparsable due to the following being uninterpretable: btcnor-cored small-molecule htm (cyano-) The following was not parseable: btcnor-cored small-molecule htm (cyano-),,,,repair,drop_substituted,True,btcnor-cored small-molecule htm (cyano-),False,,,,,,,,,,,,,,,,
473,s3,btcnor-cored small-molecule htm (cyano-functionalized),btcnor-cored small-molecule htm (cyano-),btcnor-cored small-molecule htm (cyano-),False,False,False,opsin_repair,,False,tidy_punct,,FAILURE,btcnor-cored small-molecule htm (cyano-) is unparsable due to the following being uninterpretable: btcnor-cored small-molecule htm (cyano-) The following was not parseable: btcnor-cored small-molecule htm (cyano-),,,,repair,tidy_punct,True,btcnor-cored small-molecule htm (cyano-),False,,,,,,,,,,,,,,,,
473,s3,btcnor-cored small-molecule htm (cyano-functionalized),btcnor-cored small-molecule htm cyano-functionalized,btcnor-cored small-molecule htm (cyano-functionalized),False,False,False,fallback,TEXT_FALLBACK,False,no parse,,,,,,,,,True,,False,,,,,,,,,,,,,,,,
435,pndti-bbt-dt,ndti-bbt,ndti-bbt,ndti-bbt,False,False,False,opsin_direct,,False,,,FAILURE,ndti-bbt is unparsable due to the following being uninterpretable: ndti-bbt The following was not parseable: ndti-bbt,,,,direct,,True,ndti-bbt,False,,,,,,,,,,,,,,,,
435,pndti-bbt-dt,ndti-bbt,ndti-bbt,ndti-bbt,False,False,False,opsin_repair,,False,drop_descriptors,,FAILURE,ndti-bbt is unparsable due to the following being uninterpretable: ndti-bbt The following was not parseable: ndti-bbt,,,,repair,drop_descriptors,True,ndti-bbt,False,,,,,,,,,,,,,,,,
435,pndti-bbt-dt,ndti-bbt,ndti-bbt,ndti-bbt,False,False,False,opsin_repair,,False,drop_substituted,,FAILURE,ndti-bbt is unparsable due to the following being uninterpretable: ndti-bbt The following was not parseable: ndti-bbt,,,,repair,drop_substituted,True,ndti-bbt,False,,,,,,,,,,,,,,,,
435,pndti-bbt-dt,ndti-bbt,ndti-bbt,ndti-bbt,False,False,False,opsin_repair,,False,tidy_punct,,FAILURE,ndti-bbt is unparsable due to the following being uninterpretable: ndti-bbt The following was not parseable: ndti-bbt,,,,repair,tidy_punct,True,ndti-bbt,False,,,,,,,,,,,,,,,,
435,pndti-bbt-dt,ndti-bbt,ndti-bbt,ndti-bbt,False,False,False,fallback,TEXT_FALLBACK,False,no parse,,,,,,,,,True,,False,,,,,,,,,,,,,,,,
435,pndti-bbt-dp,ndti-bbt,ndti-bbt,ndti-bbt,False,False,False,opsin_direct,,False,,,FAILURE,ndti-bbt is unparsable due to the following being uninterpretable: ndti-bbt The following was not parseable: ndti-bbt,,,,direct,,True,ndti-bbt,False,,,,,,,,,,,,,,,,
435,pndti-bbt-dp,ndti-bbt,ndti-bbt,ndti-bbt,False,False,False,opsin_repair,,False,drop_descriptors,,FAILURE,ndti-bbt is unparsable due to the following being uninterpretable: ndti-bbt The following was not parseable: ndti-bbt,,,,repair,drop_descriptors,True,ndti-bbt,False,,,,,,,,,,,,,,,,
435,pndti-bbt-dp,ndti-bbt,ndti-bbt,ndti-bbt,False,False,False,opsin_repair,,False,drop_substituted,,FAILURE,ndti-bbt is unparsable due to the following being uninterpretable: ndti-bbt The following was not parseable: ndti-bbt,,,,repair,drop_substituted,True,ndti-bbt,False,,,,,,,,,,,,,,,,
435,pndti-bbt-dp,ndti-bbt,ndti-bbt,ndti-bbt,False,False,False,opsin_repair,,False,tidy_punct,,FAILURE,ndti-bbt is unparsable due to the following being uninterpretable: ndti-bbt The following was not parseable: ndti-bbt,,,,repair,tidy_punct,True,ndti-bbt,False,,,,,,,,,,,,,,,,
435,pndti-bbt-dp,ndti-bbt,ndti-bbt,ndti-bbt,False,False,False,fallback,TEXT_FALLBACK,False,no parse,,,,,,,,,True,,False,,,,,,,,,,,,,,,,
435,pndti-bbt-dt,ndti-bbt,ndti-bbt,ndti-bbt,False,False,False,opsin_direct,,False,,,FAILURE,ndti-bbt is unparsable due to the following being uninterpretable: ndti-bbt The following was not parseable: ndti-bbt,,,,direct,,True,ndti-bbt,False,,,,,,,,,,,,,,,,
435,pndti-bbt-dt,ndti-bbt,ndti-bbt,ndti-bbt,False,False,False,opsin_repair,,False,drop_descriptors,,FAILURE,ndti-bbt is unparsable due to the following being uninterpretable: ndti-bbt The following was not parseable: ndti-bbt,,,,repair,drop_descriptors,True,ndti-bbt,False,,,,,,,,,,,,,,,,
435,pndti-bbt-dt,ndti-bbt,ndti-bbt,ndti-bbt,False,False,False,opsin_repair,,False,drop_substituted,,FAILURE,ndti-bbt is unparsable due to the following being uninterpretable: ndti-bbt The following was not parseable: ndti-bbt,,,,repair,drop_substituted,True,ndti-bbt,False,,,,,,,,,,,,,,,,
435,pndti-bbt-dt,ndti-bbt,ndti-bbt,ndti-bbt,False,False,False,opsin_repair,,False,tidy_punct,,FAILURE,ndti-bbt is unparsable due to the following being uninterpretable: ndti-bbt The following was not parseable: ndti-bbt,,,,repair,tidy_punct,True,ndti-bbt,False,,,,,,,,,,,,,,,,
435,pndti-bbt-dt,ndti-bbt,ndti-bbt,ndti-bbt,False,False,False,fallback,TEXT_FALLBACK,False,no parse,,,,,,,,,True,,False,,,,,,,,,,,,,,,,
435,pndti-bbt-dp,ndti-bbt,ndti-bbt,ndti-bbt,False,False,False,opsin_direct,,False,,,FAILURE,ndti-bbt is unparsable due to the following being uninterpretable: ndti-bbt The following was not parseable: ndti-bbt,,,,direct,,True,ndti-bbt,False,,,,,,,,,,,,,,,,
435,pndti-bbt-dp,ndti-bbt,ndti-bbt,ndti-bbt,False,False,False,opsin_repair,,False,drop_descriptors,,FAILURE,ndti-bbt is unparsable due to the following being uninterpretable: ndti-bbt The following was not parseable: ndti-bbt,,,,repair,drop_descriptors,True,ndti-bbt,False,,,,,,,,,,,,,,,,
435,pndti-bbt-dp,ndti-bbt,ndti-bbt,ndti-bbt,False,False,False,opsin_repair,,False,drop_substituted,,FAILURE,ndti-bbt is unparsable due to the following being uninterpretable: ndti-bbt The following was not parseable: ndti-bbt,,,,repair,drop_substituted,True,ndti-bbt,False,,,,,,,,,,,,,,,,
435,pndti-bbt-dp,ndti-bbt,ndti-bbt,ndti-bbt,False,False,False,opsin_repair,,False,tidy_punct,,FAILURE,ndti-bbt is unparsable due to the following being uninterpretable: ndti-bbt The following was not parseable: ndti-bbt,,,,repair,tidy_punct,True,ndti-bbt,False,,,,,,,,,,,,,,,,
435,pndti-bbt-dp,ndti-bbt,ndti-bbt,ndti-bbt,False,False,False,fallback,TEXT_FALLBACK,False,no parse,,,,,,,,,True,,False,,,,,,,,,,,,,,,,
468,g2-dmp,"3,4-propylenedioxythiophene (prodot) alternating with dmp comonomer",3 4-propylenedioxythiophene prodot alternating with dmp comonomer,"3,4-propylenedioxythiophene (prodot) alternating with dmp comonomer",False,False,False,opsin_direct,,False,,,FAILURE,"3,4-propylenedioxythiophene (prodot) alternating with dmp comonomer is unparsable due to the following being uninterpretable: (prodot) alternating with dmp comonomer The following was not parseable: prodot) alternating with dmp comonomer",,,,direct,,True,"3,4-propylenedioxythiophene (prodot) alternating with dmp comonomer",False,,,,,,,,,,,,,,,,
468,g2-dmp,"3,4-propylenedioxythiophene (prodot) alternating with dmp comonomer","3,4-propylenedioxythiophene (prodot) alternating with dmp comonomer","3,4-propylenedioxythiophene (prodot) alternating with dmp comonomer",False,False,False,opsin_repair,,False,drop_descriptors,,FAILURE,"3,4-propylenedioxythiophene (prodot) alternating with dmp comonomer is unparsable due to the following being uninterpretable: (prodot) alternating with dmp comonomer The following was not parseable: prodot) alternating with dmp comonomer",,,,repair,drop_descriptors,True,"3,4-propylenedioxythiophene (prodot) alternating with dmp comonomer",False,,,,,,,,,,,,,,,,
468,g2-dmp,"3,4-propylenedioxythiophene (prodot) alternating with dmp comonomer","3,4-propylenedioxythiophene (prodot) alternating with dmp comonomer","3,4-propylenedioxythiophene (prodot) alternating with dmp comonomer",False,False,False,opsin_repair,,False,drop_substituted,,FAILURE,"3,4-propylenedioxythiophene (prodot) alternating with dmp comonomer is unparsable due to the following being uninterpretable: (prodot) alternating with dmp comonomer The following was not parseable: prodot) alternating with dmp comonomer",,,,repair,drop_substituted,True,"3,4-propylenedioxythiophene (prodot) alternating with dmp comonomer",False,,,,,,,,,,,,,,,,
468,g2-dmp,"3,4-propylenedioxythiophene (prodot) alternating with dmp comonomer","3,4-propylenedioxythiophene (prodot) alternating with dmp comonomer","3,4-propylenedioxythiophene (prodot) alternating with dmp comonomer",False,False,False,opsin_repair,,False,tidy_punct,,FAILURE,"3,4-propylenedioxythiophene (prodot) alternating with dmp comonomer is unparsable due to the following being uninterpretable: (prodot) alternating with dmp comonomer The following was not parseable: prodot) alternating with dmp comonomer",,,,repair,tidy_punct,True,"3,4-propylenedioxythiophene (prodot) alternating with dmp comonomer",False,,,,,,,,,,,,,,,,
468,g2-dmp,"3,4-propylenedioxythiophene (prodot) alternating with dmp comonomer",3 4-propylenedioxythiophene prodot alternating with dmp comonomer,"3,4-propylenedioxythiophene (prodot) alternating with dmp comonomer",False,False,False,fallback,TEXT_FALLBACK,False,no parse,,,,,,,,,True,,False,,,,,,,,,,,,,,,,
468,g2-dmp,,,g-2-diglyme-yl,False,False,False,template_expand,,True,[OPSIN-PREPROC] raw='g2diglyme' -> preprocessed='g-2-diglyme-yl',,,,,,,,,,,,,,,g2diglyme,g-2-diglyme-yl,False,False,True,False,False,unknown,low,True,"[{""name"": ""g2diglyme"", ""count"": 1}]",,
468,g2-dmp,,,g-2-diglyme-yl,False,False,False,sidechain_non_opsin_compatible,NON_OPSIN_COMPATIBLE,False,ineligible,,,,,,,,,,,,,,,g2diglyme,g-2-diglyme-yl,False,False,True,False,False,,,,,,
468,g3-dmp,"3,4-propylenedioxythiophene (prodot) alternating with dmp comonomer",3 4-propylenedioxythiophene prodot alternating with dmp comonomer,"3,4-propylenedioxythiophene (prodot) alternating with dmp comonomer",False,False,False,opsin_direct,,False,,,FAILURE,"3,4-propylenedioxythiophene (prodot) alternating with dmp comonomer is unparsable due to the following being uninterpretable: (prodot) alternating with dmp comonomer The following was not parseable: prodot) alternating with dmp comonomer",,,,direct,,True,"3,4-propylenedioxythiophene (prodot) alternating with dmp comonomer",False,,,,,,,,,,,,,,,,
468,g3-dmp,"3,4-propylenedioxythiophene (prodot) alternating with dmp comonomer","3,4-propylenedioxythiophene (prodot) alternating with dmp comonomer","3,4-propylenedioxythiophene (prodot) alternating with dmp comonomer",False,False,False,opsin_repair,,False,drop_descriptors,,FAILURE,"3,4-propylenedioxythiophene (prodot) alternating with dmp comonomer is unparsable due to the following being uninterpretable: (prodot) alternating with dmp comonomer The following was not parseable: prodot) alternating with dmp comonomer",,,,repair,drop_descriptors,True,"3,4-propylenedioxythiophene (prodot) alternating with dmp comonomer",False,,,,,,,,,,,,,,,,
468,g3-dmp,"3,4-propylenedioxythiophene (prodot) alternating with dmp comonomer","3,4-propylenedioxythiophene (prodot) alternating with dmp comonomer","3,4-propylenedioxythiophene (prodot) alternating with dmp comonomer",False,False,False,opsin_repair,,False,drop_substituted,,FAILURE,"3,4-propylenedioxythiophene (prodot) alternating with dmp comonomer is unparsable due to the following being uninterpretable: (prodot) alternating with dmp comonomer The following was not parseable: prodot) alternating with dmp comonomer",,,,repair,drop_substituted,True,"3,4-propylenedioxythiophene (prodot) alternating with dmp comonomer",False,,,,,,,,,,,,,,,,
468,g3-dmp,"3,4-propylenedioxythiophene (prodot) alternating with dmp comonomer","3,4-propylenedioxythiophene (prodot) alternating with dmp comonomer","3,4-propylenedioxythiophene (prodot) alternating with dmp comonomer",False,False,False,opsin_repair,,False,tidy_punct,,FAILURE,"3,4-propylenedioxythiophene (prodot) alternating with dmp comonomer is unparsable due to the following being uninterpretable: (prodot) alternating with dmp comonomer The following was not parseable: prodot) alternating with dmp comonomer",,,,repair,tidy_punct,True,"3,4-propylenedioxythiophene (prodot) alternating with dmp comonomer",False,,,,,,,,,,,,,,,,
468,g3-dmp,"3,4-propylenedioxythiophene (prodot) alternating with dmp comonomer",3 4-propylenedioxythiophene prodot alternating with dmp comonomer,"3,4-propylenedioxythiophene (prodot) alternating with dmp comonomer",False,False,False,fallback,TEXT_FALLBACK,False,no parse,,,,,,,,,True,,False,,,,,,,,,,,,,,,,
468,g4-dmp,"3,4-propylenedioxythiophene (prodot) alternating with dmp comonomer",3 4-propylenedioxythiophene prodot alternating with dmp comonomer,"3,4-propylenedioxythiophene (prodot) alternating with dmp comonomer",False,False,False,opsin_direct,,False,,,FAILURE,"3,4-propylenedioxythiophene (prodot) alternating with dmp comonomer is unparsable due to the following being uninterpretable: (prodot) alternating with dmp comonomer The following was not parseable: prodot) alternating with dmp comonomer",,,,direct,,True,"3,4-propylenedioxythiophene (prodot) alternating with dmp comonomer",False,,,,,,,,,,,,,,,,
468,g4-dmp,"3,4-propylenedioxythiophene (prodot) alternating with dmp comonomer","3,4-propylenedioxythiophene (prodot) alternating with dmp comonomer","3,4-propylenedioxythiophene (prodot) alternating with dmp comonomer",False,False,False,opsin_repair,,False,drop_descriptors,,FAILURE,"3,4-propylenedioxythiophene (prodot) alternating with dmp comonomer is unparsable due to the following being uninterpretable: (prodot) alternating with dmp comonomer The following was not parseable: prodot) alternating with dmp comonomer",,,,repair,drop_descriptors,True,"3,4-propylenedioxythiophene (prodot) alternating with dmp comonomer",False,,,,,,,,,,,,,,,,
468,g4-dmp,"3,4-propylenedioxythiophene (prodot) alternating with dmp comonomer","3,4-propylenedioxythiophene (prodot) alternating with dmp comonomer","3,4-propylenedioxythiophene (prodot) alternating with dmp comonomer",False,False,False,opsin_repair,,False,drop_substituted,,FAILURE,"3,4-propylenedioxythiophene (prodot) alternating with dmp comonomer is unparsable due to the following being uninterpretable: (prodot) alternating with dmp comonomer The following was not parseable: prodot) alternating with dmp comonomer",,,,repair,drop_substituted,True,"3,4-propylenedioxythiophene (prodot) alternating with dmp comonomer",False,,,,,,,,,,,,,,,,
468,g4-dmp,"3,4-propylenedioxythiophene (prodot) alternating with dmp comonomer","3,4-propylenedioxythiophene (prodot) alternating with dmp comonomer","3,4-propylenedioxythiophene (prodot) alternating with dmp comonomer",False,False,False,opsin_repair,,False,tidy_punct,,FAILURE,"3,4-propylenedioxythiophene (prodot) alternating with dmp comonomer is unparsable due to the following being uninterpretable: (prodot) alternating with dmp comonomer The following was not parseable: prodot) alternating with dmp comonomer",,,,repair,tidy_punct,True,"3,4-propylenedioxythiophene (prodot) alternating with dmp comonomer",False,,,,,,,,,,,,,,,,
468,g4-dmp,"3,4-propylenedioxythiophene (prodot) alternating with dmp comonomer",3 4-propylenedioxythiophene prodot alternating with dmp comonomer,"3,4-propylenedioxythiophene (prodot) alternating with dmp comonomer",False,False,False,fallback,TEXT_FALLBACK,False,no parse,,,,,,,,,True,,False,,,,,,,,,,,,,,,,
468,oh-dmp,"3,4-propylenedioxythiophene (prodot) alternating with dmp comonomer",3 4-propylenedioxythiophene prodot alternating with dmp comonomer,"3,4-propylenedioxythiophene (prodot) alternating with dmp comonomer",False,False,False,opsin_direct,,False,,,FAILURE,"3,4-propylenedioxythiophene (prodot) alternating with dmp comonomer is unparsable due to the following being uninterpretable: (prodot) alternating with dmp comonomer The following was not parseable: prodot) alternating with dmp comonomer",,,,direct,,True,"3,4-propylenedioxythiophene (prodot) alternating with dmp comonomer",False,,,,,,,,,,,,,,,,
468,oh-dmp,"3,4-propylenedioxythiophene (prodot) alternating with dmp comonomer","3,4-propylenedioxythiophene (prodot) alternating with dmp comonomer","3,4-propylenedioxythiophene (prodot) alternating with dmp comonomer",False,False,False,opsin_repair,,False,drop_descriptors,,FAILURE,"3,4-propylenedioxythiophene (prodot) alternating with dmp comonomer is unparsable due to the following being uninterpretable: (prodot) alternating with dmp comonomer The following was not parseable: prodot) alternating with dmp comonomer",,,,repair,drop_descriptors,True,"3,4-propylenedioxythiophene (prodot) alternating with dmp comonomer",False,,,,,,,,,,,,,,,,
468,oh-dmp,"3,4-propylenedioxythiophene (prodot) alternating with dmp comonomer","3,4-propylenedioxythiophene (prodot) alternating with dmp comonomer","3,4-propylenedioxythiophene (prodot) alternating with dmp comonomer",False,False,False,opsin_repair,,False,drop_substituted,,FAILURE,"3,4-propylenedioxythiophene (prodot) alternating with dmp comonomer is unparsable due to the following being uninterpretable: (prodot) alternating with dmp comonomer The following was not parseable: prodot) alternating with dmp comonomer",,,,repair,drop_substituted,True,"3,4-propylenedioxythiophene (prodot) alternating with dmp comonomer",False,,,,,,,,,,,,,,,,
468,oh-dmp,"3,4-propylenedioxythiophene (prodot) alternating with dmp comonomer","3,4-propylenedioxythiophene (prodot) alternating with dmp comonomer","3,4-propylenedioxythiophene (prodot) alternating with dmp comonomer",False,False,False,opsin_repair,,False,tidy_punct,,FAILURE,"3,4-propylenedioxythiophene (prodot) alternating with dmp comonomer is unparsable due to the following being uninterpretable: (prodot) alternating with dmp comonomer The following was not parseable: prodot) alternating with dmp comonomer",,,,repair,tidy_punct,True,"3,4-propylenedioxythiophene (prodot) alternating with dmp comonomer",False,,,,,,,,,,,,,,,,
468,oh-dmp,"3,4-propylenedioxythiophene (prodot) alternating with dmp comonomer",3 4-propylenedioxythiophene prodot alternating with dmp comonomer,"3,4-propylenedioxythiophene (prodot) alternating with dmp comonomer",False,False,False,fallback,TEXT_FALLBACK,False,no parse,,,,,,,,,True,,False,,,,,,,,,,,,,,,,
468,oh-dmp,,,hydroxyoh s-yl,False,False,False,template_expand,,True,[OPSIN-PREPROC] raw='hydroxyohsidechains' -> preprocessed='hydroxyoh s-yl',,,,,,,,,,,,,,,hydroxyohsidechains,hydroxyoh s-yl,False,False,True,False,False,unknown,low,True,"[{""name"": ""hydroxyohsidechains"", ""count"": 1}]",,
468,oh-dmp,,,hydroxyoh s-yl,False,False,False,sidechain_non_opsin_compatible,NON_OPSIN_COMPATIBLE,False,ineligible,,,,,,,,,,,,,,,hydroxyohsidechains,hydroxyoh s-yl,False,False,True,False,False,,,,,,
468,boe-dmp,"3,4-propylenedioxythiophene (prodot) alternating with dmp comonomer",3 4-propylenedioxythiophene prodot alternating with dmp comonomer,"3,4-propylenedioxythiophene (prodot) alternating with dmp comonomer",False,False,False,opsin_direct,,False,,,FAILURE,"3,4-propylenedioxythiophene (prodot) alternating with dmp comonomer is unparsable due to the following being uninterpretable: (prodot) alternating with dmp comonomer The following was not parseable: prodot) alternating with dmp comonomer",,,,direct,,True,"3,4-propylenedioxythiophene (prodot) alternating with dmp comonomer",False,,,,,,,,,,,,,,,,
468,boe-dmp,"3,4-propylenedioxythiophene (prodot) alternating with dmp comonomer","3,4-propylenedioxythiophene (prodot) alternating with dmp comonomer","3,4-propylenedioxythiophene (prodot) alternating with dmp comonomer",False,False,False,opsin_repair,,False,drop_descriptors,,FAILURE,"3,4-propylenedioxythiophene (prodot) alternating with dmp comonomer is unparsable due to the following being uninterpretable: (prodot) alternating with dmp comonomer The following was not parseable: prodot) alternating with dmp comonomer",,,,repair,drop_descriptors,True,"3,4-propylenedioxythiophene (prodot) alternating with dmp comonomer",False,,,,,,,,,,,,,,,,
468,boe-dmp,"3,4-propylenedioxythiophene (prodot) alternating with dmp comonomer","3,4-propylenedioxythiophene (prodot) alternating with dmp comonomer","3,4-propylenedioxythiophene (prodot) alternating with dmp comonomer",False,False,False,opsin_repair,,False,drop_substituted,,FAILURE,"3,4-propylenedioxythiophene (prodot) alternating with dmp comonomer is unparsable due to the following being uninterpretable: (prodot) alternating with dmp comonomer The following was not parseable: prodot) alternating with dmp comonomer",,,,repair,drop_substituted,True,"3,4-propylenedioxythiophene (prodot) alternating with dmp comonomer",False,,,,,,,,,,,,,,,,
468,boe-dmp,"3,4-propylenedioxythiophene (prodot) alternating with dmp comonomer","3,4-propylenedioxythiophene (prodot) alternating with dmp comonomer","3,4-propylenedioxythiophene (prodot) alternating with dmp comonomer",False,False,False,opsin_repair,,False,tidy_punct,,FAILURE,"3,4-propylenedioxythiophene (prodot) alternating with dmp comonomer is unparsable due to the following being uninterpretable: (prodot) alternating with dmp comonomer The following was not parseable: prodot) alternating with dmp comonomer",,,,repair,tidy_punct,True,"3,4-propylenedioxythiophene (prodot) alternating with dmp comonomer",False,,,,,,,,,,,,,,,,
468,boe-dmp,"3,4-propylenedioxythiophene (prodot) alternating with dmp comonomer",3 4-propylenedioxythiophene prodot alternating with dmp comonomer,"3,4-propylenedioxythiophene (prodot) alternating with dmp comonomer",False,False,False,fallback,TEXT_FALLBACK,False,no parse,,,,,,,,,True,,False,,,,,,,,,,,,,,,,
419,p3htv,thienylene vinylene,thienylene vinylene,thienylene vinylene,False,False,False,opsin_direct,,False,,,FAILURE,thienylene vinylene is unparsable due to the following being uninterpretable: ene vinylene The following was not parseable: ene vinylene,,,,direct,,True,thienylene vinylene,False,,,,,,,,,,,,,,,,
419,p3htv,thienylene vinylene,thienylene vinylene,thienylene vinylene,False,False,False,opsin_repair,,False,drop_descriptors,,FAILURE,thienylene vinylene is unparsable due to the following being uninterpretable: ene vinylene The following was not parseable: ene vinylene,,,,repair,drop_descriptors,True,thienylene vinylene,False,,,,,,,,,,,,,,,,
419,p3htv,thienylene vinylene,thienylene vinylene,thienylene vinylene,False,False,False,opsin_repair,,False,drop_substituted,,FAILURE,thienylene vinylene is unparsable due to the following being uninterpretable: ene vinylene The following was not parseable: ene vinylene,,,,repair,drop_substituted,True,thienylene vinylene,False,,,,,,,,,,,,,,,,
419,p3htv,thienylene vinylene,thienylene vinylene,thienylene vinylene,False,False,False,opsin_repair,,False,tidy_punct,,FAILURE,thienylene vinylene is unparsable due to the following being uninterpretable: ene vinylene The following was not parseable: ene vinylene,,,,repair,tidy_punct,True,thienylene vinylene,False,,,,,,,,,,,,,,,,
419,p3htv,thienylene vinylene,thienylene vinylene,thienylene vinylene,False,False,False,fallback,TEXT_FALLBACK,False,no parse,,,,,,,,,True,,False,,,,,,,,,,,,,,,,
419,p3htv,,,hexyl,False,False,False,template_expand,,True,[OPSIN-PREPROC] raw='c6' -> preprocessed='hexyl',,,,,,,,,,,,,,,c6,hexyl,False,False,False,False,False,unknown,low,True,"[{""name"": ""c6"", ""count"": 1}]",,
419,p3htv,,,hexyl,False,False,False,sidechain_length,ALKYL_LENGTH,True,,CCCCCC,,,,,,,,,,,,,,c6,hexyl,False,False,False,False,False,,,,,,
419,p3htv,thienylene vinylene,thienylene vinylene,thienylene vinylene,False,False,False,opsin_direct,,False,,,FAILURE,thienylene vinylene is unparsable due to the following being uninterpretable: ene vinylene The following was not parseable: ene vinylene,,,,direct,,True,thienylene vinylene,False,,,,,,,,,,,,,,,,
419,p3htv,thienylene vinylene,thienylene vinylene,thienylene vinylene,False,False,False,opsin_repair,,False,drop_descriptors,,FAILURE,thienylene vinylene is unparsable due to the following being uninterpretable: ene vinylene The following was not parseable: ene vinylene,,,,repair,drop_descriptors,True,thienylene vinylene,False,,,,,,,,,,,,,,,,
419,p3htv,thienylene vinylene,thienylene vinylene,thienylene vinylene,False,False,False,opsin_repair,,False,drop_substituted,,FAILURE,thienylene vinylene is unparsable due to the following being uninterpretable: ene vinylene The following was not parseable: ene vinylene,,,,repair,drop_substituted,True,thienylene vinylene,False,,,,,,,,,,,,,,,,
419,p3htv,thienylene vinylene,thienylene vinylene,thienylene vinylene,False,False,False,opsin_repair,,False,tidy_punct,,FAILURE,thienylene vinylene is unparsable due to the following being uninterpretable: ene vinylene The following was not parseable: ene vinylene,,,,repair,tidy_punct,True,thienylene vinylene,False,,,,,,,,,,,,,,,,
419,p3htv,thienylene vinylene,thienylene vinylene,thienylene vinylene,False,False,False,fallback,TEXT_FALLBACK,False,no parse,,,,,,,,,True,,False,,,,,,,,,,,,,,,,
419,p3htv,,,hexyl,False,False,False,template_expand,,True,[OPSIN-PREPROC] raw='c6' -> preprocessed='hexyl',,,,,,,,,,,,,,,c6,hexyl,False,False,False,False,False,unknown,low,True,"[{""name"": ""c6"", ""count"": 1}]",,
419,p3htv,,,hexyl,False,False,False,sidechain_length,ALKYL_LENGTH,True,,CCCCCC,,,,,,,,,,,,,,c6,hexyl,False,False,False,False,False,,,,,,
419,p3htv,thienylene vinylene,thienylene vinylene,thienylene vinylene,False,False,False,opsin_direct,,False,,,FAILURE,thienylene vinylene is unparsable due to the following being uninterpretable: ene vinylene The following was not parseable: ene vinylene,,,,direct,,True,thienylene vinylene,False,,,,,,,,,,,,,,,,
419,p3htv,thienylene vinylene,thienylene vinylene,thienylene vinylene,False,False,False,opsin_repair,,False,drop_descriptors,,FAILURE,thienylene vinylene is unparsable due to the following being uninterpretable: ene vinylene The following was not parseable: ene vinylene,,,,repair,drop_descriptors,True,thienylene vinylene,False,,,,,,,,,,,,,,,,
419,p3htv,thienylene vinylene,thienylene vinylene,thienylene vinylene,False,False,False,opsin_repair,,False,drop_substituted,,FAILURE,thienylene vinylene is unparsable due to the following being uninterpretable: ene vinylene The following was not parseable: ene vinylene,,,,repair,drop_substituted,True,thienylene vinylene,False,,,,,,,,,,,,,,,,
419,p3htv,thienylene vinylene,thienylene vinylene,thienylene vinylene,False,False,False,opsin_repair,,False,tidy_punct,,FAILURE,thienylene vinylene is unparsable due to the following being uninterpretable: ene vinylene The following was not parseable: ene vinylene,,,,repair,tidy_punct,True,thienylene vinylene,False,,,,,,,,,,,,,,,,
419,p3htv,thienylene vinylene,thienylene vinylene,thienylene vinylene,False,False,False,fallback,TEXT_FALLBACK,False,no parse,,,,,,,,,True,,False,,,,,,,,,,,,,,,,
419,p3htv,,,hexyl,False,False,False,template_expand,,True,[OPSIN-PREPROC] raw='c6' -> preprocessed='hexyl',,,,,,,,,,,,,,,c6,hexyl,False,False,False,False,False,unknown,low,True,"[{""name"": ""c6"", ""count"": 1}]",,
419,p3htv,,,hexyl,False,False,False,sidechain_length,ALKYL_LENGTH,True,,CCCCCC,,,,,,,,,,,,,,c6,hexyl,False,False,False,False,False,,,,,,
419,p3htv,thienylene vinylene,thienylene vinylene,thienylene vinylene,False,False,False,opsin_direct,,False,,,FAILURE,thienylene vinylene is unparsable due to the following being uninterpretable: ene vinylene The following was not parseable: ene vinylene,,,,direct,,True,thienylene vinylene,False,,,,,,,,,,,,,,,,
419,p3htv,thienylene vinylene,thienylene vinylene,thienylene vinylene,False,False,False,opsin_repair,,False,drop_descriptors,,FAILURE,thienylene vinylene is unparsable due to the following being uninterpretable: ene vinylene The following was not parseable: ene vinylene,,,,repair,drop_descriptors,True,thienylene vinylene,False,,,,,,,,,,,,,,,,
419,p3htv,thienylene vinylene,thienylene vinylene,thienylene vinylene,False,False,False,opsin_repair,,False,drop_substituted,,FAILURE,thienylene vinylene is unparsable due to the following being uninterpretable: ene vinylene The following was not parseable: ene vinylene,,,,repair,drop_substituted,True,thienylene vinylene,False,,,,,,,,,,,,,,,,
419,p3htv,thienylene vinylene,thienylene vinylene,thienylene vinylene,False,False,False,opsin_repair,,False,tidy_punct,,FAILURE,thienylene vinylene is unparsable due to the following being uninterpretable: ene vinylene The following was not parseable: ene vinylene,,,,repair,tidy_punct,True,thienylene vinylene,False,,,,,,,,,,,,,,,,
419,p3htv,thienylene vinylene,thienylene vinylene,thienylene vinylene,False,False,False,fallback,TEXT_FALLBACK,False,no parse,,,,,,,,,True,,False,,,,,,,,,,,,,,,,
419,p3htv,,,hexyl,False,False,False,template_expand,,True,[OPSIN-PREPROC] raw='c6' -> preprocessed='hexyl',,,,,,,,,,,,,,,c6,hexyl,False,False,False,False,False,unknown,low,True,"[{""name"": ""c6"", ""count"": 1}]",,
419,p3htv,,,hexyl,False,False,False,sidechain_length,ALKYL_LENGTH,True,,CCCCCC,,,,,,,,,,,,,,c6,hexyl,False,False,False,False,False,,,,,,
419,dh-pttv,"thieno[3,2-b]thiophene vinylene",thieno 3 2-b thiophene vinylene,"thieno[3,2-b]thiophene vinylene",False,False,False,opsin_direct,OPSIN,True,,C#C.c1cc2sccc2s1,CACHE_HIT,,,True,1.0,direct,,True,"thieno[3,2-b]thiophene vinylene",False,,,,,,,,,,,,,,,,
419,dh-pttv,,,dihexyl,False,False,False,template_expand,,True,[OPSIN-PREPROC] raw='dic6' -> preprocessed='dihexyl',,,,,,,,,,,,,,,dic6,dihexyl,False,False,False,False,False,unknown,low,True,"[{""name"": ""dic6"", ""count"": 1}]",,
419,dh-pttv,,,dihexyl,False,False,False,sidechain_length,ALKYL_LENGTH,True,,CCCCCC,,,,,,,,,,,,,,dic6,dihexyl,False,False,False,False,False,,,,,,
419,dh-pttv,"thieno[3,2-b]thiophene vinylene",thieno 3 2-b thiophene vinylene,"thieno[3,2-b]thiophene vinylene",False,False,False,opsin_direct,OPSIN,True,,C#C.c1cc2sccc2s1,CACHE_HIT,,,True,1.0,direct,,True,"thieno[3,2-b]thiophene vinylene",False,,,,,,,,,,,,,,,,
419,dh-pttv,,,dihexyl,False,False,False,template_expand,,True,[OPSIN-PREPROC] raw='dic6' -> preprocessed='dihexyl',,,,,,,,,,,,,,,dic6,dihexyl,False,False,False,False,False,unknown,low,True,"[{""name"": ""dic6"", ""count"": 1}]",,
419,dh-pttv,,,dihexyl,False,False,False,sidechain_length,ALKYL_LENGTH,True,,CCCCCC,,,,,,,,,,,,,,dic6,dihexyl,False,False,False,False,False,,,,,,
419,dh-pttv,"thieno[3,2-b]thiophene vinylene",thieno 3 2-b thiophene vinylene,"thieno[3,2-b]thiophene vinylene",False,False,False,opsin_direct,OPSIN,True,,C#C.c1cc2sccc2s1,CACHE_HIT,,,True,1.0,direct,,True,"thieno[3,2-b]thiophene vinylene",False,,,,,,,,,,,,,,,,
419,dh-pttv,,,dihexyl,False,False,False,template_expand,,True,[OPSIN-PREPROC] raw='dic6' -> preprocessed='dihexyl',,,,,,,,,,,,,,,dic6,dihexyl,False,False,False,False,False,unknown,low,True,"[{""name"": ""dic6"", ""count"": 1}]",,
419,dh-pttv,,,dihexyl,False,False,False,sidechain_length,ALKYL_LENGTH,True,,CCCCCC,,,,,,,,,,,,,,dic6,dihexyl,False,False,False,False,False,,,,,,
419,dh-pttv,"thieno[3,2-b]thiophene vinylene",thieno 3 2-b thiophene vinylene,"thieno[3,2-b]thiophene vinylene",False,False,False,opsin_direct,OPSIN,True,,C#C.c1cc2sccc2s1,CACHE_HIT,,,True,1.0,direct,,True,"thieno[3,2-b]thiophene vinylene",False,,,,,,,,,,,,,,,,
419,dh-pttv,,,dihexyl,False,False,False,template_expand,,True,[OPSIN-PREPROC] raw='dic6' -> preprocessed='dihexyl',,,,,,,,,,,,,,,dic6,dihexyl,False,False,False,False,False,unknown,low,True,"[{""name"": ""dic6"", ""count"": 1}]",,
419,dh-pttv,,,dihexyl,False,False,False,sidechain_length,ALKYL_LENGTH,True,,CCCCCC,,,,,,,,,,,,,,dic6,dihexyl,False,False,False,False,False,,,,,,
419,dh-pttv,"thieno[3,2-b]thiophene vinylene",thieno 3 2-b thiophene vinylene,"thieno[3,2-b]thiophene vinylene",False,False,False,opsin_direct,OPSIN,True,,C#C.c1cc2sccc2s1,CACHE_HIT,,,True,1.0,direct,,True,"thieno[3,2-b]thiophene vinylene",False,,,,,,,,,,,,,,,,
419,dh-pttv,,,dihexyl,False,False,False,template_expand,,True,[OPSIN-PREPROC] raw='dic6' -> preprocessed='dihexyl',,,,,,,,,,,,,,,dic6,dihexyl,False,False,False,False,False,unknown,low,True,"[{""name"": ""dic6"", ""count"": 1}]",,
419,dh-pttv,,,dihexyl,False,False,False,sidechain_length,ALKYL_LENGTH,True,,CCCCCC,,,,,,,,,,,,,,dic6,dihexyl,False,False,False,False,False,,,,,,
443,dp3ht,poly(3-hexylthiophene),poly 3-hexylthiophene,poly(3-hexylthiophene),False,False,False,opsin_direct,,False,,,FAILURE,"poly(3-hexylthiophene) could be parsed but OPSIN was unsure of the meaning of the words. This error will occur, by default, if a name is just a substituent",,,,direct,,True,poly(3-hexylthiophene),False,,,,,,,,,,,,,,,,
443,dp3ht,poly(3-hexylthiophene),poly(3-hexylthiophene),poly(3-hexylthiophene),False,False,False,opsin_repair,,False,drop_descriptors,,FAILURE,"poly(3-hexylthiophene) could be parsed but OPSIN was unsure of the meaning of the words. This error will occur, by default, if a name is just a substituent",,,,repair,drop_descriptors,True,poly(3-hexylthiophene),False,,,,,,,,,,,,,,,,
443,dp3ht,poly(3-hexylthiophene),poly(3-hexylthiophene),poly(3-hexylthiophene),False,False,False,opsin_repair,,False,drop_substituted,,FAILURE,"poly(3-hexylthiophene) could be parsed but OPSIN was unsure of the meaning of the words. This error will occur, by default, if a name is just a substituent",,,,repair,drop_substituted,True,poly(3-hexylthiophene),False,,,,,,,,,,,,,,,,
443,dp3ht,poly(3-hexylthiophene),poly(3-hexylthiophene),poly(3-hexylthiophene),False,False,False,opsin_repair,,False,tidy_punct,,FAILURE,"poly(3-hexylthiophene) could be parsed but OPSIN was unsure of the meaning of the words. This error will occur, by default, if a name is just a substituent",,,,repair,tidy_punct,True,poly(3-hexylthiophene),False,,,,,,,,,,,,,,,,
443,dp3ht,poly(3-hexylthiophene),poly 3-hexylthiophene,poly(3-hexylthiophene),False,False,False,fallback,TEXT_FALLBACK,False,no parse,,,,,,,,,True,,False,,,,,,,,,,,,,,,,
443,dp3ht,poly(3-hexylthiophene),poly 3-hexylthiophene,poly(3-hexylthiophene),False,False,False,opsin_direct,,False,,,FAILURE,"poly(3-hexylthiophene) could be parsed but OPSIN was unsure of the meaning of the words. This error will occur, by default, if a name is just a substituent",,,,direct,,True,poly(3-hexylthiophene),False,,,,,,,,,,,,,,,,
443,dp3ht,poly(3-hexylthiophene),poly(3-hexylthiophene),poly(3-hexylthiophene),False,False,False,opsin_repair,,False,drop_descriptors,,FAILURE,"poly(3-hexylthiophene) could be parsed but OPSIN was unsure of the meaning of the words. This error will occur, by default, if a name is just a substituent",,,,repair,drop_descriptors,True,poly(3-hexylthiophene),False,,,,,,,,,,,,,,,,
443,dp3ht,poly(3-hexylthiophene),poly(3-hexylthiophene),poly(3-hexylthiophene),False,False,False,opsin_repair,,False,drop_substituted,,FAILURE,"poly(3-hexylthiophene) could be parsed but OPSIN was unsure of the meaning of the words. This error will occur, by default, if a name is just a substituent",,,,repair,drop_substituted,True,poly(3-hexylthiophene),False,,,,,,,,,,,,,,,,
443,dp3ht,poly(3-hexylthiophene),poly(3-hexylthiophene),poly(3-hexylthiophene),False,False,False,opsin_repair,,False,tidy_punct,,FAILURE,"poly(3-hexylthiophene) could be parsed but OPSIN was unsure of the meaning of the words. This error will occur, by default, if a name is just a substituent",,,,repair,tidy_punct,True,poly(3-hexylthiophene),False,,,,,,,,,,,,,,,,
443,dp3ht,poly(3-hexylthiophene),poly 3-hexylthiophene,poly(3-hexylthiophene),False,False,False,fallback,TEXT_FALLBACK,False,no parse,,,,,,,,,True,,False,,,,,,,,,,,,,,,,
443,dp3ht,poly(3-hexylthiophene),poly 3-hexylthiophene,poly(3-hexylthiophene),False,False,False,opsin_direct,,False,,,FAILURE,"poly(3-hexylthiophene) could be parsed but OPSIN was unsure of the meaning of the words. This error will occur, by default, if a name is just a substituent",,,,direct,,True,poly(3-hexylthiophene),False,,,,,,,,,,,,,,,,
443,dp3ht,poly(3-hexylthiophene),poly(3-hexylthiophene),poly(3-hexylthiophene),False,False,False,opsin_repair,,False,drop_descriptors,,FAILURE,"poly(3-hexylthiophene) could be parsed but OPSIN was unsure of the meaning of the words. This error will occur, by default, if a name is just a substituent",,,,repair,drop_descriptors,True,poly(3-hexylthiophene),False,,,,,,,,,,,,,,,,
443,dp3ht,poly(3-hexylthiophene),poly(3-hexylthiophene),poly(3-hexylthiophene),False,False,False,opsin_repair,,False,drop_substituted,,FAILURE,"poly(3-hexylthiophene) could be parsed but OPSIN was unsure of the meaning of the words. This error will occur, by default, if a name is just a substituent",,,,repair,drop_substituted,True,poly(3-hexylthiophene),False,,,,,,,,,,,,,,,,
443,dp3ht,poly(3-hexylthiophene),poly(3-hexylthiophene),poly(3-hexylthiophene),False,False,False,opsin_repair,,False,tidy_punct,,FAILURE,"poly(3-hexylthiophene) could be parsed but OPSIN was unsure of the meaning of the words. This error will occur, by default, if a name is just a substituent",,,,repair,tidy_punct,True,poly(3-hexylthiophene),False,,,,,,,,,,,,,,,,
443,dp3ht,poly(3-hexylthiophene),poly 3-hexylthiophene,poly(3-hexylthiophene),False,False,False,fallback,TEXT_FALLBACK,False,no parse,,,,,,,,,True,,False,,,,,,,,,,,,,,,,
443,dp3ht,poly(3-hexylthiophene),poly 3-hexylthiophene,poly(3-hexylthiophene),False,False,False,opsin_direct,,False,,,FAILURE,"poly(3-hexylthiophene) could be parsed but OPSIN was unsure of the meaning of the words. This error will occur, by default, if a name is just a substituent",,,,direct,,True,poly(3-hexylthiophene),False,,,,,,,,,,,,,,,,
443,dp3ht,poly(3-hexylthiophene),poly(3-hexylthiophene),poly(3-hexylthiophene),False,False,False,opsin_repair,,False,drop_descriptors,,FAILURE,"poly(3-hexylthiophene) could be parsed but OPSIN was unsure of the meaning of the words. This error will occur, by default, if a name is just a substituent",,,,repair,drop_descriptors,True,poly(3-hexylthiophene),False,,,,,,,,,,,,,,,,
443,dp3ht,poly(3-hexylthiophene),poly(3-hexylthiophene),poly(3-hexylthiophene),False,False,False,opsin_repair,,False,drop_substituted,,FAILURE,"poly(3-hexylthiophene) could be parsed but OPSIN was unsure of the meaning of the words. This error will occur, by default, if a name is just a substituent",,,,repair,drop_substituted,True,poly(3-hexylthiophene),False,,,,,,,,,,,,,,,,
443,dp3ht,poly(3-hexylthiophene),poly(3-hexylthiophene),poly(3-hexylthiophene),False,False,False,opsin_repair,,False,tidy_punct,,FAILURE,"poly(3-hexylthiophene) could be parsed but OPSIN was unsure of the meaning of the words. This error will occur, by default, if a name is just a substituent",,,,repair,tidy_punct,True,poly(3-hexylthiophene),False,,,,,,,,,,,,,,,,
443,dp3ht,poly(3-hexylthiophene),poly 3-hexylthiophene,poly(3-hexylthiophene),False,False,False,fallback,TEXT_FALLBACK,False,no parse,,,,,,,,,True,,False,,,,,,,,,,,,,,,,
443,dp3ht,poly(3-hexylthiophene),poly 3-hexylthiophene,poly(3-hexylthiophene),False,False,False,opsin_direct,,False,,,FAILURE,"poly(3-hexylthiophene) could be parsed but OPSIN was unsure of the meaning of the words. This error will occur, by default, if a name is just a substituent",,,,direct,,True,poly(3-hexylthiophene),False,,,,,,,,,,,,,,,,
443,dp3ht,poly(3-hexylthiophene),poly(3-hexylthiophene),poly(3-hexylthiophene),False,False,False,opsin_repair,,False,drop_descriptors,,FAILURE,"poly(3-hexylthiophene) could be parsed but OPSIN was unsure of the meaning of the words. This error will occur, by default, if a name is just a substituent",,,,repair,drop_descriptors,True,poly(3-hexylthiophene),False,,,,,,,,,,,,,,,,
443,dp3ht,poly(3-hexylthiophene),poly(3-hexylthiophene),poly(3-hexylthiophene),False,False,False,opsin_repair,,False,drop_substituted,,FAILURE,"poly(3-hexylthiophene) could be parsed but OPSIN was unsure of the meaning of the words. This error will occur, by default, if a name is just a substituent",,,,repair,drop_substituted,True,poly(3-hexylthiophene),False,,,,,,,,,,,,,,,,
443,dp3ht,poly(3-hexylthiophene),poly(3-hexylthiophene),poly(3-hexylthiophene),False,False,False,opsin_repair,,False,tidy_punct,,FAILURE,"poly(3-hexylthiophene) could be parsed but OPSIN was unsure of the meaning of the words. This error will occur, by default, if a name is just a substituent",,,,repair,tidy_punct,True,poly(3-hexylthiophene),False,,,,,,,,,,,,,,,,
443,dp3ht,poly(3-hexylthiophene),poly 3-hexylthiophene,poly(3-hexylthiophene),False,False,False,fallback,TEXT_FALLBACK,False,no parse,,,,,,,,,True,,False,,,,,,,,,,,,,,,,
487,dppse-hd,selenium-substituted diketopyrrolopyrrole-based polymer,selenium- diketopyrrolopyrrole-based,selenium-substituted diketopyrrolopyrrole-based polymer,False,False,False,opsin_skip,NON_OPSIN_ELIGIBLE,False,ineligible,,,,,,,skip,eligibility,False,selenium-substituted diketopyrrolopyrrole-based polymer,False,,,,,,,,,,,,,,,,
487,dppse-od,selenium-substituted diketopyrrolopyrrole-based polymer,selenium- diketopyrrolopyrrole-based,selenium-substituted diketopyrrolopyrrole-based polymer,False,False,False,opsin_skip,NON_OPSIN_ELIGIBLE,False,ineligible,,,,,,,skip,eligibility,False,selenium-substituted diketopyrrolopyrrole-based polymer,False,,,,,,,,,,,,,,,,
487,dppse-dt,selenium-substituted diketopyrrolopyrrole-based polymer,selenium- diketopyrrolopyrrole-based,selenium-substituted diketopyrrolopyrrole-based polymer,False,False,False,opsin_skip,NON_OPSIN_ELIGIBLE,False,ineligible,,,,,,,skip,eligibility,False,selenium-substituted diketopyrrolopyrrole-based polymer,False,,,,,,,,,,,,,,,,
451,p3cpt,polythiophene,polythiophene,polythiophene,False,False,False,opsin_direct,,False,,,FAILURE,"polythiophene could be parsed but OPSIN was unsure of the meaning of the words. This error will occur, by default, if a name is just a substituent",,,,direct,,True,polythiophene,False,,,,,,,,,,,,,,,,
451,p3cpt,polythiophene,polythiophene,polythiophene,False,False,False,opsin_repair,,False,drop_descriptors,,FAILURE,"polythiophene could be parsed but OPSIN was unsure of the meaning of the words. This error will occur, by default, if a name is just a substituent",,,,repair,drop_descriptors,True,polythiophene,False,,,,,,,,,,,,,,,,
451,p3cpt,polythiophene,polythiophene,polythiophene,False,False,False,opsin_repair,,False,drop_substituted,,FAILURE,"polythiophene could be parsed but OPSIN was unsure of the meaning of the words. This error will occur, by default, if a name is just a substituent",,,,repair,drop_substituted,True,polythiophene,False,,,,,,,,,,,,,,,,
451,p3cpt,polythiophene,polythiophene,polythiophene,False,False,False,opsin_repair,,False,tidy_punct,,FAILURE,"polythiophene could be parsed but OPSIN was unsure of the meaning of the words. This error will occur, by default, if a name is just a substituent",,,,repair,tidy_punct,True,polythiophene,False,,,,,,,,,,,,,,,,
451,p3cpt,polythiophene,polythiophene,polythiophene,False,False,False,fallback,TEXT_FALLBACK,False,no parse,,,,,,,,,True,,False,,,,,,,,,,,,,,,,
451,p3kbt,polythiophene,polythiophene,polythiophene,False,False,False,opsin_direct,,False,,,FAILURE,"polythiophene could be parsed but OPSIN was unsure of the meaning of the words. This error will occur, by default, if a name is just a substituent",,,,direct,,True,polythiophene,False,,,,,,,,,,,,,,,,
451,p3kbt,polythiophene,polythiophene,polythiophene,False,False,False,opsin_repair,,False,drop_descriptors,,FAILURE,"polythiophene could be parsed but OPSIN was unsure of the meaning of the words. This error will occur, by default, if a name is just a substituent",,,,repair,drop_descriptors,True,polythiophene,False,,,,,,,,,,,,,,,,
451,p3kbt,polythiophene,polythiophene,polythiophene,False,False,False,opsin_repair,,False,drop_substituted,,FAILURE,"polythiophene could be parsed but OPSIN was unsure of the meaning of the words. This error will occur, by default, if a name is just a substituent",,,,repair,drop_substituted,True,polythiophene,False,,,,,,,,,,,,,,,,
451,p3kbt,polythiophene,polythiophene,polythiophene,False,False,False,opsin_repair,,False,tidy_punct,,FAILURE,"polythiophene could be parsed but OPSIN was unsure of the meaning of the words. This error will occur, by default, if a name is just a substituent",,,,repair,tidy_punct,True,polythiophene,False,,,,,,,,,,,,,,,,
451,p3kbt,polythiophene,polythiophene,polythiophene,False,False,False,fallback,TEXT_FALLBACK,False,no parse,,,,,,,,,True,,False,,,,,,,,,,,,,,,,
434,p(g1-dpp-bt),diketopyrrolopyrrole-based backbone with bithiophene donor,diketopyrrolopyrrole-based with bithiophene,diketopyrrolopyrrole-based backbone with bithiophene donor,False,False,False,opsin_skip,NON_OPSIN_ELIGIBLE,False,ineligible,,,,,,,skip,eligibility,False,diketopyrrolopyrrole-based backbone with bithiophene donor,False,,,,,,,,,,,,,,,,
434,p(g2-dpp-bt),diketopyrrolopyrrole-based backbone with bithiophene donor,diketopyrrolopyrrole-based with bithiophene,diketopyrrolopyrrole-based backbone with bithiophene donor,False,False,False,opsin_skip,NON_OPSIN_ELIGIBLE,False,ineligible,,,,,,,skip,eligibility,False,diketopyrrolopyrrole-based backbone with bithiophene donor,False,,,,,,,,,,,,,,,,
434,p(g1-dpp-tt),diketopyrrolopyrrole-based backbone with thienothiophene donor,diketopyrrolopyrrole-based with thienothiophene,diketopyrrolopyrrole-based backbone with thienothiophene donor,False,False,False,opsin_skip,NON_OPSIN_ELIGIBLE,False,ineligible,,,,,,,skip,eligibility,False,diketopyrrolopyrrole-based backbone with thienothiophene donor,False,,,,,,,,,,,,,,,,
434,p(g2-dpp-tt),diketopyrrolopyrrole-based backbone with thienothiophene donor,diketopyrrolopyrrole-based with thienothiophene,diketopyrrolopyrrole-based backbone with thienothiophene donor,False,False,False,opsin_skip,NON_OPSIN_ELIGIBLE,False,ineligible,,,,,,,skip,eligibility,False,diketopyrrolopyrrole-based backbone with thienothiophene donor,False,,,,,,,,,,,,,,,,
423,ppytdpp-tt,asymmetric thiophene/pyridine flanked dpp-tt,asymmetric thiophene/pyridine flanked dpp-tt,asymmetric thiophene/pyridine flanked dpp-tt,False,False,False,opsin_direct,,False,,,FAILURE,asymmetric thiophene/pyridine flanked dpp-tt is unparsable due to the following being uninterpretable: asymmetric thiophene/pyridine flanked dpp-tt The following was not parseable: asymmetric thiophene/pyridine flanked dpp-tt,,,,direct,,True,asymmetric thiophene/pyridine flanked dpp-tt,False,,,,,,,,,,,,,,,,
423,ppytdpp-tt,asymmetric thiophene/pyridine flanked dpp-tt,asymmetric thiophene/pyridine flanked dpp-tt,asymmetric thiophene/pyridine flanked dpp-tt,False,False,False,opsin_repair,,False,drop_descriptors,,FAILURE,asymmetric thiophene/pyridine flanked dpp-tt is unparsable due to the following being uninterpretable: asymmetric thiophene/pyridine flanked dpp-tt The following was not parseable: asymmetric thiophene/pyridine flanked dpp-tt,,,,repair,drop_descriptors,True,asymmetric thiophene/pyridine flanked dpp-tt,False,,,,,,,,,,,,,,,,
423,ppytdpp-tt,asymmetric thiophene/pyridine flanked dpp-tt,asymmetric thiophene/pyridine flanked dpp-tt,asymmetric thiophene/pyridine flanked dpp-tt,False,False,False,opsin_repair,,False,drop_substituted,,FAILURE,asymmetric thiophene/pyridine flanked dpp-tt is unparsable due to the following being uninterpretable: asymmetric thiophene/pyridine flanked dpp-tt The following was not parseable: asymmetric thiophene/pyridine flanked dpp-tt,,,,repair,drop_substituted,True,asymmetric thiophene/pyridine flanked dpp-tt,False,,,,,,,,,,,,,,,,
423,ppytdpp-tt,asymmetric thiophene/pyridine flanked dpp-tt,asymmetric thiophene/pyridine flanked dpp-tt,asymmetric thiophene/pyridine flanked dpp-tt,False,False,False,opsin_repair,,False,tidy_punct,,FAILURE,asymmetric thiophene/pyridine flanked dpp-tt is unparsable due to the following being uninterpretable: asymmetric thiophene/pyridine flanked dpp-tt The following was not parseable: asymmetric thiophene/pyridine flanked dpp-tt,,,,repair,tidy_punct,True,asymmetric thiophene/pyridine flanked dpp-tt,False,,,,,,,,,,,,,,,,
423,ppytdpp-tt,asymmetric thiophene/pyridine flanked dpp-tt,asymmetric thiophene/pyridine flanked dpp-tt,asymmetric thiophene/pyridine flanked dpp-tt,False,False,False,fallback,TEXT_FALLBACK,False,no parse,,,,,,,,,True,,False,,,,,,,,,,,,,,,,
423,ppytdpp-tt,,,n-alkyl,False,False,False,template_expand,,True,[OPSIN-PREPROC] raw='n-alkyl' -> preprocessed='n-alkyl',,,,,,,,,,,,,,,n-alkyl,n-alkyl,False,False,False,False,False,unknown,low,True,"[{""name"": ""n-alkyl"", ""count"": 1}]",,
423,ppytdpp-tt,,,n-alkyl,False,False,False,sidechain_preprocessed_opsin,,False,,,,,,,,,,,,,,,,n-alkyl,n-alkyl,False,False,False,False,True,,,,,,False
423,ppytdpp-bt,asymmetric thiophene/pyridine flanked dpp-bt,asymmetric thiophene/pyridine flanked dpp-bt,asymmetric thiophene/pyridine flanked dpp-bt,False,False,False,opsin_direct,,False,,,FAILURE,asymmetric thiophene/pyridine flanked dpp-bt is unparsable due to the following being uninterpretable: asymmetric thiophene/pyridine flanked dpp-bt The following was not parseable: asymmetric thiophene/pyridine flanked dpp-bt,,,,direct,,True,asymmetric thiophene/pyridine flanked dpp-bt,False,,,,,,,,,,,,,,,,
423,ppytdpp-bt,asymmetric thiophene/pyridine flanked dpp-bt,asymmetric thiophene/pyridine flanked dpp-bt,asymmetric thiophene/pyridine flanked dpp-bt,False,False,False,opsin_repair,,False,drop_descriptors,,FAILURE,asymmetric thiophene/pyridine flanked dpp-bt is unparsable due to the following being uninterpretable: asymmetric thiophene/pyridine flanked dpp-bt The following was not parseable: asymmetric thiophene/pyridine flanked dpp-bt,,,,repair,drop_descriptors,True,asymmetric thiophene/pyridine flanked dpp-bt,False,,,,,,,,,,,,,,,,
423,ppytdpp-bt,asymmetric thiophene/pyridine flanked dpp-bt,asymmetric thiophene/pyridine flanked dpp-bt,asymmetric thiophene/pyridine flanked dpp-bt,False,False,False,opsin_repair,,False,drop_substituted,,FAILURE,asymmetric thiophene/pyridine flanked dpp-bt is unparsable due to the following being uninterpretable: asymmetric thiophene/pyridine flanked dpp-bt The following was not parseable: asymmetric thiophene/pyridine flanked dpp-bt,,,,repair,drop_substituted,True,asymmetric thiophene/pyridine flanked dpp-bt,False,,,,,,,,,,,,,,,,
423,ppytdpp-bt,asymmetric thiophene/pyridine flanked dpp-bt,asymmetric thiophene/pyridine flanked dpp-bt,asymmetric thiophene/pyridine flanked dpp-bt,False,False,False,opsin_repair,,False,tidy_punct,,FAILURE,asymmetric thiophene/pyridine flanked dpp-bt is unparsable due to the following being uninterpretable: asymmetric thiophene/pyridine flanked dpp-bt The following was not parseable: asymmetric thiophene/pyridine flanked dpp-bt,,,,repair,tidy_punct,True,asymmetric thiophene/pyridine flanked dpp-bt,False,,,,,,,,,,,,,,,,
423,ppytdpp-bt,asymmetric thiophene/pyridine flanked dpp-bt,asymmetric thiophene/pyridine flanked dpp-bt,asymmetric thiophene/pyridine flanked dpp-bt,False,False,False,fallback,TEXT_FALLBACK,False,no parse,,,,,,,,,True,,False,,,,,,,,,,,,,,,,
423,ppytdpp-bt,,,n-alkyl,False,False,False,template_expand,,True,[OPSIN-PREPROC] raw='n-alkyl' -> preprocessed='n-alkyl',,,,,,,,,,,,,,,n-alkyl,n-alkyl,False,False,False,False,False,unknown,low,True,"[{""name"": ""n-alkyl"", ""count"": 1}]",,
423,ppytdpp-bt,,,n-alkyl,False,False,False,sidechain_preprocessed_opsin,,False,,,,,,,,,,,,,,,,n-alkyl,n-alkyl,False,False,False,False,True,,,,,,False
423,ppytdpp-tt,asymmetric thiophene/pyridine flanked dpp-tt,asymmetric thiophene/pyridine flanked dpp-tt,asymmetric thiophene/pyridine flanked dpp-tt,False,False,False,opsin_direct,,False,,,FAILURE,asymmetric thiophene/pyridine flanked dpp-tt is unparsable due to the following being uninterpretable: asymmetric thiophene/pyridine flanked dpp-tt The following was not parseable: asymmetric thiophene/pyridine flanked dpp-tt,,,,direct,,True,asymmetric thiophene/pyridine flanked dpp-tt,False,,,,,,,,,,,,,,,,
423,ppytdpp-tt,asymmetric thiophene/pyridine flanked dpp-tt,asymmetric thiophene/pyridine flanked dpp-tt,asymmetric thiophene/pyridine flanked dpp-tt,False,False,False,opsin_repair,,False,drop_descriptors,,FAILURE,asymmetric thiophene/pyridine flanked dpp-tt is unparsable due to the following being uninterpretable: asymmetric thiophene/pyridine flanked dpp-tt The following was not parseable: asymmetric thiophene/pyridine flanked dpp-tt,,,,repair,drop_descriptors,True,asymmetric thiophene/pyridine flanked dpp-tt,False,,,,,,,,,,,,,,,,
423,ppytdpp-tt,asymmetric thiophene/pyridine flanked dpp-tt,asymmetric thiophene/pyridine flanked dpp-tt,asymmetric thiophene/pyridine flanked dpp-tt,False,False,False,opsin_repair,,False,drop_substituted,,FAILURE,asymmetric thiophene/pyridine flanked dpp-tt is unparsable due to the following being uninterpretable: asymmetric thiophene/pyridine flanked dpp-tt The following was not parseable: asymmetric thiophene/pyridine flanked dpp-tt,,,,repair,drop_substituted,True,asymmetric thiophene/pyridine flanked dpp-tt,False,,,,,,,,,,,,,,,,
423,ppytdpp-tt,asymmetric thiophene/pyridine flanked dpp-tt,asymmetric thiophene/pyridine flanked dpp-tt,asymmetric thiophene/pyridine flanked dpp-tt,False,False,False,opsin_repair,,False,tidy_punct,,FAILURE,asymmetric thiophene/pyridine flanked dpp-tt is unparsable due to the following being uninterpretable: asymmetric thiophene/pyridine flanked dpp-tt The following was not parseable: asymmetric thiophene/pyridine flanked dpp-tt,,,,repair,tidy_punct,True,asymmetric thiophene/pyridine flanked dpp-tt,False,,,,,,,,,,,,,,,,
423,ppytdpp-tt,asymmetric thiophene/pyridine flanked dpp-tt,asymmetric thiophene/pyridine flanked dpp-tt,asymmetric thiophene/pyridine flanked dpp-tt,False,False,False,fallback,TEXT_FALLBACK,False,no parse,,,,,,,,,True,,False,,,,,,,,,,,,,,,,
423,ppytdpp-tt,,,n-alkyl,False,False,False,template_expand,,True,[OPSIN-PREPROC] raw='n-alkyl' -> preprocessed='n-alkyl',,,,,,,,,,,,,,,n-alkyl,n-alkyl,False,False,False,False,False,unknown,low,True,"[{""name"": ""n-alkyl"", ""count"": 1}]",,
423,ppytdpp-tt,,,n-alkyl,False,False,False,sidechain_preprocessed_opsin,,False,,,,,,,,,,,,,,,,n-alkyl,n-alkyl,False,False,False,False,True,,,,,,False
423,ppytdpp-tt,asymmetric thiophene/pyridine flanked dpp-tt,asymmetric thiophene/pyridine flanked dpp-tt,asymmetric thiophene/pyridine flanked dpp-tt,False,False,False,opsin_direct,,False,,,FAILURE,asymmetric thiophene/pyridine flanked dpp-tt is unparsable due to the following being uninterpretable: asymmetric thiophene/pyridine flanked dpp-tt The following was not parseable: asymmetric thiophene/pyridine flanked dpp-tt,,,,direct,,True,asymmetric thiophene/pyridine flanked dpp-tt,False,,,,,,,,,,,,,,,,
423,ppytdpp-tt,asymmetric thiophene/pyridine flanked dpp-tt,asymmetric thiophene/pyridine flanked dpp-tt,asymmetric thiophene/pyridine flanked dpp-tt,False,False,False,opsin_repair,,False,drop_descriptors,,FAILURE,asymmetric thiophene/pyridine flanked dpp-tt is unparsable due to the following being uninterpretable: asymmetric thiophene/pyridine flanked dpp-tt The following was not parseable: asymmetric thiophene/pyridine flanked dpp-tt,,,,repair,drop_descriptors,True,asymmetric thiophene/pyridine flanked dpp-tt,False,,,,,,,,,,,,,,,,
423,ppytdpp-tt,asymmetric thiophene/pyridine flanked dpp-tt,asymmetric thiophene/pyridine flanked dpp-tt,asymmetric thiophene/pyridine flanked dpp-tt,False,False,False,opsin_repair,,False,drop_substituted,,FAILURE,asymmetric thiophene/pyridine flanked dpp-tt is unparsable due to the following being uninterpretable: asymmetric thiophene/pyridine flanked dpp-tt The following was not parseable: asymmetric thiophene/pyridine flanked dpp-tt,,,,repair,drop_substituted,True,asymmetric thiophene/pyridine flanked dpp-tt,False,,,,,,,,,,,,,,,,
423,ppytdpp-tt,asymmetric thiophene/pyridine flanked dpp-tt,asymmetric thiophene/pyridine flanked dpp-tt,asymmetric thiophene/pyridine flanked dpp-tt,False,False,False,opsin_repair,,False,tidy_punct,,FAILURE,asymmetric thiophene/pyridine flanked dpp-tt is unparsable due to the following being uninterpretable: asymmetric thiophene/pyridine flanked dpp-tt The following was not parseable: asymmetric thiophene/pyridine flanked dpp-tt,,,,repair,tidy_punct,True,asymmetric thiophene/pyridine flanked dpp-tt,False,,,,,,,,,,,,,,,,
423,ppytdpp-tt,asymmetric thiophene/pyridine flanked dpp-tt,asymmetric thiophene/pyridine flanked dpp-tt,asymmetric thiophene/pyridine flanked dpp-tt,False,False,False,fallback,TEXT_FALLBACK,False,no parse,,,,,,,,,True,,False,,,,,,,,,,,,,,,,
423,ppytdpp-tt,,,n-alkyl,False,False,False,template_expand,,True,[OPSIN-PREPROC] raw='n-alkyl' -> preprocessed='n-alkyl',,,,,,,,,,,,,,,n-alkyl,n-alkyl,False,False,False,False,False,unknown,low,True,"[{""name"": ""n-alkyl"", ""count"": 1}]",,
423,ppytdpp-tt,,,n-alkyl,False,False,False,sidechain_preprocessed_opsin,,False,,,,,,,,,,,,,,,,n-alkyl,n-alkyl,False,False,False,False,True,,,,,,False
423,ppytdpp-bt,asymmetric thiophene/pyridine flanked dpp-bt,asymmetric thiophene/pyridine flanked dpp-bt,asymmetric thiophene/pyridine flanked dpp-bt,False,False,False,opsin_direct,,False,,,FAILURE,asymmetric thiophene/pyridine flanked dpp-bt is unparsable due to the following being uninterpretable: asymmetric thiophene/pyridine flanked dpp-bt The following was not parseable: asymmetric thiophene/pyridine flanked dpp-bt,,,,direct,,True,asymmetric thiophene/pyridine flanked dpp-bt,False,,,,,,,,,,,,,,,,
423,ppytdpp-bt,asymmetric thiophene/pyridine flanked dpp-bt,asymmetric thiophene/pyridine flanked dpp-bt,asymmetric thiophene/pyridine flanked dpp-bt,False,False,False,opsin_repair,,False,drop_descriptors,,FAILURE,asymmetric thiophene/pyridine flanked dpp-bt is unparsable due to the following being uninterpretable: asymmetric thiophene/pyridine flanked dpp-bt The following was not parseable: asymmetric thiophene/pyridine flanked dpp-bt,,,,repair,drop_descriptors,True,asymmetric thiophene/pyridine flanked dpp-bt,False,,,,,,,,,,,,,,,,
423,ppytdpp-bt,asymmetric thiophene/pyridine flanked dpp-bt,asymmetric thiophene/pyridine flanked dpp-bt,asymmetric thiophene/pyridine flanked dpp-bt,False,False,False,opsin_repair,,False,drop_substituted,,FAILURE,asymmetric thiophene/pyridine flanked dpp-bt is unparsable due to the following being uninterpretable: asymmetric thiophene/pyridine flanked dpp-bt The following was not parseable: asymmetric thiophene/pyridine flanked dpp-bt,,,,repair,drop_substituted,True,asymmetric thiophene/pyridine flanked dpp-bt,False,,,,,,,,,,,,,,,,
423,ppytdpp-bt,asymmetric thiophene/pyridine flanked dpp-bt,asymmetric thiophene/pyridine flanked dpp-bt,asymmetric thiophene/pyridine flanked dpp-bt,False,False,False,opsin_repair,,False,tidy_punct,,FAILURE,asymmetric thiophene/pyridine flanked dpp-bt is unparsable due to the following being uninterpretable: asymmetric thiophene/pyridine flanked dpp-bt The following was not parseable: asymmetric thiophene/pyridine flanked dpp-bt,,,,repair,tidy_punct,True,asymmetric thiophene/pyridine flanked dpp-bt,False,,,,,,,,,,,,,,,,
423,ppytdpp-bt,asymmetric thiophene/pyridine flanked dpp-bt,asymmetric thiophene/pyridine flanked dpp-bt,asymmetric thiophene/pyridine flanked dpp-bt,False,False,False,fallback,TEXT_FALLBACK,False,no parse,,,,,,,,,True,,False,,,,,,,,,,,,,,,,
423,ppytdpp-bt,,,n-alkyl,False,False,False,template_expand,,True,[OPSIN-PREPROC] raw='n-alkyl' -> preprocessed='n-alkyl',,,,,,,,,,,,,,,n-alkyl,n-alkyl,False,False,False,False,False,unknown,low,True,"[{""name"": ""n-alkyl"", ""count"": 1}]",,
423,ppytdpp-bt,,,n-alkyl,False,False,False,sidechain_preprocessed_opsin,,False,,,,,,,,,,,,,,,,n-alkyl,n-alkyl,False,False,False,False,True,,,,,,False
423,ppytdpp-bt,asymmetric thiophene/pyridine flanked dpp-bt,asymmetric thiophene/pyridine flanked dpp-bt,asymmetric thiophene/pyridine flanked dpp-bt,False,False,False,opsin_direct,,False,,,FAILURE,asymmetric thiophene/pyridine flanked dpp-bt is unparsable due to the following being uninterpretable: asymmetric thiophene/pyridine flanked dpp-bt The following was not parseable: asymmetric thiophene/pyridine flanked dpp-bt,,,,direct,,True,asymmetric thiophene/pyridine flanked dpp-bt,False,,,,,,,,,,,,,,,,
423,ppytdpp-bt,asymmetric thiophene/pyridine flanked dpp-bt,asymmetric thiophene/pyridine flanked dpp-bt,asymmetric thiophene/pyridine flanked dpp-bt,False,False,False,opsin_repair,,False,drop_descriptors,,FAILURE,asymmetric thiophene/pyridine flanked dpp-bt is unparsable due to the following being uninterpretable: asymmetric thiophene/pyridine flanked dpp-bt The following was not parseable: asymmetric thiophene/pyridine flanked dpp-bt,,,,repair,drop_descriptors,True,asymmetric thiophene/pyridine flanked dpp-bt,False,,,,,,,,,,,,,,,,
423,ppytdpp-bt,asymmetric thiophene/pyridine flanked dpp-bt,asymmetric thiophene/pyridine flanked dpp-bt,asymmetric thiophene/pyridine flanked dpp-bt,False,False,False,opsin_repair,,False,drop_substituted,,FAILURE,asymmetric thiophene/pyridine flanked dpp-bt is unparsable due to the following being uninterpretable: asymmetric thiophene/pyridine flanked dpp-bt The following was not parseable: asymmetric thiophene/pyridine flanked dpp-bt,,,,repair,drop_substituted,True,asymmetric thiophene/pyridine flanked dpp-bt,False,,,,,,,,,,,,,,,,
423,ppytdpp-bt,asymmetric thiophene/pyridine flanked dpp-bt,asymmetric thiophene/pyridine flanked dpp-bt,asymmetric thiophene/pyridine flanked dpp-bt,False,False,False,opsin_repair,,False,tidy_punct,,FAILURE,asymmetric thiophene/pyridine flanked dpp-bt is unparsable due to the following being uninterpretable: asymmetric thiophene/pyridine flanked dpp-bt The following was not parseable: asymmetric thiophene/pyridine flanked dpp-bt,,,,repair,tidy_punct,True,asymmetric thiophene/pyridine flanked dpp-bt,False,,,,,,,,,,,,,,,,
423,ppytdpp-bt,asymmetric thiophene/pyridine flanked dpp-bt,asymmetric thiophene/pyridine flanked dpp-bt,asymmetric thiophene/pyridine flanked dpp-bt,False,False,False,fallback,TEXT_FALLBACK,False,no parse,,,,,,,,,True,,False,,,,,,,,,,,,,,,,
423,ppytdpp-bt,,,n-alkyl,False,False,False,template_expand,,True,[OPSIN-PREPROC] raw='n-alkyl' -> preprocessed='n-alkyl',,,,,,,,,,,,,,,n-alkyl,n-alkyl,False,False,False,False,False,unknown,low,True,"[{""name"": ""n-alkyl"", ""count"": 1}]",,
423,ppytdpp-bt,,,n-alkyl,False,False,False,sidechain_preprocessed_opsin,,False,,,,,,,,,,,,,,,,n-alkyl,n-alkyl,False,False,False,False,True,,,,,,False
457,p3ht,nonfused thiophene backbone,nonfused thiophene,nonfused thiophene backbone,False,False,False,opsin_direct,,False,,,FAILURE,nonfused thiophene backbone is unparsable due to the following being uninterpretable: nonfused thiophene backbone The following was not parseable: fused thiophene backbone,,,,direct,,True,nonfused thiophene backbone,False,,,,,,,,,,,,,,,,
457,p3ht,nonfused thiophene backbone,nonfused thiophene backbone,nonfused thiophene backbone,False,False,False,opsin_repair,,False,drop_descriptors,,FAILURE,nonfused thiophene backbone is unparsable due to the following being uninterpretable: nonfused thiophene backbone The following was not parseable: fused thiophene backbone,,,,repair,drop_descriptors,True,nonfused thiophene backbone,False,,,,,,,,,,,,,,,,
457,p3ht,nonfused thiophene backbone,nonfused thiophene backbone,nonfused thiophene backbone,False,False,False,opsin_repair,,False,drop_substituted,,FAILURE,nonfused thiophene backbone is unparsable due to the following being uninterpretable: nonfused thiophene backbone The following was not parseable: fused thiophene backbone,,,,repair,drop_substituted,True,nonfused thiophene backbone,False,,,,,,,,,,,,,,,,
457,p3ht,nonfused thiophene backbone,nonfused thiophene backbone,nonfused thiophene backbone,False,False,False,opsin_repair,,False,tidy_punct,,FAILURE,nonfused thiophene backbone is unparsable due to the following being uninterpretable: nonfused thiophene backbone The following was not parseable: fused thiophene backbone,,,,repair,tidy_punct,True,nonfused thiophene backbone,False,,,,,,,,,,,,,,,,
457,p3ht,nonfused thiophene backbone,nonfused thiophene,nonfused thiophene backbone,False,False,False,fallback,TEXT_FALLBACK,False,no parse,,,,,,,,,True,,False,,,,,,,,,,,,,,,,
457,p3ht,,,hexyl,False,False,False,template_expand,,True,[OPSIN-PREPROC] raw='c6' -> preprocessed='hexyl',,,,,,,,,,,,,,,c6,hexyl,False,False,False,False,False,unknown,low,True,"[{""name"": ""c6"", ""count"": 1}]",,
457,p3ht,,,hexyl,False,False,False,sidechain_length,ALKYL_LENGTH,True,,CCCCCC,,,,,,,,,,,,,,c6,hexyl,False,False,False,False,False,,,,,,
457,p20,nonfused thiophene backbone,nonfused thiophene,nonfused thiophene backbone,False,False,False,opsin_direct,,False,,,FAILURE,nonfused thiophene backbone is unparsable due to the following being uninterpretable: nonfused thiophene backbone The following was not parseable: fused thiophene backbone,,,,direct,,True,nonfused thiophene backbone,False,,,,,,,,,,,,,,,,
457,p20,nonfused thiophene backbone,nonfused thiophene backbone,nonfused thiophene backbone,False,False,False,opsin_repair,,False,drop_descriptors,,FAILURE,nonfused thiophene backbone is unparsable due to the following being uninterpretable: nonfused thiophene backbone The following was not parseable: fused thiophene backbone,,,,repair,drop_descriptors,True,nonfused thiophene backbone,False,,,,,,,,,,,,,,,,
457,p20,nonfused thiophene backbone,nonfused thiophene backbone,nonfused thiophene backbone,False,False,False,opsin_repair,,False,drop_substituted,,FAILURE,nonfused thiophene backbone is unparsable due to the following being uninterpretable: nonfused thiophene backbone The following was not parseable: fused thiophene backbone,,,,repair,drop_substituted,True,nonfused thiophene backbone,False,,,,,,,,,,,,,,,,
457,p20,nonfused thiophene backbone,nonfused thiophene backbone,nonfused thiophene backbone,False,False,False,opsin_repair,,False,tidy_punct,,FAILURE,nonfused thiophene backbone is unparsable due to the following being uninterpretable: nonfused thiophene backbone The following was not parseable: fused thiophene backbone,,,,repair,tidy_punct,True,nonfused thiophene backbone,False,,,,,,,,,,,,,,,,
457,p20,nonfused thiophene backbone,nonfused thiophene,nonfused thiophene backbone,False,False,False,fallback,TEXT_FALLBACK,False,no parse,,,,,,,,,True,,False,,,,,,,,,,,,,,,,
457,p20,,,hexylandethylenethoxyethyllycol s-yl,False,False,False,template_expand,,True,[OPSIN-PREPROC] raw='c6andc2eneglycolsidechains' -> preprocessed='hexylandethylenethoxyethyllycol s-yl',,,,,,,,,,,,,,,c6andc2eneglycolsidechains,hexylandethylenethoxyethyllycol s-yl,False,False,True,False,False,unknown,low,True,"[{""name"": ""c6andc2eneglycolsidechains"", ""count"": 1}]",,
457,p20,,,hexylandethylenethoxyethyllycol s-yl,False,False,False,sidechain_length,ALKYL_LENGTH,True,,CC,,,,,,,,,,,,,,c6andc2eneglycolsidechains,hexylandethylenethoxyethyllycol s-yl,False,False,True,False,False,,,,,,
457,p50,nonfused thiophene backbone,nonfused thiophene,nonfused thiophene backbone,False,False,False,opsin_direct,,False,,,FAILURE,nonfused thiophene backbone is unparsable due to the following being uninterpretable: nonfused thiophene backbone The following was not parseable: fused thiophene backbone,,,,direct,,True,nonfused thiophene backbone,False,,,,,,,,,,,,,,,,
457,p50,nonfused thiophene backbone,nonfused thiophene backbone,nonfused thiophene backbone,False,False,False,opsin_repair,,False,drop_descriptors,,FAILURE,nonfused thiophene backbone is unparsable due to the following being uninterpretable: nonfused thiophene backbone The following was not parseable: fused thiophene backbone,,,,repair,drop_descriptors,True,nonfused thiophene backbone,False,,,,,,,,,,,,,,,,
457,p50,nonfused thiophene backbone,nonfused thiophene backbone,nonfused thiophene backbone,False,False,False,opsin_repair,,False,drop_substituted,,FAILURE,nonfused thiophene backbone is unparsable due to the following being uninterpretable: nonfused thiophene backbone The following was not parseable: fused thiophene backbone,,,,repair,drop_substituted,True,nonfused thiophene backbone,False,,,,,,,,,,,,,,,,
457,p50,nonfused thiophene backbone,nonfused thiophene backbone,nonfused thiophene backbone,False,False,False,opsin_repair,,False,tidy_punct,,FAILURE,nonfused thiophene backbone is unparsable due to the following being uninterpretable: nonfused thiophene backbone The following was not parseable: fused thiophene backbone,,,,repair,tidy_punct,True,nonfused thiophene backbone,False,,,,,,,,,,,,,,,,
457,p50,nonfused thiophene backbone,nonfused thiophene,nonfused thiophene backbone,False,False,False,fallback,TEXT_FALLBACK,False,no parse,,,,,,,,,True,,False,,,,,,,,,,,,,,,,
457,p50,,,hexylandethylenethoxyethyllycol s-yl,False,False,False,template_expand,,True,[OPSIN-PREPROC] raw='c6andc2eneglycolsidechains' -> preprocessed='hexylandethylenethoxyethyllycol s-yl',,,,,,,,,,,,,,,c6andc2eneglycolsidechains,hexylandethylenethoxyethyllycol s-yl,False,False,True,False,False,unknown,low,True,"[{""name"": ""c6andc2eneglycolsidechains"", ""count"": 1}]",,
457,p50,,,hexylandethylenethoxyethyllycol s-yl,False,False,False,sidechain_length,ALKYL_LENGTH,True,,CC,,,,,,,,,,,,,,c6andc2eneglycolsidechains,hexylandethylenethoxyethyllycol s-yl,False,False,True,False,False,,,,,,
459,ptdpp-dt,dpp-bithiophene donor–acceptor backbone,dpp-bithiophene -,dpp-bithiophene donor-acceptor backbone,False,False,False,opsin_direct,,False,,,FAILURE,dpp-bithiophene donor-acceptor backbone is unparsable due to the following being uninterpretable: dpp-bithiophene donor-acceptor backbone The following was not parseable: pp-bithiophene donor-acceptor backbone,,,,direct,,True,dpp-bithiophene donor-acceptor backbone,True,fused_ring_prime_0_to_quote,dpp-bithiophene donor–acceptor backbone,dpp-bithiophene donor-acceptor backbone,,,,,,,,,,,,,
459,ptdpp-dt,dpp-bithiophene donor–acceptor backbone,dpp-bithiophene - backbone,dpp-bithiophene - backbone,False,False,False,opsin_repair,,False,drop_descriptors,,FAILURE,dpp-bithiophene - backbone is unparsable due to the following being uninterpretable: dpp-bithiophene - backbone The following was not parseable: pp-bithiophene - backbone,,,,repair,drop_descriptors,True,dpp-bithiophene - backbone,False,,,,,,,,,,,,,,,,
459,ptdpp-dt,dpp-bithiophene donor–acceptor backbone,dpp-bithiophene - backbone,dpp-bithiophene - backbone,False,False,False,opsin_repair,,False,drop_substituted,,FAILURE,dpp-bithiophene - backbone is unparsable due to the following being uninterpretable: dpp-bithiophene - backbone The following was not parseable: pp-bithiophene - backbone,,,,repair,drop_substituted,True,dpp-bithiophene - backbone,False,,,,,,,,,,,,,,,,
459,ptdpp-dt,dpp-bithiophene donor–acceptor backbone,dpp-bithiophene - backbone,dpp-bithiophene - backbone,False,False,False,opsin_repair,,False,tidy_punct,,FAILURE,dpp-bithiophene - backbone is unparsable due to the following being uninterpretable: dpp-bithiophene - backbone The following was not parseable: pp-bithiophene - backbone,,,,repair,tidy_punct,True,dpp-bithiophene - backbone,False,,,,,,,,,,,,,,,,
459,ptdpp-dt,dpp-bithiophene donor–acceptor backbone,dpp-bithiophene -,dpp-bithiophene donor-acceptor backbone,False,False,False,fallback,TEXT_FALLBACK,False,no parse,,,,,,,,,True,,False,,,,,,,,,,,,,,,,
459,ptii-dt,isoindigo-bithiophene donor–acceptor backbone,isoindigo-bithiophene -,isoindigo-bithiophene donor-acceptor backbone,False,False,False,opsin_direct,,False,,,FAILURE,isoindigo-bithiophene donor-acceptor backbone is unparsable due to the following being uninterpretable: isoindigo-bithiophene donor-acceptor backbone The following was not parseable: indigo-bithiophene donor-acceptor backbone,,,,direct,,True,isoindigo-bithiophene donor-acceptor backbone,True,fused_ring_prime_0_to_quote,isoindigo-bithiophene donor–acceptor backbone,isoindigo-bithiophene donor-acceptor backbone,,,,,,,,,,,,,
459,ptii-dt,isoindigo-bithiophene donor–acceptor backbone,isoindigo-bithiophene - backbone,isoindigo-bithiophene - backbone,False,False,False,opsin_repair,,False,drop_descriptors,,FAILURE,isoindigo-bithiophene - backbone is unparsable due to the following being uninterpretable: isoindigo-bithiophene - backbone The following was not parseable: indigo-bithiophene - backbone,,,,repair,drop_descriptors,True,isoindigo-bithiophene - backbone,False,,,,,,,,,,,,,,,,
459,ptii-dt,isoindigo-bithiophene donor–acceptor backbone,isoindigo-bithiophene - backbone,isoindigo-bithiophene - backbone,False,False,False,opsin_repair,,False,drop_substituted,,FAILURE,isoindigo-bithiophene - backbone is unparsable due to the following being uninterpretable: isoindigo-bithiophene - backbone The following was not parseable: indigo-bithiophene - backbone,,,,repair,drop_substituted,True,isoindigo-bithiophene - backbone,False,,,,,,,,,,,,,,,,
459,ptii-dt,isoindigo-bithiophene donor–acceptor backbone,isoindigo-bithiophene - backbone,isoindigo-bithiophene - backbone,False,False,False,opsin_repair,,False,tidy_punct,,FAILURE,isoindigo-bithiophene - backbone is unparsable due to the following being uninterpretable: isoindigo-bithiophene - backbone The following was not parseable: indigo-bithiophene - backbone,,,,repair,tidy_punct,True,isoindigo-bithiophene - backbone,False,,,,,,,,,,,,,,,,
459,ptii-dt,isoindigo-bithiophene donor–acceptor backbone,isoindigo-bithiophene -,isoindigo-bithiophene donor-acceptor backbone,False,False,False,fallback,TEXT_FALLBACK,False,no parse,,,,,,,,,True,,False,,,,,,,,,,,,,,,,
459,ptdpp-dt,dpp-bithiophene donor–acceptor backbone,dpp-bithiophene -,dpp-bithiophene donor-acceptor backbone,False,False,False,opsin_direct,,False,,,FAILURE,dpp-bithiophene donor-acceptor backbone is unparsable due to the following being uninterpretable: dpp-bithiophene donor-acceptor backbone The following was not parseable: pp-bithiophene donor-acceptor backbone,,,,direct,,True,dpp-bithiophene donor-acceptor backbone,True,fused_ring_prime_0_to_quote,dpp-bithiophene donor–acceptor backbone,dpp-bithiophene donor-acceptor backbone,,,,,,,,,,,,,
459,ptdpp-dt,dpp-bithiophene donor–acceptor backbone,dpp-bithiophene - backbone,dpp-bithiophene - backbone,False,False,False,opsin_repair,,False,drop_descriptors,,FAILURE,dpp-bithiophene - backbone is unparsable due to the following being uninterpretable: dpp-bithiophene - backbone The following was not parseable: pp-bithiophene - backbone,,,,repair,drop_descriptors,True,dpp-bithiophene - backbone,False,,,,,,,,,,,,,,,,
459,ptdpp-dt,dpp-bithiophene donor–acceptor backbone,dpp-bithiophene - backbone,dpp-bithiophene - backbone,False,False,False,opsin_repair,,False,drop_substituted,,FAILURE,dpp-bithiophene - backbone is unparsable due to the following being uninterpretable: dpp-bithiophene - backbone The following was not parseable: pp-bithiophene - backbone,,,,repair,drop_substituted,True,dpp-bithiophene - backbone,False,,,,,,,,,,,,,,,,
459,ptdpp-dt,dpp-bithiophene donor–acceptor backbone,dpp-bithiophene - backbone,dpp-bithiophene - backbone,False,False,False,opsin_repair,,False,tidy_punct,,FAILURE,dpp-bithiophene - backbone is unparsable due to the following being uninterpretable: dpp-bithiophene - backbone The following was not parseable: pp-bithiophene - backbone,,,,repair,tidy_punct,True,dpp-bithiophene - backbone,False,,,,,,,,,,,,,,,,
459,ptdpp-dt,dpp-bithiophene donor–acceptor backbone,dpp-bithiophene -,dpp-bithiophene donor-acceptor backbone,False,False,False,fallback,TEXT_FALLBACK,False,no parse,,,,,,,,,True,,False,,,,,,,,,,,,,,,,
459,ptii-dt,isoindigo-bithiophene donor–acceptor backbone,isoindigo-bithiophene -,isoindigo-bithiophene donor-acceptor backbone,False,False,False,opsin_direct,,False,,,FAILURE,isoindigo-bithiophene donor-acceptor backbone is unparsable due to the following being uninterpretable: isoindigo-bithiophene donor-acceptor backbone The following was not parseable: indigo-bithiophene donor-acceptor backbone,,,,direct,,True,isoindigo-bithiophene donor-acceptor backbone,True,fused_ring_prime_0_to_quote,isoindigo-bithiophene donor–acceptor backbone,isoindigo-bithiophene donor-acceptor backbone,,,,,,,,,,,,,
459,ptii-dt,isoindigo-bithiophene donor–acceptor backbone,isoindigo-bithiophene - backbone,isoindigo-bithiophene - backbone,False,False,False,opsin_repair,,False,drop_descriptors,,FAILURE,isoindigo-bithiophene - backbone is unparsable due to the following being uninterpretable: isoindigo-bithiophene - backbone The following was not parseable: indigo-bithiophene - backbone,,,,repair,drop_descriptors,True,isoindigo-bithiophene - backbone,False,,,,,,,,,,,,,,,,
459,ptii-dt,isoindigo-bithiophene donor–acceptor backbone,isoindigo-bithiophene - backbone,isoindigo-bithiophene - backbone,False,False,False,opsin_repair,,False,drop_substituted,,FAILURE,isoindigo-bithiophene - backbone is unparsable due to the following being uninterpretable: isoindigo-bithiophene - backbone The following was not parseable: indigo-bithiophene - backbone,,,,repair,drop_substituted,True,isoindigo-bithiophene - backbone,False,,,,,,,,,,,,,,,,
459,ptii-dt,isoindigo-bithiophene donor–acceptor backbone,isoindigo-bithiophene - backbone,isoindigo-bithiophene - backbone,False,False,False,opsin_repair,,False,tidy_punct,,FAILURE,isoindigo-bithiophene - backbone is unparsable due to the following being uninterpretable: isoindigo-bithiophene - backbone The following was not parseable: indigo-bithiophene - backbone,,,,repair,tidy_punct,True,isoindigo-bithiophene - backbone,False,,,,,,,,,,,,,,,,
459,ptii-dt,isoindigo-bithiophene donor–acceptor backbone,isoindigo-bithiophene -,isoindigo-bithiophene donor-acceptor backbone,False,False,False,fallback,TEXT_FALLBACK,False,no parse,,,,,,,,,True,,False,,,,,,,,,,,,,,,,
490,ptz-5-dpp,"3,6-di(thiazol-5-yl)-diketopyrrolopyrrole",3 6-di thiazol-5-yl -diketopyrrolopyrrole,"3,6-di(thiazol-5-yl)-diketopyrrolopyrrole",False,False,False,opsin_direct,,False,,,FAILURE,Failed to assign all double bonds! (Check that indicated hydrogens have been appropriately specified),,,,direct,,True,"3,6-di(thiazol-5-yl)-diketopyrrolopyrrole",False,,,,,,,,,,,,,,,,
490,ptz-5-dpp,"3,6-di(thiazol-5-yl)-diketopyrrolopyrrole","3,6-di(thiazol-5-yl)-diketopyrrolopyrrole","3,6-di(thiazol-5-yl)-diketopyrrolopyrrole",False,False,False,opsin_repair,,False,drop_descriptors,,FAILURE,Failed to assign all double bonds! (Check that indicated hydrogens have been appropriately specified),,,,repair,drop_descriptors,True,"3,6-di(thiazol-5-yl)-diketopyrrolopyrrole",False,,,,,,,,,,,,,,,,
490,ptz-5-dpp,"3,6-di(thiazol-5-yl)-diketopyrrolopyrrole","3,6-di(thiazol-5-yl)-diketopyrrolopyrrole","3,6-di(thiazol-5-yl)-diketopyrrolopyrrole",False,False,False,opsin_repair,,False,drop_substituted,,FAILURE,Failed to assign all double bonds! (Check that indicated hydrogens have been appropriately specified),,,,repair,drop_substituted,True,"3,6-di(thiazol-5-yl)-diketopyrrolopyrrole",False,,,,,,,,,,,,,,,,
490,ptz-5-dpp,"3,6-di(thiazol-5-yl)-diketopyrrolopyrrole","3,6-di(thiazol-5-yl)-diketopyrrolopyrrole","3,6-di(thiazol-5-yl)-diketopyrrolopyrrole",False,False,False,opsin_repair,,False,tidy_punct,,FAILURE,Failed to assign all double bonds! (Check that indicated hydrogens have been appropriately specified),,,,repair,tidy_punct,True,"3,6-di(thiazol-5-yl)-diketopyrrolopyrrole",False,,,,,,,,,,,,,,,,
490,ptz-5-dpp,"3,6-di(thiazol-5-yl)-diketopyrrolopyrrole",3 6-di thiazol-5-yl -diketopyrrolopyrrole,"3,6-di(thiazol-5-yl)-diketopyrrolopyrrole",False,False,False,fallback,TEXT_FALLBACK,False,no parse,,,,,,,,,True,,False,,,,,,,,,,,,,,,,
490,ptz-5-dpp,"3,6-di(thiazol-5-yl)-diketopyrrolopyrrole",3 6-di thiazol-5-yl -diketopyrrolopyrrole,"3,6-di(thiazol-5-yl)-diketopyrrolopyrrole",False,False,False,opsin_direct,,False,,,FAILURE,Failed to assign all double bonds! (Check that indicated hydrogens have been appropriately specified),,,,direct,,True,"3,6-di(thiazol-5-yl)-diketopyrrolopyrrole",False,,,,,,,,,,,,,,,,
490,ptz-5-dpp,"3,6-di(thiazol-5-yl)-diketopyrrolopyrrole","3,6-di(thiazol-5-yl)-diketopyrrolopyrrole","3,6-di(thiazol-5-yl)-diketopyrrolopyrrole",False,False,False,opsin_repair,,False,drop_descriptors,,FAILURE,Failed to assign all double bonds! (Check that indicated hydrogens have been appropriately specified),,,,repair,drop_descriptors,True,"3,6-di(thiazol-5-yl)-diketopyrrolopyrrole",False,,,,,,,,,,,,,,,,
490,ptz-5-dpp,"3,6-di(thiazol-5-yl)-diketopyrrolopyrrole","3,6-di(thiazol-5-yl)-diketopyrrolopyrrole","3,6-di(thiazol-5-yl)-diketopyrrolopyrrole",False,False,False,opsin_repair,,False,drop_substituted,,FAILURE,Failed to assign all double bonds! (Check that indicated hydrogens have been appropriately specified),,,,repair,drop_substituted,True,"3,6-di(thiazol-5-yl)-diketopyrrolopyrrole",False,,,,,,,,,,,,,,,,
490,ptz-5-dpp,"3,6-di(thiazol-5-yl)-diketopyrrolopyrrole","3,6-di(thiazol-5-yl)-diketopyrrolopyrrole","3,6-di(thiazol-5-yl)-diketopyrrolopyrrole",False,False,False,opsin_repair,,False,tidy_punct,,FAILURE,Failed to assign all double bonds! (Check that indicated hydrogens have been appropriately specified),,,,repair,tidy_punct,True,"3,6-di(thiazol-5-yl)-diketopyrrolopyrrole",False,,,,,,,,,,,,,,,,
490,ptz-5-dpp,"3,6-di(thiazol-5-yl)-diketopyrrolopyrrole",3 6-di thiazol-5-yl -diketopyrrolopyrrole,"3,6-di(thiazol-5-yl)-diketopyrrolopyrrole",False,False,False,fallback,TEXT_FALLBACK,False,no parse,,,,,,,,,True,,False,,,,,,,,,,,,,,,,
490,ptz-5-dpp,"3,6-di(thiazol-5-yl)-diketopyrrolopyrrole",3 6-di thiazol-5-yl -diketopyrrolopyrrole,"3,6-di(thiazol-5-yl)-diketopyrrolopyrrole",False,False,False,opsin_direct,,False,,,FAILURE,Failed to assign all double bonds! (Check that indicated hydrogens have been appropriately specified),,,,direct,,True,"3,6-di(thiazol-5-yl)-diketopyrrolopyrrole",False,,,,,,,,,,,,,,,,
490,ptz-5-dpp,"3,6-di(thiazol-5-yl)-diketopyrrolopyrrole","3,6-di(thiazol-5-yl)-diketopyrrolopyrrole","3,6-di(thiazol-5-yl)-diketopyrrolopyrrole",False,False,False,opsin_repair,,False,drop_descriptors,,FAILURE,Failed to assign all double bonds! (Check that indicated hydrogens have been appropriately specified),,,,repair,drop_descriptors,True,"3,6-di(thiazol-5-yl)-diketopyrrolopyrrole",False,,,,,,,,,,,,,,,,
490,ptz-5-dpp,"3,6-di(thiazol-5-yl)-diketopyrrolopyrrole","3,6-di(thiazol-5-yl)-diketopyrrolopyrrole","3,6-di(thiazol-5-yl)-diketopyrrolopyrrole",False,False,False,opsin_repair,,False,drop_substituted,,FAILURE,Failed to assign all double bonds! (Check that indicated hydrogens have been appropriately specified),,,,repair,drop_substituted,True,"3,6-di(thiazol-5-yl)-diketopyrrolopyrrole",False,,,,,,,,,,,,,,,,
490,ptz-5-dpp,"3,6-di(thiazol-5-yl)-diketopyrrolopyrrole","3,6-di(thiazol-5-yl)-diketopyrrolopyrrole","3,6-di(thiazol-5-yl)-diketopyrrolopyrrole",False,False,False,opsin_repair,,False,tidy_punct,,FAILURE,Failed to assign all double bonds! (Check that indicated hydrogens have been appropriately specified),,,,repair,tidy_punct,True,"3,6-di(thiazol-5-yl)-diketopyrrolopyrrole",False,,,,,,,,,,,,,,,,
490,ptz-5-dpp,"3,6-di(thiazol-5-yl)-diketopyrrolopyrrole",3 6-di thiazol-5-yl -diketopyrrolopyrrole,"3,6-di(thiazol-5-yl)-diketopyrrolopyrrole",False,False,False,fallback,TEXT_FALLBACK,False,no parse,,,,,,,,,True,,False,,,,,,,,,,,,,,,,
490,ptz-5-dpp,"3,6-di(thiazol-5-yl)-diketopyrrolopyrrole",3 6-di thiazol-5-yl -diketopyrrolopyrrole,"3,6-di(thiazol-5-yl)-diketopyrrolopyrrole",False,False,False,opsin_direct,,False,,,FAILURE,Failed to assign all double bonds! (Check that indicated hydrogens have been appropriately specified),,,,direct,,True,"3,6-di(thiazol-5-yl)-diketopyrrolopyrrole",False,,,,,,,,,,,,,,,,
490,ptz-5-dpp,"3,6-di(thiazol-5-yl)-diketopyrrolopyrrole","3,6-di(thiazol-5-yl)-diketopyrrolopyrrole","3,6-di(thiazol-5-yl)-diketopyrrolopyrrole",False,False,False,opsin_repair,,False,drop_descriptors,,FAILURE,Failed to assign all double bonds! (Check that indicated hydrogens have been appropriately specified),,,,repair,drop_descriptors,True,"3,6-di(thiazol-5-yl)-diketopyrrolopyrrole",False,,,,,,,,,,,,,,,,
490,ptz-5-dpp,"3,6-di(thiazol-5-yl)-diketopyrrolopyrrole","3,6-di(thiazol-5-yl)-diketopyrrolopyrrole","3,6-di(thiazol-5-yl)-diketopyrrolopyrrole",False,False,False,opsin_repair,,False,drop_substituted,,FAILURE,Failed to assign all double bonds! (Check that indicated hydrogens have been appropriately specified),,,,repair,drop_substituted,True,"3,6-di(thiazol-5-yl)-diketopyrrolopyrrole",False,,,,,,,,,,,,,,,,
490,ptz-5-dpp,"3,6-di(thiazol-5-yl)-diketopyrrolopyrrole","3,6-di(thiazol-5-yl)-diketopyrrolopyrrole","3,6-di(thiazol-5-yl)-diketopyrrolopyrrole",False,False,False,opsin_repair,,False,tidy_punct,,FAILURE,Failed to assign all double bonds! (Check that indicated hydrogens have been appropriately specified),,,,repair,tidy_punct,True,"3,6-di(thiazol-5-yl)-diketopyrrolopyrrole",False,,,,,,,,,,,,,,,,
490,ptz-5-dpp,"3,6-di(thiazol-5-yl)-diketopyrrolopyrrole",3 6-di thiazol-5-yl -diketopyrrolopyrrole,"3,6-di(thiazol-5-yl)-diketopyrrolopyrrole",False,False,False,fallback,TEXT_FALLBACK,False,no parse,,,,,,,,,True,,False,,,,,,,,,,,,,,,,
490,ptz-5-dpp,"3,6-di(thiazol-5-yl)-diketopyrrolopyrrole",3 6-di thiazol-5-yl -diketopyrrolopyrrole,"3,6-di(thiazol-5-yl)-diketopyrrolopyrrole",False,False,False,opsin_direct,,False,,,FAILURE,Failed to assign all double bonds! (Check that indicated hydrogens have been appropriately specified),,,,direct,,True,"3,6-di(thiazol-5-yl)-diketopyrrolopyrrole",False,,,,,,,,,,,,,,,,
490,ptz-5-dpp,"3,6-di(thiazol-5-yl)-diketopyrrolopyrrole","3,6-di(thiazol-5-yl)-diketopyrrolopyrrole","3,6-di(thiazol-5-yl)-diketopyrrolopyrrole",False,False,False,opsin_repair,,False,drop_descriptors,,FAILURE,Failed to assign all double bonds! (Check that indicated hydrogens have been appropriately specified),,,,repair,drop_descriptors,True,"3,6-di(thiazol-5-yl)-diketopyrrolopyrrole",False,,,,,,,,,,,,,,,,
490,ptz-5-dpp,"3,6-di(thiazol-5-yl)-diketopyrrolopyrrole","3,6-di(thiazol-5-yl)-diketopyrrolopyrrole","3,6-di(thiazol-5-yl)-diketopyrrolopyrrole",False,False,False,opsin_repair,,False,drop_substituted,,FAILURE,Failed to assign all double bonds! (Check that indicated hydrogens have been appropriately specified),,,,repair,drop_substituted,True,"3,6-di(thiazol-5-yl)-diketopyrrolopyrrole",False,,,,,,,,,,,,,,,,
490,ptz-5-dpp,"3,6-di(thiazol-5-yl)-diketopyrrolopyrrole","3,6-di(thiazol-5-yl)-diketopyrrolopyrrole","3,6-di(thiazol-5-yl)-diketopyrrolopyrrole",False,False,False,opsin_repair,,False,tidy_punct,,FAILURE,Failed to assign all double bonds! (Check that indicated hydrogens have been appropriately specified),,,,repair,tidy_punct,True,"3,6-di(thiazol-5-yl)-diketopyrrolopyrrole",False,,,,,,,,,,,,,,,,
490,ptz-5-dpp,"3,6-di(thiazol-5-yl)-diketopyrrolopyrrole",3 6-di thiazol-5-yl -diketopyrrolopyrrole,"3,6-di(thiazol-5-yl)-diketopyrrolopyrrole",False,False,False,fallback,TEXT_FALLBACK,False,no parse,,,,,,,,,True,,False,,,,,,,,,,,,,,,,
490,ptz-5-dpp,"3,6-di(thiazol-5-yl)-diketopyrrolopyrrole",3 6-di thiazol-5-yl -diketopyrrolopyrrole,"3,6-di(thiazol-5-yl)-diketopyrrolopyrrole",False,False,False,opsin_direct,,False,,,FAILURE,Failed to assign all double bonds! (Check that indicated hydrogens have been appropriately specified),,,,direct,,True,"3,6-di(thiazol-5-yl)-diketopyrrolopyrrole",False,,,,,,,,,,,,,,,,
490,ptz-5-dpp,"3,6-di(thiazol-5-yl)-diketopyrrolopyrrole","3,6-di(thiazol-5-yl)-diketopyrrolopyrrole","3,6-di(thiazol-5-yl)-diketopyrrolopyrrole",False,False,False,opsin_repair,,False,drop_descriptors,,FAILURE,Failed to assign all double bonds! (Check that indicated hydrogens have been appropriately specified),,,,repair,drop_descriptors,True,"3,6-di(thiazol-5-yl)-diketopyrrolopyrrole",False,,,,,,,,,,,,,,,,
490,ptz-5-dpp,"3,6-di(thiazol-5-yl)-diketopyrrolopyrrole","3,6-di(thiazol-5-yl)-diketopyrrolopyrrole","3,6-di(thiazol-5-yl)-diketopyrrolopyrrole",False,False,False,opsin_repair,,False,drop_substituted,,FAILURE,Failed to assign all double bonds! (Check that indicated hydrogens have been appropriately specified),,,,repair,drop_substituted,True,"3,6-di(thiazol-5-yl)-diketopyrrolopyrrole",False,,,,,,,,,,,,,,,,
490,ptz-5-dpp,"3,6-di(thiazol-5-yl)-diketopyrrolopyrrole","3,6-di(thiazol-5-yl)-diketopyrrolopyrrole","3,6-di(thiazol-5-yl)-diketopyrrolopyrrole",False,False,False,opsin_repair,,False,tidy_punct,,FAILURE,Failed to assign all double bonds! (Check that indicated hydrogens have been appropriately specified),,,,repair,tidy_punct,True,"3,6-di(thiazol-5-yl)-diketopyrrolopyrrole",False,,,,,,,,,,,,,,,,
490,ptz-5-dpp,"3,6-di(thiazol-5-yl)-diketopyrrolopyrrole",3 6-di thiazol-5-yl -diketopyrrolopyrrole,"3,6-di(thiazol-5-yl)-diketopyrrolopyrrole",False,False,False,fallback,TEXT_FALLBACK,False,no parse,,,,,,,,,True,,False,,,,,,,,,,,,,,,,
490,ptz-5-dpp,"3,6-di(thiazol-5-yl)-diketopyrrolopyrrole",3 6-di thiazol-5-yl -diketopyrrolopyrrole,"3,6-di(thiazol-5-yl)-diketopyrrolopyrrole",False,False,False,opsin_direct,,False,,,FAILURE,Failed to assign all double bonds! (Check that indicated hydrogens have been appropriately specified),,,,direct,,True,"3,6-di(thiazol-5-yl)-diketopyrrolopyrrole",False,,,,,,,,,,,,,,,,
490,ptz-5-dpp,"3,6-di(thiazol-5-yl)-diketopyrrolopyrrole","3,6-di(thiazol-5-yl)-diketopyrrolopyrrole","3,6-di(thiazol-5-yl)-diketopyrrolopyrrole",False,False,False,opsin_repair,,False,drop_descriptors,,FAILURE,Failed to assign all double bonds! (Check that indicated hydrogens have been appropriately specified),,,,repair,drop_descriptors,True,"3,6-di(thiazol-5-yl)-diketopyrrolopyrrole",False,,,,,,,,,,,,,,,,
490,ptz-5-dpp,"3,6-di(thiazol-5-yl)-diketopyrrolopyrrole","3,6-di(thiazol-5-yl)-diketopyrrolopyrrole","3,6-di(thiazol-5-yl)-diketopyrrolopyrrole",False,False,False,opsin_repair,,False,drop_substituted,,FAILURE,Failed to assign all double bonds! (Check that indicated hydrogens have been appropriately specified),,,,repair,drop_substituted,True,"3,6-di(thiazol-5-yl)-diketopyrrolopyrrole",False,,,,,,,,,,,,,,,,
490,ptz-5-dpp,"3,6-di(thiazol-5-yl)-diketopyrrolopyrrole","3,6-di(thiazol-5-yl)-diketopyrrolopyrrole","3,6-di(thiazol-5-yl)-diketopyrrolopyrrole",False,False,False,opsin_repair,,False,tidy_punct,,FAILURE,Failed to assign all double bonds! (Check that indicated hydrogens have been appropriately specified),,,,repair,tidy_punct,True,"3,6-di(thiazol-5-yl)-diketopyrrolopyrrole",False,,,,,,,,,,,,,,,,
490,ptz-5-dpp,"3,6-di(thiazol-5-yl)-diketopyrrolopyrrole",3 6-di thiazol-5-yl -diketopyrrolopyrrole,"3,6-di(thiazol-5-yl)-diketopyrrolopyrrole",False,False,False,fallback,TEXT_FALLBACK,False,no parse,,,,,,,,,True,,False,,,,,,,,,,,,,,,,
490,ptz-5-dpp,"3,6-di(thiazol-5-yl)-diketopyrrolopyrrole",3 6-di thiazol-5-yl -diketopyrrolopyrrole,"3,6-di(thiazol-5-yl)-diketopyrrolopyrrole",False,False,False,opsin_direct,,False,,,FAILURE,Failed to assign all double bonds! (Check that indicated hydrogens have been appropriately specified),,,,direct,,True,"3,6-di(thiazol-5-yl)-diketopyrrolopyrrole",False,,,,,,,,,,,,,,,,
490,ptz-5-dpp,"3,6-di(thiazol-5-yl)-diketopyrrolopyrrole","3,6-di(thiazol-5-yl)-diketopyrrolopyrrole","3,6-di(thiazol-5-yl)-diketopyrrolopyrrole",False,False,False,opsin_repair,,False,drop_descriptors,,FAILURE,Failed to assign all double bonds! (Check that indicated hydrogens have been appropriately specified),,,,repair,drop_descriptors,True,"3,6-di(thiazol-5-yl)-diketopyrrolopyrrole",False,,,,,,,,,,,,,,,,
490,ptz-5-dpp,"3,6-di(thiazol-5-yl)-diketopyrrolopyrrole","3,6-di(thiazol-5-yl)-diketopyrrolopyrrole","3,6-di(thiazol-5-yl)-diketopyrrolopyrrole",False,False,False,opsin_repair,,False,drop_substituted,,FAILURE,Failed to assign all double bonds! (Check that indicated hydrogens have been appropriately specified),,,,repair,drop_substituted,True,"3,6-di(thiazol-5-yl)-diketopyrrolopyrrole",False,,,,,,,,,,,,,,,,
490,ptz-5-dpp,"3,6-di(thiazol-5-yl)-diketopyrrolopyrrole","3,6-di(thiazol-5-yl)-diketopyrrolopyrrole","3,6-di(thiazol-5-yl)-diketopyrrolopyrrole",False,False,False,opsin_repair,,False,tidy_punct,,FAILURE,Failed to assign all double bonds! (Check that indicated hydrogens have been appropriately specified),,,,repair,tidy_punct,True,"3,6-di(thiazol-5-yl)-diketopyrrolopyrrole",False,,,,,,,,,,,,,,,,
490,ptz-5-dpp,"3,6-di(thiazol-5-yl)-diketopyrrolopyrrole",3 6-di thiazol-5-yl -diketopyrrolopyrrole,"3,6-di(thiazol-5-yl)-diketopyrrolopyrrole",False,False,False,fallback,TEXT_FALLBACK,False,no parse,,,,,,,,,True,,False,,,,,,,,,,,,,,,,
433,p1,carbazole and diketopyrrolopyrrole (dpp) alternating donor-acceptor backbone,carbazole and diketopyrrolopyrrole dpp alternating -,carbazole and diketopyrrolopyrrole (dpp) alternating donor-acceptor backbone,False,False,False,opsin_direct,,False,,,FAILURE,carbazole and diketopyrrolopyrrole (dpp) alternating donor-acceptor backbone is unparsable due to the following being uninterpretable: (dpp) alternating donor-acceptor backbone The following was not parseable: pp) alternating donor-acceptor backbone,,,,direct,,True,carbazole and diketopyrrolopyrrole (dpp) alternating donor-acceptor backbone,False,,,,,,,,,,,,,,,,
433,p1,carbazole and diketopyrrolopyrrole (dpp) alternating donor-acceptor backbone,carbazole and diketopyrrolopyrrole (dpp) alternating - backbone,carbazole and diketopyrrolopyrrole (dpp) alternating - backbone,False,False,False,opsin_repair,,False,drop_descriptors,,FAILURE,carbazole and diketopyrrolopyrrole (dpp) alternating - backbone is unparsable due to the following being uninterpretable: (dpp) alternating - backbone The following was not parseable: pp) alternating - backbone,,,,repair,drop_descriptors,True,carbazole and diketopyrrolopyrrole (dpp) alternating - backbone,False,,,,,,,,,,,,,,,,
433,p1,carbazole and diketopyrrolopyrrole (dpp) alternating donor-acceptor backbone,carbazole and diketopyrrolopyrrole (dpp) alternating - backbone,carbazole and diketopyrrolopyrrole (dpp) alternating - backbone,False,False,False,opsin_repair,,False,drop_substituted,,FAILURE,carbazole and diketopyrrolopyrrole (dpp) alternating - backbone is unparsable due to the following being uninterpretable: (dpp) alternating - backbone The following was not parseable: pp) alternating - backbone,,,,repair,drop_substituted,True,carbazole and diketopyrrolopyrrole (dpp) alternating - backbone,False,,,,,,,,,,,,,,,,
433,p1,carbazole and diketopyrrolopyrrole (dpp) alternating donor-acceptor backbone,carbazole and diketopyrrolopyrrole (dpp) alternating - backbone,carbazole and diketopyrrolopyrrole (dpp) alternating - backbone,False,False,False,opsin_repair,,False,tidy_punct,,FAILURE,carbazole and diketopyrrolopyrrole (dpp) alternating - backbone is unparsable due to the following being uninterpretable: (dpp) alternating - backbone The following was not parseable: pp) alternating - backbone,,,,repair,tidy_punct,True,carbazole and diketopyrrolopyrrole (dpp) alternating - backbone,False,,,,,,,,,,,,,,,,
433,p1,carbazole and diketopyrrolopyrrole (dpp) alternating donor-acceptor backbone,carbazole and diketopyrrolopyrrole dpp alternating -,carbazole and diketopyrrolopyrrole (dpp) alternating donor-acceptor backbone,False,False,False,fallback,TEXT_FALLBACK,False,no parse,,,,,,,,,True,,False,,,,,,,,,,,,,,,,
433,p1,carbazole and diketopyrrolopyrrole (dpp) alternating donor-acceptor backbone,carbazole and diketopyrrolopyrrole dpp alternating -,carbazole and diketopyrrolopyrrole (dpp) alternating donor-acceptor backbone,False,False,False,opsin_direct,,False,,,FAILURE,carbazole and diketopyrrolopyrrole (dpp) alternating donor-acceptor backbone is unparsable due to the following being uninterpretable: (dpp) alternating donor-acceptor backbone The following was not parseable: pp) alternating donor-acceptor backbone,,,,direct,,True,carbazole and diketopyrrolopyrrole (dpp) alternating donor-acceptor backbone,False,,,,,,,,,,,,,,,,
433,p1,carbazole and diketopyrrolopyrrole (dpp) alternating donor-acceptor backbone,carbazole and diketopyrrolopyrrole (dpp) alternating - backbone,carbazole and diketopyrrolopyrrole (dpp) alternating - backbone,False,False,False,opsin_repair,,False,drop_descriptors,,FAILURE,carbazole and diketopyrrolopyrrole (dpp) alternating - backbone is unparsable due to the following being uninterpretable: (dpp) alternating - backbone The following was not parseable: pp) alternating - backbone,,,,repair,drop_descriptors,True,carbazole and diketopyrrolopyrrole (dpp) alternating - backbone,False,,,,,,,,,,,,,,,,
433,p1,carbazole and diketopyrrolopyrrole (dpp) alternating donor-acceptor backbone,carbazole and diketopyrrolopyrrole (dpp) alternating - backbone,carbazole and diketopyrrolopyrrole (dpp) alternating - backbone,False,False,False,opsin_repair,,False,drop_substituted,,FAILURE,carbazole and diketopyrrolopyrrole (dpp) alternating - backbone is unparsable due to the following being uninterpretable: (dpp) alternating - backbone The following was not parseable: pp) alternating - backbone,,,,repair,drop_substituted,True,carbazole and diketopyrrolopyrrole (dpp) alternating - backbone,False,,,,,,,,,,,,,,,,
433,p1,carbazole and diketopyrrolopyrrole (dpp) alternating donor-acceptor backbone,carbazole and diketopyrrolopyrrole (dpp) alternating - backbone,carbazole and diketopyrrolopyrrole (dpp) alternating - backbone,False,False,False,opsin_repair,,False,tidy_punct,,FAILURE,carbazole and diketopyrrolopyrrole (dpp) alternating - backbone is unparsable due to the following being uninterpretable: (dpp) alternating - backbone The following was not parseable: pp) alternating - backbone,,,,repair,tidy_punct,True,carbazole and diketopyrrolopyrrole (dpp) alternating - backbone,False,,,,,,,,,,,,,,,,
433,p1,carbazole and diketopyrrolopyrrole (dpp) alternating donor-acceptor backbone,carbazole and diketopyrrolopyrrole dpp alternating -,carbazole and diketopyrrolopyrrole (dpp) alternating donor-acceptor backbone,False,False,False,fallback,TEXT_FALLBACK,False,no parse,,,,,,,,,True,,False,,,,,,,,,,,,,,,,
433,p1,carbazole and diketopyrrolopyrrole (dpp) alternating donor-acceptor backbone,carbazole and diketopyrrolopyrrole dpp alternating -,carbazole and diketopyrrolopyrrole (dpp) alternating donor-acceptor backbone,False,False,False,opsin_direct,,False,,,FAILURE,carbazole and diketopyrrolopyrrole (dpp) alternating donor-acceptor backbone is unparsable due to the following being uninterpretable: (dpp) alternating donor-acceptor backbone The following was not parseable: pp) alternating donor-acceptor backbone,,,,direct,,True,carbazole and diketopyrrolopyrrole (dpp) alternating donor-acceptor backbone,False,,,,,,,,,,,,,,,,
433,p1,carbazole and diketopyrrolopyrrole (dpp) alternating donor-acceptor backbone,carbazole and diketopyrrolopyrrole (dpp) alternating - backbone,carbazole and diketopyrrolopyrrole (dpp) alternating - backbone,False,False,False,opsin_repair,,False,drop_descriptors,,FAILURE,carbazole and diketopyrrolopyrrole (dpp) alternating - backbone is unparsable due to the following being uninterpretable: (dpp) alternating - backbone The following was not parseable: pp) alternating - backbone,,,,repair,drop_descriptors,True,carbazole and diketopyrrolopyrrole (dpp) alternating - backbone,False,,,,,,,,,,,,,,,,
433,p1,carbazole and diketopyrrolopyrrole (dpp) alternating donor-acceptor backbone,carbazole and diketopyrrolopyrrole (dpp) alternating - backbone,carbazole and diketopyrrolopyrrole (dpp) alternating - backbone,False,False,False,opsin_repair,,False,drop_substituted,,FAILURE,carbazole and diketopyrrolopyrrole (dpp) alternating - backbone is unparsable due to the following being uninterpretable: (dpp) alternating - backbone The following was not parseable: pp) alternating - backbone,,,,repair,drop_substituted,True,carbazole and diketopyrrolopyrrole (dpp) alternating - backbone,False,,,,,,,,,,,,,,,,
433,p1,carbazole and diketopyrrolopyrrole (dpp) alternating donor-acceptor backbone,carbazole and diketopyrrolopyrrole (dpp) alternating - backbone,carbazole and diketopyrrolopyrrole (dpp) alternating - backbone,False,False,False,opsin_repair,,False,tidy_punct,,FAILURE,carbazole and diketopyrrolopyrrole (dpp) alternating - backbone is unparsable due to the following being uninterpretable: (dpp) alternating - backbone The following was not parseable: pp) alternating - backbone,,,,repair,tidy_punct,True,carbazole and diketopyrrolopyrrole (dpp) alternating - backbone,False,,,,,,,,,,,,,,,,
433,p1,carbazole and diketopyrrolopyrrole (dpp) alternating donor-acceptor backbone,carbazole and diketopyrrolopyrrole dpp alternating -,carbazole and diketopyrrolopyrrole (dpp) alternating donor-acceptor backbone,False,False,False,fallback,TEXT_FALLBACK,False,no parse,,,,,,,,,True,,False,,,,,,,,,,,,,,,,
433,p1,carbazole and diketopyrrolopyrrole (dpp) alternating donor-acceptor backbone,carbazole and diketopyrrolopyrrole dpp alternating -,carbazole and diketopyrrolopyrrole (dpp) alternating donor-acceptor backbone,False,False,False,opsin_direct,,False,,,FAILURE,carbazole and diketopyrrolopyrrole (dpp) alternating donor-acceptor backbone is unparsable due to the following being uninterpretable: (dpp) alternating donor-acceptor backbone The following was not parseable: pp) alternating donor-acceptor backbone,,,,direct,,True,carbazole and diketopyrrolopyrrole (dpp) alternating donor-acceptor backbone,False,,,,,,,,,,,,,,,,
433,p1,carbazole and diketopyrrolopyrrole (dpp) alternating donor-acceptor backbone,carbazole and diketopyrrolopyrrole (dpp) alternating - backbone,carbazole and diketopyrrolopyrrole (dpp) alternating - backbone,False,False,False,opsin_repair,,False,drop_descriptors,,FAILURE,carbazole and diketopyrrolopyrrole (dpp) alternating - backbone is unparsable due to the following being uninterpretable: (dpp) alternating - backbone The following was not parseable: pp) alternating - backbone,,,,repair,drop_descriptors,True,carbazole and diketopyrrolopyrrole (dpp) alternating - backbone,False,,,,,,,,,,,,,,,,
433,p1,carbazole and diketopyrrolopyrrole (dpp) alternating donor-acceptor backbone,carbazole and diketopyrrolopyrrole (dpp) alternating - backbone,carbazole and diketopyrrolopyrrole (dpp) alternating - backbone,False,False,False,opsin_repair,,False,drop_substituted,,FAILURE,carbazole and diketopyrrolopyrrole (dpp) alternating - backbone is unparsable due to the following being uninterpretable: (dpp) alternating - backbone The following was not parseable: pp) alternating - backbone,,,,repair,drop_substituted,True,carbazole and diketopyrrolopyrrole (dpp) alternating - backbone,False,,,,,,,,,,,,,,,,
433,p1,carbazole and diketopyrrolopyrrole (dpp) alternating donor-acceptor backbone,carbazole and diketopyrrolopyrrole (dpp) alternating - backbone,carbazole and diketopyrrolopyrrole (dpp) alternating - backbone,False,False,False,opsin_repair,,False,tidy_punct,,FAILURE,carbazole and diketopyrrolopyrrole (dpp) alternating - backbone is unparsable due to the following being uninterpretable: (dpp) alternating - backbone The following was not parseable: pp) alternating - backbone,,,,repair,tidy_punct,True,carbazole and diketopyrrolopyrrole (dpp) alternating - backbone,False,,,,,,,,,,,,,,,,
433,p1,carbazole and diketopyrrolopyrrole (dpp) alternating donor-acceptor backbone,carbazole and diketopyrrolopyrrole dpp alternating -,carbazole and diketopyrrolopyrrole (dpp) alternating donor-acceptor backbone,False,False,False,fallback,TEXT_FALLBACK,False,no parse,,,,,,,,,True,,False,,,,,,,,,,,,,,,,
433,p2,carbazole and diketopyrrolopyrrole (dpp) alternating donor-acceptor backbone,carbazole and diketopyrrolopyrrole dpp alternating -,carbazole and diketopyrrolopyrrole (dpp) alternating donor-acceptor backbone,False,False,False,opsin_direct,,False,,,FAILURE,carbazole and diketopyrrolopyrrole (dpp) alternating donor-acceptor backbone is unparsable due to the following being uninterpretable: (dpp) alternating donor-acceptor backbone The following was not parseable: pp) alternating donor-acceptor backbone,,,,direct,,True,carbazole and diketopyrrolopyrrole (dpp) alternating donor-acceptor backbone,False,,,,,,,,,,,,,,,,
433,p2,carbazole and diketopyrrolopyrrole (dpp) alternating donor-acceptor backbone,carbazole and diketopyrrolopyrrole (dpp) alternating - backbone,carbazole and diketopyrrolopyrrole (dpp) alternating - backbone,False,False,False,opsin_repair,,False,drop_descriptors,,FAILURE,carbazole and diketopyrrolopyrrole (dpp) alternating - backbone is unparsable due to the following being uninterpretable: (dpp) alternating - backbone The following was not parseable: pp) alternating - backbone,,,,repair,drop_descriptors,True,carbazole and diketopyrrolopyrrole (dpp) alternating - backbone,False,,,,,,,,,,,,,,,,
433,p2,carbazole and diketopyrrolopyrrole (dpp) alternating donor-acceptor backbone,carbazole and diketopyrrolopyrrole (dpp) alternating - backbone,carbazole and diketopyrrolopyrrole (dpp) alternating - backbone,False,False,False,opsin_repair,,False,drop_substituted,,FAILURE,carbazole and diketopyrrolopyrrole (dpp) alternating - backbone is unparsable due to the following being uninterpretable: (dpp) alternating - backbone The following was not parseable: pp) alternating - backbone,,,,repair,drop_substituted,True,carbazole and diketopyrrolopyrrole (dpp) alternating - backbone,False,,,,,,,,,,,,,,,,
433,p2,carbazole and diketopyrrolopyrrole (dpp) alternating donor-acceptor backbone,carbazole and diketopyrrolopyrrole (dpp) alternating - backbone,carbazole and diketopyrrolopyrrole (dpp) alternating - backbone,False,False,False,opsin_repair,,False,tidy_punct,,FAILURE,carbazole and diketopyrrolopyrrole (dpp) alternating - backbone is unparsable due to the following being uninterpretable: (dpp) alternating - backbone The following was not parseable: pp) alternating - backbone,,,,repair,tidy_punct,True,carbazole and diketopyrrolopyrrole (dpp) alternating - backbone,False,,,,,,,,,,,,,,,,
433,p2,carbazole and diketopyrrolopyrrole (dpp) alternating donor-acceptor backbone,carbazole and diketopyrrolopyrrole dpp alternating -,carbazole and diketopyrrolopyrrole (dpp) alternating donor-acceptor backbone,False,False,False,fallback,TEXT_FALLBACK,False,no parse,,,,,,,,,True,,False,,,,,,,,,,,,,,,,
433,p2,carbazole and diketopyrrolopyrrole (dpp) alternating donor-acceptor backbone,carbazole and diketopyrrolopyrrole dpp alternating -,carbazole and diketopyrrolopyrrole (dpp) alternating donor-acceptor backbone,False,False,False,opsin_direct,,False,,,FAILURE,carbazole and diketopyrrolopyrrole (dpp) alternating donor-acceptor backbone is unparsable due to the following being uninterpretable: (dpp) alternating donor-acceptor backbone The following was not parseable: pp) alternating donor-acceptor backbone,,,,direct,,True,carbazole and diketopyrrolopyrrole (dpp) alternating donor-acceptor backbone,False,,,,,,,,,,,,,,,,
433,p2,carbazole and diketopyrrolopyrrole (dpp) alternating donor-acceptor backbone,carbazole and diketopyrrolopyrrole (dpp) alternating - backbone,carbazole and diketopyrrolopyrrole (dpp) alternating - backbone,False,False,False,opsin_repair,,False,drop_descriptors,,FAILURE,carbazole and diketopyrrolopyrrole (dpp) alternating - backbone is unparsable due to the following being uninterpretable: (dpp) alternating - backbone The following was not parseable: pp) alternating - backbone,,,,repair,drop_descriptors,True,carbazole and diketopyrrolopyrrole (dpp) alternating - backbone,False,,,,,,,,,,,,,,,,
433,p2,carbazole and diketopyrrolopyrrole (dpp) alternating donor-acceptor backbone,carbazole and diketopyrrolopyrrole (dpp) alternating - backbone,carbazole and diketopyrrolopyrrole (dpp) alternating - backbone,False,False,False,opsin_repair,,False,drop_substituted,,FAILURE,carbazole and diketopyrrolopyrrole (dpp) alternating - backbone is unparsable due to the following being uninterpretable: (dpp) alternating - backbone The following was not parseable: pp) alternating - backbone,,,,repair,drop_substituted,True,carbazole and diketopyrrolopyrrole (dpp) alternating - backbone,False,,,,,,,,,,,,,,,,
433,p2,carbazole and diketopyrrolopyrrole (dpp) alternating donor-acceptor backbone,carbazole and diketopyrrolopyrrole (dpp) alternating - backbone,carbazole and diketopyrrolopyrrole (dpp) alternating - backbone,False,False,False,opsin_repair,,False,tidy_punct,,FAILURE,carbazole and diketopyrrolopyrrole (dpp) alternating - backbone is unparsable due to the following being uninterpretable: (dpp) alternating - backbone The following was not parseable: pp) alternating - backbone,,,,repair,tidy_punct,True,carbazole and diketopyrrolopyrrole (dpp) alternating - backbone,False,,,,,,,,,,,,,,,,
433,p2,carbazole and diketopyrrolopyrrole (dpp) alternating donor-acceptor backbone,carbazole and diketopyrrolopyrrole dpp alternating -,carbazole and diketopyrrolopyrrole (dpp) alternating donor-acceptor backbone,False,False,False,fallback,TEXT_FALLBACK,False,no parse,,,,,,,,,True,,False,,,,,,,,,,,,,,,,
433,p2,carbazole and diketopyrrolopyrrole (dpp) alternating donor-acceptor backbone,carbazole and diketopyrrolopyrrole dpp alternating -,carbazole and diketopyrrolopyrrole (dpp) alternating donor-acceptor backbone,False,False,False,opsin_direct,,False,,,FAILURE,carbazole and diketopyrrolopyrrole (dpp) alternating donor-acceptor backbone is unparsable due to the following being uninterpretable: (dpp) alternating donor-acceptor backbone The following was not parseable: pp) alternating donor-acceptor backbone,,,,direct,,True,carbazole and diketopyrrolopyrrole (dpp) alternating donor-acceptor backbone,False,,,,,,,,,,,,,,,,
433,p2,carbazole and diketopyrrolopyrrole (dpp) alternating donor-acceptor backbone,carbazole and diketopyrrolopyrrole (dpp) alternating - backbone,carbazole and diketopyrrolopyrrole (dpp) alternating - backbone,False,False,False,opsin_repair,,False,drop_descriptors,,FAILURE,carbazole and diketopyrrolopyrrole (dpp) alternating - backbone is unparsable due to the following being uninterpretable: (dpp) alternating - backbone The following was not parseable: pp) alternating - backbone,,,,repair,drop_descriptors,True,carbazole and diketopyrrolopyrrole (dpp) alternating - backbone,False,,,,,,,,,,,,,,,,
433,p2,carbazole and diketopyrrolopyrrole (dpp) alternating donor-acceptor backbone,carbazole and diketopyrrolopyrrole (dpp) alternating - backbone,carbazole and diketopyrrolopyrrole (dpp) alternating - backbone,False,False,False,opsin_repair,,False,drop_substituted,,FAILURE,carbazole and diketopyrrolopyrrole (dpp) alternating - backbone is unparsable due to the following being uninterpretable: (dpp) alternating - backbone The following was not parseable: pp) alternating - backbone,,,,repair,drop_substituted,True,carbazole and diketopyrrolopyrrole (dpp) alternating - backbone,False,,,,,,,,,,,,,,,,
433,p2,carbazole and diketopyrrolopyrrole (dpp) alternating donor-acceptor backbone,carbazole and diketopyrrolopyrrole (dpp) alternating - backbone,carbazole and diketopyrrolopyrrole (dpp) alternating - backbone,False,False,False,opsin_repair,,False,tidy_punct,,FAILURE,carbazole and diketopyrrolopyrrole (dpp) alternating - backbone is unparsable due to the following being uninterpretable: (dpp) alternating - backbone The following was not parseable: pp) alternating - backbone,,,,repair,tidy_punct,True,carbazole and diketopyrrolopyrrole (dpp) alternating - backbone,False,,,,,,,,,,,,,,,,
433,p2,carbazole and diketopyrrolopyrrole (dpp) alternating donor-acceptor backbone,carbazole and diketopyrrolopyrrole dpp alternating -,carbazole and diketopyrrolopyrrole (dpp) alternating donor-acceptor backbone,False,False,False,fallback,TEXT_FALLBACK,False,no parse,,,,,,,,,True,,False,,,,,,,,,,,,,,,,
433,p2,carbazole and diketopyrrolopyrrole (dpp) alternating donor-acceptor backbone,carbazole and diketopyrrolopyrrole dpp alternating -,carbazole and diketopyrrolopyrrole (dpp) alternating donor-acceptor backbone,False,False,False,opsin_direct,,False,,,FAILURE,carbazole and diketopyrrolopyrrole (dpp) alternating donor-acceptor backbone is unparsable due to the following being uninterpretable: (dpp) alternating donor-acceptor backbone The following was not parseable: pp) alternating donor-acceptor backbone,,,,direct,,True,carbazole and diketopyrrolopyrrole (dpp) alternating donor-acceptor backbone,False,,,,,,,,,,,,,,,,
433,p2,carbazole and diketopyrrolopyrrole (dpp) alternating donor-acceptor backbone,carbazole and diketopyrrolopyrrole (dpp) alternating - backbone,carbazole and diketopyrrolopyrrole (dpp) alternating - backbone,False,False,False,opsin_repair,,False,drop_descriptors,,FAILURE,carbazole and diketopyrrolopyrrole (dpp) alternating - backbone is unparsable due to the following being uninterpretable: (dpp) alternating - backbone The following was not parseable: pp) alternating - backbone,,,,repair,drop_descriptors,True,carbazole and diketopyrrolopyrrole (dpp) alternating - backbone,False,,,,,,,,,,,,,,,,
433,p2,carbazole and diketopyrrolopyrrole (dpp) alternating donor-acceptor backbone,carbazole and diketopyrrolopyrrole (dpp) alternating - backbone,carbazole and diketopyrrolopyrrole (dpp) alternating - backbone,False,False,False,opsin_repair,,False,drop_substituted,,FAILURE,carbazole and diketopyrrolopyrrole (dpp) alternating - backbone is unparsable due to the following being uninterpretable: (dpp) alternating - backbone The following was not parseable: pp) alternating - backbone,,,,repair,drop_substituted,True,carbazole and diketopyrrolopyrrole (dpp) alternating - backbone,False,,,,,,,,,,,,,,,,
433,p2,carbazole and diketopyrrolopyrrole (dpp) alternating donor-acceptor backbone,carbazole and diketopyrrolopyrrole (dpp) alternating - backbone,carbazole and diketopyrrolopyrrole (dpp) alternating - backbone,False,False,False,opsin_repair,,False,tidy_punct,,FAILURE,carbazole and diketopyrrolopyrrole (dpp) alternating - backbone is unparsable due to the following being uninterpretable: (dpp) alternating - backbone The following was not parseable: pp) alternating - backbone,,,,repair,tidy_punct,True,carbazole and diketopyrrolopyrrole (dpp) alternating - backbone,False,,,,,,,,,,,,,,,,
433,p2,carbazole and diketopyrrolopyrrole (dpp) alternating donor-acceptor backbone,carbazole and diketopyrrolopyrrole dpp alternating -,carbazole and diketopyrrolopyrrole (dpp) alternating donor-acceptor backbone,False,False,False,fallback,TEXT_FALLBACK,False,no parse,,,,,,,,,True,,False,,,,,,,,,,,,,,,,
471,pg3tz-2-dpp,thiazole-flanked diketopyrrolopyrrole,thiazole-flanked diketopyrrolopyrrole,thiazole-flanked diketopyrrolopyrrole,False,False,False,opsin_direct,,False,,,FAILURE,thiazole-flanked diketopyrrolopyrrole is unparsable due to the following being uninterpretable: flanked diketopyrrolopyrrole The following was not parseable: flanked diketopyrrolopyrrole,,,,direct,,True,thiazole-flanked diketopyrrolopyrrole,False,,,,,,,,,,,,,,,,
471,pg3tz-2-dpp,thiazole-flanked diketopyrrolopyrrole,thiazole-flanked diketopyrrolopyrrole,thiazole-flanked diketopyrrolopyrrole,False,False,False,opsin_repair,,False,drop_descriptors,,FAILURE,thiazole-flanked diketopyrrolopyrrole is unparsable due to the following being uninterpretable: flanked diketopyrrolopyrrole The following was not parseable: flanked diketopyrrolopyrrole,,,,repair,drop_descriptors,True,thiazole-flanked diketopyrrolopyrrole,False,,,,,,,,,,,,,,,,
471,pg3tz-2-dpp,thiazole-flanked diketopyrrolopyrrole,thiazole-flanked diketopyrrolopyrrole,thiazole-flanked diketopyrrolopyrrole,False,False,False,opsin_repair,,False,drop_substituted,,FAILURE,thiazole-flanked diketopyrrolopyrrole is unparsable due to the following being uninterpretable: flanked diketopyrrolopyrrole The following was not parseable: flanked diketopyrrolopyrrole,,,,repair,drop_substituted,True,thiazole-flanked diketopyrrolopyrrole,False,,,,,,,,,,,,,,,,
471,pg3tz-2-dpp,thiazole-flanked diketopyrrolopyrrole,thiazole-flanked diketopyrrolopyrrole,thiazole-flanked diketopyrrolopyrrole,False,False,False,opsin_repair,,False,tidy_punct,,FAILURE,thiazole-flanked diketopyrrolopyrrole is unparsable due to the following being uninterpretable: flanked diketopyrrolopyrrole The following was not parseable: flanked diketopyrrolopyrrole,,,,repair,tidy_punct,True,thiazole-flanked diketopyrrolopyrrole,False,,,,,,,,,,,,,,,,
471,pg3tz-2-dpp,thiazole-flanked diketopyrrolopyrrole,thiazole-flanked diketopyrrolopyrrole,thiazole-flanked diketopyrrolopyrrole,False,False,False,fallback,TEXT_FALLBACK,False,no parse,,,,,,,,,True,,False,,,,,,,,,,,,,,,,
471,pg3tz-2-dpp,,,triethylenethoxyethyllycol s-yl,False,False,False,template_expand,,True,[OPSIN-PREPROC] raw='tric2eneglycolsidechains' -> preprocessed='triethylenethoxyethyllycol s-yl',,,,,,,,,,,,,,,tric2eneglycolsidechains,triethylenethoxyethyllycol s-yl,False,False,True,False,False,unknown,low,True,"[{""name"": ""tric2eneglycolsidechains"", ""count"": 1}]",,
471,pg3tz-2-dpp,,,triethylenethoxyethyllycol s-yl,False,False,False,sidechain_length,ALKYL_LENGTH,True,,CC,,,,,,,,,,,,,,tric2eneglycolsidechains,triethylenethoxyethyllycol s-yl,False,False,True,False,False,,,,,,
471,pg3tz-5-dpp,thiazole-flanked diketopyrrolopyrrole,thiazole-flanked diketopyrrolopyrrole,thiazole-flanked diketopyrrolopyrrole,False,False,False,opsin_direct,,False,,,FAILURE,thiazole-flanked diketopyrrolopyrrole is unparsable due to the following being uninterpretable: flanked diketopyrrolopyrrole The following was not parseable: flanked diketopyrrolopyrrole,,,,direct,,True,thiazole-flanked diketopyrrolopyrrole,False,,,,,,,,,,,,,,,,
471,pg3tz-5-dpp,thiazole-flanked diketopyrrolopyrrole,thiazole-flanked diketopyrrolopyrrole,thiazole-flanked diketopyrrolopyrrole,False,False,False,opsin_repair,,False,drop_descriptors,,FAILURE,thiazole-flanked diketopyrrolopyrrole is unparsable due to the following being uninterpretable: flanked diketopyrrolopyrrole The following was not parseable: flanked diketopyrrolopyrrole,,,,repair,drop_descriptors,True,thiazole-flanked diketopyrrolopyrrole,False,,,,,,,,,,,,,,,,
471,pg3tz-5-dpp,thiazole-flanked diketopyrrolopyrrole,thiazole-flanked diketopyrrolopyrrole,thiazole-flanked diketopyrrolopyrrole,False,False,False,opsin_repair,,False,drop_substituted,,FAILURE,thiazole-flanked diketopyrrolopyrrole is unparsable due to the following being uninterpretable: flanked diketopyrrolopyrrole The following was not parseable: flanked diketopyrrolopyrrole,,,,repair,drop_substituted,True,thiazole-flanked diketopyrrolopyrrole,False,,,,,,,,,,,,,,,,
471,pg3tz-5-dpp,thiazole-flanked diketopyrrolopyrrole,thiazole-flanked diketopyrrolopyrrole,thiazole-flanked diketopyrrolopyrrole,False,False,False,opsin_repair,,False,tidy_punct,,FAILURE,thiazole-flanked diketopyrrolopyrrole is unparsable due to the following being uninterpretable: flanked diketopyrrolopyrrole The following was not parseable: flanked diketopyrrolopyrrole,,,,repair,tidy_punct,True,thiazole-flanked diketopyrrolopyrrole,False,,,,,,,,,,,,,,,,
471,pg3tz-5-dpp,thiazole-flanked diketopyrrolopyrrole,thiazole-flanked diketopyrrolopyrrole,thiazole-flanked diketopyrrolopyrrole,False,False,False,fallback,TEXT_FALLBACK,False,no parse,,,,,,,,,True,,False,,,,,,,,,,,,,,,,
471,pg3tz-5-dpp,,,triethylenethoxyethyllycol s-yl,False,False,False,template_expand,,True,[OPSIN-PREPROC] raw='tric2eneglycolsidechains' -> preprocessed='triethylenethoxyethyllycol s-yl',,,,,,,,,,,,,,,tric2eneglycolsidechains,triethylenethoxyethyllycol s-yl,False,False,True,False,False,unknown,low,True,"[{""name"": ""tric2eneglycolsidechains"", ""count"": 1}]",,
471,pg3tz-5-dpp,,,triethylenethoxyethyllycol s-yl,False,False,False,sidechain_length,ALKYL_LENGTH,True,,CC,,,,,,,,,,,,,,tric2eneglycolsidechains,triethylenethoxyethyllycol s-yl,False,False,True,False,False,,,,,,
471,pg4tz-5-dpp,thiazole-flanked diketopyrrolopyrrole,thiazole-flanked diketopyrrolopyrrole,thiazole-flanked diketopyrrolopyrrole,False,False,False,opsin_direct,,False,,,FAILURE,thiazole-flanked diketopyrrolopyrrole is unparsable due to the following being uninterpretable: flanked diketopyrrolopyrrole The following was not parseable: flanked diketopyrrolopyrrole,,,,direct,,True,thiazole-flanked diketopyrrolopyrrole,False,,,,,,,,,,,,,,,,
471,pg4tz-5-dpp,thiazole-flanked diketopyrrolopyrrole,thiazole-flanked diketopyrrolopyrrole,thiazole-flanked diketopyrrolopyrrole,False,False,False,opsin_repair,,False,drop_descriptors,,FAILURE,thiazole-flanked diketopyrrolopyrrole is unparsable due to the following being uninterpretable: flanked diketopyrrolopyrrole The following was not parseable: flanked diketopyrrolopyrrole,,,,repair,drop_descriptors,True,thiazole-flanked diketopyrrolopyrrole,False,,,,,,,,,,,,,,,,
471,pg4tz-5-dpp,thiazole-flanked diketopyrrolopyrrole,thiazole-flanked diketopyrrolopyrrole,thiazole-flanked diketopyrrolopyrrole,False,False,False,opsin_repair,,False,drop_substituted,,FAILURE,thiazole-flanked diketopyrrolopyrrole is unparsable due to the following being uninterpretable: flanked diketopyrrolopyrrole The following was not parseable: flanked diketopyrrolopyrrole,,,,repair,drop_substituted,True,thiazole-flanked diketopyrrolopyrrole,False,,,,,,,,,,,,,,,,
471,pg4tz-5-dpp,thiazole-flanked diketopyrrolopyrrole,thiazole-flanked diketopyrrolopyrrole,thiazole-flanked diketopyrrolopyrrole,False,False,False,opsin_repair,,False,tidy_punct,,FAILURE,thiazole-flanked diketopyrrolopyrrole is unparsable due to the following being uninterpretable: flanked diketopyrrolopyrrole The following was not parseable: flanked diketopyrrolopyrrole,,,,repair,tidy_punct,True,thiazole-flanked diketopyrrolopyrrole,False,,,,,,,,,,,,,,,,
471,pg4tz-5-dpp,thiazole-flanked diketopyrrolopyrrole,thiazole-flanked diketopyrrolopyrrole,thiazole-flanked diketopyrrolopyrrole,False,False,False,fallback,TEXT_FALLBACK,False,no parse,,,,,,,,,True,,False,,,,,,,,,,,,,,,,
471,pg4tz-5-dpp,,,glycolated s-yl,False,False,False,template_expand,,True,[OPSIN-PREPROC] raw='glycolatedsidechains' -> preprocessed='glycolated s-yl',,,,,,,,,,,,,,,glycolatedsidechains,glycolated s-yl,False,False,True,False,False,unknown,low,True,"[{""name"": ""glycolatedsidechains"", ""count"": 1}]",,
471,pg4tz-5-dpp,,,glycolated s-yl,False,False,False,sidechain_non_opsin_compatible,NON_OPSIN_COMPATIBLE,False,ineligible,,,,,,,,,,,,,,,glycolatedsidechains,glycolated s-yl,False,False,True,False,False,,,,,,
471,pg5tz-5-dpp,thiazole-flanked diketopyrrolopyrrole,thiazole-flanked diketopyrrolopyrrole,thiazole-flanked diketopyrrolopyrrole,False,False,False,opsin_direct,,False,,,FAILURE,thiazole-flanked diketopyrrolopyrrole is unparsable due to the following being uninterpretable: flanked diketopyrrolopyrrole The following was not parseable: flanked diketopyrrolopyrrole,,,,direct,,True,thiazole-flanked diketopyrrolopyrrole,False,,,,,,,,,,,,,,,,
471,pg5tz-5-dpp,thiazole-flanked diketopyrrolopyrrole,thiazole-flanked diketopyrrolopyrrole,thiazole-flanked diketopyrrolopyrrole,False,False,False,opsin_repair,,False,drop_descriptors,,FAILURE,thiazole-flanked diketopyrrolopyrrole is unparsable due to the following being uninterpretable: flanked diketopyrrolopyrrole The following was not parseable: flanked diketopyrrolopyrrole,,,,repair,drop_descriptors,True,thiazole-flanked diketopyrrolopyrrole,False,,,,,,,,,,,,,,,,
471,pg5tz-5-dpp,thiazole-flanked diketopyrrolopyrrole,thiazole-flanked diketopyrrolopyrrole,thiazole-flanked diketopyrrolopyrrole,False,False,False,opsin_repair,,False,drop_substituted,,FAILURE,thiazole-flanked diketopyrrolopyrrole is unparsable due to the following being uninterpretable: flanked diketopyrrolopyrrole The following was not parseable: flanked diketopyrrolopyrrole,,,,repair,drop_substituted,True,thiazole-flanked diketopyrrolopyrrole,False,,,,,,,,,,,,,,,,
471,pg5tz-5-dpp,thiazole-flanked diketopyrrolopyrrole,thiazole-flanked diketopyrrolopyrrole,thiazole-flanked diketopyrrolopyrrole,False,False,False,opsin_repair,,False,tidy_punct,,FAILURE,thiazole-flanked diketopyrrolopyrrole is unparsable due to the following being uninterpretable: flanked diketopyrrolopyrrole The following was not parseable: flanked diketopyrrolopyrrole,,,,repair,tidy_punct,True,thiazole-flanked diketopyrrolopyrrole,False,,,,,,,,,,,,,,,,
471,pg5tz-5-dpp,thiazole-flanked diketopyrrolopyrrole,thiazole-flanked diketopyrrolopyrrole,thiazole-flanked diketopyrrolopyrrole,False,False,False,fallback,TEXT_FALLBACK,False,no parse,,,,,,,,,True,,False,,,,,,,,,,,,,,,,
471,pg5tz-5-dpp,,,glycolated s-yl,False,False,False,template_expand,,True,[OPSIN-PREPROC] raw='glycolatedsidechains' -> preprocessed='glycolated s-yl',,,,,,,,,,,,,,,glycolatedsidechains,glycolated s-yl,False,False,True,False,False,unknown,low,True,"[{""name"": ""glycolatedsidechains"", ""count"": 1}]",,
471,pg5tz-5-dpp,,,glycolated s-yl,False,False,False,sidechain_non_opsin_compatible,NON_OPSIN_COMPATIBLE,False,ineligible,,,,,,,,,,,,,,,glycolatedsidechains,glycolated s-yl,False,False,True,False,False,,,,,,
471,pg6tz-5-dpp,thiazole-flanked diketopyrrolopyrrole,thiazole-flanked diketopyrrolopyrrole,thiazole-flanked diketopyrrolopyrrole,False,False,False,opsin_direct,,False,,,FAILURE,thiazole-flanked diketopyrrolopyrrole is unparsable due to the following being uninterpretable: flanked diketopyrrolopyrrole The following was not parseable: flanked diketopyrrolopyrrole,,,,direct,,True,thiazole-flanked diketopyrrolopyrrole,False,,,,,,,,,,,,,,,,
471,pg6tz-5-dpp,thiazole-flanked diketopyrrolopyrrole,thiazole-flanked diketopyrrolopyrrole,thiazole-flanked diketopyrrolopyrrole,False,False,False,opsin_repair,,False,drop_descriptors,,FAILURE,thiazole-flanked diketopyrrolopyrrole is unparsable due to the following being uninterpretable: flanked diketopyrrolopyrrole The following was not parseable: flanked diketopyrrolopyrrole,,,,repair,drop_descriptors,True,thiazole-flanked diketopyrrolopyrrole,False,,,,,,,,,,,,,,,,
471,pg6tz-5-dpp,thiazole-flanked diketopyrrolopyrrole,thiazole-flanked diketopyrrolopyrrole,thiazole-flanked diketopyrrolopyrrole,False,False,False,opsin_repair,,False,drop_substituted,,FAILURE,thiazole-flanked diketopyrrolopyrrole is unparsable due to the following being uninterpretable: flanked diketopyrrolopyrrole The following was not parseable: flanked diketopyrrolopyrrole,,,,repair,drop_substituted,True,thiazole-flanked diketopyrrolopyrrole,False,,,,,,,,,,,,,,,,
471,pg6tz-5-dpp,thiazole-flanked diketopyrrolopyrrole,thiazole-flanked diketopyrrolopyrrole,thiazole-flanked diketopyrrolopyrrole,False,False,False,opsin_repair,,False,tidy_punct,,FAILURE,thiazole-flanked diketopyrrolopyrrole is unparsable due to the following being uninterpretable: flanked diketopyrrolopyrrole The following was not parseable: flanked diketopyrrolopyrrole,,,,repair,tidy_punct,True,thiazole-flanked diketopyrrolopyrrole,False,,,,,,,,,,,,,,,,
471,pg6tz-5-dpp,thiazole-flanked diketopyrrolopyrrole,thiazole-flanked diketopyrrolopyrrole,thiazole-flanked diketopyrrolopyrrole,False,False,False,fallback,TEXT_FALLBACK,False,no parse,,,,,,,,,True,,False,,,,,,,,,,,,,,,,
471,pg6tz-5-dpp,,,glycolated s-yl,False,False,False,template_expand,,True,[OPSIN-PREPROC] raw='glycolatedsidechains' -> preprocessed='glycolated s-yl',,,,,,,,,,,,,,,glycolatedsidechains,glycolated s-yl,False,False,True,False,False,unknown,low,True,"[{""name"": ""glycolatedsidechains"", ""count"": 1}]",,
471,pg6tz-5-dpp,,,glycolated s-yl,False,False,False,sidechain_non_opsin_compatible,NON_OPSIN_COMPATIBLE,False,ineligible,,,,,,,,,,,,,,,glycolatedsidechains,glycolated s-yl,False,False,True,False,False,,,,,,
471,pg7tz-5-dpp,thiazole-flanked diketopyrrolopyrrole,thiazole-flanked diketopyrrolopyrrole,thiazole-flanked diketopyrrolopyrrole,False,False,False,opsin_direct,,False,,,FAILURE,thiazole-flanked diketopyrrolopyrrole is unparsable due to the following being uninterpretable: flanked diketopyrrolopyrrole The following was not parseable: flanked diketopyrrolopyrrole,,,,direct,,True,thiazole-flanked diketopyrrolopyrrole,False,,,,,,,,,,,,,,,,
471,pg7tz-5-dpp,thiazole-flanked diketopyrrolopyrrole,thiazole-flanked diketopyrrolopyrrole,thiazole-flanked diketopyrrolopyrrole,False,False,False,opsin_repair,,False,drop_descriptors,,FAILURE,thiazole-flanked diketopyrrolopyrrole is unparsable due to the following being uninterpretable: flanked diketopyrrolopyrrole The following was not parseable: flanked diketopyrrolopyrrole,,,,repair,drop_descriptors,True,thiazole-flanked diketopyrrolopyrrole,False,,,,,,,,,,,,,,,,
471,pg7tz-5-dpp,thiazole-flanked diketopyrrolopyrrole,thiazole-flanked diketopyrrolopyrrole,thiazole-flanked diketopyrrolopyrrole,False,False,False,opsin_repair,,False,drop_substituted,,FAILURE,thiazole-flanked diketopyrrolopyrrole is unparsable due to the following being uninterpretable: flanked diketopyrrolopyrrole The following was not parseable: flanked diketopyrrolopyrrole,,,,repair,drop_substituted,True,thiazole-flanked diketopyrrolopyrrole,False,,,,,,,,,,,,,,,,
471,pg7tz-5-dpp,thiazole-flanked diketopyrrolopyrrole,thiazole-flanked diketopyrrolopyrrole,thiazole-flanked diketopyrrolopyrrole,False,False,False,opsin_repair,,False,tidy_punct,,FAILURE,thiazole-flanked diketopyrrolopyrrole is unparsable due to the following being uninterpretable: flanked diketopyrrolopyrrole The following was not parseable: flanked diketopyrrolopyrrole,,,,repair,tidy_punct,True,thiazole-flanked diketopyrrolopyrrole,False,,,,,,,,,,,,,,,,
471,pg7tz-5-dpp,thiazole-flanked diketopyrrolopyrrole,thiazole-flanked diketopyrrolopyrrole,thiazole-flanked diketopyrrolopyrrole,False,False,False,fallback,TEXT_FALLBACK,False,no parse,,,,,,,,,True,,False,,,,,,,,,,,,,,,,
471,pg7tz-5-dpp,,,glycolated s-yl,False,False,False,template_expand,,True,[OPSIN-PREPROC] raw='glycolatedsidechains' -> preprocessed='glycolated s-yl',,,,,,,,,,,,,,,glycolatedsidechains,glycolated s-yl,False,False,True,False,False,unknown,low,True,"[{""name"": ""glycolatedsidechains"", ""count"": 1}]",,
471,pg7tz-5-dpp,,,glycolated s-yl,False,False,False,sidechain_non_opsin_compatible,NON_OPSIN_COMPATIBLE,False,ineligible,,,,,,,,,,,,,,,glycolatedsidechains,glycolated s-yl,False,False,True,False,False,,,,,,
453,p(2gndi-t2),"naphthalene-1,4,5,8-tetracarboxylic-diimide-bithiophene (ndi-t2)",naphthalene-1 4 5 8-tetracarboxylic-diimide-bithiophene ndi-t-2,"naphthalene-1,4,5,8-tetracarboxylic-diimide-bithiophene (ndi-t2)",False,False,False,opsin_direct,,False,,,FAILURE,"naphthalene-1,4,5,8-tetracarboxylic-diimide-bithiophene (ndi-t2) is unparsable due to the following being uninterpretable: (ndi-t2) The following was not parseable: ndi-t2)",,,,direct,,True,"naphthalene-1,4,5,8-tetracarboxylic-diimide-bithiophene (ndi-t2)",False,,,,,,,,,,,,,,,,
453,p(2gndi-t2),"naphthalene-1,4,5,8-tetracarboxylic-diimide-bithiophene (ndi-t2)","naphthalene-1,4,5,8-tetracarboxylic-diimide-bithiophene (ndi-t2)","naphthalene-1,4,5,8-tetracarboxylic-diimide-bithiophene (ndi-t2)",False,False,False,opsin_repair,,False,drop_descriptors,,FAILURE,"naphthalene-1,4,5,8-tetracarboxylic-diimide-bithiophene (ndi-t2) is unparsable due to the following being uninterpretable: (ndi-t2) The following was not parseable: ndi-t2)",,,,repair,drop_descriptors,True,"naphthalene-1,4,5,8-tetracarboxylic-diimide-bithiophene (ndi-t2)",False,,,,,,,,,,,,,,,,
453,p(2gndi-t2),"naphthalene-1,4,5,8-tetracarboxylic-diimide-bithiophene (ndi-t2)","naphthalene-1,4,5,8-tetracarboxylic-diimide-bithiophene (ndi-t2)","naphthalene-1,4,5,8-tetracarboxylic-diimide-bithiophene (ndi-t2)",False,False,False,opsin_repair,,False,drop_substituted,,FAILURE,"naphthalene-1,4,5,8-tetracarboxylic-diimide-bithiophene (ndi-t2) is unparsable due to the following being uninterpretable: (ndi-t2) The following was not parseable: ndi-t2)",,,,repair,drop_substituted,True,"naphthalene-1,4,5,8-tetracarboxylic-diimide-bithiophene (ndi-t2)",False,,,,,,,,,,,,,,,,
453,p(2gndi-t2),"naphthalene-1,4,5,8-tetracarboxylic-diimide-bithiophene (ndi-t2)","naphthalene-1,4,5,8-tetracarboxylic-diimide-bithiophene (ndi-t2)","naphthalene-1,4,5,8-tetracarboxylic-diimide-bithiophene (ndi-t2)",False,False,False,opsin_repair,,False,tidy_punct,,FAILURE,"naphthalene-1,4,5,8-tetracarboxylic-diimide-bithiophene (ndi-t2) is unparsable due to the following being uninterpretable: (ndi-t2) The following was not parseable: ndi-t2)",,,,repair,tidy_punct,True,"naphthalene-1,4,5,8-tetracarboxylic-diimide-bithiophene (ndi-t2)",False,,,,,,,,,,,,,,,,
453,p(2gndi-t2),"naphthalene-1,4,5,8-tetracarboxylic-diimide-bithiophene (ndi-t2)",naphthalene-1 4 5 8-tetracarboxylic-diimide-bithiophene ndi-t-2,"naphthalene-1,4,5,8-tetracarboxylic-diimide-bithiophene (ndi-t2)",False,False,False,fallback,TEXT_FALLBACK,False,no parse,,,,,,,,,True,,False,,,,,,,,,,,,,,,,
453,p(2gndi-t2),,,branchedoligoether scontaining-3-oxygenatomsineachbranch-yl,False,False,False,template_expand,,True,[OPSIN-PREPROC] raw='branchedoligoethersidechainscontaining3oxygenatomsineachbranch' -> preprocessed='branchedoligoether scontaining-3-oxygenatomsineachbranch-yl',,,,,,,,,,,,,,,branchedoligoethersidechainscontaining3oxygenatomsineachbranch,branchedoligoether scontaining-3-oxygenatomsineachbranch-yl,False,False,True,False,False,descriptive,low,True,"[{""name"": ""branchedoligoethersidechainscontaining3oxygenatomsineachbranch"", ""count"": 1}]",,
453,p(2gndi-t2),,,branchedoligoether scontaining-3-oxygenatomsineachbranch-yl,False,False,False,sidechain_non_opsin_compatible,NON_OPSIN_COMPATIBLE,False,ineligible,,,,,,,,,,,,,,,branchedoligoethersidechainscontaining3oxygenatomsineachbranch,branchedoligoether scontaining-3-oxygenatomsineachbranch-yl,False,False,True,False,False,,,,,,
453,p(3gndi-t2),"naphthalene-1,4,5,8-tetracarboxylic-diimide-bithiophene (ndi-t2)",naphthalene-1 4 5 8-tetracarboxylic-diimide-bithiophene ndi-t-2,"naphthalene-1,4,5,8-tetracarboxylic-diimide-bithiophene (ndi-t2)",False,False,False,opsin_direct,,False,,,FAILURE,"naphthalene-1,4,5,8-tetracarboxylic-diimide-bithiophene (ndi-t2) is unparsable due to the following being uninterpretable: (ndi-t2) The following was not parseable: ndi-t2)",,,,direct,,True,"naphthalene-1,4,5,8-tetracarboxylic-diimide-bithiophene (ndi-t2)",False,,,,,,,,,,,,,,,,
453,p(3gndi-t2),"naphthalene-1,4,5,8-tetracarboxylic-diimide-bithiophene (ndi-t2)","naphthalene-1,4,5,8-tetracarboxylic-diimide-bithiophene (ndi-t2)","naphthalene-1,4,5,8-tetracarboxylic-diimide-bithiophene (ndi-t2)",False,False,False,opsin_repair,,False,drop_descriptors,,FAILURE,"naphthalene-1,4,5,8-tetracarboxylic-diimide-bithiophene (ndi-t2) is unparsable due to the following being uninterpretable: (ndi-t2) The following was not parseable: ndi-t2)",,,,repair,drop_descriptors,True,"naphthalene-1,4,5,8-tetracarboxylic-diimide-bithiophene (ndi-t2)",False,,,,,,,,,,,,,,,,
453,p(3gndi-t2),"naphthalene-1,4,5,8-tetracarboxylic-diimide-bithiophene (ndi-t2)","naphthalene-1,4,5,8-tetracarboxylic-diimide-bithiophene (ndi-t2)","naphthalene-1,4,5,8-tetracarboxylic-diimide-bithiophene (ndi-t2)",False,False,False,opsin_repair,,False,drop_substituted,,FAILURE,"naphthalene-1,4,5,8-tetracarboxylic-diimide-bithiophene (ndi-t2) is unparsable due to the following being uninterpretable: (ndi-t2) The following was not parseable: ndi-t2)",,,,repair,drop_substituted,True,"naphthalene-1,4,5,8-tetracarboxylic-diimide-bithiophene (ndi-t2)",False,,,,,,,,,,,,,,,,
453,p(3gndi-t2),"naphthalene-1,4,5,8-tetracarboxylic-diimide-bithiophene (ndi-t2)","naphthalene-1,4,5,8-tetracarboxylic-diimide-bithiophene (ndi-t2)","naphthalene-1,4,5,8-tetracarboxylic-diimide-bithiophene (ndi-t2)",False,False,False,opsin_repair,,False,tidy_punct,,FAILURE,"naphthalene-1,4,5,8-tetracarboxylic-diimide-bithiophene (ndi-t2) is unparsable due to the following being uninterpretable: (ndi-t2) The following was not parseable: ndi-t2)",,,,repair,tidy_punct,True,"naphthalene-1,4,5,8-tetracarboxylic-diimide-bithiophene (ndi-t2)",False,,,,,,,,,,,,,,,,
453,p(3gndi-t2),"naphthalene-1,4,5,8-tetracarboxylic-diimide-bithiophene (ndi-t2)",naphthalene-1 4 5 8-tetracarboxylic-diimide-bithiophene ndi-t-2,"naphthalene-1,4,5,8-tetracarboxylic-diimide-bithiophene (ndi-t2)",False,False,False,fallback,TEXT_FALLBACK,False,no parse,,,,,,,,,True,,False,,,,,,,,,,,,,,,,
453,p(3gndi-t2),,,branchedoligoether scontaining-4-oxygenatomsineachbranch-yl,False,False,False,template_expand,,True,[OPSIN-PREPROC] raw='branchedoligoethersidechainscontaining4oxygenatomsineachbranch' -> preprocessed='branchedoligoether scontaining-4-oxygenatomsineachbranch-yl',,,,,,,,,,,,,,,branchedoligoethersidechainscontaining4oxygenatomsineachbranch,branchedoligoether scontaining-4-oxygenatomsineachbranch-yl,False,False,True,False,False,descriptive,low,True,"[{""name"": ""branchedoligoethersidechainscontaining4oxygenatomsineachbranch"", ""count"": 1}]",,
453,p(3gndi-t2),,,branchedoligoether scontaining-4-oxygenatomsineachbranch-yl,False,False,False,sidechain_non_opsin_compatible,NON_OPSIN_COMPATIBLE,False,ineligible,,,,,,,,,,,,,,,branchedoligoethersidechainscontaining4oxygenatomsineachbranch,branchedoligoether scontaining-4-oxygenatomsineachbranch-yl,False,False,True,False,False,,,,,,
453,p(2gndi-t2),"naphthalene-1,4,5,8-tetracarboxylic-diimide-bithiophene (ndi-t2)",naphthalene-1 4 5 8-tetracarboxylic-diimide-bithiophene ndi-t-2,"naphthalene-1,4,5,8-tetracarboxylic-diimide-bithiophene (ndi-t2)",False,False,False,opsin_direct,,False,,,FAILURE,"naphthalene-1,4,5,8-tetracarboxylic-diimide-bithiophene (ndi-t2) is unparsable due to the following being uninterpretable: (ndi-t2) The following was not parseable: ndi-t2)",,,,direct,,True,"naphthalene-1,4,5,8-tetracarboxylic-diimide-bithiophene (ndi-t2)",False,,,,,,,,,,,,,,,,
453,p(2gndi-t2),"naphthalene-1,4,5,8-tetracarboxylic-diimide-bithiophene (ndi-t2)","naphthalene-1,4,5,8-tetracarboxylic-diimide-bithiophene (ndi-t2)","naphthalene-1,4,5,8-tetracarboxylic-diimide-bithiophene (ndi-t2)",False,False,False,opsin_repair,,False,drop_descriptors,,FAILURE,"naphthalene-1,4,5,8-tetracarboxylic-diimide-bithiophene (ndi-t2) is unparsable due to the following being uninterpretable: (ndi-t2) The following was not parseable: ndi-t2)",,,,repair,drop_descriptors,True,"naphthalene-1,4,5,8-tetracarboxylic-diimide-bithiophene (ndi-t2)",False,,,,,,,,,,,,,,,,
453,p(2gndi-t2),"naphthalene-1,4,5,8-tetracarboxylic-diimide-bithiophene (ndi-t2)","naphthalene-1,4,5,8-tetracarboxylic-diimide-bithiophene (ndi-t2)","naphthalene-1,4,5,8-tetracarboxylic-diimide-bithiophene (ndi-t2)",False,False,False,opsin_repair,,False,drop_substituted,,FAILURE,"naphthalene-1,4,5,8-tetracarboxylic-diimide-bithiophene (ndi-t2) is unparsable due to the following being uninterpretable: (ndi-t2) The following was not parseable: ndi-t2)",,,,repair,drop_substituted,True,"naphthalene-1,4,5,8-tetracarboxylic-diimide-bithiophene (ndi-t2)",False,,,,,,,,,,,,,,,,
453,p(2gndi-t2),"naphthalene-1,4,5,8-tetracarboxylic-diimide-bithiophene (ndi-t2)","naphthalene-1,4,5,8-tetracarboxylic-diimide-bithiophene (ndi-t2)","naphthalene-1,4,5,8-tetracarboxylic-diimide-bithiophene (ndi-t2)",False,False,False,opsin_repair,,False,tidy_punct,,FAILURE,"naphthalene-1,4,5,8-tetracarboxylic-diimide-bithiophene (ndi-t2) is unparsable due to the following being uninterpretable: (ndi-t2) The following was not parseable: ndi-t2)",,,,repair,tidy_punct,True,"naphthalene-1,4,5,8-tetracarboxylic-diimide-bithiophene (ndi-t2)",False,,,,,,,,,,,,,,,,
453,p(2gndi-t2),"naphthalene-1,4,5,8-tetracarboxylic-diimide-bithiophene (ndi-t2)",naphthalene-1 4 5 8-tetracarboxylic-diimide-bithiophene ndi-t-2,"naphthalene-1,4,5,8-tetracarboxylic-diimide-bithiophene (ndi-t2)",False,False,False,fallback,TEXT_FALLBACK,False,no parse,,,,,,,,,True,,False,,,,,,,,,,,,,,,,
453,p(2gndi-t2),,,branchedoligoether scontaining-3-oxygenatomsineachbranch-yl,False,False,False,template_expand,,True,[OPSIN-PREPROC] raw='branchedoligoethersidechainscontaining3oxygenatomsineachbranch' -> preprocessed='branchedoligoether scontaining-3-oxygenatomsineachbranch-yl',,,,,,,,,,,,,,,branchedoligoethersidechainscontaining3oxygenatomsineachbranch,branchedoligoether scontaining-3-oxygenatomsineachbranch-yl,False,False,True,False,False,descriptive,low,True,"[{""name"": ""branchedoligoethersidechainscontaining3oxygenatomsineachbranch"", ""count"": 1}]",,
453,p(2gndi-t2),,,branchedoligoether scontaining-3-oxygenatomsineachbranch-yl,False,False,False,sidechain_non_opsin_compatible,NON_OPSIN_COMPATIBLE,False,ineligible,,,,,,,,,,,,,,,branchedoligoethersidechainscontaining3oxygenatomsineachbranch,branchedoligoether scontaining-3-oxygenatomsineachbranch-yl,False,False,True,False,False,,,,,,
453,p(3gndi-t2),"naphthalene-1,4,5,8-tetracarboxylic-diimide-bithiophene (ndi-t2)",naphthalene-1 4 5 8-tetracarboxylic-diimide-bithiophene ndi-t-2,"naphthalene-1,4,5,8-tetracarboxylic-diimide-bithiophene (ndi-t2)",False,False,False,opsin_direct,,False,,,FAILURE,"naphthalene-1,4,5,8-tetracarboxylic-diimide-bithiophene (ndi-t2) is unparsable due to the following being uninterpretable: (ndi-t2) The following was not parseable: ndi-t2)",,,,direct,,True,"naphthalene-1,4,5,8-tetracarboxylic-diimide-bithiophene (ndi-t2)",False,,,,,,,,,,,,,,,,
453,p(3gndi-t2),"naphthalene-1,4,5,8-tetracarboxylic-diimide-bithiophene (ndi-t2)","naphthalene-1,4,5,8-tetracarboxylic-diimide-bithiophene (ndi-t2)","naphthalene-1,4,5,8-tetracarboxylic-diimide-bithiophene (ndi-t2)",False,False,False,opsin_repair,,False,drop_descriptors,,FAILURE,"naphthalene-1,4,5,8-tetracarboxylic-diimide-bithiophene (ndi-t2) is unparsable due to the following being uninterpretable: (ndi-t2) The following was not parseable: ndi-t2)",,,,repair,drop_descriptors,True,"naphthalene-1,4,5,8-tetracarboxylic-diimide-bithiophene (ndi-t2)",False,,,,,,,,,,,,,,,,
453,p(3gndi-t2),"naphthalene-1,4,5,8-tetracarboxylic-diimide-bithiophene (ndi-t2)","naphthalene-1,4,5,8-tetracarboxylic-diimide-bithiophene (ndi-t2)","naphthalene-1,4,5,8-tetracarboxylic-diimide-bithiophene (ndi-t2)",False,False,False,opsin_repair,,False,drop_substituted,,FAILURE,"naphthalene-1,4,5,8-tetracarboxylic-diimide-bithiophene (ndi-t2) is unparsable due to the following being uninterpretable: (ndi-t2) The following was not parseable: ndi-t2)",,,,repair,drop_substituted,True,"naphthalene-1,4,5,8-tetracarboxylic-diimide-bithiophene (ndi-t2)",False,,,,,,,,,,,,,,,,
453,p(3gndi-t2),"naphthalene-1,4,5,8-tetracarboxylic-diimide-bithiophene (ndi-t2)","naphthalene-1,4,5,8-tetracarboxylic-diimide-bithiophene (ndi-t2)","naphthalene-1,4,5,8-tetracarboxylic-diimide-bithiophene (ndi-t2)",False,False,False,opsin_repair,,False,tidy_punct,,FAILURE,"naphthalene-1,4,5,8-tetracarboxylic-diimide-bithiophene (ndi-t2) is unparsable due to the following being uninterpretable: (ndi-t2) The following was not parseable: ndi-t2)",,,,repair,tidy_punct,True,"naphthalene-1,4,5,8-tetracarboxylic-diimide-bithiophene (ndi-t2)",False,,,,,,,,,,,,,,,,
453,p(3gndi-t2),"naphthalene-1,4,5,8-tetracarboxylic-diimide-bithiophene (ndi-t2)",naphthalene-1 4 5 8-tetracarboxylic-diimide-bithiophene ndi-t-2,"naphthalene-1,4,5,8-tetracarboxylic-diimide-bithiophene (ndi-t2)",False,False,False,fallback,TEXT_FALLBACK,False,no parse,,,,,,,,,True,,False,,,,,,,,,,,,,,,,
453,p(3gndi-t2),,,branchedoligoether scontaining-4-oxygenatomsineachbranch-yl,False,False,False,template_expand,,True,[OPSIN-PREPROC] raw='branchedoligoethersidechainscontaining4oxygenatomsineachbranch' -> preprocessed='branchedoligoether scontaining-4-oxygenatomsineachbranch-yl',,,,,,,,,,,,,,,branchedoligoethersidechainscontaining4oxygenatomsineachbranch,branchedoligoether scontaining-4-oxygenatomsineachbranch-yl,False,False,True,False,False,descriptive,low,True,"[{""name"": ""branchedoligoethersidechainscontaining4oxygenatomsineachbranch"", ""count"": 1}]",,
453,p(3gndi-t2),,,branchedoligoether scontaining-4-oxygenatomsineachbranch-yl,False,False,False,sidechain_non_opsin_compatible,NON_OPSIN_COMPATIBLE,False,ineligible,,,,,,,,,,,,,,,branchedoligoethersidechainscontaining4oxygenatomsineachbranch,branchedoligoether scontaining-4-oxygenatomsineachbranch-yl,False,False,True,False,False,,,,,,
453,p(2gndi-t2),"naphthalene-1,4,5,8-tetracarboxylic-diimide-bithiophene (ndi-t2)",naphthalene-1 4 5 8-tetracarboxylic-diimide-bithiophene ndi-t-2,"naphthalene-1,4,5,8-tetracarboxylic-diimide-bithiophene (ndi-t2)",False,False,False,opsin_direct,,False,,,FAILURE,"naphthalene-1,4,5,8-tetracarboxylic-diimide-bithiophene (ndi-t2) is unparsable due to the following being uninterpretable: (ndi-t2) The following was not parseable: ndi-t2)",,,,direct,,True,"naphthalene-1,4,5,8-tetracarboxylic-diimide-bithiophene (ndi-t2)",False,,,,,,,,,,,,,,,,
453,p(2gndi-t2),"naphthalene-1,4,5,8-tetracarboxylic-diimide-bithiophene (ndi-t2)","naphthalene-1,4,5,8-tetracarboxylic-diimide-bithiophene (ndi-t2)","naphthalene-1,4,5,8-tetracarboxylic-diimide-bithiophene (ndi-t2)",False,False,False,opsin_repair,,False,drop_descriptors,,FAILURE,"naphthalene-1,4,5,8-tetracarboxylic-diimide-bithiophene (ndi-t2) is unparsable due to the following being uninterpretable: (ndi-t2) The following was not parseable: ndi-t2)",,,,repair,drop_descriptors,True,"naphthalene-1,4,5,8-tetracarboxylic-diimide-bithiophene (ndi-t2)",False,,,,,,,,,,,,,,,,
453,p(2gndi-t2),"naphthalene-1,4,5,8-tetracarboxylic-diimide-bithiophene (ndi-t2)","naphthalene-1,4,5,8-tetracarboxylic-diimide-bithiophene (ndi-t2)","naphthalene-1,4,5,8-tetracarboxylic-diimide-bithiophene (ndi-t2)",False,False,False,opsin_repair,,False,drop_substituted,,FAILURE,"naphthalene-1,4,5,8-tetracarboxylic-diimide-bithiophene (ndi-t2) is unparsable due to the following being uninterpretable: (ndi-t2) The following was not parseable: ndi-t2)",,,,repair,drop_substituted,True,"naphthalene-1,4,5,8-tetracarboxylic-diimide-bithiophene (ndi-t2)",False,,,,,,,,,,,,,,,,
453,p(2gndi-t2),"naphthalene-1,4,5,8-tetracarboxylic-diimide-bithiophene (ndi-t2)","naphthalene-1,4,5,8-tetracarboxylic-diimide-bithiophene (ndi-t2)","naphthalene-1,4,5,8-tetracarboxylic-diimide-bithiophene (ndi-t2)",False,False,False,opsin_repair,,False,tidy_punct,,FAILURE,"naphthalene-1,4,5,8-tetracarboxylic-diimide-bithiophene (ndi-t2) is unparsable due to the following being uninterpretable: (ndi-t2) The following was not parseable: ndi-t2)",,,,repair,tidy_punct,True,"naphthalene-1,4,5,8-tetracarboxylic-diimide-bithiophene (ndi-t2)",False,,,,,,,,,,,,,,,,
453,p(2gndi-t2),"naphthalene-1,4,5,8-tetracarboxylic-diimide-bithiophene (ndi-t2)",naphthalene-1 4 5 8-tetracarboxylic-diimide-bithiophene ndi-t-2,"naphthalene-1,4,5,8-tetracarboxylic-diimide-bithiophene (ndi-t2)",False,False,False,fallback,TEXT_FALLBACK,False,no parse,,,,,,,,,True,,False,,,,,,,,,,,,,,,,
453,p(2gndi-t2),,,branchedoligoether scontaining-3-oxygenatomsineachbranch-yl,False,False,False,template_expand,,True,[OPSIN-PREPROC] raw='branchedoligoethersidechainscontaining3oxygenatomsineachbranch' -> preprocessed='branchedoligoether scontaining-3-oxygenatomsineachbranch-yl',,,,,,,,,,,,,,,branchedoligoethersidechainscontaining3oxygenatomsineachbranch,branchedoligoether scontaining-3-oxygenatomsineachbranch-yl,False,False,True,False,False,descriptive,low,True,"[{""name"": ""branchedoligoethersidechainscontaining3oxygenatomsineachbranch"", ""count"": 1}]",,
453,p(2gndi-t2),,,branchedoligoether scontaining-3-oxygenatomsineachbranch-yl,False,False,False,sidechain_non_opsin_compatible,NON_OPSIN_COMPATIBLE,False,ineligible,,,,,,,,,,,,,,,branchedoligoethersidechainscontaining3oxygenatomsineachbranch,branchedoligoether scontaining-3-oxygenatomsineachbranch-yl,False,False,True,False,False,,,,,,
453,p(3gndi-t2),"naphthalene-1,4,5,8-tetracarboxylic-diimide-bithiophene (ndi-t2)",naphthalene-1 4 5 8-tetracarboxylic-diimide-bithiophene ndi-t-2,"naphthalene-1,4,5,8-tetracarboxylic-diimide-bithiophene (ndi-t2)",False,False,False,opsin_direct,,False,,,FAILURE,"naphthalene-1,4,5,8-tetracarboxylic-diimide-bithiophene (ndi-t2) is unparsable due to the following being uninterpretable: (ndi-t2) The following was not parseable: ndi-t2)",,,,direct,,True,"naphthalene-1,4,5,8-tetracarboxylic-diimide-bithiophene (ndi-t2)",False,,,,,,,,,,,,,,,,
453,p(3gndi-t2),"naphthalene-1,4,5,8-tetracarboxylic-diimide-bithiophene (ndi-t2)","naphthalene-1,4,5,8-tetracarboxylic-diimide-bithiophene (ndi-t2)","naphthalene-1,4,5,8-tetracarboxylic-diimide-bithiophene (ndi-t2)",False,False,False,opsin_repair,,False,drop_descriptors,,FAILURE,"naphthalene-1,4,5,8-tetracarboxylic-diimide-bithiophene (ndi-t2) is unparsable due to the following being uninterpretable: (ndi-t2) The following was not parseable: ndi-t2)",,,,repair,drop_descriptors,True,"naphthalene-1,4,5,8-tetracarboxylic-diimide-bithiophene (ndi-t2)",False,,,,,,,,,,,,,,,,
453,p(3gndi-t2),"naphthalene-1,4,5,8-tetracarboxylic-diimide-bithiophene (ndi-t2)","naphthalene-1,4,5,8-tetracarboxylic-diimide-bithiophene (ndi-t2)","naphthalene-1,4,5,8-tetracarboxylic-diimide-bithiophene (ndi-t2)",False,False,False,opsin_repair,,False,drop_substituted,,FAILURE,"naphthalene-1,4,5,8-tetracarboxylic-diimide-bithiophene (ndi-t2) is unparsable due to the following being uninterpretable: (ndi-t2) The following was not parseable: ndi-t2)",,,,repair,drop_substituted,True,"naphthalene-1,4,5,8-tetracarboxylic-diimide-bithiophene (ndi-t2)",False,,,,,,,,,,,,,,,,
453,p(3gndi-t2),"naphthalene-1,4,5,8-tetracarboxylic-diimide-bithiophene (ndi-t2)","naphthalene-1,4,5,8-tetracarboxylic-diimide-bithiophene (ndi-t2)","naphthalene-1,4,5,8-tetracarboxylic-diimide-bithiophene (ndi-t2)",False,False,False,opsin_repair,,False,tidy_punct,,FAILURE,"naphthalene-1,4,5,8-tetracarboxylic-diimide-bithiophene (ndi-t2) is unparsable due to the following being uninterpretable: (ndi-t2) The following was not parseable: ndi-t2)",,,,repair,tidy_punct,True,"naphthalene-1,4,5,8-tetracarboxylic-diimide-bithiophene (ndi-t2)",False,,,,,,,,,,,,,,,,
453,p(3gndi-t2),"naphthalene-1,4,5,8-tetracarboxylic-diimide-bithiophene (ndi-t2)",naphthalene-1 4 5 8-tetracarboxylic-diimide-bithiophene ndi-t-2,"naphthalene-1,4,5,8-tetracarboxylic-diimide-bithiophene (ndi-t2)",False,False,False,fallback,TEXT_FALLBACK,False,no parse,,,,,,,,,True,,False,,,,,,,,,,,,,,,,
453,p(3gndi-t2),,,branchedoligoether scontaining-4-oxygenatomsineachbranch-yl,False,False,False,template_expand,,True,[OPSIN-PREPROC] raw='branchedoligoethersidechainscontaining4oxygenatomsineachbranch' -> preprocessed='branchedoligoether scontaining-4-oxygenatomsineachbranch-yl',,,,,,,,,,,,,,,branchedoligoethersidechainscontaining4oxygenatomsineachbranch,branchedoligoether scontaining-4-oxygenatomsineachbranch-yl,False,False,True,False,False,descriptive,low,True,"[{""name"": ""branchedoligoethersidechainscontaining4oxygenatomsineachbranch"", ""count"": 1}]",,
453,p(3gndi-t2),,,branchedoligoether scontaining-4-oxygenatomsineachbranch-yl,False,False,False,sidechain_non_opsin_compatible,NON_OPSIN_COMPATIBLE,False,ineligible,,,,,,,,,,,,,,,branchedoligoethersidechainscontaining4oxygenatomsineachbranch,branchedoligoether scontaining-4-oxygenatomsineachbranch-yl,False,False,True,False,False,,,,,,
466,pdpp-2eg,"diketopyrrolopyrrole (dpp) with 2,2'-bithiophene (t2) backbone",diketopyrrolopyrrole dpp with 2 2'-bithiophene t-2,"diketopyrrolopyrrole (dpp) with 2,2'-bithiophene (t2) backbone",False,False,False,opsin_direct,,False,,,FAILURE,"diketopyrrolopyrrole (dpp) with 2,2'-bithiophene (t2) backbone is unparsable due to the following being uninterpretable: (dpp) with 2,2'-bithiophene (t2) backbone The following was not parseable: pp) with 2,2'-bithiophene (t2) backbone",,,,direct,,True,"diketopyrrolopyrrole (dpp) with 2,2'-bithiophene (t2) backbone",False,,,,,,,,,,,,,,,,
466,pdpp-2eg,"diketopyrrolopyrrole (dpp) with 2,2'-bithiophene (t2) backbone","diketopyrrolopyrrole (dpp) with 2,2'-bithiophene (t2) backbone","diketopyrrolopyrrole (dpp) with 2,2'-bithiophene (t2) backbone",False,False,False,opsin_repair,,False,drop_descriptors,,FAILURE,"diketopyrrolopyrrole (dpp) with 2,2'-bithiophene (t2) backbone is unparsable due to the following being uninterpretable: (dpp) with 2,2'-bithiophene (t2) backbone The following was not parseable: pp) with 2,2'-bithiophene (t2) backbone",,,,repair,drop_descriptors,True,"diketopyrrolopyrrole (dpp) with 2,2'-bithiophene (t2) backbone",False,,,,,,,,,,,,,,,,
466,pdpp-2eg,"diketopyrrolopyrrole (dpp) with 2,2'-bithiophene (t2) backbone","diketopyrrolopyrrole (dpp) with 2,2'-bithiophene (t2) backbone","diketopyrrolopyrrole (dpp) with 2,2'-bithiophene (t2) backbone",False,False,False,opsin_repair,,False,drop_substituted,,FAILURE,"diketopyrrolopyrrole (dpp) with 2,2'-bithiophene (t2) backbone is unparsable due to the following being uninterpretable: (dpp) with 2,2'-bithiophene (t2) backbone The following was not parseable: pp) with 2,2'-bithiophene (t2) backbone",,,,repair,drop_substituted,True,"diketopyrrolopyrrole (dpp) with 2,2'-bithiophene (t2) backbone",False,,,,,,,,,,,,,,,,
466,pdpp-2eg,"diketopyrrolopyrrole (dpp) with 2,2'-bithiophene (t2) backbone","diketopyrrolopyrrole (dpp) with 2,2'-bithiophene (t2) backbone","diketopyrrolopyrrole (dpp) with 2,2'-bithiophene (t2) backbone",False,False,False,opsin_repair,,False,tidy_punct,,FAILURE,"diketopyrrolopyrrole (dpp) with 2,2'-bithiophene (t2) backbone is unparsable due to the following being uninterpretable: (dpp) with 2,2'-bithiophene (t2) backbone The following was not parseable: pp) with 2,2'-bithiophene (t2) backbone",,,,repair,tidy_punct,True,"diketopyrrolopyrrole (dpp) with 2,2'-bithiophene (t2) backbone",False,,,,,,,,,,,,,,,,
466,pdpp-2eg,"diketopyrrolopyrrole (dpp) with 2,2'-bithiophene (t2) backbone",diketopyrrolopyrrole dpp with 2 2'-bithiophene t-2,"diketopyrrolopyrrole (dpp) with 2,2'-bithiophene (t2) backbone",False,False,False,fallback,TEXT_FALLBACK,False,no parse,,,,,,,,,True,,False,,,,,,,,,,,,,,,,
466,pdpp-3eg,"diketopyrrolopyrrole (dpp) with 2,2'-bithiophene (t2) backbone",diketopyrrolopyrrole dpp with 2 2'-bithiophene t-2,"diketopyrrolopyrrole (dpp) with 2,2'-bithiophene (t2) backbone",False,False,False,opsin_direct,,False,,,FAILURE,"diketopyrrolopyrrole (dpp) with 2,2'-bithiophene (t2) backbone is unparsable due to the following being uninterpretable: (dpp) with 2,2'-bithiophene (t2) backbone The following was not parseable: pp) with 2,2'-bithiophene (t2) backbone",,,,direct,,True,"diketopyrrolopyrrole (dpp) with 2,2'-bithiophene (t2) backbone",False,,,,,,,,,,,,,,,,
466,pdpp-3eg,"diketopyrrolopyrrole (dpp) with 2,2'-bithiophene (t2) backbone","diketopyrrolopyrrole (dpp) with 2,2'-bithiophene (t2) backbone","diketopyrrolopyrrole (dpp) with 2,2'-bithiophene (t2) backbone",False,False,False,opsin_repair,,False,drop_descriptors,,FAILURE,"diketopyrrolopyrrole (dpp) with 2,2'-bithiophene (t2) backbone is unparsable due to the following being uninterpretable: (dpp) with 2,2'-bithiophene (t2) backbone The following was not parseable: pp) with 2,2'-bithiophene (t2) backbone",,,,repair,drop_descriptors,True,"diketopyrrolopyrrole (dpp) with 2,2'-bithiophene (t2) backbone",False,,,,,,,,,,,,,,,,
466,pdpp-3eg,"diketopyrrolopyrrole (dpp) with 2,2'-bithiophene (t2) backbone","diketopyrrolopyrrole (dpp) with 2,2'-bithiophene (t2) backbone","diketopyrrolopyrrole (dpp) with 2,2'-bithiophene (t2) backbone",False,False,False,opsin_repair,,False,drop_substituted,,FAILURE,"diketopyrrolopyrrole (dpp) with 2,2'-bithiophene (t2) backbone is unparsable due to the following being uninterpretable: (dpp) with 2,2'-bithiophene (t2) backbone The following was not parseable: pp) with 2,2'-bithiophene (t2) backbone",,,,repair,drop_substituted,True,"diketopyrrolopyrrole (dpp) with 2,2'-bithiophene (t2) backbone",False,,,,,,,,,,,,,,,,
466,pdpp-3eg,"diketopyrrolopyrrole (dpp) with 2,2'-bithiophene (t2) backbone","diketopyrrolopyrrole (dpp) with 2,2'-bithiophene (t2) backbone","diketopyrrolopyrrole (dpp) with 2,2'-bithiophene (t2) backbone",False,False,False,opsin_repair,,False,tidy_punct,,FAILURE,"diketopyrrolopyrrole (dpp) with 2,2'-bithiophene (t2) backbone is unparsable due to the following being uninterpretable: (dpp) with 2,2'-bithiophene (t2) backbone The following was not parseable: pp) with 2,2'-bithiophene (t2) backbone",,,,repair,tidy_punct,True,"diketopyrrolopyrrole (dpp) with 2,2'-bithiophene (t2) backbone",False,,,,,,,,,,,,,,,,
466,pdpp-3eg,"diketopyrrolopyrrole (dpp) with 2,2'-bithiophene (t2) backbone",diketopyrrolopyrrole dpp with 2 2'-bithiophene t-2,"diketopyrrolopyrrole (dpp) with 2,2'-bithiophene (t2) backbone",False,False,False,fallback,TEXT_FALLBACK,False,no parse,,,,,,,,,True,,False,,,,,,,,,,,,,,,,
466,pdpp-4eg,"diketopyrrolopyrrole (dpp) with 2,2'-bithiophene (t2) backbone",diketopyrrolopyrrole dpp with 2 2'-bithiophene t-2,"diketopyrrolopyrrole (dpp) with 2,2'-bithiophene (t2) backbone",False,False,False,opsin_direct,,False,,,FAILURE,"diketopyrrolopyrrole (dpp) with 2,2'-bithiophene (t2) backbone is unparsable due to the following being uninterpretable: (dpp) with 2,2'-bithiophene (t2) backbone The following was not parseable: pp) with 2,2'-bithiophene (t2) backbone",,,,direct,,True,"diketopyrrolopyrrole (dpp) with 2,2'-bithiophene (t2) backbone",False,,,,,,,,,,,,,,,,
466,pdpp-4eg,"diketopyrrolopyrrole (dpp) with 2,2'-bithiophene (t2) backbone","diketopyrrolopyrrole (dpp) with 2,2'-bithiophene (t2) backbone","diketopyrrolopyrrole (dpp) with 2,2'-bithiophene (t2) backbone",False,False,False,opsin_repair,,False,drop_descriptors,,FAILURE,"diketopyrrolopyrrole (dpp) with 2,2'-bithiophene (t2) backbone is unparsable due to the following being uninterpretable: (dpp) with 2,2'-bithiophene (t2) backbone The following was not parseable: pp) with 2,2'-bithiophene (t2) backbone",,,,repair,drop_descriptors,True,"diketopyrrolopyrrole (dpp) with 2,2'-bithiophene (t2) backbone",False,,,,,,,,,,,,,,,,
466,pdpp-4eg,"diketopyrrolopyrrole (dpp) with 2,2'-bithiophene (t2) backbone","diketopyrrolopyrrole (dpp) with 2,2'-bithiophene (t2) backbone","diketopyrrolopyrrole (dpp) with 2,2'-bithiophene (t2) backbone",False,False,False,opsin_repair,,False,drop_substituted,,FAILURE,"diketopyrrolopyrrole (dpp) with 2,2'-bithiophene (t2) backbone is unparsable due to the following being uninterpretable: (dpp) with 2,2'-bithiophene (t2) backbone The following was not parseable: pp) with 2,2'-bithiophene (t2) backbone",,,,repair,drop_substituted,True,"diketopyrrolopyrrole (dpp) with 2,2'-bithiophene (t2) backbone",False,,,,,,,,,,,,,,,,
466,pdpp-4eg,"diketopyrrolopyrrole (dpp) with 2,2'-bithiophene (t2) backbone","diketopyrrolopyrrole (dpp) with 2,2'-bithiophene (t2) backbone","diketopyrrolopyrrole (dpp) with 2,2'-bithiophene (t2) backbone",False,False,False,opsin_repair,,False,tidy_punct,,FAILURE,"diketopyrrolopyrrole (dpp) with 2,2'-bithiophene (t2) backbone is unparsable due to the following being uninterpretable: (dpp) with 2,2'-bithiophene (t2) backbone The following was not parseable: pp) with 2,2'-bithiophene (t2) backbone",,,,repair,tidy_punct,True,"diketopyrrolopyrrole (dpp) with 2,2'-bithiophene (t2) backbone",False,,,,,,,,,,,,,,,,
466,pdpp-4eg,"diketopyrrolopyrrole (dpp) with 2,2'-bithiophene (t2) backbone",diketopyrrolopyrrole dpp with 2 2'-bithiophene t-2,"diketopyrrolopyrrole (dpp) with 2,2'-bithiophene (t2) backbone",False,False,False,fallback,TEXT_FALLBACK,False,no parse,,,,,,,,,True,,False,,,,,,,,,,,,,,,,
466,pdpp-5eg,"diketopyrrolopyrrole (dpp) with 2,2'-bithiophene (t2) backbone",diketopyrrolopyrrole dpp with 2 2'-bithiophene t-2,"diketopyrrolopyrrole (dpp) with 2,2'-bithiophene (t2) backbone",False,False,False,opsin_direct,,False,,,FAILURE,"diketopyrrolopyrrole (dpp) with 2,2'-bithiophene (t2) backbone is unparsable due to the following being uninterpretable: (dpp) with 2,2'-bithiophene (t2) backbone The following was not parseable: pp) with 2,2'-bithiophene (t2) backbone",,,,direct,,True,"diketopyrrolopyrrole (dpp) with 2,2'-bithiophene (t2) backbone",False,,,,,,,,,,,,,,,,
466,pdpp-5eg,"diketopyrrolopyrrole (dpp) with 2,2'-bithiophene (t2) backbone","diketopyrrolopyrrole (dpp) with 2,2'-bithiophene (t2) backbone","diketopyrrolopyrrole (dpp) with 2,2'-bithiophene (t2) backbone",False,False,False,opsin_repair,,False,drop_descriptors,,FAILURE,"diketopyrrolopyrrole (dpp) with 2,2'-bithiophene (t2) backbone is unparsable due to the following being uninterpretable: (dpp) with 2,2'-bithiophene (t2) backbone The following was not parseable: pp) with 2,2'-bithiophene (t2) backbone",,,,repair,drop_descriptors,True,"diketopyrrolopyrrole (dpp) with 2,2'-bithiophene (t2) backbone",False,,,,,,,,,,,,,,,,
466,pdpp-5eg,"diketopyrrolopyrrole (dpp) with 2,2'-bithiophene (t2) backbone","diketopyrrolopyrrole (dpp) with 2,2'-bithiophene (t2) backbone","diketopyrrolopyrrole (dpp) with 2,2'-bithiophene (t2) backbone",False,False,False,opsin_repair,,False,drop_substituted,,FAILURE,"diketopyrrolopyrrole (dpp) with 2,2'-bithiophene (t2) backbone is unparsable due to the following being uninterpretable: (dpp) with 2,2'-bithiophene (t2) backbone The following was not parseable: pp) with 2,2'-bithiophene (t2) backbone",,,,repair,drop_substituted,True,"diketopyrrolopyrrole (dpp) with 2,2'-bithiophene (t2) backbone",False,,,,,,,,,,,,,,,,
466,pdpp-5eg,"diketopyrrolopyrrole (dpp) with 2,2'-bithiophene (t2) backbone","diketopyrrolopyrrole (dpp) with 2,2'-bithiophene (t2) backbone","diketopyrrolopyrrole (dpp) with 2,2'-bithiophene (t2) backbone",False,False,False,opsin_repair,,False,tidy_punct,,FAILURE,"diketopyrrolopyrrole (dpp) with 2,2'-bithiophene (t2) backbone is unparsable due to the following being uninterpretable: (dpp) with 2,2'-bithiophene (t2) backbone The following was not parseable: pp) with 2,2'-bithiophene (t2) backbone",,,,repair,tidy_punct,True,"diketopyrrolopyrrole (dpp) with 2,2'-bithiophene (t2) backbone",False,,,,,,,,,,,,,,,,
466,pdpp-5eg,"diketopyrrolopyrrole (dpp) with 2,2'-bithiophene (t2) backbone",diketopyrrolopyrrole dpp with 2 2'-bithiophene t-2,"diketopyrrolopyrrole (dpp) with 2,2'-bithiophene (t2) backbone",False,False,False,fallback,TEXT_FALLBACK,False,no parse,,,,,,,,,True,,False,,,,,,,,,,,,,,,,
466,pdpp-4eg,"diketopyrrolopyrrole (dpp) with 2,2'-bithiophene (t2) backbone",diketopyrrolopyrrole dpp with 2 2'-bithiophene t-2,"diketopyrrolopyrrole (dpp) with 2,2'-bithiophene (t2) backbone",False,False,False,opsin_direct,,False,,,FAILURE,"diketopyrrolopyrrole (dpp) with 2,2'-bithiophene (t2) backbone is unparsable due to the following being uninterpretable: (dpp) with 2,2'-bithiophene (t2) backbone The following was not parseable: pp) with 2,2'-bithiophene (t2) backbone",,,,direct,,True,"diketopyrrolopyrrole (dpp) with 2,2'-bithiophene (t2) backbone",False,,,,,,,,,,,,,,,,
466,pdpp-4eg,"diketopyrrolopyrrole (dpp) with 2,2'-bithiophene (t2) backbone","diketopyrrolopyrrole (dpp) with 2,2'-bithiophene (t2) backbone","diketopyrrolopyrrole (dpp) with 2,2'-bithiophene (t2) backbone",False,False,False,opsin_repair,,False,drop_descriptors,,FAILURE,"diketopyrrolopyrrole (dpp) with 2,2'-bithiophene (t2) backbone is unparsable due to the following being uninterpretable: (dpp) with 2,2'-bithiophene (t2) backbone The following was not parseable: pp) with 2,2'-bithiophene (t2) backbone",,,,repair,drop_descriptors,True,"diketopyrrolopyrrole (dpp) with 2,2'-bithiophene (t2) backbone",False,,,,,,,,,,,,,,,,
466,pdpp-4eg,"diketopyrrolopyrrole (dpp) with 2,2'-bithiophene (t2) backbone","diketopyrrolopyrrole (dpp) with 2,2'-bithiophene (t2) backbone","diketopyrrolopyrrole (dpp) with 2,2'-bithiophene (t2) backbone",False,False,False,opsin_repair,,False,drop_substituted,,FAILURE,"diketopyrrolopyrrole (dpp) with 2,2'-bithiophene (t2) backbone is unparsable due to the following being uninterpretable: (dpp) with 2,2'-bithiophene (t2) backbone The following was not parseable: pp) with 2,2'-bithiophene (t2) backbone",,,,repair,drop_substituted,True,"diketopyrrolopyrrole (dpp) with 2,2'-bithiophene (t2) backbone",False,,,,,,,,,,,,,,,,
466,pdpp-4eg,"diketopyrrolopyrrole (dpp) with 2,2'-bithiophene (t2) backbone","diketopyrrolopyrrole (dpp) with 2,2'-bithiophene (t2) backbone","diketopyrrolopyrrole (dpp) with 2,2'-bithiophene (t2) backbone",False,False,False,opsin_repair,,False,tidy_punct,,FAILURE,"diketopyrrolopyrrole (dpp) with 2,2'-bithiophene (t2) backbone is unparsable due to the following being uninterpretable: (dpp) with 2,2'-bithiophene (t2) backbone The following was not parseable: pp) with 2,2'-bithiophene (t2) backbone",,,,repair,tidy_punct,True,"diketopyrrolopyrrole (dpp) with 2,2'-bithiophene (t2) backbone",False,,,,,,,,,,,,,,,,
466,pdpp-4eg,"diketopyrrolopyrrole (dpp) with 2,2'-bithiophene (t2) backbone",diketopyrrolopyrrole dpp with 2 2'-bithiophene t-2,"diketopyrrolopyrrole (dpp) with 2,2'-bithiophene (t2) backbone",False,False,False,fallback,TEXT_FALLBACK,False,no parse,,,,,,,,,True,,False,,,,,,,,,,,,,,,,
466,pdpp-4eg,"diketopyrrolopyrrole (dpp) with 2,2'-bithiophene (t2) backbone",diketopyrrolopyrrole dpp with 2 2'-bithiophene t-2,"diketopyrrolopyrrole (dpp) with 2,2'-bithiophene (t2) backbone",False,False,False,opsin_direct,,False,,,FAILURE,"diketopyrrolopyrrole (dpp) with 2,2'-bithiophene (t2) backbone is unparsable due to the following being uninterpretable: (dpp) with 2,2'-bithiophene (t2) backbone The following was not parseable: pp) with 2,2'-bithiophene (t2) backbone",,,,direct,,True,"diketopyrrolopyrrole (dpp) with 2,2'-bithiophene (t2) backbone",False,,,,,,,,,,,,,,,,
466,pdpp-4eg,"diketopyrrolopyrrole (dpp) with 2,2'-bithiophene (t2) backbone","diketopyrrolopyrrole (dpp) with 2,2'-bithiophene (t2) backbone","diketopyrrolopyrrole (dpp) with 2,2'-bithiophene (t2) backbone",False,False,False,opsin_repair,,False,drop_descriptors,,FAILURE,"diketopyrrolopyrrole (dpp) with 2,2'-bithiophene (t2) backbone is unparsable due to the following being uninterpretable: (dpp) with 2,2'-bithiophene (t2) backbone The following was not parseable: pp) with 2,2'-bithiophene (t2) backbone",,,,repair,drop_descriptors,True,"diketopyrrolopyrrole (dpp) with 2,2'-bithiophene (t2) backbone",False,,,,,,,,,,,,,,,,
466,pdpp-4eg,"diketopyrrolopyrrole (dpp) with 2,2'-bithiophene (t2) backbone","diketopyrrolopyrrole (dpp) with 2,2'-bithiophene (t2) backbone","diketopyrrolopyrrole (dpp) with 2,2'-bithiophene (t2) backbone",False,False,False,opsin_repair,,False,drop_substituted,,FAILURE,"diketopyrrolopyrrole (dpp) with 2,2'-bithiophene (t2) backbone is unparsable due to the following being uninterpretable: (dpp) with 2,2'-bithiophene (t2) backbone The following was not parseable: pp) with 2,2'-bithiophene (t2) backbone",,,,repair,drop_substituted,True,"diketopyrrolopyrrole (dpp) with 2,2'-bithiophene (t2) backbone",False,,,,,,,,,,,,,,,,
466,pdpp-4eg,"diketopyrrolopyrrole (dpp) with 2,2'-bithiophene (t2) backbone","diketopyrrolopyrrole (dpp) with 2,2'-bithiophene (t2) backbone","diketopyrrolopyrrole (dpp) with 2,2'-bithiophene (t2) backbone",False,False,False,opsin_repair,,False,tidy_punct,,FAILURE,"diketopyrrolopyrrole (dpp) with 2,2'-bithiophene (t2) backbone is unparsable due to the following being uninterpretable: (dpp) with 2,2'-bithiophene (t2) backbone The following was not parseable: pp) with 2,2'-bithiophene (t2) backbone",,,,repair,tidy_punct,True,"diketopyrrolopyrrole (dpp) with 2,2'-bithiophene (t2) backbone",False,,,,,,,,,,,,,,,,
466,pdpp-4eg,"diketopyrrolopyrrole (dpp) with 2,2'-bithiophene (t2) backbone",diketopyrrolopyrrole dpp with 2 2'-bithiophene t-2,"diketopyrrolopyrrole (dpp) with 2,2'-bithiophene (t2) backbone",False,False,False,fallback,TEXT_FALLBACK,False,no parse,,,,,,,,,True,,False,,,,,,,,,,,,,,,,
438,p3meet,polythiophene,polythiophene,polythiophene,False,False,False,opsin_direct,,False,,,FAILURE,"polythiophene could be parsed but OPSIN was unsure of the meaning of the words. This error will occur, by default, if a name is just a substituent",,,,direct,,True,polythiophene,False,,,,,,,,,,,,,,,,
438,p3meet,polythiophene,polythiophene,polythiophene,False,False,False,opsin_repair,,False,drop_descriptors,,FAILURE,"polythiophene could be parsed but OPSIN was unsure of the meaning of the words. This error will occur, by default, if a name is just a substituent",,,,repair,drop_descriptors,True,polythiophene,False,,,,,,,,,,,,,,,,
438,p3meet,polythiophene,polythiophene,polythiophene,False,False,False,opsin_repair,,False,drop_substituted,,FAILURE,"polythiophene could be parsed but OPSIN was unsure of the meaning of the words. This error will occur, by default, if a name is just a substituent",,,,repair,drop_substituted,True,polythiophene,False,,,,,,,,,,,,,,,,
438,p3meet,polythiophene,polythiophene,polythiophene,False,False,False,opsin_repair,,False,tidy_punct,,FAILURE,"polythiophene could be parsed but OPSIN was unsure of the meaning of the words. This error will occur, by default, if a name is just a substituent",,,,repair,tidy_punct,True,polythiophene,False,,,,,,,,,,,,,,,,
438,p3meet,polythiophene,polythiophene,polythiophene,False,False,False,fallback,TEXT_FALLBACK,False,no parse,,,,,,,,,True,,False,,,,,,,,,,,,,,,,
438,p3meet,,,diethylenethoxyethyllycol snospacer-yl,False,False,False,template_expand,,True,[OPSIN-PREPROC] raw='dic2eneglycolsidechainsnospacer' -> preprocessed='diethylenethoxyethyllycol snospacer-yl',,,,,,,,,,,,,,,dic2eneglycolsidechainsnospacer,diethylenethoxyethyllycol snospacer-yl,False,False,True,False,False,unknown,low,True,"[{""name"": ""dic2eneglycolsidechainsnospacer"", ""count"": 1}]",,
438,p3meet,,,diethylenethoxyethyllycol snospacer-yl,False,False,False,sidechain_length,ALKYL_LENGTH,True,,CC,,,,,,,,,,,,,,dic2eneglycolsidechainsnospacer,diethylenethoxyethyllycol snospacer-yl,False,False,True,False,False,,,,,,
438,p3meemt,polythiophene,polythiophene,polythiophene,False,False,False,opsin_direct,,False,,,FAILURE,"polythiophene could be parsed but OPSIN was unsure of the meaning of the words. This error will occur, by default, if a name is just a substituent",,,,direct,,True,polythiophene,False,,,,,,,,,,,,,,,,
438,p3meemt,polythiophene,polythiophene,polythiophene,False,False,False,opsin_repair,,False,drop_descriptors,,FAILURE,"polythiophene could be parsed but OPSIN was unsure of the meaning of the words. This error will occur, by default, if a name is just a substituent",,,,repair,drop_descriptors,True,polythiophene,False,,,,,,,,,,,,,,,,
438,p3meemt,polythiophene,polythiophene,polythiophene,False,False,False,opsin_repair,,False,drop_substituted,,FAILURE,"polythiophene could be parsed but OPSIN was unsure of the meaning of the words. This error will occur, by default, if a name is just a substituent",,,,repair,drop_substituted,True,polythiophene,False,,,,,,,,,,,,,,,,
438,p3meemt,polythiophene,polythiophene,polythiophene,False,False,False,opsin_repair,,False,tidy_punct,,FAILURE,"polythiophene could be parsed but OPSIN was unsure of the meaning of the words. This error will occur, by default, if a name is just a substituent",,,,repair,tidy_punct,True,polythiophene,False,,,,,,,,,,,,,,,,
438,p3meemt,polythiophene,polythiophene,polythiophene,False,False,False,fallback,TEXT_FALLBACK,False,no parse,,,,,,,,,True,,False,,,,,,,,,,,,,,,,
438,p3meemt,,,diethylenethoxyethyllycol smethylspacer-yl,False,False,False,template_expand,,True,[OPSIN-PREPROC] raw='dic2eneglycolsidechainsc1spacer' -> preprocessed='diethylenethoxyethyllycol smethylspacer-yl',,,,,,,,,,,,,,,dic2eneglycolsidechainsc1spacer,diethylenethoxyethyllycol smethylspacer-yl,False,False,True,False,False,unknown,low,True,"[{""name"": ""dic2eneglycolsidechainsc1spacer"", ""count"": 1}]",,
438,p3meemt,,,diethylenethoxyethyllycol smethylspacer-yl,False,False,False,sidechain_length,ALKYL_LENGTH,True,,C,,,,,,,,,,,,,,dic2eneglycolsidechainsc1spacer,diethylenethoxyethyllycol smethylspacer-yl,False,False,True,False,False,,,,,,
438,p3meeet,polythiophene,polythiophene,polythiophene,False,False,False,opsin_direct,,False,,,FAILURE,"polythiophene could be parsed but OPSIN was unsure of the meaning of the words. This error will occur, by default, if a name is just a substituent",,,,direct,,True,polythiophene,False,,,,,,,,,,,,,,,,
438,p3meeet,polythiophene,polythiophene,polythiophene,False,False,False,opsin_repair,,False,drop_descriptors,,FAILURE,"polythiophene could be parsed but OPSIN was unsure of the meaning of the words. This error will occur, by default, if a name is just a substituent",,,,repair,drop_descriptors,True,polythiophene,False,,,,,,,,,,,,,,,,
438,p3meeet,polythiophene,polythiophene,polythiophene,False,False,False,opsin_repair,,False,drop_substituted,,FAILURE,"polythiophene could be parsed but OPSIN was unsure of the meaning of the words. This error will occur, by default, if a name is just a substituent",,,,repair,drop_substituted,True,polythiophene,False,,,,,,,,,,,,,,,,
438,p3meeet,polythiophene,polythiophene,polythiophene,False,False,False,opsin_repair,,False,tidy_punct,,FAILURE,"polythiophene could be parsed but OPSIN was unsure of the meaning of the words. This error will occur, by default, if a name is just a substituent",,,,repair,tidy_punct,True,polythiophene,False,,,,,,,,,,,,,,,,
438,p3meeet,polythiophene,polythiophene,polythiophene,False,False,False,fallback,TEXT_FALLBACK,False,no parse,,,,,,,,,True,,False,,,,,,,,,,,,,,,,
438,p3meeet,,,diethylenethoxyethyllycol sethylspacer-yl,False,False,False,template_expand,,True,[OPSIN-PREPROC] raw='dic2eneglycolsidechainsc2spacer' -> preprocessed='diethylenethoxyethyllycol sethylspacer-yl',,,,,,,,,,,,,,,dic2eneglycolsidechainsc2spacer,diethylenethoxyethyllycol sethylspacer-yl,False,False,True,False,False,unknown,low,True,"[{""name"": ""dic2eneglycolsidechainsc2spacer"", ""count"": 1}]",,
438,p3meeet,,,diethylenethoxyethyllycol sethylspacer-yl,False,False,False,sidechain_length,ALKYL_LENGTH,True,,CC,,,,,,,,,,,,,,dic2eneglycolsidechainsc2spacer,diethylenethoxyethyllycol sethylspacer-yl,False,False,True,False,False,,,,,,
444,ptzv-pt,polythiophene,polythiophene,polythiophene,False,False,False,opsin_direct,,False,,,FAILURE,"polythiophene could be parsed but OPSIN was unsure of the meaning of the words. This error will occur, by default, if a name is just a substituent",,,,direct,,True,polythiophene,False,,,,,,,,,,,,,,,,
444,ptzv-pt,polythiophene,polythiophene,polythiophene,False,False,False,opsin_repair,,False,drop_descriptors,,FAILURE,"polythiophene could be parsed but OPSIN was unsure of the meaning of the words. This error will occur, by default, if a name is just a substituent",,,,repair,drop_descriptors,True,polythiophene,False,,,,,,,,,,,,,,,,
444,ptzv-pt,polythiophene,polythiophene,polythiophene,False,False,False,opsin_repair,,False,drop_substituted,,FAILURE,"polythiophene could be parsed but OPSIN was unsure of the meaning of the words. This error will occur, by default, if a name is just a substituent",,,,repair,drop_substituted,True,polythiophene,False,,,,,,,,,,,,,,,,
444,ptzv-pt,polythiophene,polythiophene,polythiophene,False,False,False,opsin_repair,,False,tidy_punct,,FAILURE,"polythiophene could be parsed but OPSIN was unsure of the meaning of the words. This error will occur, by default, if a name is just a substituent",,,,repair,tidy_punct,True,polythiophene,False,,,,,,,,,,,,,,,,
444,ptzv-pt,polythiophene,polythiophene,polythiophene,False,False,False,fallback,TEXT_FALLBACK,False,no parse,,,,,,,,,True,,False,,,,,,,,,,,,,,,,
444,ptzv-pt,,,phenylenothiazine-vinyleneptzvconjugated s-yl,False,False,False,template_expand,,True,[OPSIN-PREPROC] raw='phenothiazine-vinyleneptzvconjugatedsidechains' -> preprocessed='phenylenothiazine-vinyleneptzvconjugated s-yl',,,,,,,,,,,,,,,phenothiazine-vinyleneptzvconjugatedsidechains,phenylenothiazine-vinyleneptzvconjugated s-yl,False,False,True,False,False,unknown,low,True,"[{""name"": ""phenothiazine-vinyleneptzvconjugatedsidechains"", ""count"": 1}]",,
444,ptzv-pt,,,phenylenothiazine-vinyleneptzvconjugated s-yl,False,False,False,sidechain_non_opsin_compatible,NON_OPSIN_COMPATIBLE,False,ineligible,,,,,,,,,,,,,,,phenothiazine-vinyleneptzvconjugatedsidechains,phenylenothiazine-vinyleneptzvconjugated s-yl,False,False,True,False,False,,,,,,
444,ptzv-pt,polythiophene,polythiophene,polythiophene,False,False,False,opsin_direct,,False,,,FAILURE,"polythiophene could be parsed but OPSIN was unsure of the meaning of the words. This error will occur, by default, if a name is just a substituent",,,,direct,,True,polythiophene,False,,,,,,,,,,,,,,,,
444,ptzv-pt,polythiophene,polythiophene,polythiophene,False,False,False,opsin_repair,,False,drop_descriptors,,FAILURE,"polythiophene could be parsed but OPSIN was unsure of the meaning of the words. This error will occur, by default, if a name is just a substituent",,,,repair,drop_descriptors,True,polythiophene,False,,,,,,,,,,,,,,,,
444,ptzv-pt,polythiophene,polythiophene,polythiophene,False,False,False,opsin_repair,,False,drop_substituted,,FAILURE,"polythiophene could be parsed but OPSIN was unsure of the meaning of the words. This error will occur, by default, if a name is just a substituent",,,,repair,drop_substituted,True,polythiophene,False,,,,,,,,,,,,,,,,
444,ptzv-pt,polythiophene,polythiophene,polythiophene,False,False,False,opsin_repair,,False,tidy_punct,,FAILURE,"polythiophene could be parsed but OPSIN was unsure of the meaning of the words. This error will occur, by default, if a name is just a substituent",,,,repair,tidy_punct,True,polythiophene,False,,,,,,,,,,,,,,,,
444,ptzv-pt,polythiophene,polythiophene,polythiophene,False,False,False,fallback,TEXT_FALLBACK,False,no parse,,,,,,,,,True,,False,,,,,,,,,,,,,,,,
444,ptzv-pt,,,phenylenothiazine-vinyleneptzvconjugated s-yl,False,False,False,template_expand,,True,[OPSIN-PREPROC] raw='phenothiazine-vinyleneptzvconjugatedsidechains' -> preprocessed='phenylenothiazine-vinyleneptzvconjugated s-yl',,,,,,,,,,,,,,,phenothiazine-vinyleneptzvconjugatedsidechains,phenylenothiazine-vinyleneptzvconjugated s-yl,False,False,True,False,False,unknown,low,True,"[{""name"": ""phenothiazine-vinyleneptzvconjugatedsidechains"", ""count"": 1}]",,
444,ptzv-pt,,,phenylenothiazine-vinyleneptzvconjugated s-yl,False,False,False,sidechain_non_opsin_compatible,NON_OPSIN_COMPATIBLE,False,ineligible,,,,,,,,,,,,,,,phenothiazine-vinyleneptzvconjugatedsidechains,phenylenothiazine-vinyleneptzvconjugated s-yl,False,False,True,False,False,,,,,,
416,p3htt,polythiophene backbone,polythiophene,polythiophene backbone,False,False,False,opsin_direct,,False,,,FAILURE,polythiophene backbone is unparsable due to the following being uninterpretable: backbone The following was not parseable: backbone,,,,direct,,True,polythiophene backbone,False,,,,,,,,,,,,,,,,
416,p3htt,polythiophene backbone,polythiophene backbone,polythiophene backbone,False,False,False,opsin_repair,,False,drop_descriptors,,FAILURE,polythiophene backbone is unparsable due to the following being uninterpretable: backbone The following was not parseable: backbone,,,,repair,drop_descriptors,True,polythiophene backbone,False,,,,,,,,,,,,,,,,
416,p3htt,polythiophene backbone,polythiophene backbone,polythiophene backbone,False,False,False,opsin_repair,,False,drop_substituted,,FAILURE,polythiophene backbone is unparsable due to the following being uninterpretable: backbone The following was not parseable: backbone,,,,repair,drop_substituted,True,polythiophene backbone,False,,,,,,,,,,,,,,,,
416,p3htt,polythiophene backbone,polythiophene backbone,polythiophene backbone,False,False,False,opsin_repair,,False,tidy_punct,,FAILURE,polythiophene backbone is unparsable due to the following being uninterpretable: backbone The following was not parseable: backbone,,,,repair,tidy_punct,True,polythiophene backbone,False,,,,,,,,,,,,,,,,
416,p3htt,polythiophene backbone,polythiophene,polythiophene backbone,False,False,False,fallback,TEXT_FALLBACK,False,no parse,,,,,,,,,True,,False,,,,,,,,,,,,,,,,
416,p3htt,,,hexylthio,False,False,False,template_expand,,True,[OPSIN-PREPROC] raw='c6thiosidechain' -> preprocessed='hexylthio',,,,,,,,,,,,,,,c6thiosidechain,hexylthio,False,False,False,False,False,unknown,low,True,"[{""name"": ""c6thiosidechain"", ""count"": 1}]",,
416,p3htt,,,hexylthio,False,False,False,sidechain_length,ALKYL_LENGTH,True,,CCCCCC,,,,,,,,,,,,,,c6thiosidechain,hexylthio,False,False,False,False,False,,,,,,
416,p3htt,polythiophene backbone,polythiophene,polythiophene backbone,False,False,False,opsin_direct,,False,,,FAILURE,polythiophene backbone is unparsable due to the following being uninterpretable: backbone The following was not parseable: backbone,,,,direct,,True,polythiophene backbone,False,,,,,,,,,,,,,,,,
416,p3htt,polythiophene backbone,polythiophene backbone,polythiophene backbone,False,False,False,opsin_repair,,False,drop_descriptors,,FAILURE,polythiophene backbone is unparsable due to the following being uninterpretable: backbone The following was not parseable: backbone,,,,repair,drop_descriptors,True,polythiophene backbone,False,,,,,,,,,,,,,,,,
416,p3htt,polythiophene backbone,polythiophene backbone,polythiophene backbone,False,False,False,opsin_repair,,False,drop_substituted,,FAILURE,polythiophene backbone is unparsable due to the following being uninterpretable: backbone The following was not parseable: backbone,,,,repair,drop_substituted,True,polythiophene backbone,False,,,,,,,,,,,,,,,,
416,p3htt,polythiophene backbone,polythiophene backbone,polythiophene backbone,False,False,False,opsin_repair,,False,tidy_punct,,FAILURE,polythiophene backbone is unparsable due to the following being uninterpretable: backbone The following was not parseable: backbone,,,,repair,tidy_punct,True,polythiophene backbone,False,,,,,,,,,,,,,,,,
416,p3htt,polythiophene backbone,polythiophene,polythiophene backbone,False,False,False,fallback,TEXT_FALLBACK,False,no parse,,,,,,,,,True,,False,,,,,,,,,,,,,,,,
416,p3htt,,,hexylthio,False,False,False,template_expand,,True,[OPSIN-PREPROC] raw='c6thiosidechain' -> preprocessed='hexylthio',,,,,,,,,,,,,,,c6thiosidechain,hexylthio,False,False,False,False,False,unknown,low,True,"[{""name"": ""c6thiosidechain"", ""count"": 1}]",,
416,p3htt,,,hexylthio,False,False,False,sidechain_length,ALKYL_LENGTH,True,,CCCCCC,,,,,,,,,,,,,,c6thiosidechain,hexylthio,False,False,False,False,False,,,,,,
416,p3htt-50,polythiophene backbone,polythiophene,polythiophene backbone,False,False,False,opsin_direct,,False,,,FAILURE,polythiophene backbone is unparsable due to the following being uninterpretable: backbone The following was not parseable: backbone,,,,direct,,True,polythiophene backbone,False,,,,,,,,,,,,,,,,
416,p3htt-50,polythiophene backbone,polythiophene backbone,polythiophene backbone,False,False,False,opsin_repair,,False,drop_descriptors,,FAILURE,polythiophene backbone is unparsable due to the following being uninterpretable: backbone The following was not parseable: backbone,,,,repair,drop_descriptors,True,polythiophene backbone,False,,,,,,,,,,,,,,,,
416,p3htt-50,polythiophene backbone,polythiophene backbone,polythiophene backbone,False,False,False,opsin_repair,,False,drop_substituted,,FAILURE,polythiophene backbone is unparsable due to the following being uninterpretable: backbone The following was not parseable: backbone,,,,repair,drop_substituted,True,polythiophene backbone,False,,,,,,,,,,,,,,,,
416,p3htt-50,polythiophene backbone,polythiophene backbone,polythiophene backbone,False,False,False,opsin_repair,,False,tidy_punct,,FAILURE,polythiophene backbone is unparsable due to the following being uninterpretable: backbone The following was not parseable: backbone,,,,repair,tidy_punct,True,polythiophene backbone,False,,,,,,,,,,,,,,,,
416,p3htt-50,polythiophene backbone,polythiophene,polythiophene backbone,False,False,False,fallback,TEXT_FALLBACK,False,no parse,,,,,,,,,True,,False,,,,,,,,,,,,,,,,
416,p3htt-50,,,hexylthioandhexyl s-yl,False,False,False,template_expand,,True,[OPSIN-PREPROC] raw='c6thioandc6sidechains' -> preprocessed='hexylthioandhexyl s-yl',,,,,,,,,,,,,,,c6thioandc6sidechains,hexylthioandhexyl s-yl,False,False,True,False,False,unknown,low,True,"[{""name"": ""c6thioandc6sidechains"", ""count"": 1}]",,
416,p3htt-50,,,hexylthioandhexyl s-yl,False,False,False,sidechain_length,ALKYL_LENGTH,True,,CCCCCC,,,,,,,,,,,,,,c6thioandc6sidechains,hexylthioandhexyl s-yl,False,False,True,False,False,,,,,,
416,p3htt-50,polythiophene backbone,polythiophene,polythiophene backbone,False,False,False,opsin_direct,,False,,,FAILURE,polythiophene backbone is unparsable due to the following being uninterpretable: backbone The following was not parseable: backbone,,,,direct,,True,polythiophene backbone,False,,,,,,,,,,,,,,,,
416,p3htt-50,polythiophene backbone,polythiophene backbone,polythiophene backbone,False,False,False,opsin_repair,,False,drop_descriptors,,FAILURE,polythiophene backbone is unparsable due to the following being uninterpretable: backbone The following was not parseable: backbone,,,,repair,drop_descriptors,True,polythiophene backbone,False,,,,,,,,,,,,,,,,
416,p3htt-50,polythiophene backbone,polythiophene backbone,polythiophene backbone,False,False,False,opsin_repair,,False,drop_substituted,,FAILURE,polythiophene backbone is unparsable due to the following being uninterpretable: backbone The following was not parseable: backbone,,,,repair,drop_substituted,True,polythiophene backbone,False,,,,,,,,,,,,,,,,
416,p3htt-50,polythiophene backbone,polythiophene backbone,polythiophene backbone,False,False,False,opsin_repair,,False,tidy_punct,,FAILURE,polythiophene backbone is unparsable due to the following being uninterpretable: backbone The following was not parseable: backbone,,,,repair,tidy_punct,True,polythiophene backbone,False,,,,,,,,,,,,,,,,
416,p3htt-50,polythiophene backbone,polythiophene,polythiophene backbone,False,False,False,fallback,TEXT_FALLBACK,False,no parse,,,,,,,,,True,,False,,,,,,,,,,,,,,,,
416,p3htt-50,,,hexylthioandhexyl s-yl,False,False,False,template_expand,,True,[OPSIN-PREPROC] raw='c6thioandc6sidechains' -> preprocessed='hexylthioandhexyl s-yl',,,,,,,,,,,,,,,c6thioandc6sidechains,hexylthioandhexyl s-yl,False,False,True,False,False,unknown,low,True,"[{""name"": ""c6thioandc6sidechains"", ""count"": 1}]",,
416,p3htt-50,,,hexylthioandhexyl s-yl,False,False,False,sidechain_length,ALKYL_LENGTH,True,,CCCCCC,,,,,,,,,,,,,,c6thioandc6sidechains,hexylthioandhexyl s-yl,False,False,True,False,False,,,,,,
416,p3htt-33,polythiophene backbone,polythiophene,polythiophene backbone,False,False,False,opsin_direct,,False,,,FAILURE,polythiophene backbone is unparsable due to the following being uninterpretable: backbone The following was not parseable: backbone,,,,direct,,True,polythiophene backbone,False,,,,,,,,,,,,,,,,
416,p3htt-33,polythiophene backbone,polythiophene backbone,polythiophene backbone,False,False,False,opsin_repair,,False,drop_descriptors,,FAILURE,polythiophene backbone is unparsable due to the following being uninterpretable: backbone The following was not parseable: backbone,,,,repair,drop_descriptors,True,polythiophene backbone,False,,,,,,,,,,,,,,,,
416,p3htt-33,polythiophene backbone,polythiophene backbone,polythiophene backbone,False,False,False,opsin_repair,,False,drop_substituted,,FAILURE,polythiophene backbone is unparsable due to the following being uninterpretable: backbone The following was not parseable: backbone,,,,repair,drop_substituted,True,polythiophene backbone,False,,,,,,,,,,,,,,,,
416,p3htt-33,polythiophene backbone,polythiophene backbone,polythiophene backbone,False,False,False,opsin_repair,,False,tidy_punct,,FAILURE,polythiophene backbone is unparsable due to the following being uninterpretable: backbone The following was not parseable: backbone,,,,repair,tidy_punct,True,polythiophene backbone,False,,,,,,,,,,,,,,,,
416,p3htt-33,polythiophene backbone,polythiophene,polythiophene backbone,False,False,False,fallback,TEXT_FALLBACK,False,no parse,,,,,,,,,True,,False,,,,,,,,,,,,,,,,
416,p3htt-33,,,hexylthioandhexyl s-yl,False,False,False,template_expand,,True,[OPSIN-PREPROC] raw='c6thioandc6sidechains' -> preprocessed='hexylthioandhexyl s-yl',,,,,,,,,,,,,,,c6thioandc6sidechains,hexylthioandhexyl s-yl,False,False,True,False,False,unknown,low,True,"[{""name"": ""c6thioandc6sidechains"", ""count"": 1}]",,
416,p3htt-33,,,hexylthioandhexyl s-yl,False,False,False,sidechain_length,ALKYL_LENGTH,True,,CCCCCC,,,,,,,,,,,,,,c6thioandc6sidechains,hexylthioandhexyl s-yl,False,False,True,False,False,,,,,,
416,p3htt-33,polythiophene backbone,polythiophene,polythiophene backbone,False,False,False,opsin_direct,,False,,,FAILURE,polythiophene backbone is unparsable due to the following being uninterpretable: backbone The following was not parseable: backbone,,,,direct,,True,polythiophene backbone,False,,,,,,,,,,,,,,,,
416,p3htt-33,polythiophene backbone,polythiophene backbone,polythiophene backbone,False,False,False,opsin_repair,,False,drop_descriptors,,FAILURE,polythiophene backbone is unparsable due to the following being uninterpretable: backbone The following was not parseable: backbone,,,,repair,drop_descriptors,True,polythiophene backbone,False,,,,,,,,,,,,,,,,
416,p3htt-33,polythiophene backbone,polythiophene backbone,polythiophene backbone,False,False,False,opsin_repair,,False,drop_substituted,,FAILURE,polythiophene backbone is unparsable due to the following being uninterpretable: backbone The following was not parseable: backbone,,,,repair,drop_substituted,True,polythiophene backbone,False,,,,,,,,,,,,,,,,
416,p3htt-33,polythiophene backbone,polythiophene backbone,polythiophene backbone,False,False,False,opsin_repair,,False,tidy_punct,,FAILURE,polythiophene backbone is unparsable due to the following being uninterpretable: backbone The following was not parseable: backbone,,,,repair,tidy_punct,True,polythiophene backbone,False,,,,,,,,,,,,,,,,
416,p3htt-33,polythiophene backbone,polythiophene,polythiophene backbone,False,False,False,fallback,TEXT_FALLBACK,False,no parse,,,,,,,,,True,,False,,,,,,,,,,,,,,,,
416,p3htt-33,,,hexylthioandhexyl s-yl,False,False,False,template_expand,,True,[OPSIN-PREPROC] raw='c6thioandc6sidechains' -> preprocessed='hexylthioandhexyl s-yl',,,,,,,,,,,,,,,c6thioandc6sidechains,hexylthioandhexyl s-yl,False,False,True,False,False,unknown,low,True,"[{""name"": ""c6thioandc6sidechains"", ""count"": 1}]",,
416,p3htt-33,,,hexylthioandhexyl s-yl,False,False,False,sidechain_length,ALKYL_LENGTH,True,,CCCCCC,,,,,,,,,,,,,,c6thioandc6sidechains,hexylthioandhexyl s-yl,False,False,True,False,False,,,,,,
416,p3htt-25,polythiophene backbone,polythiophene,polythiophene backbone,False,False,False,opsin_direct,,False,,,FAILURE,polythiophene backbone is unparsable due to the following being uninterpretable: backbone The following was not parseable: backbone,,,,direct,,True,polythiophene backbone,False,,,,,,,,,,,,,,,,
416,p3htt-25,polythiophene backbone,polythiophene backbone,polythiophene backbone,False,False,False,opsin_repair,,False,drop_descriptors,,FAILURE,polythiophene backbone is unparsable due to the following being uninterpretable: backbone The following was not parseable: backbone,,,,repair,drop_descriptors,True,polythiophene backbone,False,,,,,,,,,,,,,,,,
416,p3htt-25,polythiophene backbone,polythiophene backbone,polythiophene backbone,False,False,False,opsin_repair,,False,drop_substituted,,FAILURE,polythiophene backbone is unparsable due to the following being uninterpretable: backbone The following was not parseable: backbone,,,,repair,drop_substituted,True,polythiophene backbone,False,,,,,,,,,,,,,,,,
416,p3htt-25,polythiophene backbone,polythiophene backbone,polythiophene backbone,False,False,False,opsin_repair,,False,tidy_punct,,FAILURE,polythiophene backbone is unparsable due to the following being uninterpretable: backbone The following was not parseable: backbone,,,,repair,tidy_punct,True,polythiophene backbone,False,,,,,,,,,,,,,,,,
416,p3htt-25,polythiophene backbone,polythiophene,polythiophene backbone,False,False,False,fallback,TEXT_FALLBACK,False,no parse,,,,,,,,,True,,False,,,,,,,,,,,,,,,,
416,p3htt-25,,,hexylthioandhexyl s-yl,False,False,False,template_expand,,True,[OPSIN-PREPROC] raw='c6thioandc6sidechains' -> preprocessed='hexylthioandhexyl s-yl',,,,,,,,,,,,,,,c6thioandc6sidechains,hexylthioandhexyl s-yl,False,False,True,False,False,unknown,low,True,"[{""name"": ""c6thioandc6sidechains"", ""count"": 1}]",,
416,p3htt-25,,,hexylthioandhexyl s-yl,False,False,False,sidechain_length,ALKYL_LENGTH,True,,CCCCCC,,,,,,,,,,,,,,c6thioandc6sidechains,hexylthioandhexyl s-yl,False,False,True,False,False,,,,,,
416,p3htt-25,polythiophene backbone,polythiophene,polythiophene backbone,False,False,False,opsin_direct,,False,,,FAILURE,polythiophene backbone is unparsable due to the following being uninterpretable: backbone The following was not parseable: backbone,,,,direct,,True,polythiophene backbone,False,,,,,,,,,,,,,,,,
416,p3htt-25,polythiophene backbone,polythiophene backbone,polythiophene backbone,False,False,False,opsin_repair,,False,drop_descriptors,,FAILURE,polythiophene backbone is unparsable due to the following being uninterpretable: backbone The following was not parseable: backbone,,,,repair,drop_descriptors,True,polythiophene backbone,False,,,,,,,,,,,,,,,,
416,p3htt-25,polythiophene backbone,polythiophene backbone,polythiophene backbone,False,False,False,opsin_repair,,False,drop_substituted,,FAILURE,polythiophene backbone is unparsable due to the following being uninterpretable: backbone The following was not parseable: backbone,,,,repair,drop_substituted,True,polythiophene backbone,False,,,,,,,,,,,,,,,,
416,p3htt-25,polythiophene backbone,polythiophene backbone,polythiophene backbone,False,False,False,opsin_repair,,False,tidy_punct,,FAILURE,polythiophene backbone is unparsable due to the following being uninterpretable: backbone The following was not parseable: backbone,,,,repair,tidy_punct,True,polythiophene backbone,False,,,,,,,,,,,,,,,,
416,p3htt-25,polythiophene backbone,polythiophene,polythiophene backbone,False,False,False,fallback,TEXT_FALLBACK,False,no parse,,,,,,,,,True,,False,,,,,,,,,,,,,,,,
416,p3htt-25,,,hexylthioandhexyl s-yl,False,False,False,template_expand,,True,[OPSIN-PREPROC] raw='c6thioandc6sidechains' -> preprocessed='hexylthioandhexyl s-yl',,,,,,,,,,,,,,,c6thioandc6sidechains,hexylthioandhexyl s-yl,False,False,True,False,False,unknown,low,True,"[{""name"": ""c6thioandc6sidechains"", ""count"": 1}]",,
416,p3htt-25,,,hexylthioandhexyl s-yl,False,False,False,sidechain_length,ALKYL_LENGTH,True,,CCCCCC,,,,,,,,,,,,,,c6thioandc6sidechains,hexylthioandhexyl s-yl,False,False,True,False,False,,,,,,
408,2dpp-tvt,dpp and tvt units,dpp and tvt units,dpp and tvt units,False,False,False,opsin_skip,NON_OPSIN_ELIGIBLE,False,ineligible,,,,,,,skip,eligibility,False,dpp and tvt units,False,,,,,,,,,,,,,,,,
408,2dpp-2cntvt,dpp and 2cntvt units,dpp and 2-cntvt units,dpp and 2cntvt units,False,False,False,opsin_skip,NON_OPSIN_ELIGIBLE,False,ineligible,,,,,,,skip,eligibility,False,dpp and 2cntvt units,False,,,,,,,,,,,,,,,,
408,7dpp-tvt,dpp and tvt units,dpp and tvt units,dpp and tvt units,False,False,False,opsin_skip,NON_OPSIN_ELIGIBLE,False,ineligible,,,,,,,skip,eligibility,False,dpp and tvt units,False,,,,,,,,,,,,,,,,
408,7dpp-2cntvt,dpp and 2cntvt units,dpp and 2-cntvt units,dpp and 2cntvt units,False,False,False,opsin_skip,NON_OPSIN_ELIGIBLE,False,ineligible,,,,,,,skip,eligibility,False,dpp and 2cntvt units,False,,,,,,,,,,,,,,,,
477,p3meemt,"thiophene-2,5-diyl",thiophene-2 5-diyl,"thiophene-2,5-diyl",False,False,False,opsin_direct,,False,,,FAILURE,"thiophene-2,5-diyl could be parsed but OPSIN was unsure of the meaning of the words. This error will occur, by default, if a name is just a substituent",,,,direct,,True,"thiophene-2,5-diyl",False,,,,,,,,,,,,,,,,
477,p3meemt,"thiophene-2,5-diyl","thiophene-2,5-diyl","thiophene-2,5-diyl",False,False,False,opsin_repair,,False,drop_descriptors,,FAILURE,"thiophene-2,5-diyl could be parsed but OPSIN was unsure of the meaning of the words. This error will occur, by default, if a name is just a substituent",,,,repair,drop_descriptors,True,"thiophene-2,5-diyl",False,,,,,,,,,,,,,,,,
477,p3meemt,"thiophene-2,5-diyl","thiophene-2,5-diyl","thiophene-2,5-diyl",False,False,False,opsin_repair,,False,drop_substituted,,FAILURE,"thiophene-2,5-diyl could be parsed but OPSIN was unsure of the meaning of the words. This error will occur, by default, if a name is just a substituent",,,,repair,drop_substituted,True,"thiophene-2,5-diyl",False,,,,,,,,,,,,,,,,
477,p3meemt,"thiophene-2,5-diyl","thiophene-2,5-diyl","thiophene-2,5-diyl",False,False,False,opsin_repair,,False,tidy_punct,,FAILURE,"thiophene-2,5-diyl could be parsed but OPSIN was unsure of the meaning of the words. This error will occur, by default, if a name is just a substituent",,,,repair,tidy_punct,True,"thiophene-2,5-diyl",False,,,,,,,,,,,,,,,,
477,p3meemt,"thiophene-2,5-diyl",thiophene-2 5-diyl,"thiophene-2,5-diyl",False,False,False,fallback,TEXT_FALLBACK,False,no parse,,,,,,,,,True,,False,,,,,,,,,,,,,,,,
424,pdap−fu,"2,5-diazapentalene (dap) acceptor with furan donor",2 5-diazapentalene dap with furan,"2,5-diazapentalene (dap) acceptor with furan donor",False,False,False,opsin_direct,,False,,,FAILURE,"2,5-diazapentalene (dap) acceptor with furan donor is unparsable due to the following being uninterpretable: (dap) acceptor with furan donor The following was not parseable: ap) acceptor with furan donor",,,,direct,,True,"2,5-diazapentalene (dap) acceptor with furan donor",False,,,,,,,,,,,,,,,,
424,pdap−fu,"2,5-diazapentalene (dap) acceptor with furan donor","2,5-diazapentalene (dap)  with furan","2,5-diazapentalene (dap)  with furan",False,False,False,opsin_repair,,False,drop_descriptors,,FAILURE,"2,5-diazapentalene (dap)  with furan is unparsable due to the following being uninterpretable: (dap)  with furan The following was not parseable: ap)  with furan",,,,repair,drop_descriptors,True,"2,5-diazapentalene (dap)  with furan",False,,,,,,,,,,,,,,,,
424,pdap−fu,"2,5-diazapentalene (dap) acceptor with furan donor","2,5-diazapentalene (dap)  with furan","2,5-diazapentalene (dap)  with furan",False,False,False,opsin_repair,,False,drop_substituted,,FAILURE,"2,5-diazapentalene (dap)  with furan is unparsable due to the following being uninterpretable: (dap)  with furan The following was not parseable: ap)  with furan",,,,repair,drop_substituted,True,"2,5-diazapentalene (dap)  with furan",False,,,,,,,,,,,,,,,,
424,pdap−fu,"2,5-diazapentalene (dap) acceptor with furan donor","2,5-diazapentalene (dap) with furan","2,5-diazapentalene (dap) with furan",False,False,False,opsin_repair,,False,tidy_punct,,FAILURE,"2,5-diazapentalene (dap) with furan is unparsable due to the following being uninterpretable: (dap) with furan The following was not parseable: ap) with furan",,,,repair,tidy_punct,True,"2,5-diazapentalene (dap) with furan",False,,,,,,,,,,,,,,,,
424,pdap−fu,"2,5-diazapentalene (dap) acceptor with furan donor",2 5-diazapentalene dap with furan,"2,5-diazapentalene (dap) acceptor with furan donor",False,False,False,fallback,TEXT_FALLBACK,False,no parse,,,,,,,,,True,,False,,,,,,,,,,,,,,,,
424,pdap−th,"2,5-diazapentalene (dap) acceptor with thiophene donor",2 5-diazapentalene dap with thiophene,"2,5-diazapentalene (dap) acceptor with thiophene donor",False,False,False,opsin_direct,,False,,,FAILURE,"2,5-diazapentalene (dap) acceptor with thiophene donor is unparsable due to the following being uninterpretable: (dap) acceptor with thiophene donor The following was not parseable: ap) acceptor with thiophene donor",,,,direct,,True,"2,5-diazapentalene (dap) acceptor with thiophene donor",False,,,,,,,,,,,,,,,,
424,pdap−th,"2,5-diazapentalene (dap) acceptor with thiophene donor","2,5-diazapentalene (dap)  with thiophene","2,5-diazapentalene (dap)  with thiophene",False,False,False,opsin_repair,,False,drop_descriptors,,FAILURE,"2,5-diazapentalene (dap)  with thiophene is unparsable due to the following being uninterpretable: (dap)  with thiophene The following was not parseable: ap)  with thiophene",,,,repair,drop_descriptors,True,"2,5-diazapentalene (dap)  with thiophene",False,,,,,,,,,,,,,,,,
424,pdap−th,"2,5-diazapentalene (dap) acceptor with thiophene donor","2,5-diazapentalene (dap)  with thiophene","2,5-diazapentalene (dap)  with thiophene",False,False,False,opsin_repair,,False,drop_substituted,,FAILURE,"2,5-diazapentalene (dap)  with thiophene is unparsable due to the following being uninterpretable: (dap)  with thiophene The following was not parseable: ap)  with thiophene",,,,repair,drop_substituted,True,"2,5-diazapentalene (dap)  with thiophene",False,,,,,,,,,,,,,,,,
424,pdap−th,"2,5-diazapentalene (dap) acceptor with thiophene donor","2,5-diazapentalene (dap) with thiophene","2,5-diazapentalene (dap) with thiophene",False,False,False,opsin_repair,,False,tidy_punct,,FAILURE,"2,5-diazapentalene (dap) with thiophene is unparsable due to the following being uninterpretable: (dap) with thiophene The following was not parseable: ap) with thiophene",,,,repair,tidy_punct,True,"2,5-diazapentalene (dap) with thiophene",False,,,,,,,,,,,,,,,,
424,pdap−th,"2,5-diazapentalene (dap) acceptor with thiophene donor",2 5-diazapentalene dap with thiophene,"2,5-diazapentalene (dap) acceptor with thiophene donor",False,False,False,fallback,TEXT_FALLBACK,False,no parse,,,,,,,,,True,,False,,,,,,,,,,,,,,,,
424,pdap−se,"2,5-diazapentalene (dap) acceptor with selenophene donor",2 5-diazapentalene dap with selenophene,"2,5-diazapentalene (dap) acceptor with selenophene donor",False,False,False,opsin_direct,,False,,,FAILURE,"2,5-diazapentalene (dap) acceptor with selenophene donor is unparsable due to the following being uninterpretable: (dap) acceptor with selenophene donor The following was not parseable: ap) acceptor with selenophene donor",,,,direct,,True,"2,5-diazapentalene (dap) acceptor with selenophene donor",False,,,,,,,,,,,,,,,,
424,pdap−se,"2,5-diazapentalene (dap) acceptor with selenophene donor","2,5-diazapentalene (dap)  with selenophene","2,5-diazapentalene (dap)  with selenophene",False,False,False,opsin_repair,,False,drop_descriptors,,FAILURE,"2,5-diazapentalene (dap)  with selenophene is unparsable due to the following being uninterpretable: (dap)  with selenophene The following was not parseable: ap)  with selenophene",,,,repair,drop_descriptors,True,"2,5-diazapentalene (dap)  with selenophene",False,,,,,,,,,,,,,,,,
424,pdap−se,"2,5-diazapentalene (dap) acceptor with selenophene donor","2,5-diazapentalene (dap)  with selenophene","2,5-diazapentalene (dap)  with selenophene",False,False,False,opsin_repair,,False,drop_substituted,,FAILURE,"2,5-diazapentalene (dap)  with selenophene is unparsable due to the following being uninterpretable: (dap)  with selenophene The following was not parseable: ap)  with selenophene",,,,repair,drop_substituted,True,"2,5-diazapentalene (dap)  with selenophene",False,,,,,,,,,,,,,,,,
424,pdap−se,"2,5-diazapentalene (dap) acceptor with selenophene donor","2,5-diazapentalene (dap) with selenophene","2,5-diazapentalene (dap) with selenophene",False,False,False,opsin_repair,,False,tidy_punct,,FAILURE,"2,5-diazapentalene (dap) with selenophene is unparsable due to the following being uninterpretable: (dap) with selenophene The following was not parseable: ap) with selenophene",,,,repair,tidy_punct,True,"2,5-diazapentalene (dap) with selenophene",False,,,,,,,,,,,,,,,,
424,pdap−se,"2,5-diazapentalene (dap) acceptor with selenophene donor",2 5-diazapentalene dap with selenophene,"2,5-diazapentalene (dap) acceptor with selenophene donor",False,False,False,fallback,TEXT_FALLBACK,False,no parse,,,,,,,,,True,,False,,,,,,,,,,,,,,,,
469,p3hht,polythiophene backbone,polythiophene,polythiophene backbone,False,False,False,opsin_direct,,False,,,FAILURE,polythiophene backbone is unparsable due to the following being uninterpretable: backbone The following was not parseable: backbone,,,,direct,,True,polythiophene backbone,False,,,,,,,,,,,,,,,,
469,p3hht,polythiophene backbone,polythiophene backbone,polythiophene backbone,False,False,False,opsin_repair,,False,drop_descriptors,,FAILURE,polythiophene backbone is unparsable due to the following being uninterpretable: backbone The following was not parseable: backbone,,,,repair,drop_descriptors,True,polythiophene backbone,False,,,,,,,,,,,,,,,,
469,p3hht,polythiophene backbone,polythiophene backbone,polythiophene backbone,False,False,False,opsin_repair,,False,drop_substituted,,FAILURE,polythiophene backbone is unparsable due to the following being uninterpretable: backbone The following was not parseable: backbone,,,,repair,drop_substituted,True,polythiophene backbone,False,,,,,,,,,,,,,,,,
469,p3hht,polythiophene backbone,polythiophene backbone,polythiophene backbone,False,False,False,opsin_repair,,False,tidy_punct,,FAILURE,polythiophene backbone is unparsable due to the following being uninterpretable: backbone The following was not parseable: backbone,,,,repair,tidy_punct,True,polythiophene backbone,False,,,,,,,,,,,,,,,,
469,p3hht,polythiophene backbone,polythiophene,polythiophene backbone,False,False,False,fallback,TEXT_FALLBACK,False,no parse,,,,,,,,,True,,False,,,,,,,,,,,,,,,,
469,p3hht,,,6-hydroxyhexyl,False,False,False,template_expand,,True,[OPSIN-PREPROC] raw='6-hydroxyc6' -> preprocessed='6-hydroxyhexyl',,,,,,,,,,,,,,,6-hydroxyc6,6-hydroxyhexyl,False,False,False,False,False,unknown,low,True,"[{""name"": ""6-hydroxyc6"", ""count"": 1}]",,
469,p3hht,,,6-hydroxyhexyl,False,False,False,sidechain_length,ALKYL_LENGTH,True,,CCCCCC,,,,,,,,,,,,,,6-hydroxyc6,6-hydroxyhexyl,False,False,False,False,False,,,,,,
469,p(g2t-tt),"thieno[3,2-b]thiophene-bithiophene backbone",thieno 3 2-b thiophene-bithiophene,"thieno[3,2-b]thiophene-bithiophene backbone",False,False,False,opsin_direct,,False,,,FAILURE,"thieno[3,2-b]thiophene-bithiophene backbone is unparsable due to the following being uninterpretable: backbone The following was not parseable: backbone",,,,direct,,True,"thieno[3,2-b]thiophene-bithiophene backbone",False,,,,,,,,,,,,,,,,
469,p(g2t-tt),"thieno[3,2-b]thiophene-bithiophene backbone","thieno[3,2-b]thiophene-bithiophene backbone","thieno[3,2-b]thiophene-bithiophene backbone",False,False,False,opsin_repair,,False,drop_descriptors,,FAILURE,"thieno[3,2-b]thiophene-bithiophene backbone is unparsable due to the following being uninterpretable: backbone The following was not parseable: backbone",,,,repair,drop_descriptors,True,"thieno[3,2-b]thiophene-bithiophene backbone",False,,,,,,,,,,,,,,,,
469,p(g2t-tt),"thieno[3,2-b]thiophene-bithiophene backbone","thieno[3,2-b]thiophene-bithiophene backbone","thieno[3,2-b]thiophene-bithiophene backbone",False,False,False,opsin_repair,,False,drop_substituted,,FAILURE,"thieno[3,2-b]thiophene-bithiophene backbone is unparsable due to the following being uninterpretable: backbone The following was not parseable: backbone",,,,repair,drop_substituted,True,"thieno[3,2-b]thiophene-bithiophene backbone",False,,,,,,,,,,,,,,,,
469,p(g2t-tt),"thieno[3,2-b]thiophene-bithiophene backbone","thieno[3,2-b]thiophene-bithiophene backbone","thieno[3,2-b]thiophene-bithiophene backbone",False,False,False,opsin_repair,,False,tidy_punct,,FAILURE,"thieno[3,2-b]thiophene-bithiophene backbone is unparsable due to the following being uninterpretable: backbone The following was not parseable: backbone",,,,repair,tidy_punct,True,"thieno[3,2-b]thiophene-bithiophene backbone",False,,,,,,,,,,,,,,,,
469,p(g2t-tt),"thieno[3,2-b]thiophene-bithiophene backbone",thieno 3 2-b thiophene-bithiophene,"thieno[3,2-b]thiophene-bithiophene backbone",False,False,False,fallback,TEXT_FALLBACK,False,no parse,,,,,,,,,True,,False,,,,,,,,,,,,,,,,
469,pedot:pss,"poly(3,4-ethylenedioxythiophene) backbone",poly 3 4-ethylenedioxythiophene,"poly(3,4-ethylenedioxythiophene) backbone",False,False,False,opsin_direct,,False,,,FAILURE,"poly(3,4-ethylenedioxythiophene) backbone is unparsable due to the following being uninterpretable: backbone The following was not parseable: backbone",,,,direct,,True,"poly(3,4-ethylenedioxythiophene) backbone",False,,,,,,,,,,,,,,,,
469,pedot:pss,"poly(3,4-ethylenedioxythiophene) backbone","poly(3,4-ethylenedioxythiophene) backbone","poly(3,4-ethylenedioxythiophene) backbone",False,False,False,opsin_repair,,False,drop_descriptors,,FAILURE,"poly(3,4-ethylenedioxythiophene) backbone is unparsable due to the following being uninterpretable: backbone The following was not parseable: backbone",,,,repair,drop_descriptors,True,"poly(3,4-ethylenedioxythiophene) backbone",False,,,,,,,,,,,,,,,,
469,pedot:pss,"poly(3,4-ethylenedioxythiophene) backbone","poly(3,4-ethylenedioxythiophene) backbone","poly(3,4-ethylenedioxythiophene) backbone",False,False,False,opsin_repair,,False,drop_substituted,,FAILURE,"poly(3,4-ethylenedioxythiophene) backbone is unparsable due to the following being uninterpretable: backbone The following was not parseable: backbone",,,,repair,drop_substituted,True,"poly(3,4-ethylenedioxythiophene) backbone",False,,,,,,,,,,,,,,,,
469,pedot:pss,"poly(3,4-ethylenedioxythiophene) backbone","poly(3,4-ethylenedioxythiophene) backbone","poly(3,4-ethylenedioxythiophene) backbone",False,False,False,opsin_repair,,False,tidy_punct,,FAILURE,"poly(3,4-ethylenedioxythiophene) backbone is unparsable due to the following being uninterpretable: backbone The following was not parseable: backbone",,,,repair,tidy_punct,True,"poly(3,4-ethylenedioxythiophene) backbone",False,,,,,,,,,,,,,,,,
469,pedot:pss,"poly(3,4-ethylenedioxythiophene) backbone",poly 3 4-ethylenedioxythiophene,"poly(3,4-ethylenedioxythiophene) backbone",False,False,False,fallback,TEXT_FALLBACK,False,no parse,,,,,,,,,True,,False,,,,,,,,,,,,,,,,
429,p3ht-b-c12-14k,p3ht and pbttt,p-3-ht and pbttt,p3ht and pbttt,False,False,False,opsin_direct,,False,,,FAILURE,p3ht and pbttt is unparsable due to the following being uninterpretable: p3ht and pbttt The following was not parseable: p3ht and pbttt,,,,direct,,True,p3ht and pbttt,False,,,,,,,,,,,,,,,,
429,p3ht-b-c12-14k,p3ht and pbttt,p3ht and pbttt,p3ht and pbttt,False,False,False,opsin_repair,,False,drop_descriptors,,FAILURE,p3ht and pbttt is unparsable due to the following being uninterpretable: p3ht and pbttt The following was not parseable: p3ht and pbttt,,,,repair,drop_descriptors,True,p3ht and pbttt,False,,,,,,,,,,,,,,,,
429,p3ht-b-c12-14k,p3ht and pbttt,p3ht and pbttt,p3ht and pbttt,False,False,False,opsin_repair,,False,drop_substituted,,FAILURE,p3ht and pbttt is unparsable due to the following being uninterpretable: p3ht and pbttt The following was not parseable: p3ht and pbttt,,,,repair,drop_substituted,True,p3ht and pbttt,False,,,,,,,,,,,,,,,,
429,p3ht-b-c12-14k,p3ht and pbttt,p3ht and pbttt,p3ht and pbttt,False,False,False,opsin_repair,,False,tidy_punct,,FAILURE,p3ht and pbttt is unparsable due to the following being uninterpretable: p3ht and pbttt The following was not parseable: p3ht and pbttt,,,,repair,tidy_punct,True,p3ht and pbttt,False,,,,,,,,,,,,,,,,
429,p3ht-b-c12-14k,p3ht and pbttt,p-3-ht and pbttt,p3ht and pbttt,False,False,False,fallback,TEXT_FALLBACK,False,no parse,,,,,,,,,True,,False,,,,,,,,,,,,,,,,
429,p3ht-b-c12-19k,p3ht and pbttt,p-3-ht and pbttt,p3ht and pbttt,False,False,False,opsin_direct,,False,,,FAILURE,p3ht and pbttt is unparsable due to the following being uninterpretable: p3ht and pbttt The following was not parseable: p3ht and pbttt,,,,direct,,True,p3ht and pbttt,False,,,,,,,,,,,,,,,,
429,p3ht-b-c12-19k,p3ht and pbttt,p3ht and pbttt,p3ht and pbttt,False,False,False,opsin_repair,,False,drop_descriptors,,FAILURE,p3ht and pbttt is unparsable due to the following being uninterpretable: p3ht and pbttt The following was not parseable: p3ht and pbttt,,,,repair,drop_descriptors,True,p3ht and pbttt,False,,,,,,,,,,,,,,,,
429,p3ht-b-c12-19k,p3ht and pbttt,p3ht and pbttt,p3ht and pbttt,False,False,False,opsin_repair,,False,drop_substituted,,FAILURE,p3ht and pbttt is unparsable due to the following being uninterpretable: p3ht and pbttt The following was not parseable: p3ht and pbttt,,,,repair,drop_substituted,True,p3ht and pbttt,False,,,,,,,,,,,,,,,,
429,p3ht-b-c12-19k,p3ht and pbttt,p3ht and pbttt,p3ht and pbttt,False,False,False,opsin_repair,,False,tidy_punct,,FAILURE,p3ht and pbttt is unparsable due to the following being uninterpretable: p3ht and pbttt The following was not parseable: p3ht and pbttt,,,,repair,tidy_punct,True,p3ht and pbttt,False,,,,,,,,,,,,,,,,
429,p3ht-b-c12-19k,p3ht and pbttt,p-3-ht and pbttt,p3ht and pbttt,False,False,False,fallback,TEXT_FALLBACK,False,no parse,,,,,,,,,True,,False,,,,,,,,,,,,,,,,
429,p3ht-b-c12-28k,p3ht and pbttt,p-3-ht and pbttt,p3ht and pbttt,False,False,False,opsin_direct,,False,,,FAILURE,p3ht and pbttt is unparsable due to the following being uninterpretable: p3ht and pbttt The following was not parseable: p3ht and pbttt,,,,direct,,True,p3ht and pbttt,False,,,,,,,,,,,,,,,,
429,p3ht-b-c12-28k,p3ht and pbttt,p3ht and pbttt,p3ht and pbttt,False,False,False,opsin_repair,,False,drop_descriptors,,FAILURE,p3ht and pbttt is unparsable due to the following being uninterpretable: p3ht and pbttt The following was not parseable: p3ht and pbttt,,,,repair,drop_descriptors,True,p3ht and pbttt,False,,,,,,,,,,,,,,,,
429,p3ht-b-c12-28k,p3ht and pbttt,p3ht and pbttt,p3ht and pbttt,False,False,False,opsin_repair,,False,drop_substituted,,FAILURE,p3ht and pbttt is unparsable due to the following being uninterpretable: p3ht and pbttt The following was not parseable: p3ht and pbttt,,,,repair,drop_substituted,True,p3ht and pbttt,False,,,,,,,,,,,,,,,,
429,p3ht-b-c12-28k,p3ht and pbttt,p3ht and pbttt,p3ht and pbttt,False,False,False,opsin_repair,,False,tidy_punct,,FAILURE,p3ht and pbttt is unparsable due to the following being uninterpretable: p3ht and pbttt The following was not parseable: p3ht and pbttt,,,,repair,tidy_punct,True,p3ht and pbttt,False,,,,,,,,,,,,,,,,
429,p3ht-b-c12-28k,p3ht and pbttt,p-3-ht and pbttt,p3ht and pbttt,False,False,False,fallback,TEXT_FALLBACK,False,no parse,,,,,,,,,True,,False,,,,,,,,,,,,,,,,
429,p3ht-b-c12-32k,p3ht and pbttt,p-3-ht and pbttt,p3ht and pbttt,False,False,False,opsin_direct,,False,,,FAILURE,p3ht and pbttt is unparsable due to the following being uninterpretable: p3ht and pbttt The following was not parseable: p3ht and pbttt,,,,direct,,True,p3ht and pbttt,False,,,,,,,,,,,,,,,,
429,p3ht-b-c12-32k,p3ht and pbttt,p3ht and pbttt,p3ht and pbttt,False,False,False,opsin_repair,,False,drop_descriptors,,FAILURE,p3ht and pbttt is unparsable due to the following being uninterpretable: p3ht and pbttt The following was not parseable: p3ht and pbttt,,,,repair,drop_descriptors,True,p3ht and pbttt,False,,,,,,,,,,,,,,,,
429,p3ht-b-c12-32k,p3ht and pbttt,p3ht and pbttt,p3ht and pbttt,False,False,False,opsin_repair,,False,drop_substituted,,FAILURE,p3ht and pbttt is unparsable due to the following being uninterpretable: p3ht and pbttt The following was not parseable: p3ht and pbttt,,,,repair,drop_substituted,True,p3ht and pbttt,False,,,,,,,,,,,,,,,,
429,p3ht-b-c12-32k,p3ht and pbttt,p3ht and pbttt,p3ht and pbttt,False,False,False,opsin_repair,,False,tidy_punct,,FAILURE,p3ht and pbttt is unparsable due to the following being uninterpretable: p3ht and pbttt The following was not parseable: p3ht and pbttt,,,,repair,tidy_punct,True,p3ht and pbttt,False,,,,,,,,,,,,,,,,
429,p3ht-b-c12-32k,p3ht and pbttt,p-3-ht and pbttt,p3ht and pbttt,False,False,False,fallback,TEXT_FALLBACK,False,no parse,,,,,,,,,True,,False,,,,,,,,,,,,,,,,
429,p3ht-b-c12-14k,p3ht and pbttt,p-3-ht and pbttt,p3ht and pbttt,False,False,False,opsin_direct,,False,,,FAILURE,p3ht and pbttt is unparsable due to the following being uninterpretable: p3ht and pbttt The following was not parseable: p3ht and pbttt,,,,direct,,True,p3ht and pbttt,False,,,,,,,,,,,,,,,,
429,p3ht-b-c12-14k,p3ht and pbttt,p3ht and pbttt,p3ht and pbttt,False,False,False,opsin_repair,,False,drop_descriptors,,FAILURE,p3ht and pbttt is unparsable due to the following being uninterpretable: p3ht and pbttt The following was not parseable: p3ht and pbttt,,,,repair,drop_descriptors,True,p3ht and pbttt,False,,,,,,,,,,,,,,,,
429,p3ht-b-c12-14k,p3ht and pbttt,p3ht and pbttt,p3ht and pbttt,False,False,False,opsin_repair,,False,drop_substituted,,FAILURE,p3ht and pbttt is unparsable due to the following being uninterpretable: p3ht and pbttt The following was not parseable: p3ht and pbttt,,,,repair,drop_substituted,True,p3ht and pbttt,False,,,,,,,,,,,,,,,,
429,p3ht-b-c12-14k,p3ht and pbttt,p3ht and pbttt,p3ht and pbttt,False,False,False,opsin_repair,,False,tidy_punct,,FAILURE,p3ht and pbttt is unparsable due to the following being uninterpretable: p3ht and pbttt The following was not parseable: p3ht and pbttt,,,,repair,tidy_punct,True,p3ht and pbttt,False,,,,,,,,,,,,,,,,
429,p3ht-b-c12-14k,p3ht and pbttt,p-3-ht and pbttt,p3ht and pbttt,False,False,False,fallback,TEXT_FALLBACK,False,no parse,,,,,,,,,True,,False,,,,,,,,,,,,,,,,
429,p3ht-b-c12-14k,p3ht and pbttt,p-3-ht and pbttt,p3ht and pbttt,False,False,False,opsin_direct,,False,,,FAILURE,p3ht and pbttt is unparsable due to the following being uninterpretable: p3ht and pbttt The following was not parseable: p3ht and pbttt,,,,direct,,True,p3ht and pbttt,False,,,,,,,,,,,,,,,,
429,p3ht-b-c12-14k,p3ht and pbttt,p3ht and pbttt,p3ht and pbttt,False,False,False,opsin_repair,,False,drop_descriptors,,FAILURE,p3ht and pbttt is unparsable due to the following being uninterpretable: p3ht and pbttt The following was not parseable: p3ht and pbttt,,,,repair,drop_descriptors,True,p3ht and pbttt,False,,,,,,,,,,,,,,,,
429,p3ht-b-c12-14k,p3ht and pbttt,p3ht and pbttt,p3ht and pbttt,False,False,False,opsin_repair,,False,drop_substituted,,FAILURE,p3ht and pbttt is unparsable due to the following being uninterpretable: p3ht and pbttt The following was not parseable: p3ht and pbttt,,,,repair,drop_substituted,True,p3ht and pbttt,False,,,,,,,,,,,,,,,,
429,p3ht-b-c12-14k,p3ht and pbttt,p3ht and pbttt,p3ht and pbttt,False,False,False,opsin_repair,,False,tidy_punct,,FAILURE,p3ht and pbttt is unparsable due to the following being uninterpretable: p3ht and pbttt The following was not parseable: p3ht and pbttt,,,,repair,tidy_punct,True,p3ht and pbttt,False,,,,,,,,,,,,,,,,
429,p3ht-b-c12-14k,p3ht and pbttt,p-3-ht and pbttt,p3ht and pbttt,False,False,False,fallback,TEXT_FALLBACK,False,no parse,,,,,,,,,True,,False,,,,,,,,,,,,,,,,
429,p3ht-b-c12-19k,p3ht and pbttt,p-3-ht and pbttt,p3ht and pbttt,False,False,False,opsin_direct,,False,,,FAILURE,p3ht and pbttt is unparsable due to the following being uninterpretable: p3ht and pbttt The following was not parseable: p3ht and pbttt,,,,direct,,True,p3ht and pbttt,False,,,,,,,,,,,,,,,,
429,p3ht-b-c12-19k,p3ht and pbttt,p3ht and pbttt,p3ht and pbttt,False,False,False,opsin_repair,,False,drop_descriptors,,FAILURE,p3ht and pbttt is unparsable due to the following being uninterpretable: p3ht and pbttt The following was not parseable: p3ht and pbttt,,,,repair,drop_descriptors,True,p3ht and pbttt,False,,,,,,,,,,,,,,,,
429,p3ht-b-c12-19k,p3ht and pbttt,p3ht and pbttt,p3ht and pbttt,False,False,False,opsin_repair,,False,drop_substituted,,FAILURE,p3ht and pbttt is unparsable due to the following being uninterpretable: p3ht and pbttt The following was not parseable: p3ht and pbttt,,,,repair,drop_substituted,True,p3ht and pbttt,False,,,,,,,,,,,,,,,,
429,p3ht-b-c12-19k,p3ht and pbttt,p3ht and pbttt,p3ht and pbttt,False,False,False,opsin_repair,,False,tidy_punct,,FAILURE,p3ht and pbttt is unparsable due to the following being uninterpretable: p3ht and pbttt The following was not parseable: p3ht and pbttt,,,,repair,tidy_punct,True,p3ht and pbttt,False,,,,,,,,,,,,,,,,
429,p3ht-b-c12-19k,p3ht and pbttt,p-3-ht and pbttt,p3ht and pbttt,False,False,False,fallback,TEXT_FALLBACK,False,no parse,,,,,,,,,True,,False,,,,,,,,,,,,,,,,
429,p3ht-b-c12-19k,p3ht and pbttt,p-3-ht and pbttt,p3ht and pbttt,False,False,False,opsin_direct,,False,,,FAILURE,p3ht and pbttt is unparsable due to the following being uninterpretable: p3ht and pbttt The following was not parseable: p3ht and pbttt,,,,direct,,True,p3ht and pbttt,False,,,,,,,,,,,,,,,,
429,p3ht-b-c12-19k,p3ht and pbttt,p3ht and pbttt,p3ht and pbttt,False,False,False,opsin_repair,,False,drop_descriptors,,FAILURE,p3ht and pbttt is unparsable due to the following being uninterpretable: p3ht and pbttt The following was not parseable: p3ht and pbttt,,,,repair,drop_descriptors,True,p3ht and pbttt,False,,,,,,,,,,,,,,,,
429,p3ht-b-c12-19k,p3ht and pbttt,p3ht and pbttt,p3ht and pbttt,False,False,False,opsin_repair,,False,drop_substituted,,FAILURE,p3ht and pbttt is unparsable due to the following being uninterpretable: p3ht and pbttt The following was not parseable: p3ht and pbttt,,,,repair,drop_substituted,True,p3ht and pbttt,False,,,,,,,,,,,,,,,,
429,p3ht-b-c12-19k,p3ht and pbttt,p3ht and pbttt,p3ht and pbttt,False,False,False,opsin_repair,,False,tidy_punct,,FAILURE,p3ht and pbttt is unparsable due to the following being uninterpretable: p3ht and pbttt The following was not parseable: p3ht and pbttt,,,,repair,tidy_punct,True,p3ht and pbttt,False,,,,,,,,,,,,,,,,
429,p3ht-b-c12-19k,p3ht and pbttt,p-3-ht and pbttt,p3ht and pbttt,False,False,False,fallback,TEXT_FALLBACK,False,no parse,,,,,,,,,True,,False,,,,,,,,,,,,,,,,
429,p3ht-b-c12-28k,p3ht and pbttt,p-3-ht and pbttt,p3ht and pbttt,False,False,False,opsin_direct,,False,,,FAILURE,p3ht and pbttt is unparsable due to the following being uninterpretable: p3ht and pbttt The following was not parseable: p3ht and pbttt,,,,direct,,True,p3ht and pbttt,False,,,,,,,,,,,,,,,,
429,p3ht-b-c12-28k,p3ht and pbttt,p3ht and pbttt,p3ht and pbttt,False,False,False,opsin_repair,,False,drop_descriptors,,FAILURE,p3ht and pbttt is unparsable due to the following being uninterpretable: p3ht and pbttt The following was not parseable: p3ht and pbttt,,,,repair,drop_descriptors,True,p3ht and pbttt,False,,,,,,,,,,,,,,,,
429,p3ht-b-c12-28k,p3ht and pbttt,p3ht and pbttt,p3ht and pbttt,False,False,False,opsin_repair,,False,drop_substituted,,FAILURE,p3ht and pbttt is unparsable due to the following being uninterpretable: p3ht and pbttt The following was not parseable: p3ht and pbttt,,,,repair,drop_substituted,True,p3ht and pbttt,False,,,,,,,,,,,,,,,,
429,p3ht-b-c12-28k,p3ht and pbttt,p3ht and pbttt,p3ht and pbttt,False,False,False,opsin_repair,,False,tidy_punct,,FAILURE,p3ht and pbttt is unparsable due to the following being uninterpretable: p3ht and pbttt The following was not parseable: p3ht and pbttt,,,,repair,tidy_punct,True,p3ht and pbttt,False,,,,,,,,,,,,,,,,
429,p3ht-b-c12-28k,p3ht and pbttt,p-3-ht and pbttt,p3ht and pbttt,False,False,False,fallback,TEXT_FALLBACK,False,no parse,,,,,,,,,True,,False,,,,,,,,,,,,,,,,
429,p3ht-b-c12-28k,p3ht and pbttt,p-3-ht and pbttt,p3ht and pbttt,False,False,False,opsin_direct,,False,,,FAILURE,p3ht and pbttt is unparsable due to the following being uninterpretable: p3ht and pbttt The following was not parseable: p3ht and pbttt,,,,direct,,True,p3ht and pbttt,False,,,,,,,,,,,,,,,,
429,p3ht-b-c12-28k,p3ht and pbttt,p3ht and pbttt,p3ht and pbttt,False,False,False,opsin_repair,,False,drop_descriptors,,FAILURE,p3ht and pbttt is unparsable due to the following being uninterpretable: p3ht and pbttt The following was not parseable: p3ht and pbttt,,,,repair,drop_descriptors,True,p3ht and pbttt,False,,,,,,,,,,,,,,,,
429,p3ht-b-c12-28k,p3ht and pbttt,p3ht and pbttt,p3ht and pbttt,False,False,False,opsin_repair,,False,drop_substituted,,FAILURE,p3ht and pbttt is unparsable due to the following being uninterpretable: p3ht and pbttt The following was not parseable: p3ht and pbttt,,,,repair,drop_substituted,True,p3ht and pbttt,False,,,,,,,,,,,,,,,,
429,p3ht-b-c12-28k,p3ht and pbttt,p3ht and pbttt,p3ht and pbttt,False,False,False,opsin_repair,,False,tidy_punct,,FAILURE,p3ht and pbttt is unparsable due to the following being uninterpretable: p3ht and pbttt The following was not parseable: p3ht and pbttt,,,,repair,tidy_punct,True,p3ht and pbttt,False,,,,,,,,,,,,,,,,
429,p3ht-b-c12-28k,p3ht and pbttt,p-3-ht and pbttt,p3ht and pbttt,False,False,False,fallback,TEXT_FALLBACK,False,no parse,,,,,,,,,True,,False,,,,,,,,,,,,,,,,
429,p3ht-b-c12-32k,p3ht and pbttt,p-3-ht and pbttt,p3ht and pbttt,False,False,False,opsin_direct,,False,,,FAILURE,p3ht and pbttt is unparsable due to the following being uninterpretable: p3ht and pbttt The following was not parseable: p3ht and pbttt,,,,direct,,True,p3ht and pbttt,False,,,,,,,,,,,,,,,,
429,p3ht-b-c12-32k,p3ht and pbttt,p3ht and pbttt,p3ht and pbttt,False,False,False,opsin_repair,,False,drop_descriptors,,FAILURE,p3ht and pbttt is unparsable due to the following being uninterpretable: p3ht and pbttt The following was not parseable: p3ht and pbttt,,,,repair,drop_descriptors,True,p3ht and pbttt,False,,,,,,,,,,,,,,,,
429,p3ht-b-c12-32k,p3ht and pbttt,p3ht and pbttt,p3ht and pbttt,False,False,False,opsin_repair,,False,drop_substituted,,FAILURE,p3ht and pbttt is unparsable due to the following being uninterpretable: p3ht and pbttt The following was not parseable: p3ht and pbttt,,,,repair,drop_substituted,True,p3ht and pbttt,False,,,,,,,,,,,,,,,,
429,p3ht-b-c12-32k,p3ht and pbttt,p3ht and pbttt,p3ht and pbttt,False,False,False,opsin_repair,,False,tidy_punct,,FAILURE,p3ht and pbttt is unparsable due to the following being uninterpretable: p3ht and pbttt The following was not parseable: p3ht and pbttt,,,,repair,tidy_punct,True,p3ht and pbttt,False,,,,,,,,,,,,,,,,
429,p3ht-b-c12-32k,p3ht and pbttt,p-3-ht and pbttt,p3ht and pbttt,False,False,False,fallback,TEXT_FALLBACK,False,no parse,,,,,,,,,True,,False,,,,,,,,,,,,,,,,
429,p3ht-b-c12-32k,p3ht and pbttt,p-3-ht and pbttt,p3ht and pbttt,False,False,False,opsin_direct,,False,,,FAILURE,p3ht and pbttt is unparsable due to the following being uninterpretable: p3ht and pbttt The following was not parseable: p3ht and pbttt,,,,direct,,True,p3ht and pbttt,False,,,,,,,,,,,,,,,,
429,p3ht-b-c12-32k,p3ht and pbttt,p3ht and pbttt,p3ht and pbttt,False,False,False,opsin_repair,,False,drop_descriptors,,FAILURE,p3ht and pbttt is unparsable due to the following being uninterpretable: p3ht and pbttt The following was not parseable: p3ht and pbttt,,,,repair,drop_descriptors,True,p3ht and pbttt,False,,,,,,,,,,,,,,,,
429,p3ht-b-c12-32k,p3ht and pbttt,p3ht and pbttt,p3ht and pbttt,False,False,False,opsin_repair,,False,drop_substituted,,FAILURE,p3ht and pbttt is unparsable due to the following being uninterpretable: p3ht and pbttt The following was not parseable: p3ht and pbttt,,,,repair,drop_substituted,True,p3ht and pbttt,False,,,,,,,,,,,,,,,,
429,p3ht-b-c12-32k,p3ht and pbttt,p3ht and pbttt,p3ht and pbttt,False,False,False,opsin_repair,,False,tidy_punct,,FAILURE,p3ht and pbttt is unparsable due to the following being uninterpretable: p3ht and pbttt The following was not parseable: p3ht and pbttt,,,,repair,tidy_punct,True,p3ht and pbttt,False,,,,,,,,,,,,,,,,
429,p3ht-b-c12-32k,p3ht and pbttt,p-3-ht and pbttt,p3ht and pbttt,False,False,False,fallback,TEXT_FALLBACK,False,no parse,,,,,,,,,True,,False,,,,,,,,,,,,,,,,
429,p3ht-b-c6-11k,p3ht and pbttt,p-3-ht and pbttt,p3ht and pbttt,False,False,False,opsin_direct,,False,,,FAILURE,p3ht and pbttt is unparsable due to the following being uninterpretable: p3ht and pbttt The following was not parseable: p3ht and pbttt,,,,direct,,True,p3ht and pbttt,False,,,,,,,,,,,,,,,,
429,p3ht-b-c6-11k,p3ht and pbttt,p3ht and pbttt,p3ht and pbttt,False,False,False,opsin_repair,,False,drop_descriptors,,FAILURE,p3ht and pbttt is unparsable due to the following being uninterpretable: p3ht and pbttt The following was not parseable: p3ht and pbttt,,,,repair,drop_descriptors,True,p3ht and pbttt,False,,,,,,,,,,,,,,,,
429,p3ht-b-c6-11k,p3ht and pbttt,p3ht and pbttt,p3ht and pbttt,False,False,False,opsin_repair,,False,drop_substituted,,FAILURE,p3ht and pbttt is unparsable due to the following being uninterpretable: p3ht and pbttt The following was not parseable: p3ht and pbttt,,,,repair,drop_substituted,True,p3ht and pbttt,False,,,,,,,,,,,,,,,,
429,p3ht-b-c6-11k,p3ht and pbttt,p3ht and pbttt,p3ht and pbttt,False,False,False,opsin_repair,,False,tidy_punct,,FAILURE,p3ht and pbttt is unparsable due to the following being uninterpretable: p3ht and pbttt The following was not parseable: p3ht and pbttt,,,,repair,tidy_punct,True,p3ht and pbttt,False,,,,,,,,,,,,,,,,
429,p3ht-b-c6-11k,p3ht and pbttt,p-3-ht and pbttt,p3ht and pbttt,False,False,False,fallback,TEXT_FALLBACK,False,no parse,,,,,,,,,True,,False,,,,,,,,,,,,,,,,
429,p3ht-b-c8-12k,p3ht and pbttt,p-3-ht and pbttt,p3ht and pbttt,False,False,False,opsin_direct,,False,,,FAILURE,p3ht and pbttt is unparsable due to the following being uninterpretable: p3ht and pbttt The following was not parseable: p3ht and pbttt,,,,direct,,True,p3ht and pbttt,False,,,,,,,,,,,,,,,,
429,p3ht-b-c8-12k,p3ht and pbttt,p3ht and pbttt,p3ht and pbttt,False,False,False,opsin_repair,,False,drop_descriptors,,FAILURE,p3ht and pbttt is unparsable due to the following being uninterpretable: p3ht and pbttt The following was not parseable: p3ht and pbttt,,,,repair,drop_descriptors,True,p3ht and pbttt,False,,,,,,,,,,,,,,,,
429,p3ht-b-c8-12k,p3ht and pbttt,p3ht and pbttt,p3ht and pbttt,False,False,False,opsin_repair,,False,drop_substituted,,FAILURE,p3ht and pbttt is unparsable due to the following being uninterpretable: p3ht and pbttt The following was not parseable: p3ht and pbttt,,,,repair,drop_substituted,True,p3ht and pbttt,False,,,,,,,,,,,,,,,,
429,p3ht-b-c8-12k,p3ht and pbttt,p3ht and pbttt,p3ht and pbttt,False,False,False,opsin_repair,,False,tidy_punct,,FAILURE,p3ht and pbttt is unparsable due to the following being uninterpretable: p3ht and pbttt The following was not parseable: p3ht and pbttt,,,,repair,tidy_punct,True,p3ht and pbttt,False,,,,,,,,,,,,,,,,
429,p3ht-b-c8-12k,p3ht and pbttt,p-3-ht and pbttt,p3ht and pbttt,False,False,False,fallback,TEXT_FALLBACK,False,no parse,,,,,,,,,True,,False,,,,,,,,,,,,,,,,
429,p3dt-b-c12-16k,p3dt and pbttt,p-3-dt and pbttt,p3dt and pbttt,False,False,False,opsin_direct,,False,,,FAILURE,p3dt and pbttt is unparsable due to the following being uninterpretable: p3dt and pbttt The following was not parseable: p3dt and pbttt,,,,direct,,True,p3dt and pbttt,False,,,,,,,,,,,,,,,,
429,p3dt-b-c12-16k,p3dt and pbttt,p3dt and pbttt,p3dt and pbttt,False,False,False,opsin_repair,,False,drop_descriptors,,FAILURE,p3dt and pbttt is unparsable due to the following being uninterpretable: p3dt and pbttt The following was not parseable: p3dt and pbttt,,,,repair,drop_descriptors,True,p3dt and pbttt,False,,,,,,,,,,,,,,,,
429,p3dt-b-c12-16k,p3dt and pbttt,p3dt and pbttt,p3dt and pbttt,False,False,False,opsin_repair,,False,drop_substituted,,FAILURE,p3dt and pbttt is unparsable due to the following being uninterpretable: p3dt and pbttt The following was not parseable: p3dt and pbttt,,,,repair,drop_substituted,True,p3dt and pbttt,False,,,,,,,,,,,,,,,,
429,p3dt-b-c12-16k,p3dt and pbttt,p3dt and pbttt,p3dt and pbttt,False,False,False,opsin_repair,,False,tidy_punct,,FAILURE,p3dt and pbttt is unparsable due to the following being uninterpretable: p3dt and pbttt The following was not parseable: p3dt and pbttt,,,,repair,tidy_punct,True,p3dt and pbttt,False,,,,,,,,,,,,,,,,
429,p3dt-b-c12-16k,p3dt and pbttt,p-3-dt and pbttt,p3dt and pbttt,False,False,False,fallback,TEXT_FALLBACK,False,no parse,,,,,,,,,True,,False,,,,,,,,,,,,,,,,
429,p3ddt-b-c12-18k,p3ddt and pbttt,p-3-ddt and pbttt,p3ddt and pbttt,False,False,False,opsin_direct,,False,,,FAILURE,p3ddt and pbttt is unparsable due to the following being uninterpretable: p3ddt and pbttt The following was not parseable: p3ddt and pbttt,,,,direct,,True,p3ddt and pbttt,False,,,,,,,,,,,,,,,,
429,p3ddt-b-c12-18k,p3ddt and pbttt,p3ddt and pbttt,p3ddt and pbttt,False,False,False,opsin_repair,,False,drop_descriptors,,FAILURE,p3ddt and pbttt is unparsable due to the following being uninterpretable: p3ddt and pbttt The following was not parseable: p3ddt and pbttt,,,,repair,drop_descriptors,True,p3ddt and pbttt,False,,,,,,,,,,,,,,,,
429,p3ddt-b-c12-18k,p3ddt and pbttt,p3ddt and pbttt,p3ddt and pbttt,False,False,False,opsin_repair,,False,drop_substituted,,FAILURE,p3ddt and pbttt is unparsable due to the following being uninterpretable: p3ddt and pbttt The following was not parseable: p3ddt and pbttt,,,,repair,drop_substituted,True,p3ddt and pbttt,False,,,,,,,,,,,,,,,,
429,p3ddt-b-c12-18k,p3ddt and pbttt,p3ddt and pbttt,p3ddt and pbttt,False,False,False,opsin_repair,,False,tidy_punct,,FAILURE,p3ddt and pbttt is unparsable due to the following being uninterpretable: p3ddt and pbttt The following was not parseable: p3ddt and pbttt,,,,repair,tidy_punct,True,p3ddt and pbttt,False,,,,,,,,,,,,,,,,
429,p3ddt-b-c12-18k,p3ddt and pbttt,p-3-ddt and pbttt,p3ddt and pbttt,False,False,False,fallback,TEXT_FALLBACK,False,no parse,,,,,,,,,True,,False,,,,,,,,,,,,,,,,
429,p3ht-b-c12-28k,p3ht and pbttt,p-3-ht and pbttt,p3ht and pbttt,False,False,False,opsin_direct,,False,,,FAILURE,p3ht and pbttt is unparsable due to the following being uninterpretable: p3ht and pbttt The following was not parseable: p3ht and pbttt,,,,direct,,True,p3ht and pbttt,False,,,,,,,,,,,,,,,,
429,p3ht-b-c12-28k,p3ht and pbttt,p3ht and pbttt,p3ht and pbttt,False,False,False,opsin_repair,,False,drop_descriptors,,FAILURE,p3ht and pbttt is unparsable due to the following being uninterpretable: p3ht and pbttt The following was not parseable: p3ht and pbttt,,,,repair,drop_descriptors,True,p3ht and pbttt,False,,,,,,,,,,,,,,,,
429,p3ht-b-c12-28k,p3ht and pbttt,p3ht and pbttt,p3ht and pbttt,False,False,False,opsin_repair,,False,drop_substituted,,FAILURE,p3ht and pbttt is unparsable due to the following being uninterpretable: p3ht and pbttt The following was not parseable: p3ht and pbttt,,,,repair,drop_substituted,True,p3ht and pbttt,False,,,,,,,,,,,,,,,,
429,p3ht-b-c12-28k,p3ht and pbttt,p3ht and pbttt,p3ht and pbttt,False,False,False,opsin_repair,,False,tidy_punct,,FAILURE,p3ht and pbttt is unparsable due to the following being uninterpretable: p3ht and pbttt The following was not parseable: p3ht and pbttt,,,,repair,tidy_punct,True,p3ht and pbttt,False,,,,,,,,,,,,,,,,
429,p3ht-b-c12-28k,p3ht and pbttt,p-3-ht and pbttt,p3ht and pbttt,False,False,False,fallback,TEXT_FALLBACK,False,no parse,,,,,,,,,True,,False,,,,,,,,,,,,,,,,
429,p3ht-b-c12-32k,p3ht and pbttt,p-3-ht and pbttt,p3ht and pbttt,False,False,False,opsin_direct,,False,,,FAILURE,p3ht and pbttt is unparsable due to the following being uninterpretable: p3ht and pbttt The following was not parseable: p3ht and pbttt,,,,direct,,True,p3ht and pbttt,False,,,,,,,,,,,,,,,,
429,p3ht-b-c12-32k,p3ht and pbttt,p3ht and pbttt,p3ht and pbttt,False,False,False,opsin_repair,,False,drop_descriptors,,FAILURE,p3ht and pbttt is unparsable due to the following being uninterpretable: p3ht and pbttt The following was not parseable: p3ht and pbttt,,,,repair,drop_descriptors,True,p3ht and pbttt,False,,,,,,,,,,,,,,,,
429,p3ht-b-c12-32k,p3ht and pbttt,p3ht and pbttt,p3ht and pbttt,False,False,False,opsin_repair,,False,drop_substituted,,FAILURE,p3ht and pbttt is unparsable due to the following being uninterpretable: p3ht and pbttt The following was not parseable: p3ht and pbttt,,,,repair,drop_substituted,True,p3ht and pbttt,False,,,,,,,,,,,,,,,,
429,p3ht-b-c12-32k,p3ht and pbttt,p3ht and pbttt,p3ht and pbttt,False,False,False,opsin_repair,,False,tidy_punct,,FAILURE,p3ht and pbttt is unparsable due to the following being uninterpretable: p3ht and pbttt The following was not parseable: p3ht and pbttt,,,,repair,tidy_punct,True,p3ht and pbttt,False,,,,,,,,,,,,,,,,
429,p3ht-b-c12-32k,p3ht and pbttt,p-3-ht and pbttt,p3ht and pbttt,False,False,False,fallback,TEXT_FALLBACK,False,no parse,,,,,,,,,True,,False,,,,,,,,,,,,,,,,
429,p3ht-b-c8-12k,p3ht and pbttt,p-3-ht and pbttt,p3ht and pbttt,False,False,False,opsin_direct,,False,,,FAILURE,p3ht and pbttt is unparsable due to the following being uninterpretable: p3ht and pbttt The following was not parseable: p3ht and pbttt,,,,direct,,True,p3ht and pbttt,False,,,,,,,,,,,,,,,,
429,p3ht-b-c8-12k,p3ht and pbttt,p3ht and pbttt,p3ht and pbttt,False,False,False,opsin_repair,,False,drop_descriptors,,FAILURE,p3ht and pbttt is unparsable due to the following being uninterpretable: p3ht and pbttt The following was not parseable: p3ht and pbttt,,,,repair,drop_descriptors,True,p3ht and pbttt,False,,,,,,,,,,,,,,,,
429,p3ht-b-c8-12k,p3ht and pbttt,p3ht and pbttt,p3ht and pbttt,False,False,False,opsin_repair,,False,drop_substituted,,FAILURE,p3ht and pbttt is unparsable due to the following being uninterpretable: p3ht and pbttt The following was not parseable: p3ht and pbttt,,,,repair,drop_substituted,True,p3ht and pbttt,False,,,,,,,,,,,,,,,,
429,p3ht-b-c8-12k,p3ht and pbttt,p3ht and pbttt,p3ht and pbttt,False,False,False,opsin_repair,,False,tidy_punct,,FAILURE,p3ht and pbttt is unparsable due to the following being uninterpretable: p3ht and pbttt The following was not parseable: p3ht and pbttt,,,,repair,tidy_punct,True,p3ht and pbttt,False,,,,,,,,,,,,,,,,
429,p3ht-b-c8-12k,p3ht and pbttt,p-3-ht and pbttt,p3ht and pbttt,False,False,False,fallback,TEXT_FALLBACK,False,no parse,,,,,,,,,True,,False,,,,,,,,,,,,,,,,
429,p3ht-b-c12-19k,p3ht and pbttt,p-3-ht and pbttt,p3ht and pbttt,False,False,False,opsin_direct,,False,,,FAILURE,p3ht and pbttt is unparsable due to the following being uninterpretable: p3ht and pbttt The following was not parseable: p3ht and pbttt,,,,direct,,True,p3ht and pbttt,False,,,,,,,,,,,,,,,,
429,p3ht-b-c12-19k,p3ht and pbttt,p3ht and pbttt,p3ht and pbttt,False,False,False,opsin_repair,,False,drop_descriptors,,FAILURE,p3ht and pbttt is unparsable due to the following being uninterpretable: p3ht and pbttt The following was not parseable: p3ht and pbttt,,,,repair,drop_descriptors,True,p3ht and pbttt,False,,,,,,,,,,,,,,,,
429,p3ht-b-c12-19k,p3ht and pbttt,p3ht and pbttt,p3ht and pbttt,False,False,False,opsin_repair,,False,drop_substituted,,FAILURE,p3ht and pbttt is unparsable due to the following being uninterpretable: p3ht and pbttt The following was not parseable: p3ht and pbttt,,,,repair,drop_substituted,True,p3ht and pbttt,False,,,,,,,,,,,,,,,,
429,p3ht-b-c12-19k,p3ht and pbttt,p3ht and pbttt,p3ht and pbttt,False,False,False,opsin_repair,,False,tidy_punct,,FAILURE,p3ht and pbttt is unparsable due to the following being uninterpretable: p3ht and pbttt The following was not parseable: p3ht and pbttt,,,,repair,tidy_punct,True,p3ht and pbttt,False,,,,,,,,,,,,,,,,
429,p3ht-b-c12-19k,p3ht and pbttt,p-3-ht and pbttt,p3ht and pbttt,False,False,False,fallback,TEXT_FALLBACK,False,no parse,,,,,,,,,True,,False,,,,,,,,,,,,,,,,
429,p3dt-b-c12-16k,p3dt and pbttt,p-3-dt and pbttt,p3dt and pbttt,False,False,False,opsin_direct,,False,,,FAILURE,p3dt and pbttt is unparsable due to the following being uninterpretable: p3dt and pbttt The following was not parseable: p3dt and pbttt,,,,direct,,True,p3dt and pbttt,False,,,,,,,,,,,,,,,,
429,p3dt-b-c12-16k,p3dt and pbttt,p3dt and pbttt,p3dt and pbttt,False,False,False,opsin_repair,,False,drop_descriptors,,FAILURE,p3dt and pbttt is unparsable due to the following being uninterpretable: p3dt and pbttt The following was not parseable: p3dt and pbttt,,,,repair,drop_descriptors,True,p3dt and pbttt,False,,,,,,,,,,,,,,,,
429,p3dt-b-c12-16k,p3dt and pbttt,p3dt and pbttt,p3dt and pbttt,False,False,False,opsin_repair,,False,drop_substituted,,FAILURE,p3dt and pbttt is unparsable due to the following being uninterpretable: p3dt and pbttt The following was not parseable: p3dt and pbttt,,,,repair,drop_substituted,True,p3dt and pbttt,False,,,,,,,,,,,,,,,,
429,p3dt-b-c12-16k,p3dt and pbttt,p3dt and pbttt,p3dt and pbttt,False,False,False,opsin_repair,,False,tidy_punct,,FAILURE,p3dt and pbttt is unparsable due to the following being uninterpretable: p3dt and pbttt The following was not parseable: p3dt and pbttt,,,,repair,tidy_punct,True,p3dt and pbttt,False,,,,,,,,,,,,,,,,
429,p3dt-b-c12-16k,p3dt and pbttt,p-3-dt and pbttt,p3dt and pbttt,False,False,False,fallback,TEXT_FALLBACK,False,no parse,,,,,,,,,True,,False,,,,,,,,,,,,,,,,
427,p34t,poly(3-alkylthiophene),poly 3-alkylthiophene,poly(3-alkylthiophene),False,False,False,opsin_direct,,False,,,FAILURE,poly(3-alkylthiophene) is unparsable due to the following being uninterpretable: poly(3-alkylthiophene) The following was not parseable: alkylthiophene),,,,direct,,True,poly(3-alkylthiophene),False,,,,,,,,,,,,,,,,
427,p34t,poly(3-alkylthiophene),poly(3-alkylthiophene),poly(3-alkylthiophene),False,False,False,opsin_repair,,False,drop_descriptors,,FAILURE,poly(3-alkylthiophene) is unparsable due to the following being uninterpretable: poly(3-alkylthiophene) The following was not parseable: alkylthiophene),,,,repair,drop_descriptors,True,poly(3-alkylthiophene),False,,,,,,,,,,,,,,,,
427,p34t,poly(3-alkylthiophene),poly(3-alkylthiophene),poly(3-alkylthiophene),False,False,False,opsin_repair,,False,drop_substituted,,FAILURE,poly(3-alkylthiophene) is unparsable due to the following being uninterpretable: poly(3-alkylthiophene) The following was not parseable: alkylthiophene),,,,repair,drop_substituted,True,poly(3-alkylthiophene),False,,,,,,,,,,,,,,,,
427,p34t,poly(3-alkylthiophene),poly(3-alkylthiophene),poly(3-alkylthiophene),False,False,False,opsin_repair,,False,tidy_punct,,FAILURE,poly(3-alkylthiophene) is unparsable due to the following being uninterpretable: poly(3-alkylthiophene) The following was not parseable: alkylthiophene),,,,repair,tidy_punct,True,poly(3-alkylthiophene),False,,,,,,,,,,,,,,,,
427,p34t,poly(3-alkylthiophene),poly 3-alkylthiophene,poly(3-alkylthiophene),False,False,False,fallback,TEXT_FALLBACK,False,no parse,,,,,,,,,True,,False,,,,,,,,,,,,,,,,
427,p34t,,,n-butyl,False,False,False,template_expand,,True,[OPSIN-PREPROC] raw='n-c4' -> preprocessed='n-butyl',,,,,,,,,,,,,,,n-c4,n-butyl,False,False,False,False,False,unknown,low,True,"[{""name"": ""n-c4"", ""count"": 1}]",,
427,p34t,,,n-butyl,False,False,False,sidechain_length,ALKYL_LENGTH,True,,CCCC,,,,,,,,,,,,,,n-c4,n-butyl,False,False,False,False,False,,,,,,
427,p35t,poly(3-alkylthiophene),poly 3-alkylthiophene,poly(3-alkylthiophene),False,False,False,opsin_direct,,False,,,FAILURE,poly(3-alkylthiophene) is unparsable due to the following being uninterpretable: poly(3-alkylthiophene) The following was not parseable: alkylthiophene),,,,direct,,True,poly(3-alkylthiophene),False,,,,,,,,,,,,,,,,
427,p35t,poly(3-alkylthiophene),poly(3-alkylthiophene),poly(3-alkylthiophene),False,False,False,opsin_repair,,False,drop_descriptors,,FAILURE,poly(3-alkylthiophene) is unparsable due to the following being uninterpretable: poly(3-alkylthiophene) The following was not parseable: alkylthiophene),,,,repair,drop_descriptors,True,poly(3-alkylthiophene),False,,,,,,,,,,,,,,,,
427,p35t,poly(3-alkylthiophene),poly(3-alkylthiophene),poly(3-alkylthiophene),False,False,False,opsin_repair,,False,drop_substituted,,FAILURE,poly(3-alkylthiophene) is unparsable due to the following being uninterpretable: poly(3-alkylthiophene) The following was not parseable: alkylthiophene),,,,repair,drop_substituted,True,poly(3-alkylthiophene),False,,,,,,,,,,,,,,,,
427,p35t,poly(3-alkylthiophene),poly(3-alkylthiophene),poly(3-alkylthiophene),False,False,False,opsin_repair,,False,tidy_punct,,FAILURE,poly(3-alkylthiophene) is unparsable due to the following being uninterpretable: poly(3-alkylthiophene) The following was not parseable: alkylthiophene),,,,repair,tidy_punct,True,poly(3-alkylthiophene),False,,,,,,,,,,,,,,,,
427,p35t,poly(3-alkylthiophene),poly 3-alkylthiophene,poly(3-alkylthiophene),False,False,False,fallback,TEXT_FALLBACK,False,no parse,,,,,,,,,True,,False,,,,,,,,,,,,,,,,
427,p35t,,,n-pentyl,False,False,False,template_expand,,True,[OPSIN-PREPROC] raw='n-c5' -> preprocessed='n-pentyl',,,,,,,,,,,,,,,n-c5,n-pentyl,False,False,False,False,False,unknown,low,True,"[{""name"": ""n-c5"", ""count"": 1}]",,
427,p35t,,,n-pentyl,False,False,False,sidechain_length,ALKYL_LENGTH,True,,CCCCC,,,,,,,,,,,,,,n-c5,n-pentyl,False,False,False,False,False,,,,,,
427,p36t,poly(3-alkylthiophene),poly 3-alkylthiophene,poly(3-alkylthiophene),False,False,False,opsin_direct,,False,,,FAILURE,poly(3-alkylthiophene) is unparsable due to the following being uninterpretable: poly(3-alkylthiophene) The following was not parseable: alkylthiophene),,,,direct,,True,poly(3-alkylthiophene),False,,,,,,,,,,,,,,,,
427,p36t,poly(3-alkylthiophene),poly(3-alkylthiophene),poly(3-alkylthiophene),False,False,False,opsin_repair,,False,drop_descriptors,,FAILURE,poly(3-alkylthiophene) is unparsable due to the following being uninterpretable: poly(3-alkylthiophene) The following was not parseable: alkylthiophene),,,,repair,drop_descriptors,True,poly(3-alkylthiophene),False,,,,,,,,,,,,,,,,
427,p36t,poly(3-alkylthiophene),poly(3-alkylthiophene),poly(3-alkylthiophene),False,False,False,opsin_repair,,False,drop_substituted,,FAILURE,poly(3-alkylthiophene) is unparsable due to the following being uninterpretable: poly(3-alkylthiophene) The following was not parseable: alkylthiophene),,,,repair,drop_substituted,True,poly(3-alkylthiophene),False,,,,,,,,,,,,,,,,
427,p36t,poly(3-alkylthiophene),poly(3-alkylthiophene),poly(3-alkylthiophene),False,False,False,opsin_repair,,False,tidy_punct,,FAILURE,poly(3-alkylthiophene) is unparsable due to the following being uninterpretable: poly(3-alkylthiophene) The following was not parseable: alkylthiophene),,,,repair,tidy_punct,True,poly(3-alkylthiophene),False,,,,,,,,,,,,,,,,
427,p36t,poly(3-alkylthiophene),poly 3-alkylthiophene,poly(3-alkylthiophene),False,False,False,fallback,TEXT_FALLBACK,False,no parse,,,,,,,,,True,,False,,,,,,,,,,,,,,,,
427,p36t,,,n-hexyl,False,False,False,template_expand,,True,[OPSIN-PREPROC] raw='n-c6' -> preprocessed='n-hexyl',,,,,,,,,,,,,,,n-c6,n-hexyl,False,False,False,False,False,unknown,low,True,"[{""name"": ""n-c6"", ""count"": 1}]",,
427,p36t,,,n-hexyl,False,False,False,sidechain_length,ALKYL_LENGTH,True,,CCCCCC,,,,,,,,,,,,,,n-c6,n-hexyl,False,False,False,False,False,,,,,,
427,p37t,poly(3-alkylthiophene),poly 3-alkylthiophene,poly(3-alkylthiophene),False,False,False,opsin_direct,,False,,,FAILURE,poly(3-alkylthiophene) is unparsable due to the following being uninterpretable: poly(3-alkylthiophene) The following was not parseable: alkylthiophene),,,,direct,,True,poly(3-alkylthiophene),False,,,,,,,,,,,,,,,,
427,p37t,poly(3-alkylthiophene),poly(3-alkylthiophene),poly(3-alkylthiophene),False,False,False,opsin_repair,,False,drop_descriptors,,FAILURE,poly(3-alkylthiophene) is unparsable due to the following being uninterpretable: poly(3-alkylthiophene) The following was not parseable: alkylthiophene),,,,repair,drop_descriptors,True,poly(3-alkylthiophene),False,,,,,,,,,,,,,,,,
427,p37t,poly(3-alkylthiophene),poly(3-alkylthiophene),poly(3-alkylthiophene),False,False,False,opsin_repair,,False,drop_substituted,,FAILURE,poly(3-alkylthiophene) is unparsable due to the following being uninterpretable: poly(3-alkylthiophene) The following was not parseable: alkylthiophene),,,,repair,drop_substituted,True,poly(3-alkylthiophene),False,,,,,,,,,,,,,,,,
427,p37t,poly(3-alkylthiophene),poly(3-alkylthiophene),poly(3-alkylthiophene),False,False,False,opsin_repair,,False,tidy_punct,,FAILURE,poly(3-alkylthiophene) is unparsable due to the following being uninterpretable: poly(3-alkylthiophene) The following was not parseable: alkylthiophene),,,,repair,tidy_punct,True,poly(3-alkylthiophene),False,,,,,,,,,,,,,,,,
427,p37t,poly(3-alkylthiophene),poly 3-alkylthiophene,poly(3-alkylthiophene),False,False,False,fallback,TEXT_FALLBACK,False,no parse,,,,,,,,,True,,False,,,,,,,,,,,,,,,,
427,p37t,,,n-heptyl,False,False,False,template_expand,,True,[OPSIN-PREPROC] raw='n-c7' -> preprocessed='n-heptyl',,,,,,,,,,,,,,,n-c7,n-heptyl,False,False,False,False,False,unknown,low,True,"[{""name"": ""n-c7"", ""count"": 1}]",,
427,p37t,,,n-heptyl,False,False,False,sidechain_length,ALKYL_LENGTH,True,,CCCCCCC,,,,,,,,,,,,,,n-c7,n-heptyl,False,False,False,False,False,,,,,,
427,p38t,poly(3-alkylthiophene),poly 3-alkylthiophene,poly(3-alkylthiophene),False,False,False,opsin_direct,,False,,,FAILURE,poly(3-alkylthiophene) is unparsable due to the following being uninterpretable: poly(3-alkylthiophene) The following was not parseable: alkylthiophene),,,,direct,,True,poly(3-alkylthiophene),False,,,,,,,,,,,,,,,,
427,p38t,poly(3-alkylthiophene),poly(3-alkylthiophene),poly(3-alkylthiophene),False,False,False,opsin_repair,,False,drop_descriptors,,FAILURE,poly(3-alkylthiophene) is unparsable due to the following being uninterpretable: poly(3-alkylthiophene) The following was not parseable: alkylthiophene),,,,repair,drop_descriptors,True,poly(3-alkylthiophene),False,,,,,,,,,,,,,,,,
427,p38t,poly(3-alkylthiophene),poly(3-alkylthiophene),poly(3-alkylthiophene),False,False,False,opsin_repair,,False,drop_substituted,,FAILURE,poly(3-alkylthiophene) is unparsable due to the following being uninterpretable: poly(3-alkylthiophene) The following was not parseable: alkylthiophene),,,,repair,drop_substituted,True,poly(3-alkylthiophene),False,,,,,,,,,,,,,,,,
427,p38t,poly(3-alkylthiophene),poly(3-alkylthiophene),poly(3-alkylthiophene),False,False,False,opsin_repair,,False,tidy_punct,,FAILURE,poly(3-alkylthiophene) is unparsable due to the following being uninterpretable: poly(3-alkylthiophene) The following was not parseable: alkylthiophene),,,,repair,tidy_punct,True,poly(3-alkylthiophene),False,,,,,,,,,,,,,,,,
427,p38t,poly(3-alkylthiophene),poly 3-alkylthiophene,poly(3-alkylthiophene),False,False,False,fallback,TEXT_FALLBACK,False,no parse,,,,,,,,,True,,False,,,,,,,,,,,,,,,,
427,p38t,,,n-octyl,False,False,False,template_expand,,True,[OPSIN-PREPROC] raw='n-c8' -> preprocessed='n-octyl',,,,,,,,,,,,,,,n-c8,n-octyl,False,False,False,False,False,unknown,low,True,"[{""name"": ""n-c8"", ""count"": 1}]",,
427,p38t,,,n-octyl,False,False,False,sidechain_length,ALKYL_LENGTH,True,,CCCCCCCC,,,,,,,,,,,,,,n-c8,n-octyl,False,False,False,False,False,,,,,,
427,p39t,poly(3-alkylthiophene),poly 3-alkylthiophene,poly(3-alkylthiophene),False,False,False,opsin_direct,,False,,,FAILURE,poly(3-alkylthiophene) is unparsable due to the following being uninterpretable: poly(3-alkylthiophene) The following was not parseable: alkylthiophene),,,,direct,,True,poly(3-alkylthiophene),False,,,,,,,,,,,,,,,,
427,p39t,poly(3-alkylthiophene),poly(3-alkylthiophene),poly(3-alkylthiophene),False,False,False,opsin_repair,,False,drop_descriptors,,FAILURE,poly(3-alkylthiophene) is unparsable due to the following being uninterpretable: poly(3-alkylthiophene) The following was not parseable: alkylthiophene),,,,repair,drop_descriptors,True,poly(3-alkylthiophene),False,,,,,,,,,,,,,,,,
427,p39t,poly(3-alkylthiophene),poly(3-alkylthiophene),poly(3-alkylthiophene),False,False,False,opsin_repair,,False,drop_substituted,,FAILURE,poly(3-alkylthiophene) is unparsable due to the following being uninterpretable: poly(3-alkylthiophene) The following was not parseable: alkylthiophene),,,,repair,drop_substituted,True,poly(3-alkylthiophene),False,,,,,,,,,,,,,,,,
427,p39t,poly(3-alkylthiophene),poly(3-alkylthiophene),poly(3-alkylthiophene),False,False,False,opsin_repair,,False,tidy_punct,,FAILURE,poly(3-alkylthiophene) is unparsable due to the following being uninterpretable: poly(3-alkylthiophene) The following was not parseable: alkylthiophene),,,,repair,tidy_punct,True,poly(3-alkylthiophene),False,,,,,,,,,,,,,,,,
427,p39t,poly(3-alkylthiophene),poly 3-alkylthiophene,poly(3-alkylthiophene),False,False,False,fallback,TEXT_FALLBACK,False,no parse,,,,,,,,,True,,False,,,,,,,,,,,,,,,,
427,p39t,,,n-nonyl,False,False,False,template_expand,,True,[OPSIN-PREPROC] raw='n-c9' -> preprocessed='n-nonyl',,,,,,,,,,,,,,,n-c9,n-nonyl,False,False,False,False,False,unknown,low,True,"[{""name"": ""n-c9"", ""count"": 1}]",,
427,p39t,,,n-nonyl,False,False,False,sidechain_length,ALKYL_LENGTH,True,,CCCCCCCCC,,,,,,,,,,,,,,n-c9,n-nonyl,False,False,False,False,False,,,,,,
476,p3ht,poly(3-hexylthiophene),poly 3-hexylthiophene,poly(3-hexylthiophene),False,False,False,opsin_direct,,False,,,FAILURE,"poly(3-hexylthiophene) could be parsed but OPSIN was unsure of the meaning of the words. This error will occur, by default, if a name is just a substituent",,,,direct,,True,poly(3-hexylthiophene),False,,,,,,,,,,,,,,,,
476,p3ht,poly(3-hexylthiophene),poly(3-hexylthiophene),poly(3-hexylthiophene),False,False,False,opsin_repair,,False,drop_descriptors,,FAILURE,"poly(3-hexylthiophene) could be parsed but OPSIN was unsure of the meaning of the words. This error will occur, by default, if a name is just a substituent",,,,repair,drop_descriptors,True,poly(3-hexylthiophene),False,,,,,,,,,,,,,,,,
476,p3ht,poly(3-hexylthiophene),poly(3-hexylthiophene),poly(3-hexylthiophene),False,False,False,opsin_repair,,False,drop_substituted,,FAILURE,"poly(3-hexylthiophene) could be parsed but OPSIN was unsure of the meaning of the words. This error will occur, by default, if a name is just a substituent",,,,repair,drop_substituted,True,poly(3-hexylthiophene),False,,,,,,,,,,,,,,,,
476,p3ht,poly(3-hexylthiophene),poly(3-hexylthiophene),poly(3-hexylthiophene),False,False,False,opsin_repair,,False,tidy_punct,,FAILURE,"poly(3-hexylthiophene) could be parsed but OPSIN was unsure of the meaning of the words. This error will occur, by default, if a name is just a substituent",,,,repair,tidy_punct,True,poly(3-hexylthiophene),False,,,,,,,,,,,,,,,,
476,p3ht,poly(3-hexylthiophene),poly 3-hexylthiophene,poly(3-hexylthiophene),False,False,False,fallback,TEXT_FALLBACK,False,no parse,,,,,,,,,True,,False,,,,,,,,,,,,,,,,
476,p3ht,,,3-hexyl,False,False,False,template_expand,,True,[OPSIN-PREPROC] raw='3-c6' -> preprocessed='3-hexyl',,,,,,,,,,,,,,,3-c6,3-hexyl,False,False,False,False,False,unknown,low,True,"[{""name"": ""3-c6"", ""count"": 1}]",,
476,p3ht,,,3-hexyl,False,False,False,sidechain_length,ALKYL_LENGTH,True,,CCCCCC,,,,,,,,,,,,,,3-c6,3-hexyl,False,False,False,False,False,,,,,,
476,p3ht-b-pba,poly(3-hexylthiophene),poly 3-hexylthiophene,poly(3-hexylthiophene),False,False,False,opsin_direct,,False,,,FAILURE,"poly(3-hexylthiophene) could be parsed but OPSIN was unsure of the meaning of the words. This error will occur, by default, if a name is just a substituent",,,,direct,,True,poly(3-hexylthiophene),False,,,,,,,,,,,,,,,,
476,p3ht-b-pba,poly(3-hexylthiophene),poly(3-hexylthiophene),poly(3-hexylthiophene),False,False,False,opsin_repair,,False,drop_descriptors,,FAILURE,"poly(3-hexylthiophene) could be parsed but OPSIN was unsure of the meaning of the words. This error will occur, by default, if a name is just a substituent",,,,repair,drop_descriptors,True,poly(3-hexylthiophene),False,,,,,,,,,,,,,,,,
476,p3ht-b-pba,poly(3-hexylthiophene),poly(3-hexylthiophene),poly(3-hexylthiophene),False,False,False,opsin_repair,,False,drop_substituted,,FAILURE,"poly(3-hexylthiophene) could be parsed but OPSIN was unsure of the meaning of the words. This error will occur, by default, if a name is just a substituent",,,,repair,drop_substituted,True,poly(3-hexylthiophene),False,,,,,,,,,,,,,,,,
476,p3ht-b-pba,poly(3-hexylthiophene),poly(3-hexylthiophene),poly(3-hexylthiophene),False,False,False,opsin_repair,,False,tidy_punct,,FAILURE,"poly(3-hexylthiophene) could be parsed but OPSIN was unsure of the meaning of the words. This error will occur, by default, if a name is just a substituent",,,,repair,tidy_punct,True,poly(3-hexylthiophene),False,,,,,,,,,,,,,,,,
476,p3ht-b-pba,poly(3-hexylthiophene),poly 3-hexylthiophene,poly(3-hexylthiophene),False,False,False,fallback,TEXT_FALLBACK,False,no parse,,,,,,,,,True,,False,,,,,,,,,,,,,,,,
476,p3ht-b-pba,,,3-hexyl,False,False,False,template_expand,,True,[OPSIN-PREPROC] raw='3-c6' -> preprocessed='3-hexyl',,,,,,,,,,,,,,,3-c6,3-hexyl,False,False,False,False,False,unknown,low,True,"[{""name"": ""3-c6"", ""count"": 1}]",,
476,p3ht-b-pba,,,3-hexyl,False,False,False,sidechain_length,ALKYL_LENGTH,True,,CCCCCC,,,,,,,,,,,,,,3-c6,3-hexyl,False,False,False,False,False,,,,,,
476,p3ht-b-ps,poly(3-hexylthiophene),poly 3-hexylthiophene,poly(3-hexylthiophene),False,False,False,opsin_direct,,False,,,FAILURE,"poly(3-hexylthiophene) could be parsed but OPSIN was unsure of the meaning of the words. This error will occur, by default, if a name is just a substituent",,,,direct,,True,poly(3-hexylthiophene),False,,,,,,,,,,,,,,,,
476,p3ht-b-ps,poly(3-hexylthiophene),poly(3-hexylthiophene),poly(3-hexylthiophene),False,False,False,opsin_repair,,False,drop_descriptors,,FAILURE,"poly(3-hexylthiophene) could be parsed but OPSIN was unsure of the meaning of the words. This error will occur, by default, if a name is just a substituent",,,,repair,drop_descriptors,True,poly(3-hexylthiophene),False,,,,,,,,,,,,,,,,
476,p3ht-b-ps,poly(3-hexylthiophene),poly(3-hexylthiophene),poly(3-hexylthiophene),False,False,False,opsin_repair,,False,drop_substituted,,FAILURE,"poly(3-hexylthiophene) could be parsed but OPSIN was unsure of the meaning of the words. This error will occur, by default, if a name is just a substituent",,,,repair,drop_substituted,True,poly(3-hexylthiophene),False,,,,,,,,,,,,,,,,
476,p3ht-b-ps,poly(3-hexylthiophene),poly(3-hexylthiophene),poly(3-hexylthiophene),False,False,False,opsin_repair,,False,tidy_punct,,FAILURE,"poly(3-hexylthiophene) could be parsed but OPSIN was unsure of the meaning of the words. This error will occur, by default, if a name is just a substituent",,,,repair,tidy_punct,True,poly(3-hexylthiophene),False,,,,,,,,,,,,,,,,
476,p3ht-b-ps,poly(3-hexylthiophene),poly 3-hexylthiophene,poly(3-hexylthiophene),False,False,False,fallback,TEXT_FALLBACK,False,no parse,,,,,,,,,True,,False,,,,,,,,,,,,,,,,
476,p3ht-b-ps,,,3-hexyl,False,False,False,template_expand,,True,[OPSIN-PREPROC] raw='3-c6' -> preprocessed='3-hexyl',,,,,,,,,,,,,,,3-c6,3-hexyl,False,False,False,False,False,unknown,low,True,"[{""name"": ""3-c6"", ""count"": 1}]",,
476,p3ht-b-ps,,,3-hexyl,False,False,False,sidechain_length,ALKYL_LENGTH,True,,CCCCCC,,,,,,,,,,,,,,3-c6,3-hexyl,False,False,False,False,False,,,,,,
476,p3ht-b-peo,poly(3-hexylthiophene),poly 3-hexylthiophene,poly(3-hexylthiophene),False,False,False,opsin_direct,,False,,,FAILURE,"poly(3-hexylthiophene) could be parsed but OPSIN was unsure of the meaning of the words. This error will occur, by default, if a name is just a substituent",,,,direct,,True,poly(3-hexylthiophene),False,,,,,,,,,,,,,,,,
476,p3ht-b-peo,poly(3-hexylthiophene),poly(3-hexylthiophene),poly(3-hexylthiophene),False,False,False,opsin_repair,,False,drop_descriptors,,FAILURE,"poly(3-hexylthiophene) could be parsed but OPSIN was unsure of the meaning of the words. This error will occur, by default, if a name is just a substituent",,,,repair,drop_descriptors,True,poly(3-hexylthiophene),False,,,,,,,,,,,,,,,,
476,p3ht-b-peo,poly(3-hexylthiophene),poly(3-hexylthiophene),poly(3-hexylthiophene),False,False,False,opsin_repair,,False,drop_substituted,,FAILURE,"poly(3-hexylthiophene) could be parsed but OPSIN was unsure of the meaning of the words. This error will occur, by default, if a name is just a substituent",,,,repair,drop_substituted,True,poly(3-hexylthiophene),False,,,,,,,,,,,,,,,,
476,p3ht-b-peo,poly(3-hexylthiophene),poly(3-hexylthiophene),poly(3-hexylthiophene),False,False,False,opsin_repair,,False,tidy_punct,,FAILURE,"poly(3-hexylthiophene) could be parsed but OPSIN was unsure of the meaning of the words. This error will occur, by default, if a name is just a substituent",,,,repair,tidy_punct,True,poly(3-hexylthiophene),False,,,,,,,,,,,,,,,,
476,p3ht-b-peo,poly(3-hexylthiophene),poly 3-hexylthiophene,poly(3-hexylthiophene),False,False,False,fallback,TEXT_FALLBACK,False,no parse,,,,,,,,,True,,False,,,,,,,,,,,,,,,,
476,p3ht-b-peo,,,3-hexyl,False,False,False,template_expand,,True,[OPSIN-PREPROC] raw='3-c6' -> preprocessed='3-hexyl',,,,,,,,,,,,,,,3-c6,3-hexyl,False,False,False,False,False,unknown,low,True,"[{""name"": ""3-c6"", ""count"": 1}]",,
476,p3ht-b-peo,,,3-hexyl,False,False,False,sidechain_length,ALKYL_LENGTH,True,,CCCCCC,,,,,,,,,,,,,,3-c6,3-hexyl,False,False,False,False,False,,,,,,
476,p3ht,poly(3-hexylthiophene),poly 3-hexylthiophene,poly(3-hexylthiophene),False,False,False,opsin_direct,,False,,,FAILURE,"poly(3-hexylthiophene) could be parsed but OPSIN was unsure of the meaning of the words. This error will occur, by default, if a name is just a substituent",,,,direct,,True,poly(3-hexylthiophene),False,,,,,,,,,,,,,,,,
476,p3ht,poly(3-hexylthiophene),poly(3-hexylthiophene),poly(3-hexylthiophene),False,False,False,opsin_repair,,False,drop_descriptors,,FAILURE,"poly(3-hexylthiophene) could be parsed but OPSIN was unsure of the meaning of the words. This error will occur, by default, if a name is just a substituent",,,,repair,drop_descriptors,True,poly(3-hexylthiophene),False,,,,,,,,,,,,,,,,
476,p3ht,poly(3-hexylthiophene),poly(3-hexylthiophene),poly(3-hexylthiophene),False,False,False,opsin_repair,,False,drop_substituted,,FAILURE,"poly(3-hexylthiophene) could be parsed but OPSIN was unsure of the meaning of the words. This error will occur, by default, if a name is just a substituent",,,,repair,drop_substituted,True,poly(3-hexylthiophene),False,,,,,,,,,,,,,,,,
476,p3ht,poly(3-hexylthiophene),poly(3-hexylthiophene),poly(3-hexylthiophene),False,False,False,opsin_repair,,False,tidy_punct,,FAILURE,"poly(3-hexylthiophene) could be parsed but OPSIN was unsure of the meaning of the words. This error will occur, by default, if a name is just a substituent",,,,repair,tidy_punct,True,poly(3-hexylthiophene),False,,,,,,,,,,,,,,,,
476,p3ht,poly(3-hexylthiophene),poly 3-hexylthiophene,poly(3-hexylthiophene),False,False,False,fallback,TEXT_FALLBACK,False,no parse,,,,,,,,,True,,False,,,,,,,,,,,,,,,,
476,p3ht,,,3-hexyl,False,False,False,template_expand,,True,[OPSIN-PREPROC] raw='3-c6' -> preprocessed='3-hexyl',,,,,,,,,,,,,,,3-c6,3-hexyl,False,False,False,False,False,unknown,low,True,"[{""name"": ""3-c6"", ""count"": 1}]",,
476,p3ht,,,3-hexyl,False,False,False,sidechain_length,ALKYL_LENGTH,True,,CCCCCC,,,,,,,,,,,,,,3-c6,3-hexyl,False,False,False,False,False,,,,,,
476,p3ht-b-pba,poly(3-hexylthiophene),poly 3-hexylthiophene,poly(3-hexylthiophene),False,False,False,opsin_direct,,False,,,FAILURE,"poly(3-hexylthiophene) could be parsed but OPSIN was unsure of the meaning of the words. This error will occur, by default, if a name is just a substituent",,,,direct,,True,poly(3-hexylthiophene),False,,,,,,,,,,,,,,,,
476,p3ht-b-pba,poly(3-hexylthiophene),poly(3-hexylthiophene),poly(3-hexylthiophene),False,False,False,opsin_repair,,False,drop_descriptors,,FAILURE,"poly(3-hexylthiophene) could be parsed but OPSIN was unsure of the meaning of the words. This error will occur, by default, if a name is just a substituent",,,,repair,drop_descriptors,True,poly(3-hexylthiophene),False,,,,,,,,,,,,,,,,
476,p3ht-b-pba,poly(3-hexylthiophene),poly(3-hexylthiophene),poly(3-hexylthiophene),False,False,False,opsin_repair,,False,drop_substituted,,FAILURE,"poly(3-hexylthiophene) could be parsed but OPSIN was unsure of the meaning of the words. This error will occur, by default, if a name is just a substituent",,,,repair,drop_substituted,True,poly(3-hexylthiophene),False,,,,,,,,,,,,,,,,
476,p3ht-b-pba,poly(3-hexylthiophene),poly(3-hexylthiophene),poly(3-hexylthiophene),False,False,False,opsin_repair,,False,tidy_punct,,FAILURE,"poly(3-hexylthiophene) could be parsed but OPSIN was unsure of the meaning of the words. This error will occur, by default, if a name is just a substituent",,,,repair,tidy_punct,True,poly(3-hexylthiophene),False,,,,,,,,,,,,,,,,
476,p3ht-b-pba,poly(3-hexylthiophene),poly 3-hexylthiophene,poly(3-hexylthiophene),False,False,False,fallback,TEXT_FALLBACK,False,no parse,,,,,,,,,True,,False,,,,,,,,,,,,,,,,
476,p3ht-b-pba,,,3-hexyl,False,False,False,template_expand,,True,[OPSIN-PREPROC] raw='3-c6' -> preprocessed='3-hexyl',,,,,,,,,,,,,,,3-c6,3-hexyl,False,False,False,False,False,unknown,low,True,"[{""name"": ""3-c6"", ""count"": 1}]",,
476,p3ht-b-pba,,,3-hexyl,False,False,False,sidechain_length,ALKYL_LENGTH,True,,CCCCCC,,,,,,,,,,,,,,3-c6,3-hexyl,False,False,False,False,False,,,,,,
422,c6c10dppt-tt,dppt-tt,dppt-tt,dppt-tt,False,False,False,opsin_direct,,False,,,FAILURE,dppt-tt is unparsable due to the following being uninterpretable: dppt-tt The following was not parseable: ppt-tt,,,,direct,,True,dppt-tt,False,,,,,,,,,,,,,,,,
422,c6c10dppt-tt,dppt-tt,dppt-tt,dppt-tt,False,False,False,opsin_repair,,False,drop_descriptors,,FAILURE,dppt-tt is unparsable due to the following being uninterpretable: dppt-tt The following was not parseable: ppt-tt,,,,repair,drop_descriptors,True,dppt-tt,False,,,,,,,,,,,,,,,,
422,c6c10dppt-tt,dppt-tt,dppt-tt,dppt-tt,False,False,False,opsin_repair,,False,drop_substituted,,FAILURE,dppt-tt is unparsable due to the following being uninterpretable: dppt-tt The following was not parseable: ppt-tt,,,,repair,drop_substituted,True,dppt-tt,False,,,,,,,,,,,,,,,,
422,c6c10dppt-tt,dppt-tt,dppt-tt,dppt-tt,False,False,False,opsin_repair,,False,tidy_punct,,FAILURE,dppt-tt is unparsable due to the following being uninterpretable: dppt-tt The following was not parseable: ppt-tt,,,,repair,tidy_punct,True,dppt-tt,False,,,,,,,,,,,,,,,,
422,c6c10dppt-tt,dppt-tt,dppt-tt,dppt-tt,False,False,False,fallback,TEXT_FALLBACK,False,no parse,,,,,,,,,True,,False,,,,,,,,,,,,,,,,
422,c8c10dppt-tt,dppt-tt,dppt-tt,dppt-tt,False,False,False,opsin_direct,,False,,,FAILURE,dppt-tt is unparsable due to the following being uninterpretable: dppt-tt The following was not parseable: ppt-tt,,,,direct,,True,dppt-tt,False,,,,,,,,,,,,,,,,
422,c8c10dppt-tt,dppt-tt,dppt-tt,dppt-tt,False,False,False,opsin_repair,,False,drop_descriptors,,FAILURE,dppt-tt is unparsable due to the following being uninterpretable: dppt-tt The following was not parseable: ppt-tt,,,,repair,drop_descriptors,True,dppt-tt,False,,,,,,,,,,,,,,,,
422,c8c10dppt-tt,dppt-tt,dppt-tt,dppt-tt,False,False,False,opsin_repair,,False,drop_substituted,,FAILURE,dppt-tt is unparsable due to the following being uninterpretable: dppt-tt The following was not parseable: ppt-tt,,,,repair,drop_substituted,True,dppt-tt,False,,,,,,,,,,,,,,,,
422,c8c10dppt-tt,dppt-tt,dppt-tt,dppt-tt,False,False,False,opsin_repair,,False,tidy_punct,,FAILURE,dppt-tt is unparsable due to the following being uninterpretable: dppt-tt The following was not parseable: ppt-tt,,,,repair,tidy_punct,True,dppt-tt,False,,,,,,,,,,,,,,,,
422,c8c10dppt-tt,dppt-tt,dppt-tt,dppt-tt,False,False,False,fallback,TEXT_FALLBACK,False,no parse,,,,,,,,,True,,False,,,,,,,,,,,,,,,,
422,c10c10dppt-tt,dppt-tt,dppt-tt,dppt-tt,False,False,False,opsin_direct,,False,,,FAILURE,dppt-tt is unparsable due to the following being uninterpretable: dppt-tt The following was not parseable: ppt-tt,,,,direct,,True,dppt-tt,False,,,,,,,,,,,,,,,,
422,c10c10dppt-tt,dppt-tt,dppt-tt,dppt-tt,False,False,False,opsin_repair,,False,drop_descriptors,,FAILURE,dppt-tt is unparsable due to the following being uninterpretable: dppt-tt The following was not parseable: ppt-tt,,,,repair,drop_descriptors,True,dppt-tt,False,,,,,,,,,,,,,,,,
422,c10c10dppt-tt,dppt-tt,dppt-tt,dppt-tt,False,False,False,opsin_repair,,False,drop_substituted,,FAILURE,dppt-tt is unparsable due to the following being uninterpretable: dppt-tt The following was not parseable: ppt-tt,,,,repair,drop_substituted,True,dppt-tt,False,,,,,,,,,,,,,,,,
422,c10c10dppt-tt,dppt-tt,dppt-tt,dppt-tt,False,False,False,opsin_repair,,False,tidy_punct,,FAILURE,dppt-tt is unparsable due to the following being uninterpretable: dppt-tt The following was not parseable: ppt-tt,,,,repair,tidy_punct,True,dppt-tt,False,,,,,,,,,,,,,,,,
422,c10c10dppt-tt,dppt-tt,dppt-tt,dppt-tt,False,False,False,fallback,TEXT_FALLBACK,False,no parse,,,,,,,,,True,,False,,,,,,,,,,,,,,,,
422,c12c10dppt-tt,dppt-tt,dppt-tt,dppt-tt,False,False,False,opsin_direct,,False,,,FAILURE,dppt-tt is unparsable due to the following being uninterpretable: dppt-tt The following was not parseable: ppt-tt,,,,direct,,True,dppt-tt,False,,,,,,,,,,,,,,,,
422,c12c10dppt-tt,dppt-tt,dppt-tt,dppt-tt,False,False,False,opsin_repair,,False,drop_descriptors,,FAILURE,dppt-tt is unparsable due to the following being uninterpretable: dppt-tt The following was not parseable: ppt-tt,,,,repair,drop_descriptors,True,dppt-tt,False,,,,,,,,,,,,,,,,
422,c12c10dppt-tt,dppt-tt,dppt-tt,dppt-tt,False,False,False,opsin_repair,,False,drop_substituted,,FAILURE,dppt-tt is unparsable due to the following being uninterpretable: dppt-tt The following was not parseable: ppt-tt,,,,repair,drop_substituted,True,dppt-tt,False,,,,,,,,,,,,,,,,
422,c12c10dppt-tt,dppt-tt,dppt-tt,dppt-tt,False,False,False,opsin_repair,,False,tidy_punct,,FAILURE,dppt-tt is unparsable due to the following being uninterpretable: dppt-tt The following was not parseable: ppt-tt,,,,repair,tidy_punct,True,dppt-tt,False,,,,,,,,,,,,,,,,
422,c12c10dppt-tt,dppt-tt,dppt-tt,dppt-tt,False,False,False,fallback,TEXT_FALLBACK,False,no parse,,,,,,,,,True,,False,,,,,,,,,,,,,,,,
422,c14c10dppt-tt,dppt-tt,dppt-tt,dppt-tt,False,False,False,opsin_direct,,False,,,FAILURE,dppt-tt is unparsable due to the following being uninterpretable: dppt-tt The following was not parseable: ppt-tt,,,,direct,,True,dppt-tt,False,,,,,,,,,,,,,,,,
422,c14c10dppt-tt,dppt-tt,dppt-tt,dppt-tt,False,False,False,opsin_repair,,False,drop_descriptors,,FAILURE,dppt-tt is unparsable due to the following being uninterpretable: dppt-tt The following was not parseable: ppt-tt,,,,repair,drop_descriptors,True,dppt-tt,False,,,,,,,,,,,,,,,,
422,c14c10dppt-tt,dppt-tt,dppt-tt,dppt-tt,False,False,False,opsin_repair,,False,drop_substituted,,FAILURE,dppt-tt is unparsable due to the following being uninterpretable: dppt-tt The following was not parseable: ppt-tt,,,,repair,drop_substituted,True,dppt-tt,False,,,,,,,,,,,,,,,,
422,c14c10dppt-tt,dppt-tt,dppt-tt,dppt-tt,False,False,False,opsin_repair,,False,tidy_punct,,FAILURE,dppt-tt is unparsable due to the following being uninterpretable: dppt-tt The following was not parseable: ppt-tt,,,,repair,tidy_punct,True,dppt-tt,False,,,,,,,,,,,,,,,,
422,c14c10dppt-tt,dppt-tt,dppt-tt,dppt-tt,False,False,False,fallback,TEXT_FALLBACK,False,no parse,,,,,,,,,True,,False,,,,,,,,,,,,,,,,
422,c6c10dppt-tt:c14c10dppt-tt (7:3),dppt-tt,dppt-tt,dppt-tt,False,False,False,opsin_direct,,False,,,FAILURE,dppt-tt is unparsable due to the following being uninterpretable: dppt-tt The following was not parseable: ppt-tt,,,,direct,,True,dppt-tt,False,,,,,,,,,,,,,,,,
422,c6c10dppt-tt:c14c10dppt-tt (7:3),dppt-tt,dppt-tt,dppt-tt,False,False,False,opsin_repair,,False,drop_descriptors,,FAILURE,dppt-tt is unparsable due to the following being uninterpretable: dppt-tt The following was not parseable: ppt-tt,,,,repair,drop_descriptors,True,dppt-tt,False,,,,,,,,,,,,,,,,
422,c6c10dppt-tt:c14c10dppt-tt (7:3),dppt-tt,dppt-tt,dppt-tt,False,False,False,opsin_repair,,False,drop_substituted,,FAILURE,dppt-tt is unparsable due to the following being uninterpretable: dppt-tt The following was not parseable: ppt-tt,,,,repair,drop_substituted,True,dppt-tt,False,,,,,,,,,,,,,,,,
422,c6c10dppt-tt:c14c10dppt-tt (7:3),dppt-tt,dppt-tt,dppt-tt,False,False,False,opsin_repair,,False,tidy_punct,,FAILURE,dppt-tt is unparsable due to the following being uninterpretable: dppt-tt The following was not parseable: ppt-tt,,,,repair,tidy_punct,True,dppt-tt,False,,,,,,,,,,,,,,,,
422,c6c10dppt-tt:c14c10dppt-tt (7:3),dppt-tt,dppt-tt,dppt-tt,False,False,False,fallback,TEXT_FALLBACK,False,no parse,,,,,,,,,True,,False,,,,,,,,,,,,,,,,
422,rcp,dppt-tt,dppt-tt,dppt-tt,False,False,False,opsin_direct,,False,,,FAILURE,dppt-tt is unparsable due to the following being uninterpretable: dppt-tt The following was not parseable: ppt-tt,,,,direct,,True,dppt-tt,False,,,,,,,,,,,,,,,,
422,rcp,dppt-tt,dppt-tt,dppt-tt,False,False,False,opsin_repair,,False,drop_descriptors,,FAILURE,dppt-tt is unparsable due to the following being uninterpretable: dppt-tt The following was not parseable: ppt-tt,,,,repair,drop_descriptors,True,dppt-tt,False,,,,,,,,,,,,,,,,
422,rcp,dppt-tt,dppt-tt,dppt-tt,False,False,False,opsin_repair,,False,drop_substituted,,FAILURE,dppt-tt is unparsable due to the following being uninterpretable: dppt-tt The following was not parseable: ppt-tt,,,,repair,drop_substituted,True,dppt-tt,False,,,,,,,,,,,,,,,,
422,rcp,dppt-tt,dppt-tt,dppt-tt,False,False,False,opsin_repair,,False,tidy_punct,,FAILURE,dppt-tt is unparsable due to the following being uninterpretable: dppt-tt The following was not parseable: ppt-tt,,,,repair,tidy_punct,True,dppt-tt,False,,,,,,,,,,,,,,,,
422,rcp,dppt-tt,dppt-tt,dppt-tt,False,False,False,fallback,TEXT_FALLBACK,False,no parse,,,,,,,,,True,,False,,,,,,,,,,,,,,,,
426,d-dppn,diketopyrrolopyrrole core flanked by naphthalene,diketopyrrolopyrrole core flanked by naphthalene,diketopyrrolopyrrole core flanked by naphthalene,False,False,False,opsin_direct,,False,,,FAILURE,diketopyrrolopyrrole core flanked by naphthalene is unparsable due to the following being uninterpretable: core flanked by naphthalene The following was not parseable: core flanked by naphthalene,,,,direct,,True,diketopyrrolopyrrole core flanked by naphthalene,False,,,,,,,,,,,,,,,,
426,d-dppn,diketopyrrolopyrrole core flanked by naphthalene,diketopyrrolopyrrole core flanked by naphthalene,diketopyrrolopyrrole core flanked by naphthalene,False,False,False,opsin_repair,,False,drop_descriptors,,FAILURE,diketopyrrolopyrrole core flanked by naphthalene is unparsable due to the following being uninterpretable: core flanked by naphthalene The following was not parseable: core flanked by naphthalene,,,,repair,drop_descriptors,True,diketopyrrolopyrrole core flanked by naphthalene,False,,,,,,,,,,,,,,,,
426,d-dppn,diketopyrrolopyrrole core flanked by naphthalene,diketopyrrolopyrrole core flanked by naphthalene,diketopyrrolopyrrole core flanked by naphthalene,False,False,False,opsin_repair,,False,drop_substituted,,FAILURE,diketopyrrolopyrrole core flanked by naphthalene is unparsable due to the following being uninterpretable: core flanked by naphthalene The following was not parseable: core flanked by naphthalene,,,,repair,drop_substituted,True,diketopyrrolopyrrole core flanked by naphthalene,False,,,,,,,,,,,,,,,,
426,d-dppn,diketopyrrolopyrrole core flanked by naphthalene,diketopyrrolopyrrole core flanked by naphthalene,diketopyrrolopyrrole core flanked by naphthalene,False,False,False,opsin_repair,,False,tidy_punct,,FAILURE,diketopyrrolopyrrole core flanked by naphthalene is unparsable due to the following being uninterpretable: core flanked by naphthalene The following was not parseable: core flanked by naphthalene,,,,repair,tidy_punct,True,diketopyrrolopyrrole core flanked by naphthalene,False,,,,,,,,,,,,,,,,
426,d-dppn,diketopyrrolopyrrole core flanked by naphthalene,diketopyrrolopyrrole core flanked by naphthalene,diketopyrrolopyrrole core flanked by naphthalene,False,False,False,fallback,TEXT_FALLBACK,False,no parse,,,,,,,,,True,,False,,,,,,,,,,,,,,,,
426,d-dppn,,,n-methyl-0-yl,False,False,False,template_expand,,True,[OPSIN-PREPROC] raw='n-c10' -> preprocessed='n-methyl-0-yl',,,,,,,,,,,,,,,n-c10,n-methyl-0-yl,False,False,True,False,False,unknown,low,True,"[{""name"": ""n-c10"", ""count"": 1}]",,
426,d-dppn,,,n-methyl-0-yl,False,False,False,sidechain_length,ALKYL_LENGTH,True,,C,,,,,,,,,,,,,,n-c10,n-methyl-0-yl,False,False,True,False,False,,,,,,
426,dd-dppn,diketopyrrolopyrrole core flanked by naphthalene,diketopyrrolopyrrole core flanked by naphthalene,diketopyrrolopyrrole core flanked by naphthalene,False,False,False,opsin_direct,,False,,,FAILURE,diketopyrrolopyrrole core flanked by naphthalene is unparsable due to the following being uninterpretable: core flanked by naphthalene The following was not parseable: core flanked by naphthalene,,,,direct,,True,diketopyrrolopyrrole core flanked by naphthalene,False,,,,,,,,,,,,,,,,
426,dd-dppn,diketopyrrolopyrrole core flanked by naphthalene,diketopyrrolopyrrole core flanked by naphthalene,diketopyrrolopyrrole core flanked by naphthalene,False,False,False,opsin_repair,,False,drop_descriptors,,FAILURE,diketopyrrolopyrrole core flanked by naphthalene is unparsable due to the following being uninterpretable: core flanked by naphthalene The following was not parseable: core flanked by naphthalene,,,,repair,drop_descriptors,True,diketopyrrolopyrrole core flanked by naphthalene,False,,,,,,,,,,,,,,,,
426,dd-dppn,diketopyrrolopyrrole core flanked by naphthalene,diketopyrrolopyrrole core flanked by naphthalene,diketopyrrolopyrrole core flanked by naphthalene,False,False,False,opsin_repair,,False,drop_substituted,,FAILURE,diketopyrrolopyrrole core flanked by naphthalene is unparsable due to the following being uninterpretable: core flanked by naphthalene The following was not parseable: core flanked by naphthalene,,,,repair,drop_substituted,True,diketopyrrolopyrrole core flanked by naphthalene,False,,,,,,,,,,,,,,,,
426,dd-dppn,diketopyrrolopyrrole core flanked by naphthalene,diketopyrrolopyrrole core flanked by naphthalene,diketopyrrolopyrrole core flanked by naphthalene,False,False,False,opsin_repair,,False,tidy_punct,,FAILURE,diketopyrrolopyrrole core flanked by naphthalene is unparsable due to the following being uninterpretable: core flanked by naphthalene The following was not parseable: core flanked by naphthalene,,,,repair,tidy_punct,True,diketopyrrolopyrrole core flanked by naphthalene,False,,,,,,,,,,,,,,,,
426,dd-dppn,diketopyrrolopyrrole core flanked by naphthalene,diketopyrrolopyrrole core flanked by naphthalene,diketopyrrolopyrrole core flanked by naphthalene,False,False,False,fallback,TEXT_FALLBACK,False,no parse,,,,,,,,,True,,False,,,,,,,,,,,,,,,,
426,hd-dppn,diketopyrrolopyrrole core flanked by naphthalene,diketopyrrolopyrrole core flanked by naphthalene,diketopyrrolopyrrole core flanked by naphthalene,False,False,False,opsin_direct,,False,,,FAILURE,diketopyrrolopyrrole core flanked by naphthalene is unparsable due to the following being uninterpretable: core flanked by naphthalene The following was not parseable: core flanked by naphthalene,,,,direct,,True,diketopyrrolopyrrole core flanked by naphthalene,False,,,,,,,,,,,,,,,,
426,hd-dppn,diketopyrrolopyrrole core flanked by naphthalene,diketopyrrolopyrrole core flanked by naphthalene,diketopyrrolopyrrole core flanked by naphthalene,False,False,False,opsin_repair,,False,drop_descriptors,,FAILURE,diketopyrrolopyrrole core flanked by naphthalene is unparsable due to the following being uninterpretable: core flanked by naphthalene The following was not parseable: core flanked by naphthalene,,,,repair,drop_descriptors,True,diketopyrrolopyrrole core flanked by naphthalene,False,,,,,,,,,,,,,,,,
426,hd-dppn,diketopyrrolopyrrole core flanked by naphthalene,diketopyrrolopyrrole core flanked by naphthalene,diketopyrrolopyrrole core flanked by naphthalene,False,False,False,opsin_repair,,False,drop_substituted,,FAILURE,diketopyrrolopyrrole core flanked by naphthalene is unparsable due to the following being uninterpretable: core flanked by naphthalene The following was not parseable: core flanked by naphthalene,,,,repair,drop_substituted,True,diketopyrrolopyrrole core flanked by naphthalene,False,,,,,,,,,,,,,,,,
426,hd-dppn,diketopyrrolopyrrole core flanked by naphthalene,diketopyrrolopyrrole core flanked by naphthalene,diketopyrrolopyrrole core flanked by naphthalene,False,False,False,opsin_repair,,False,tidy_punct,,FAILURE,diketopyrrolopyrrole core flanked by naphthalene is unparsable due to the following being uninterpretable: core flanked by naphthalene The following was not parseable: core flanked by naphthalene,,,,repair,tidy_punct,True,diketopyrrolopyrrole core flanked by naphthalene,False,,,,,,,,,,,,,,,,
426,hd-dppn,diketopyrrolopyrrole core flanked by naphthalene,diketopyrrolopyrrole core flanked by naphthalene,diketopyrrolopyrrole core flanked by naphthalene,False,False,False,fallback,TEXT_FALLBACK,False,no parse,,,,,,,,,True,,False,,,,,,,,,,,,,,,,
420,p1,thienoisoindigo-dpp-thiophene random copolymer,thienoisoindigo-dpp-thiophene random,thienoisoindigo-dpp-thiophene random copolymer,False,False,False,opsin_skip,NON_OPSIN_ELIGIBLE,False,ineligible,,,,,,,skip,eligibility,False,thienoisoindigo-dpp-thiophene random copolymer,False,,,,,,,,,,,,,,,,
420,p2,thienoisoindigo-dpp-thiophene random copolymer,thienoisoindigo-dpp-thiophene random,thienoisoindigo-dpp-thiophene random copolymer,False,False,False,opsin_skip,NON_OPSIN_ELIGIBLE,False,ineligible,,,,,,,skip,eligibility,False,thienoisoindigo-dpp-thiophene random copolymer,False,,,,,,,,,,,,,,,,
420,p3,thienoisoindigo-dpp-thiophene random copolymer,thienoisoindigo-dpp-thiophene random,thienoisoindigo-dpp-thiophene random copolymer,False,False,False,opsin_skip,NON_OPSIN_ELIGIBLE,False,ineligible,,,,,,,skip,eligibility,False,thienoisoindigo-dpp-thiophene random copolymer,False,,,,,,,,,,,,,,,,
420,p4,thienoisoindigo-dpp-thiophene random copolymer,thienoisoindigo-dpp-thiophene random,thienoisoindigo-dpp-thiophene random copolymer,False,False,False,opsin_skip,NON_OPSIN_ELIGIBLE,False,ineligible,,,,,,,skip,eligibility,False,thienoisoindigo-dpp-thiophene random copolymer,False,,,,,,,,,,,,,,,,
461,2dpp-od-teg,thiophene flanked diketopyrrolopyrrole (t-dpp-t) donor-acceptor backbone,thiophene flanked diketopyrrolopyrrole t-dpp-t -,thiophene flanked diketopyrrolopyrrole (t-dpp-t) donor-acceptor backbone,False,False,False,opsin_direct,,False,,,FAILURE,thiophene flanked diketopyrrolopyrrole (t-dpp-t) donor-acceptor backbone is unparsable due to the following being uninterpretable: flanked diketopyrrolopyrrole (t-dpp-t) donor-acceptor backbone The following was not parseable: flanked diketopyrrolopyrrole (t-dpp-t) donor-acceptor backbone,,,,direct,,True,thiophene flanked diketopyrrolopyrrole (t-dpp-t) donor-acceptor backbone,False,,,,,,,,,,,,,,,,
461,2dpp-od-teg,thiophene flanked diketopyrrolopyrrole (t-dpp-t) donor-acceptor backbone,thiophene flanked diketopyrrolopyrrole (t-dpp-t) - backbone,thiophene flanked diketopyrrolopyrrole (t-dpp-t) - backbone,False,False,False,opsin_repair,,False,drop_descriptors,,FAILURE,thiophene flanked diketopyrrolopyrrole (t-dpp-t) - backbone is unparsable due to the following being uninterpretable: flanked diketopyrrolopyrrole (t-dpp-t) - backbone The following was not parseable: flanked diketopyrrolopyrrole (t-dpp-t) - backbone,,,,repair,drop_descriptors,True,thiophene flanked diketopyrrolopyrrole (t-dpp-t) - backbone,False,,,,,,,,,,,,,,,,
461,2dpp-od-teg,thiophene flanked diketopyrrolopyrrole (t-dpp-t) donor-acceptor backbone,thiophene flanked diketopyrrolopyrrole (t-dpp-t) - backbone,thiophene flanked diketopyrrolopyrrole (t-dpp-t) - backbone,False,False,False,opsin_repair,,False,drop_substituted,,FAILURE,thiophene flanked diketopyrrolopyrrole (t-dpp-t) - backbone is unparsable due to the following being uninterpretable: flanked diketopyrrolopyrrole (t-dpp-t) - backbone The following was not parseable: flanked diketopyrrolopyrrole (t-dpp-t) - backbone,,,,repair,drop_substituted,True,thiophene flanked diketopyrrolopyrrole (t-dpp-t) - backbone,False,,,,,,,,,,,,,,,,
461,2dpp-od-teg,thiophene flanked diketopyrrolopyrrole (t-dpp-t) donor-acceptor backbone,thiophene flanked diketopyrrolopyrrole (t-dpp-t) - backbone,thiophene flanked diketopyrrolopyrrole (t-dpp-t) - backbone,False,False,False,opsin_repair,,False,tidy_punct,,FAILURE,thiophene flanked diketopyrrolopyrrole (t-dpp-t) - backbone is unparsable due to the following being uninterpretable: flanked diketopyrrolopyrrole (t-dpp-t) - backbone The following was not parseable: flanked diketopyrrolopyrrole (t-dpp-t) - backbone,,,,repair,tidy_punct,True,thiophene flanked diketopyrrolopyrrole (t-dpp-t) - backbone,False,,,,,,,,,,,,,,,,
461,2dpp-od-teg,thiophene flanked diketopyrrolopyrrole (t-dpp-t) donor-acceptor backbone,thiophene flanked diketopyrrolopyrrole t-dpp-t -,thiophene flanked diketopyrrolopyrrole (t-dpp-t) donor-acceptor backbone,False,False,False,fallback,TEXT_FALLBACK,False,no parse,,,,,,,,,True,,False,,,,,,,,,,,,,,,,
461,2dpp-od-teg,,,2-octyldomethyl-0-odandtriethylenethoxyethyllycoltethoxyethyl s-yl,False,False,False,template_expand,,True,[OPSIN-PREPROC] raw='2-c8doc10odandtric2eneglycoltegsidechains' -> preprocessed='2-octyldomethyl-0-odandtriethylenethoxyethyllycoltethoxyethyl s-yl',,,,,,,,,,,,,,,2-c8doc10odandtric2eneglycoltegsidechains,2-octyldomethyl-0-odandtriethylenethoxyethyllycoltethoxyethyl s-yl,False,False,True,False,False,unknown,low,True,"[{""name"": ""2-c8doc10odandtric2eneglycoltegsidechains"", ""count"": 1}]",,
461,2dpp-od-teg,,,2-octyldomethyl-0-odandtriethylenethoxyethyllycoltethoxyethyl s-yl,False,False,False,sidechain_length,ALKYL_LENGTH,True,,C,,,,,,,,,,,,,,2-c8doc10odandtric2eneglycoltegsidechains,2-octyldomethyl-0-odandtriethylenethoxyethyllycoltethoxyethyl s-yl,False,False,True,False,False,,,,,,
461,2dpp-od-teg,thiophene flanked diketopyrrolopyrrole (t-dpp-t) donor-acceptor backbone,thiophene flanked diketopyrrolopyrrole t-dpp-t -,thiophene flanked diketopyrrolopyrrole (t-dpp-t) donor-acceptor backbone,False,False,False,opsin_direct,,False,,,FAILURE,thiophene flanked diketopyrrolopyrrole (t-dpp-t) donor-acceptor backbone is unparsable due to the following being uninterpretable: flanked diketopyrrolopyrrole (t-dpp-t) donor-acceptor backbone The following was not parseable: flanked diketopyrrolopyrrole (t-dpp-t) donor-acceptor backbone,,,,direct,,True,thiophene flanked diketopyrrolopyrrole (t-dpp-t) donor-acceptor backbone,False,,,,,,,,,,,,,,,,
461,2dpp-od-teg,thiophene flanked diketopyrrolopyrrole (t-dpp-t) donor-acceptor backbone,thiophene flanked diketopyrrolopyrrole (t-dpp-t) - backbone,thiophene flanked diketopyrrolopyrrole (t-dpp-t) - backbone,False,False,False,opsin_repair,,False,drop_descriptors,,FAILURE,thiophene flanked diketopyrrolopyrrole (t-dpp-t) - backbone is unparsable due to the following being uninterpretable: flanked diketopyrrolopyrrole (t-dpp-t) - backbone The following was not parseable: flanked diketopyrrolopyrrole (t-dpp-t) - backbone,,,,repair,drop_descriptors,True,thiophene flanked diketopyrrolopyrrole (t-dpp-t) - backbone,False,,,,,,,,,,,,,,,,
461,2dpp-od-teg,thiophene flanked diketopyrrolopyrrole (t-dpp-t) donor-acceptor backbone,thiophene flanked diketopyrrolopyrrole (t-dpp-t) - backbone,thiophene flanked diketopyrrolopyrrole (t-dpp-t) - backbone,False,False,False,opsin_repair,,False,drop_substituted,,FAILURE,thiophene flanked diketopyrrolopyrrole (t-dpp-t) - backbone is unparsable due to the following being uninterpretable: flanked diketopyrrolopyrrole (t-dpp-t) - backbone The following was not parseable: flanked diketopyrrolopyrrole (t-dpp-t) - backbone,,,,repair,drop_substituted,True,thiophene flanked diketopyrrolopyrrole (t-dpp-t) - backbone,False,,,,,,,,,,,,,,,,
461,2dpp-od-teg,thiophene flanked diketopyrrolopyrrole (t-dpp-t) donor-acceptor backbone,thiophene flanked diketopyrrolopyrrole (t-dpp-t) - backbone,thiophene flanked diketopyrrolopyrrole (t-dpp-t) - backbone,False,False,False,opsin_repair,,False,tidy_punct,,FAILURE,thiophene flanked diketopyrrolopyrrole (t-dpp-t) - backbone is unparsable due to the following being uninterpretable: flanked diketopyrrolopyrrole (t-dpp-t) - backbone The following was not parseable: flanked diketopyrrolopyrrole (t-dpp-t) - backbone,,,,repair,tidy_punct,True,thiophene flanked diketopyrrolopyrrole (t-dpp-t) - backbone,False,,,,,,,,,,,,,,,,
461,2dpp-od-teg,thiophene flanked diketopyrrolopyrrole (t-dpp-t) donor-acceptor backbone,thiophene flanked diketopyrrolopyrrole t-dpp-t -,thiophene flanked diketopyrrolopyrrole (t-dpp-t) donor-acceptor backbone,False,False,False,fallback,TEXT_FALLBACK,False,no parse,,,,,,,,,True,,False,,,,,,,,,,,,,,,,
461,2dpp-od-teg,,,2-octyldomethyl-0-odandtriethylenethoxyethyllycoltethoxyethyl s-yl,False,False,False,template_expand,,True,[OPSIN-PREPROC] raw='2-c8doc10odandtric2eneglycoltegsidechains' -> preprocessed='2-octyldomethyl-0-odandtriethylenethoxyethyllycoltethoxyethyl s-yl',,,,,,,,,,,,,,,2-c8doc10odandtric2eneglycoltegsidechains,2-octyldomethyl-0-odandtriethylenethoxyethyllycoltethoxyethyl s-yl,False,False,True,False,False,unknown,low,True,"[{""name"": ""2-c8doc10odandtric2eneglycoltegsidechains"", ""count"": 1}]",,
461,2dpp-od-teg,,,2-octyldomethyl-0-odandtriethylenethoxyethyllycoltethoxyethyl s-yl,False,False,False,sidechain_length,ALKYL_LENGTH,True,,C,,,,,,,,,,,,,,2-c8doc10odandtric2eneglycoltegsidechains,2-octyldomethyl-0-odandtriethylenethoxyethyllycoltethoxyethyl s-yl,False,False,True,False,False,,,,,,
489,p(g32t-t),gx2t-t repeat unit,gx-2-t-t repeat unit,gx2t-t repeat unit,False,False,False,opsin_skip,NON_OPSIN_ELIGIBLE,False,ineligible,,,,,,,skip,eligibility,False,gx2t-t repeat unit,False,,,,,,,,,,,,,,,,
489,p(g42t-t),gx2t-t repeat unit,gx-2-t-t repeat unit,gx2t-t repeat unit,False,False,False,opsin_skip,NON_OPSIN_ELIGIBLE,False,ineligible,,,,,,,skip,eligibility,False,gx2t-t repeat unit,False,,,,,,,,,,,,,,,,
489,p(g62t-t),gx2t-t repeat unit,gx-2-t-t repeat unit,gx2t-t repeat unit,False,False,False,opsin_skip,NON_OPSIN_ELIGIBLE,False,ineligible,,,,,,,skip,eligibility,False,gx2t-t repeat unit,False,,,,,,,,,,,,,,,,
410,pflpdb,fluorene,fluorene,fluorene,False,False,False,opsin_direct,OPSIN,True,,c1ccc2c(c1)Cc1ccccc1-2,CACHE_HIT,,,False,0.0,direct,,True,fluorene,False,,,,,,,,,,,,,,,,
413,pdppt-c2c6c8,poly(diketopyrrolopyrrole-co-thiophene),poly diketopyrrolopyrrole-co-thiophene,poly(diketopyrrolopyrrole-co-thiophene),False,False,False,opsin_direct,,False,,,FAILURE,poly(diketopyrrolopyrrole-co-thiophene) is unparsable due to the following being uninterpretable: co-thiophene) The following was not parseable: co-thiophene),,,,direct,,True,poly(diketopyrrolopyrrole-co-thiophene),False,,,,,,,,,,,,,,,,
413,pdppt-c2c6c8,poly(diketopyrrolopyrrole-co-thiophene),poly(diketopyrrolopyrrole-co-thiophene),poly(diketopyrrolopyrrole-co-thiophene),False,False,False,opsin_repair,,False,drop_descriptors,,FAILURE,poly(diketopyrrolopyrrole-co-thiophene) is unparsable due to the following being uninterpretable: co-thiophene) The following was not parseable: co-thiophene),,,,repair,drop_descriptors,True,poly(diketopyrrolopyrrole-co-thiophene),False,,,,,,,,,,,,,,,,
413,pdppt-c2c6c8,poly(diketopyrrolopyrrole-co-thiophene),poly(diketopyrrolopyrrole-co-thiophene),poly(diketopyrrolopyrrole-co-thiophene),False,False,False,opsin_repair,,False,drop_substituted,,FAILURE,poly(diketopyrrolopyrrole-co-thiophene) is unparsable due to the following being uninterpretable: co-thiophene) The following was not parseable: co-thiophene),,,,repair,drop_substituted,True,poly(diketopyrrolopyrrole-co-thiophene),False,,,,,,,,,,,,,,,,
413,pdppt-c2c6c8,poly(diketopyrrolopyrrole-co-thiophene),poly(diketopyrrolopyrrole-co-thiophene),poly(diketopyrrolopyrrole-co-thiophene),False,False,False,opsin_repair,,False,tidy_punct,,FAILURE,poly(diketopyrrolopyrrole-co-thiophene) is unparsable due to the following being uninterpretable: co-thiophene) The following was not parseable: co-thiophene),,,,repair,tidy_punct,True,poly(diketopyrrolopyrrole-co-thiophene),False,,,,,,,,,,,,,,,,
413,pdppt-c2c6c8,poly(diketopyrrolopyrrole-co-thiophene),poly diketopyrrolopyrrole-co-thiophene,poly(diketopyrrolopyrrole-co-thiophene),False,False,False,fallback,TEXT_FALLBACK,False,no parse,,,,,,,,,True,,False,,,,,,,,,,,,,,,,
413,pdppt-c2c8c10,poly(diketopyrrolopyrrole-co-thiophene),poly diketopyrrolopyrrole-co-thiophene,poly(diketopyrrolopyrrole-co-thiophene),False,False,False,opsin_direct,,False,,,FAILURE,poly(diketopyrrolopyrrole-co-thiophene) is unparsable due to the following being uninterpretable: co-thiophene) The following was not parseable: co-thiophene),,,,direct,,True,poly(diketopyrrolopyrrole-co-thiophene),False,,,,,,,,,,,,,,,,
413,pdppt-c2c8c10,poly(diketopyrrolopyrrole-co-thiophene),poly(diketopyrrolopyrrole-co-thiophene),poly(diketopyrrolopyrrole-co-thiophene),False,False,False,opsin_repair,,False,drop_descriptors,,FAILURE,poly(diketopyrrolopyrrole-co-thiophene) is unparsable due to the following being uninterpretable: co-thiophene) The following was not parseable: co-thiophene),,,,repair,drop_descriptors,True,poly(diketopyrrolopyrrole-co-thiophene),False,,,,,,,,,,,,,,,,
413,pdppt-c2c8c10,poly(diketopyrrolopyrrole-co-thiophene),poly(diketopyrrolopyrrole-co-thiophene),poly(diketopyrrolopyrrole-co-thiophene),False,False,False,opsin_repair,,False,drop_substituted,,FAILURE,poly(diketopyrrolopyrrole-co-thiophene) is unparsable due to the following being uninterpretable: co-thiophene) The following was not parseable: co-thiophene),,,,repair,drop_substituted,True,poly(diketopyrrolopyrrole-co-thiophene),False,,,,,,,,,,,,,,,,
413,pdppt-c2c8c10,poly(diketopyrrolopyrrole-co-thiophene),poly(diketopyrrolopyrrole-co-thiophene),poly(diketopyrrolopyrrole-co-thiophene),False,False,False,opsin_repair,,False,tidy_punct,,FAILURE,poly(diketopyrrolopyrrole-co-thiophene) is unparsable due to the following being uninterpretable: co-thiophene) The following was not parseable: co-thiophene),,,,repair,tidy_punct,True,poly(diketopyrrolopyrrole-co-thiophene),False,,,,,,,,,,,,,,,,
413,pdppt-c2c8c10,poly(diketopyrrolopyrrole-co-thiophene),poly diketopyrrolopyrrole-co-thiophene,poly(diketopyrrolopyrrole-co-thiophene),False,False,False,fallback,TEXT_FALLBACK,False,no parse,,,,,,,,,True,,False,,,,,,,,,,,,,,,,
413,pdppt-c2c10c12,poly(diketopyrrolopyrrole-co-thiophene),poly diketopyrrolopyrrole-co-thiophene,poly(diketopyrrolopyrrole-co-thiophene),False,False,False,opsin_direct,,False,,,FAILURE,poly(diketopyrrolopyrrole-co-thiophene) is unparsable due to the following being uninterpretable: co-thiophene) The following was not parseable: co-thiophene),,,,direct,,True,poly(diketopyrrolopyrrole-co-thiophene),False,,,,,,,,,,,,,,,,
413,pdppt-c2c10c12,poly(diketopyrrolopyrrole-co-thiophene),poly(diketopyrrolopyrrole-co-thiophene),poly(diketopyrrolopyrrole-co-thiophene),False,False,False,opsin_repair,,False,drop_descriptors,,FAILURE,poly(diketopyrrolopyrrole-co-thiophene) is unparsable due to the following being uninterpretable: co-thiophene) The following was not parseable: co-thiophene),,,,repair,drop_descriptors,True,poly(diketopyrrolopyrrole-co-thiophene),False,,,,,,,,,,,,,,,,
413,pdppt-c2c10c12,poly(diketopyrrolopyrrole-co-thiophene),poly(diketopyrrolopyrrole-co-thiophene),poly(diketopyrrolopyrrole-co-thiophene),False,False,False,opsin_repair,,False,drop_substituted,,FAILURE,poly(diketopyrrolopyrrole-co-thiophene) is unparsable due to the following being uninterpretable: co-thiophene) The following was not parseable: co-thiophene),,,,repair,drop_substituted,True,poly(diketopyrrolopyrrole-co-thiophene),False,,,,,,,,,,,,,,,,
413,pdppt-c2c10c12,poly(diketopyrrolopyrrole-co-thiophene),poly(diketopyrrolopyrrole-co-thiophene),poly(diketopyrrolopyrrole-co-thiophene),False,False,False,opsin_repair,,False,tidy_punct,,FAILURE,poly(diketopyrrolopyrrole-co-thiophene) is unparsable due to the following being uninterpretable: co-thiophene) The following was not parseable: co-thiophene),,,,repair,tidy_punct,True,poly(diketopyrrolopyrrole-co-thiophene),False,,,,,,,,,,,,,,,,
413,pdppt-c2c10c12,poly(diketopyrrolopyrrole-co-thiophene),poly diketopyrrolopyrrole-co-thiophene,poly(diketopyrrolopyrrole-co-thiophene),False,False,False,fallback,TEXT_FALLBACK,False,no parse,,,,,,,,,True,,False,,,,,,,,,,,,,,,,
413,pdppt-c2c12c14,poly(diketopyrrolopyrrole-co-thiophene),poly diketopyrrolopyrrole-co-thiophene,poly(diketopyrrolopyrrole-co-thiophene),False,False,False,opsin_direct,,False,,,FAILURE,poly(diketopyrrolopyrrole-co-thiophene) is unparsable due to the following being uninterpretable: co-thiophene) The following was not parseable: co-thiophene),,,,direct,,True,poly(diketopyrrolopyrrole-co-thiophene),False,,,,,,,,,,,,,,,,
413,pdppt-c2c12c14,poly(diketopyrrolopyrrole-co-thiophene),poly(diketopyrrolopyrrole-co-thiophene),poly(diketopyrrolopyrrole-co-thiophene),False,False,False,opsin_repair,,False,drop_descriptors,,FAILURE,poly(diketopyrrolopyrrole-co-thiophene) is unparsable due to the following being uninterpretable: co-thiophene) The following was not parseable: co-thiophene),,,,repair,drop_descriptors,True,poly(diketopyrrolopyrrole-co-thiophene),False,,,,,,,,,,,,,,,,
413,pdppt-c2c12c14,poly(diketopyrrolopyrrole-co-thiophene),poly(diketopyrrolopyrrole-co-thiophene),poly(diketopyrrolopyrrole-co-thiophene),False,False,False,opsin_repair,,False,drop_substituted,,FAILURE,poly(diketopyrrolopyrrole-co-thiophene) is unparsable due to the following being uninterpretable: co-thiophene) The following was not parseable: co-thiophene),,,,repair,drop_substituted,True,poly(diketopyrrolopyrrole-co-thiophene),False,,,,,,,,,,,,,,,,
413,pdppt-c2c12c14,poly(diketopyrrolopyrrole-co-thiophene),poly(diketopyrrolopyrrole-co-thiophene),poly(diketopyrrolopyrrole-co-thiophene),False,False,False,opsin_repair,,False,tidy_punct,,FAILURE,poly(diketopyrrolopyrrole-co-thiophene) is unparsable due to the following being uninterpretable: co-thiophene) The following was not parseable: co-thiophene),,,,repair,tidy_punct,True,poly(diketopyrrolopyrrole-co-thiophene),False,,,,,,,,,,,,,,,,
413,pdppt-c2c12c14,poly(diketopyrrolopyrrole-co-thiophene),poly diketopyrrolopyrrole-co-thiophene,poly(diketopyrrolopyrrole-co-thiophene),False,False,False,fallback,TEXT_FALLBACK,False,no parse,,,,,,,,,True,,False,,,,,,,,,,,,,,,,
496,pnb,ndti–bti (wave-line backbone),ndti-bti wave-line,ndti-bti (wave-line backbone),False,False,False,opsin_direct,,False,,,FAILURE,ndti-bti (wave-line backbone) is unparsable due to the following being uninterpretable: ndti-bti (wave-linebackbone) The following was not parseable: ndti-bti (wave-linebackbone),,,,direct,,True,ndti-bti (wave-line backbone),True,fused_ring_prime_0_to_quote,ndti–bti (wave-line backbone),ndti-bti (wave-line backbone),,,,,,,,,,,,,
496,pnb,ndti–bti (wave-line backbone),ndti-bti (wave-line backbone),ndti-bti (wave-line backbone),False,False,False,opsin_repair,,False,drop_descriptors,,FAILURE,ndti-bti (wave-line backbone) is unparsable due to the following being uninterpretable: ndti-bti (wave-linebackbone) The following was not parseable: ndti-bti (wave-linebackbone),,,,repair,drop_descriptors,True,ndti-bti (wave-line backbone),False,,,,,,,,,,,,,,,,
496,pnb,ndti–bti (wave-line backbone),ndti-bti (wave-line backbone),ndti-bti (wave-line backbone),False,False,False,opsin_repair,,False,drop_substituted,,FAILURE,ndti-bti (wave-line backbone) is unparsable due to the following being uninterpretable: ndti-bti (wave-linebackbone) The following was not parseable: ndti-bti (wave-linebackbone),,,,repair,drop_substituted,True,ndti-bti (wave-line backbone),False,,,,,,,,,,,,,,,,
496,pnb,ndti–bti (wave-line backbone),ndti-bti (wave-line backbone),ndti-bti (wave-line backbone),False,False,False,opsin_repair,,False,tidy_punct,,FAILURE,ndti-bti (wave-line backbone) is unparsable due to the following being uninterpretable: ndti-bti (wave-linebackbone) The following was not parseable: ndti-bti (wave-linebackbone),,,,repair,tidy_punct,True,ndti-bti (wave-line backbone),False,,,,,,,,,,,,,,,,
496,pnb,ndti–bti (wave-line backbone),ndti-bti wave-line,ndti-bti (wave-line backbone),False,False,False,fallback,TEXT_FALLBACK,False,no parse,,,,,,,,,True,,False,,,,,,,,,,,,,,,,
496,pnb-tz,ndti–bti–tz (pseudo-straight-line backbone),ndti-bti-tz pseudo-straight-line,ndti-bti-tz (pseudo-straight-line backbone),False,False,False,opsin_direct,,False,,,FAILURE,ndti-bti-tz (pseudo-straight-line backbone) is unparsable due to the following being uninterpretable: ndti-bti-tz (pseudo-straight-linebackbone) The following was not parseable: ndti-bti-tz (pseudo-straight-linebackbone),,,,direct,,True,ndti-bti-tz (pseudo-straight-line backbone),True,fused_ring_prime_0_to_quote,ndti–bti–tz (pseudo-straight-line backbone),ndti-bti-tz (pseudo-straight-line backbone),,,,,,,,,,,,,
496,pnb-tz,ndti–bti–tz (pseudo-straight-line backbone),ndti-bti-tz (pseudo-straight-line backbone),ndti-bti-tz (pseudo-straight-line backbone),False,False,False,opsin_repair,,False,drop_descriptors,,FAILURE,ndti-bti-tz (pseudo-straight-line backbone) is unparsable due to the following being uninterpretable: ndti-bti-tz (pseudo-straight-linebackbone) The following was not parseable: ndti-bti-tz (pseudo-straight-linebackbone),,,,repair,drop_descriptors,True,ndti-bti-tz (pseudo-straight-line backbone),False,,,,,,,,,,,,,,,,
496,pnb-tz,ndti–bti–tz (pseudo-straight-line backbone),ndti-bti-tz (pseudo-straight-line backbone),ndti-bti-tz (pseudo-straight-line backbone),False,False,False,opsin_repair,,False,drop_substituted,,FAILURE,ndti-bti-tz (pseudo-straight-line backbone) is unparsable due to the following being uninterpretable: ndti-bti-tz (pseudo-straight-linebackbone) The following was not parseable: ndti-bti-tz (pseudo-straight-linebackbone),,,,repair,drop_substituted,True,ndti-bti-tz (pseudo-straight-line backbone),False,,,,,,,,,,,,,,,,
496,pnb-tz,ndti–bti–tz (pseudo-straight-line backbone),ndti-bti-tz (pseudo-straight-line backbone),ndti-bti-tz (pseudo-straight-line backbone),False,False,False,opsin_repair,,False,tidy_punct,,FAILURE,ndti-bti-tz (pseudo-straight-line backbone) is unparsable due to the following being uninterpretable: ndti-bti-tz (pseudo-straight-linebackbone) The following was not parseable: ndti-bti-tz (pseudo-straight-linebackbone),,,,repair,tidy_punct,True,ndti-bti-tz (pseudo-straight-line backbone),False,,,,,,,,,,,,,,,,
496,pnb-tz,ndti–bti–tz (pseudo-straight-line backbone),ndti-bti-tz pseudo-straight-line,ndti-bti-tz (pseudo-straight-line backbone),False,False,False,fallback,TEXT_FALLBACK,False,no parse,,,,,,,,,True,,False,,,,,,,,,,,,,,,,
496,pnb-tzdp,ndti–bti–tz (pseudo-straight-line backbone),ndti-bti-tz pseudo-straight-line,ndti-bti-tz (pseudo-straight-line backbone),False,False,False,opsin_direct,,False,,,FAILURE,ndti-bti-tz (pseudo-straight-line backbone) is unparsable due to the following being uninterpretable: ndti-bti-tz (pseudo-straight-linebackbone) The following was not parseable: ndti-bti-tz (pseudo-straight-linebackbone),,,,direct,,True,ndti-bti-tz (pseudo-straight-line backbone),True,fused_ring_prime_0_to_quote,ndti–bti–tz (pseudo-straight-line backbone),ndti-bti-tz (pseudo-straight-line backbone),,,,,,,,,,,,,
496,pnb-tzdp,ndti–bti–tz (pseudo-straight-line backbone),ndti-bti-tz (pseudo-straight-line backbone),ndti-bti-tz (pseudo-straight-line backbone),False,False,False,opsin_repair,,False,drop_descriptors,,FAILURE,ndti-bti-tz (pseudo-straight-line backbone) is unparsable due to the following being uninterpretable: ndti-bti-tz (pseudo-straight-linebackbone) The following was not parseable: ndti-bti-tz (pseudo-straight-linebackbone),,,,repair,drop_descriptors,True,ndti-bti-tz (pseudo-straight-line backbone),False,,,,,,,,,,,,,,,,
496,pnb-tzdp,ndti–bti–tz (pseudo-straight-line backbone),ndti-bti-tz (pseudo-straight-line backbone),ndti-bti-tz (pseudo-straight-line backbone),False,False,False,opsin_repair,,False,drop_substituted,,FAILURE,ndti-bti-tz (pseudo-straight-line backbone) is unparsable due to the following being uninterpretable: ndti-bti-tz (pseudo-straight-linebackbone) The following was not parseable: ndti-bti-tz (pseudo-straight-linebackbone),,,,repair,drop_substituted,True,ndti-bti-tz (pseudo-straight-line backbone),False,,,,,,,,,,,,,,,,
496,pnb-tzdp,ndti–bti–tz (pseudo-straight-line backbone),ndti-bti-tz (pseudo-straight-line backbone),ndti-bti-tz (pseudo-straight-line backbone),False,False,False,opsin_repair,,False,tidy_punct,,FAILURE,ndti-bti-tz (pseudo-straight-line backbone) is unparsable due to the following being uninterpretable: ndti-bti-tz (pseudo-straight-linebackbone) The following was not parseable: ndti-bti-tz (pseudo-straight-linebackbone),,,,repair,tidy_punct,True,ndti-bti-tz (pseudo-straight-line backbone),False,,,,,,,,,,,,,,,,
496,pnb-tzdp,ndti–bti–tz (pseudo-straight-line backbone),ndti-bti-tz pseudo-straight-line,ndti-bti-tz (pseudo-straight-line backbone),False,False,False,fallback,TEXT_FALLBACK,False,no parse,,,,,,,,,True,,False,,,,,,,,,,,,,,,,
497,pndi2teg-2tz (p-3o),naphthalenediimide-dialkoxybithiazole (ndi-2tz),naphthalenediimide-dialkoxybithiazole ndi-2-tz,naphthalenediimide-dialkoxybithiazole (ndi-2tz),False,False,False,opsin_direct,,False,,,FAILURE,naphthalenediimide-dialkoxybithiazole (ndi-2tz) is unparsable due to the following being uninterpretable: dialkoxybithiazole (ndi-2tz) The following was not parseable: alkoxybithiazole (ndi-2tz),,,,direct,,True,naphthalenediimide-dialkoxybithiazole (ndi-2tz),False,,,,,,,,,,,,,,,,
497,pndi2teg-2tz (p-3o),naphthalenediimide-dialkoxybithiazole (ndi-2tz),naphthalenediimide-dialkoxybithiazole (ndi-2tz),naphthalenediimide-dialkoxybithiazole (ndi-2tz),False,False,False,opsin_repair,,False,drop_descriptors,,FAILURE,naphthalenediimide-dialkoxybithiazole (ndi-2tz) is unparsable due to the following being uninterpretable: dialkoxybithiazole (ndi-2tz) The following was not parseable: alkoxybithiazole (ndi-2tz),,,,repair,drop_descriptors,True,naphthalenediimide-dialkoxybithiazole (ndi-2tz),False,,,,,,,,,,,,,,,,
497,pndi2teg-2tz (p-3o),naphthalenediimide-dialkoxybithiazole (ndi-2tz),naphthalenediimide-dialkoxybithiazole (ndi-2tz),naphthalenediimide-dialkoxybithiazole (ndi-2tz),False,False,False,opsin_repair,,False,drop_substituted,,FAILURE,naphthalenediimide-dialkoxybithiazole (ndi-2tz) is unparsable due to the following being uninterpretable: dialkoxybithiazole (ndi-2tz) The following was not parseable: alkoxybithiazole (ndi-2tz),,,,repair,drop_substituted,True,naphthalenediimide-dialkoxybithiazole (ndi-2tz),False,,,,,,,,,,,,,,,,
497,pndi2teg-2tz (p-3o),naphthalenediimide-dialkoxybithiazole (ndi-2tz),naphthalenediimide-dialkoxybithiazole (ndi-2tz),naphthalenediimide-dialkoxybithiazole (ndi-2tz),False,False,False,opsin_repair,,False,tidy_punct,,FAILURE,naphthalenediimide-dialkoxybithiazole (ndi-2tz) is unparsable due to the following being uninterpretable: dialkoxybithiazole (ndi-2tz) The following was not parseable: alkoxybithiazole (ndi-2tz),,,,repair,tidy_punct,True,naphthalenediimide-dialkoxybithiazole (ndi-2tz),False,,,,,,,,,,,,,,,,
497,pndi2teg-2tz (p-3o),naphthalenediimide-dialkoxybithiazole (ndi-2tz),naphthalenediimide-dialkoxybithiazole ndi-2-tz,naphthalenediimide-dialkoxybithiazole (ndi-2tz),False,False,False,fallback,TEXT_FALLBACK,False,no parse,,,,,,,,,True,,False,,,,,,,,,,,,,,,,
497,pndi2teg-2tz (p-3o),,,tethoxyethyl,False,False,False,template_expand,,True,[OPSIN-PREPROC] raw='teg' -> preprocessed='tethoxyethyl',,,,,,,,,,,,,,,teg,tethoxyethyl,False,False,False,False,False,unknown,low,True,"[{""name"": ""teg"", ""count"": 1}]",,
497,pndi2teg-2tz (p-3o),,,tethoxyethyl,False,False,False,sidechain_length,ALKYL_LENGTH,True,,CC,,,,,,,,,,,,,,teg,tethoxyethyl,False,False,False,False,False,,,,,,
497,pndi2hexeg-2tz (p-6o),naphthalenediimide-dialkoxybithiazole (ndi-2tz),naphthalenediimide-dialkoxybithiazole ndi-2-tz,naphthalenediimide-dialkoxybithiazole (ndi-2tz),False,False,False,opsin_direct,,False,,,FAILURE,naphthalenediimide-dialkoxybithiazole (ndi-2tz) is unparsable due to the following being uninterpretable: dialkoxybithiazole (ndi-2tz) The following was not parseable: alkoxybithiazole (ndi-2tz),,,,direct,,True,naphthalenediimide-dialkoxybithiazole (ndi-2tz),False,,,,,,,,,,,,,,,,
497,pndi2hexeg-2tz (p-6o),naphthalenediimide-dialkoxybithiazole (ndi-2tz),naphthalenediimide-dialkoxybithiazole (ndi-2tz),naphthalenediimide-dialkoxybithiazole (ndi-2tz),False,False,False,opsin_repair,,False,drop_descriptors,,FAILURE,naphthalenediimide-dialkoxybithiazole (ndi-2tz) is unparsable due to the following being uninterpretable: dialkoxybithiazole (ndi-2tz) The following was not parseable: alkoxybithiazole (ndi-2tz),,,,repair,drop_descriptors,True,naphthalenediimide-dialkoxybithiazole (ndi-2tz),False,,,,,,,,,,,,,,,,
497,pndi2hexeg-2tz (p-6o),naphthalenediimide-dialkoxybithiazole (ndi-2tz),naphthalenediimide-dialkoxybithiazole (ndi-2tz),naphthalenediimide-dialkoxybithiazole (ndi-2tz),False,False,False,opsin_repair,,False,drop_substituted,,FAILURE,naphthalenediimide-dialkoxybithiazole (ndi-2tz) is unparsable due to the following being uninterpretable: dialkoxybithiazole (ndi-2tz) The following was not parseable: alkoxybithiazole (ndi-2tz),,,,repair,drop_substituted,True,naphthalenediimide-dialkoxybithiazole (ndi-2tz),False,,,,,,,,,,,,,,,,
497,pndi2hexeg-2tz (p-6o),naphthalenediimide-dialkoxybithiazole (ndi-2tz),naphthalenediimide-dialkoxybithiazole (ndi-2tz),naphthalenediimide-dialkoxybithiazole (ndi-2tz),False,False,False,opsin_repair,,False,tidy_punct,,FAILURE,naphthalenediimide-dialkoxybithiazole (ndi-2tz) is unparsable due to the following being uninterpretable: dialkoxybithiazole (ndi-2tz) The following was not parseable: alkoxybithiazole (ndi-2tz),,,,repair,tidy_punct,True,naphthalenediimide-dialkoxybithiazole (ndi-2tz),False,,,,,,,,,,,,,,,,
497,pndi2hexeg-2tz (p-6o),naphthalenediimide-dialkoxybithiazole (ndi-2tz),naphthalenediimide-dialkoxybithiazole ndi-2-tz,naphthalenediimide-dialkoxybithiazole (ndi-2tz),False,False,False,fallback,TEXT_FALLBACK,False,no parse,,,,,,,,,True,,False,,,,,,,,,,,,,,,,
497,pndi2hexeg-2tz (p-6o),,,hexethoxyethyl,False,False,False,template_expand,,True,[OPSIN-PREPROC] raw='hexeg' -> preprocessed='hexethoxyethyl',,,,,,,,,,,,,,,hexeg,hexethoxyethyl,False,False,False,False,False,unknown,low,True,"[{""name"": ""hexeg"", ""count"": 1}]",,
497,pndi2hexeg-2tz (p-6o),,,hexethoxyethyl,False,False,False,sidechain_length,ALKYL_LENGTH,True,,CC,,,,,,,,,,,,,,hexeg,hexethoxyethyl,False,False,False,False,False,,,,,,
497,pndi2bteg-2tz (p-b3o),naphthalenediimide-dialkoxybithiazole (ndi-2tz),naphthalenediimide-dialkoxybithiazole ndi-2-tz,naphthalenediimide-dialkoxybithiazole (ndi-2tz),False,False,False,opsin_direct,,False,,,FAILURE,naphthalenediimide-dialkoxybithiazole (ndi-2tz) is unparsable due to the following being uninterpretable: dialkoxybithiazole (ndi-2tz) The following was not parseable: alkoxybithiazole (ndi-2tz),,,,direct,,True,naphthalenediimide-dialkoxybithiazole (ndi-2tz),False,,,,,,,,,,,,,,,,
497,pndi2bteg-2tz (p-b3o),naphthalenediimide-dialkoxybithiazole (ndi-2tz),naphthalenediimide-dialkoxybithiazole (ndi-2tz),naphthalenediimide-dialkoxybithiazole (ndi-2tz),False,False,False,opsin_repair,,False,drop_descriptors,,FAILURE,naphthalenediimide-dialkoxybithiazole (ndi-2tz) is unparsable due to the following being uninterpretable: dialkoxybithiazole (ndi-2tz) The following was not parseable: alkoxybithiazole (ndi-2tz),,,,repair,drop_descriptors,True,naphthalenediimide-dialkoxybithiazole (ndi-2tz),False,,,,,,,,,,,,,,,,
497,pndi2bteg-2tz (p-b3o),naphthalenediimide-dialkoxybithiazole (ndi-2tz),naphthalenediimide-dialkoxybithiazole (ndi-2tz),naphthalenediimide-dialkoxybithiazole (ndi-2tz),False,False,False,opsin_repair,,False,drop_substituted,,FAILURE,naphthalenediimide-dialkoxybithiazole (ndi-2tz) is unparsable due to the following being uninterpretable: dialkoxybithiazole (ndi-2tz) The following was not parseable: alkoxybithiazole (ndi-2tz),,,,repair,drop_substituted,True,naphthalenediimide-dialkoxybithiazole (ndi-2tz),False,,,,,,,,,,,,,,,,
497,pndi2bteg-2tz (p-b3o),naphthalenediimide-dialkoxybithiazole (ndi-2tz),naphthalenediimide-dialkoxybithiazole (ndi-2tz),naphthalenediimide-dialkoxybithiazole (ndi-2tz),False,False,False,opsin_repair,,False,tidy_punct,,FAILURE,naphthalenediimide-dialkoxybithiazole (ndi-2tz) is unparsable due to the following being uninterpretable: dialkoxybithiazole (ndi-2tz) The following was not parseable: alkoxybithiazole (ndi-2tz),,,,repair,tidy_punct,True,naphthalenediimide-dialkoxybithiazole (ndi-2tz),False,,,,,,,,,,,,,,,,
497,pndi2bteg-2tz (p-b3o),naphthalenediimide-dialkoxybithiazole (ndi-2tz),naphthalenediimide-dialkoxybithiazole ndi-2-tz,naphthalenediimide-dialkoxybithiazole (ndi-2tz),False,False,False,fallback,TEXT_FALLBACK,False,no parse,,,,,,,,,True,,False,,,,,,,,,,,,,,,,
497,pndi2bteg-2tz (p-b3o),,,btethoxyethyl,False,False,False,template_expand,,True,[OPSIN-PREPROC] raw='bteg' -> preprocessed='btethoxyethyl',,,,,,,,,,,,,,,bteg,btethoxyethyl,False,False,False,False,False,unknown,low,True,"[{""name"": ""bteg"", ""count"": 1}]",,
497,pndi2bteg-2tz (p-b3o),,,btethoxyethyl,False,False,False,sidechain_length,ALKYL_LENGTH,True,,CC,,,,,,,,,,,,,,bteg,btethoxyethyl,False,False,False,False,False,,,,,,
439,p1,idtt–fluoro-benzothiadiazole a–d–a backbone,idtt-fluoro-benzothiadiazole a-d-a,idtt-fluoro-benzothiadiazole a-d-a backbone,False,False,False,opsin_direct,,False,,,FAILURE,idtt-fluoro-benzothiadiazole a-d-a backbone is unparsable due to the following being uninterpretable: idtt-fluoro-benzothiadiazole a-d-a backbone The following was not parseable: tt-fluoro-benzothiadiazole a-d-a backbone,,,,direct,,True,idtt-fluoro-benzothiadiazole a-d-a backbone,True,fused_ring_prime_0_to_quote,idtt–fluoro-benzothiadiazole a–d–a backbone,idtt-fluoro-benzothiadiazole a-d-a backbone,,,,,,,,,,,,,
439,p1,idtt–fluoro-benzothiadiazole a–d–a backbone,idtt-fluoro-benzothiadiazole a-d-a backbone,idtt-fluoro-benzothiadiazole a-d-a backbone,False,False,False,opsin_repair,,False,drop_descriptors,,FAILURE,idtt-fluoro-benzothiadiazole a-d-a backbone is unparsable due to the following being uninterpretable: idtt-fluoro-benzothiadiazole a-d-a backbone The following was not parseable: tt-fluoro-benzothiadiazole a-d-a backbone,,,,repair,drop_descriptors,True,idtt-fluoro-benzothiadiazole a-d-a backbone,False,,,,,,,,,,,,,,,,
439,p1,idtt–fluoro-benzothiadiazole a–d–a backbone,idtt-fluoro-benzothiadiazole a-d-a backbone,idtt-fluoro-benzothiadiazole a-d-a backbone,False,False,False,opsin_repair,,False,drop_substituted,,FAILURE,idtt-fluoro-benzothiadiazole a-d-a backbone is unparsable due to the following being uninterpretable: idtt-fluoro-benzothiadiazole a-d-a backbone The following was not parseable: tt-fluoro-benzothiadiazole a-d-a backbone,,,,repair,drop_substituted,True,idtt-fluoro-benzothiadiazole a-d-a backbone,False,,,,,,,,,,,,,,,,
439,p1,idtt–fluoro-benzothiadiazole a–d–a backbone,idtt-fluoro-benzothiadiazole a-d-a backbone,idtt-fluoro-benzothiadiazole a-d-a backbone,False,False,False,opsin_repair,,False,tidy_punct,,FAILURE,idtt-fluoro-benzothiadiazole a-d-a backbone is unparsable due to the following being uninterpretable: idtt-fluoro-benzothiadiazole a-d-a backbone The following was not parseable: tt-fluoro-benzothiadiazole a-d-a backbone,,,,repair,tidy_punct,True,idtt-fluoro-benzothiadiazole a-d-a backbone,False,,,,,,,,,,,,,,,,
439,p1,idtt–fluoro-benzothiadiazole a–d–a backbone,idtt-fluoro-benzothiadiazole a-d-a,idtt-fluoro-benzothiadiazole a-d-a backbone,False,False,False,fallback,TEXT_FALLBACK,False,no parse,,,,,,,,,True,,False,,,,,,,,,,,,,,,,
439,p1,idtt–fluoro-benzothiadiazole a–d–a backbone,idtt-fluoro-benzothiadiazole a-d-a,idtt-fluoro-benzothiadiazole a-d-a backbone,False,False,False,opsin_direct,,False,,,FAILURE,idtt-fluoro-benzothiadiazole a-d-a backbone is unparsable due to the following being uninterpretable: idtt-fluoro-benzothiadiazole a-d-a backbone The following was not parseable: tt-fluoro-benzothiadiazole a-d-a backbone,,,,direct,,True,idtt-fluoro-benzothiadiazole a-d-a backbone,True,fused_ring_prime_0_to_quote,idtt–fluoro-benzothiadiazole a–d–a backbone,idtt-fluoro-benzothiadiazole a-d-a backbone,,,,,,,,,,,,,
439,p1,idtt–fluoro-benzothiadiazole a–d–a backbone,idtt-fluoro-benzothiadiazole a-d-a backbone,idtt-fluoro-benzothiadiazole a-d-a backbone,False,False,False,opsin_repair,,False,drop_descriptors,,FAILURE,idtt-fluoro-benzothiadiazole a-d-a backbone is unparsable due to the following being uninterpretable: idtt-fluoro-benzothiadiazole a-d-a backbone The following was not parseable: tt-fluoro-benzothiadiazole a-d-a backbone,,,,repair,drop_descriptors,True,idtt-fluoro-benzothiadiazole a-d-a backbone,False,,,,,,,,,,,,,,,,
439,p1,idtt–fluoro-benzothiadiazole a–d–a backbone,idtt-fluoro-benzothiadiazole a-d-a backbone,idtt-fluoro-benzothiadiazole a-d-a backbone,False,False,False,opsin_repair,,False,drop_substituted,,FAILURE,idtt-fluoro-benzothiadiazole a-d-a backbone is unparsable due to the following being uninterpretable: idtt-fluoro-benzothiadiazole a-d-a backbone The following was not parseable: tt-fluoro-benzothiadiazole a-d-a backbone,,,,repair,drop_substituted,True,idtt-fluoro-benzothiadiazole a-d-a backbone,False,,,,,,,,,,,,,,,,
439,p1,idtt–fluoro-benzothiadiazole a–d–a backbone,idtt-fluoro-benzothiadiazole a-d-a backbone,idtt-fluoro-benzothiadiazole a-d-a backbone,False,False,False,opsin_repair,,False,tidy_punct,,FAILURE,idtt-fluoro-benzothiadiazole a-d-a backbone is unparsable due to the following being uninterpretable: idtt-fluoro-benzothiadiazole a-d-a backbone The following was not parseable: tt-fluoro-benzothiadiazole a-d-a backbone,,,,repair,tidy_punct,True,idtt-fluoro-benzothiadiazole a-d-a backbone,False,,,,,,,,,,,,,,,,
439,p1,idtt–fluoro-benzothiadiazole a–d–a backbone,idtt-fluoro-benzothiadiazole a-d-a,idtt-fluoro-benzothiadiazole a-d-a backbone,False,False,False,fallback,TEXT_FALLBACK,False,no parse,,,,,,,,,True,,False,,,,,,,,,,,,,,,,
439,p1,idtt–fluoro-benzothiadiazole a–d–a backbone,idtt-fluoro-benzothiadiazole a-d-a,idtt-fluoro-benzothiadiazole a-d-a backbone,False,False,False,opsin_direct,,False,,,FAILURE,idtt-fluoro-benzothiadiazole a-d-a backbone is unparsable due to the following being uninterpretable: idtt-fluoro-benzothiadiazole a-d-a backbone The following was not parseable: tt-fluoro-benzothiadiazole a-d-a backbone,,,,direct,,True,idtt-fluoro-benzothiadiazole a-d-a backbone,True,fused_ring_prime_0_to_quote,idtt–fluoro-benzothiadiazole a–d–a backbone,idtt-fluoro-benzothiadiazole a-d-a backbone,,,,,,,,,,,,,
439,p1,idtt–fluoro-benzothiadiazole a–d–a backbone,idtt-fluoro-benzothiadiazole a-d-a backbone,idtt-fluoro-benzothiadiazole a-d-a backbone,False,False,False,opsin_repair,,False,drop_descriptors,,FAILURE,idtt-fluoro-benzothiadiazole a-d-a backbone is unparsable due to the following being uninterpretable: idtt-fluoro-benzothiadiazole a-d-a backbone The following was not parseable: tt-fluoro-benzothiadiazole a-d-a backbone,,,,repair,drop_descriptors,True,idtt-fluoro-benzothiadiazole a-d-a backbone,False,,,,,,,,,,,,,,,,
439,p1,idtt–fluoro-benzothiadiazole a–d–a backbone,idtt-fluoro-benzothiadiazole a-d-a backbone,idtt-fluoro-benzothiadiazole a-d-a backbone,False,False,False,opsin_repair,,False,drop_substituted,,FAILURE,idtt-fluoro-benzothiadiazole a-d-a backbone is unparsable due to the following being uninterpretable: idtt-fluoro-benzothiadiazole a-d-a backbone The following was not parseable: tt-fluoro-benzothiadiazole a-d-a backbone,,,,repair,drop_substituted,True,idtt-fluoro-benzothiadiazole a-d-a backbone,False,,,,,,,,,,,,,,,,
439,p1,idtt–fluoro-benzothiadiazole a–d–a backbone,idtt-fluoro-benzothiadiazole a-d-a backbone,idtt-fluoro-benzothiadiazole a-d-a backbone,False,False,False,opsin_repair,,False,tidy_punct,,FAILURE,idtt-fluoro-benzothiadiazole a-d-a backbone is unparsable due to the following being uninterpretable: idtt-fluoro-benzothiadiazole a-d-a backbone The following was not parseable: tt-fluoro-benzothiadiazole a-d-a backbone,,,,repair,tidy_punct,True,idtt-fluoro-benzothiadiazole a-d-a backbone,False,,,,,,,,,,,,,,,,
439,p1,idtt–fluoro-benzothiadiazole a–d–a backbone,idtt-fluoro-benzothiadiazole a-d-a,idtt-fluoro-benzothiadiazole a-d-a backbone,False,False,False,fallback,TEXT_FALLBACK,False,no parse,,,,,,,,,True,,False,,,,,,,,,,,,,,,,
439,p2,idtt–fluoro-benzothiadiazole a–d–a backbone,idtt-fluoro-benzothiadiazole a-d-a,idtt-fluoro-benzothiadiazole a-d-a backbone,False,False,False,opsin_direct,,False,,,FAILURE,idtt-fluoro-benzothiadiazole a-d-a backbone is unparsable due to the following being uninterpretable: idtt-fluoro-benzothiadiazole a-d-a backbone The following was not parseable: tt-fluoro-benzothiadiazole a-d-a backbone,,,,direct,,True,idtt-fluoro-benzothiadiazole a-d-a backbone,True,fused_ring_prime_0_to_quote,idtt–fluoro-benzothiadiazole a–d–a backbone,idtt-fluoro-benzothiadiazole a-d-a backbone,,,,,,,,,,,,,
439,p2,idtt–fluoro-benzothiadiazole a–d–a backbone,idtt-fluoro-benzothiadiazole a-d-a backbone,idtt-fluoro-benzothiadiazole a-d-a backbone,False,False,False,opsin_repair,,False,drop_descriptors,,FAILURE,idtt-fluoro-benzothiadiazole a-d-a backbone is unparsable due to the following being uninterpretable: idtt-fluoro-benzothiadiazole a-d-a backbone The following was not parseable: tt-fluoro-benzothiadiazole a-d-a backbone,,,,repair,drop_descriptors,True,idtt-fluoro-benzothiadiazole a-d-a backbone,False,,,,,,,,,,,,,,,,
439,p2,idtt–fluoro-benzothiadiazole a–d–a backbone,idtt-fluoro-benzothiadiazole a-d-a backbone,idtt-fluoro-benzothiadiazole a-d-a backbone,False,False,False,opsin_repair,,False,drop_substituted,,FAILURE,idtt-fluoro-benzothiadiazole a-d-a backbone is unparsable due to the following being uninterpretable: idtt-fluoro-benzothiadiazole a-d-a backbone The following was not parseable: tt-fluoro-benzothiadiazole a-d-a backbone,,,,repair,drop_substituted,True,idtt-fluoro-benzothiadiazole a-d-a backbone,False,,,,,,,,,,,,,,,,
439,p2,idtt–fluoro-benzothiadiazole a–d–a backbone,idtt-fluoro-benzothiadiazole a-d-a backbone,idtt-fluoro-benzothiadiazole a-d-a backbone,False,False,False,opsin_repair,,False,tidy_punct,,FAILURE,idtt-fluoro-benzothiadiazole a-d-a backbone is unparsable due to the following being uninterpretable: idtt-fluoro-benzothiadiazole a-d-a backbone The following was not parseable: tt-fluoro-benzothiadiazole a-d-a backbone,,,,repair,tidy_punct,True,idtt-fluoro-benzothiadiazole a-d-a backbone,False,,,,,,,,,,,,,,,,
439,p2,idtt–fluoro-benzothiadiazole a–d–a backbone,idtt-fluoro-benzothiadiazole a-d-a,idtt-fluoro-benzothiadiazole a-d-a backbone,False,False,False,fallback,TEXT_FALLBACK,False,no parse,,,,,,,,,True,,False,,,,,,,,,,,,,,,,
439,p2,,,hexyl-thienyl,False,False,False,template_expand,,True,[OPSIN-PREPROC] raw='c6-thienyl' -> preprocessed='hexyl-thienyl',,,,,,,,,,,,,,,c6-thienyl,hexyl-thienyl,False,False,False,False,False,unknown,low,True,"[{""name"": ""c6-thienyl"", ""count"": 1}]",,
439,p2,,,hexyl-thienyl,False,False,False,sidechain_length,ALKYL_LENGTH,True,,CCCCCC,,,,,,,,,,,,,,c6-thienyl,hexyl-thienyl,False,False,False,False,False,,,,,,
439,p2,idtt–fluoro-benzothiadiazole a–d–a backbone,idtt-fluoro-benzothiadiazole a-d-a,idtt-fluoro-benzothiadiazole a-d-a backbone,False,False,False,opsin_direct,,False,,,FAILURE,idtt-fluoro-benzothiadiazole a-d-a backbone is unparsable due to the following being uninterpretable: idtt-fluoro-benzothiadiazole a-d-a backbone The following was not parseable: tt-fluoro-benzothiadiazole a-d-a backbone,,,,direct,,True,idtt-fluoro-benzothiadiazole a-d-a backbone,True,fused_ring_prime_0_to_quote,idtt–fluoro-benzothiadiazole a–d–a backbone,idtt-fluoro-benzothiadiazole a-d-a backbone,,,,,,,,,,,,,
439,p2,idtt–fluoro-benzothiadiazole a–d–a backbone,idtt-fluoro-benzothiadiazole a-d-a backbone,idtt-fluoro-benzothiadiazole a-d-a backbone,False,False,False,opsin_repair,,False,drop_descriptors,,FAILURE,idtt-fluoro-benzothiadiazole a-d-a backbone is unparsable due to the following being uninterpretable: idtt-fluoro-benzothiadiazole a-d-a backbone The following was not parseable: tt-fluoro-benzothiadiazole a-d-a backbone,,,,repair,drop_descriptors,True,idtt-fluoro-benzothiadiazole a-d-a backbone,False,,,,,,,,,,,,,,,,
439,p2,idtt–fluoro-benzothiadiazole a–d–a backbone,idtt-fluoro-benzothiadiazole a-d-a backbone,idtt-fluoro-benzothiadiazole a-d-a backbone,False,False,False,opsin_repair,,False,drop_substituted,,FAILURE,idtt-fluoro-benzothiadiazole a-d-a backbone is unparsable due to the following being uninterpretable: idtt-fluoro-benzothiadiazole a-d-a backbone The following was not parseable: tt-fluoro-benzothiadiazole a-d-a backbone,,,,repair,drop_substituted,True,idtt-fluoro-benzothiadiazole a-d-a backbone,False,,,,,,,,,,,,,,,,
439,p2,idtt–fluoro-benzothiadiazole a–d–a backbone,idtt-fluoro-benzothiadiazole a-d-a backbone,idtt-fluoro-benzothiadiazole a-d-a backbone,False,False,False,opsin_repair,,False,tidy_punct,,FAILURE,idtt-fluoro-benzothiadiazole a-d-a backbone is unparsable due to the following being uninterpretable: idtt-fluoro-benzothiadiazole a-d-a backbone The following was not parseable: tt-fluoro-benzothiadiazole a-d-a backbone,,,,repair,tidy_punct,True,idtt-fluoro-benzothiadiazole a-d-a backbone,False,,,,,,,,,,,,,,,,
439,p2,idtt–fluoro-benzothiadiazole a–d–a backbone,idtt-fluoro-benzothiadiazole a-d-a,idtt-fluoro-benzothiadiazole a-d-a backbone,False,False,False,fallback,TEXT_FALLBACK,False,no parse,,,,,,,,,True,,False,,,,,,,,,,,,,,,,
439,p2,,,hexyl-thienyl,False,False,False,template_expand,,True,[OPSIN-PREPROC] raw='c6-thienyl' -> preprocessed='hexyl-thienyl',,,,,,,,,,,,,,,c6-thienyl,hexyl-thienyl,False,False,False,False,False,unknown,low,True,"[{""name"": ""c6-thienyl"", ""count"": 1}]",,
439,p2,,,hexyl-thienyl,False,False,False,sidechain_length,ALKYL_LENGTH,True,,CCCCCC,,,,,,,,,,,,,,c6-thienyl,hexyl-thienyl,False,False,False,False,False,,,,,,
439,p2,idtt–fluoro-benzothiadiazole a–d–a backbone,idtt-fluoro-benzothiadiazole a-d-a,idtt-fluoro-benzothiadiazole a-d-a backbone,False,False,False,opsin_direct,,False,,,FAILURE,idtt-fluoro-benzothiadiazole a-d-a backbone is unparsable due to the following being uninterpretable: idtt-fluoro-benzothiadiazole a-d-a backbone The following was not parseable: tt-fluoro-benzothiadiazole a-d-a backbone,,,,direct,,True,idtt-fluoro-benzothiadiazole a-d-a backbone,True,fused_ring_prime_0_to_quote,idtt–fluoro-benzothiadiazole a–d–a backbone,idtt-fluoro-benzothiadiazole a-d-a backbone,,,,,,,,,,,,,
439,p2,idtt–fluoro-benzothiadiazole a–d–a backbone,idtt-fluoro-benzothiadiazole a-d-a backbone,idtt-fluoro-benzothiadiazole a-d-a backbone,False,False,False,opsin_repair,,False,drop_descriptors,,FAILURE,idtt-fluoro-benzothiadiazole a-d-a backbone is unparsable due to the following being uninterpretable: idtt-fluoro-benzothiadiazole a-d-a backbone The following was not parseable: tt-fluoro-benzothiadiazole a-d-a backbone,,,,repair,drop_descriptors,True,idtt-fluoro-benzothiadiazole a-d-a backbone,False,,,,,,,,,,,,,,,,
439,p2,idtt–fluoro-benzothiadiazole a–d–a backbone,idtt-fluoro-benzothiadiazole a-d-a backbone,idtt-fluoro-benzothiadiazole a-d-a backbone,False,False,False,opsin_repair,,False,drop_substituted,,FAILURE,idtt-fluoro-benzothiadiazole a-d-a backbone is unparsable due to the following being uninterpretable: idtt-fluoro-benzothiadiazole a-d-a backbone The following was not parseable: tt-fluoro-benzothiadiazole a-d-a backbone,,,,repair,drop_substituted,True,idtt-fluoro-benzothiadiazole a-d-a backbone,False,,,,,,,,,,,,,,,,
439,p2,idtt–fluoro-benzothiadiazole a–d–a backbone,idtt-fluoro-benzothiadiazole a-d-a backbone,idtt-fluoro-benzothiadiazole a-d-a backbone,False,False,False,opsin_repair,,False,tidy_punct,,FAILURE,idtt-fluoro-benzothiadiazole a-d-a backbone is unparsable due to the following being uninterpretable: idtt-fluoro-benzothiadiazole a-d-a backbone The following was not parseable: tt-fluoro-benzothiadiazole a-d-a backbone,,,,repair,tidy_punct,True,idtt-fluoro-benzothiadiazole a-d-a backbone,False,,,,,,,,,,,,,,,,
439,p2,idtt–fluoro-benzothiadiazole a–d–a backbone,idtt-fluoro-benzothiadiazole a-d-a,idtt-fluoro-benzothiadiazole a-d-a backbone,False,False,False,fallback,TEXT_FALLBACK,False,no parse,,,,,,,,,True,,False,,,,,,,,,,,,,,,,
439,p2,,,hexyl-thienyl,False,False,False,template_expand,,True,[OPSIN-PREPROC] raw='c6-thienyl' -> preprocessed='hexyl-thienyl',,,,,,,,,,,,,,,c6-thienyl,hexyl-thienyl,False,False,False,False,False,unknown,low,True,"[{""name"": ""c6-thienyl"", ""count"": 1}]",,
439,p2,,,hexyl-thienyl,False,False,False,sidechain_length,ALKYL_LENGTH,True,,CCCCCC,,,,,,,,,,,,,,c6-thienyl,hexyl-thienyl,False,False,False,False,False,,,,,,
491,pndi2teg-2tz,ndi-2tz backbone,ndi-2-tz,ndi-2tz backbone,False,False,False,opsin_direct,,False,,,FAILURE,ndi-2tz backbone is unparsable due to the following being uninterpretable: ndi-2tz backbone The following was not parseable: ndi-2tz backbone,,,,direct,,True,ndi-2tz backbone,False,,,,,,,,,,,,,,,,
491,pndi2teg-2tz,ndi-2tz backbone,ndi-2tz backbone,ndi-2tz backbone,False,False,False,opsin_repair,,False,drop_descriptors,,FAILURE,ndi-2tz backbone is unparsable due to the following being uninterpretable: ndi-2tz backbone The following was not parseable: ndi-2tz backbone,,,,repair,drop_descriptors,True,ndi-2tz backbone,False,,,,,,,,,,,,,,,,
491,pndi2teg-2tz,ndi-2tz backbone,ndi-2tz backbone,ndi-2tz backbone,False,False,False,opsin_repair,,False,drop_substituted,,FAILURE,ndi-2tz backbone is unparsable due to the following being uninterpretable: ndi-2tz backbone The following was not parseable: ndi-2tz backbone,,,,repair,drop_substituted,True,ndi-2tz backbone,False,,,,,,,,,,,,,,,,
491,pndi2teg-2tz,ndi-2tz backbone,ndi-2tz backbone,ndi-2tz backbone,False,False,False,opsin_repair,,False,tidy_punct,,FAILURE,ndi-2tz backbone is unparsable due to the following being uninterpretable: ndi-2tz backbone The following was not parseable: ndi-2tz backbone,,,,repair,tidy_punct,True,ndi-2tz backbone,False,,,,,,,,,,,,,,,,
491,pndi2teg-2tz,ndi-2tz backbone,ndi-2-tz,ndi-2tz backbone,False,False,False,fallback,TEXT_FALLBACK,False,no parse,,,,,,,,,True,,False,,,,,,,,,,,,,,,,
491,pndi2teg-2tz,,,linearethylenethoxyethyllycoltype s-yl,False,False,False,template_expand,,True,[OPSIN-PREPROC] raw='linearc2eneglycoltypesidechains' -> preprocessed='linearethylenethoxyethyllycoltype s-yl',,,,,,,,,,,,,,,linearc2eneglycoltypesidechains,linearethylenethoxyethyllycoltype s-yl,False,False,True,False,False,unknown,low,True,"[{""name"": ""linearc2eneglycoltypesidechains"", ""count"": 1}]",,
491,pndi2teg-2tz,,,linearethylenethoxyethyllycoltype s-yl,False,False,False,sidechain_length,ALKYL_LENGTH,True,,CC,,,,,,,,,,,,,,linearc2eneglycoltypesidechains,linearethylenethoxyethyllycoltype s-yl,False,False,True,False,False,,,,,,
491,pndi2c8teg-2tz,ndi-2tz backbone,ndi-2-tz,ndi-2tz backbone,False,False,False,opsin_direct,,False,,,FAILURE,ndi-2tz backbone is unparsable due to the following being uninterpretable: ndi-2tz backbone The following was not parseable: ndi-2tz backbone,,,,direct,,True,ndi-2tz backbone,False,,,,,,,,,,,,,,,,
491,pndi2c8teg-2tz,ndi-2tz backbone,ndi-2tz backbone,ndi-2tz backbone,False,False,False,opsin_repair,,False,drop_descriptors,,FAILURE,ndi-2tz backbone is unparsable due to the following being uninterpretable: ndi-2tz backbone The following was not parseable: ndi-2tz backbone,,,,repair,drop_descriptors,True,ndi-2tz backbone,False,,,,,,,,,,,,,,,,
491,pndi2c8teg-2tz,ndi-2tz backbone,ndi-2tz backbone,ndi-2tz backbone,False,False,False,opsin_repair,,False,drop_substituted,,FAILURE,ndi-2tz backbone is unparsable due to the following being uninterpretable: ndi-2tz backbone The following was not parseable: ndi-2tz backbone,,,,repair,drop_substituted,True,ndi-2tz backbone,False,,,,,,,,,,,,,,,,
491,pndi2c8teg-2tz,ndi-2tz backbone,ndi-2tz backbone,ndi-2tz backbone,False,False,False,opsin_repair,,False,tidy_punct,,FAILURE,ndi-2tz backbone is unparsable due to the following being uninterpretable: ndi-2tz backbone The following was not parseable: ndi-2tz backbone,,,,repair,tidy_punct,True,ndi-2tz backbone,False,,,,,,,,,,,,,,,,
491,pndi2c8teg-2tz,ndi-2tz backbone,ndi-2-tz,ndi-2tz backbone,False,False,False,fallback,TEXT_FALLBACK,False,no parse,,,,,,,,,True,,False,,,,,,,,,,,,,,,,
491,pndi2hexeg-2tz,ndi-2tz backbone,ndi-2-tz,ndi-2tz backbone,False,False,False,opsin_direct,,False,,,FAILURE,ndi-2tz backbone is unparsable due to the following being uninterpretable: ndi-2tz backbone The following was not parseable: ndi-2tz backbone,,,,direct,,True,ndi-2tz backbone,False,,,,,,,,,,,,,,,,
491,pndi2hexeg-2tz,ndi-2tz backbone,ndi-2tz backbone,ndi-2tz backbone,False,False,False,opsin_repair,,False,drop_descriptors,,FAILURE,ndi-2tz backbone is unparsable due to the following being uninterpretable: ndi-2tz backbone The following was not parseable: ndi-2tz backbone,,,,repair,drop_descriptors,True,ndi-2tz backbone,False,,,,,,,,,,,,,,,,
491,pndi2hexeg-2tz,ndi-2tz backbone,ndi-2tz backbone,ndi-2tz backbone,False,False,False,opsin_repair,,False,drop_substituted,,FAILURE,ndi-2tz backbone is unparsable due to the following being uninterpretable: ndi-2tz backbone The following was not parseable: ndi-2tz backbone,,,,repair,drop_substituted,True,ndi-2tz backbone,False,,,,,,,,,,,,,,,,
491,pndi2hexeg-2tz,ndi-2tz backbone,ndi-2tz backbone,ndi-2tz backbone,False,False,False,opsin_repair,,False,tidy_punct,,FAILURE,ndi-2tz backbone is unparsable due to the following being uninterpretable: ndi-2tz backbone The following was not parseable: ndi-2tz backbone,,,,repair,tidy_punct,True,ndi-2tz backbone,False,,,,,,,,,,,,,,,,
491,pndi2hexeg-2tz,ndi-2tz backbone,ndi-2-tz,ndi-2tz backbone,False,False,False,fallback,TEXT_FALLBACK,False,no parse,,,,,,,,,True,,False,,,,,,,,,,,,,,,,
491,pndi2hexeg-2tz,,,polar withalengthsimilartotheamphenylipathic ofpndi-2-octyltethoxyethyl-2-tz-yl,False,False,False,template_expand,,True,[OPSIN-PREPROC] raw='polarsidechainwithalengthsimilartotheamphipathicsidechainofpndi2c8teg-2tz' -> preprocessed='polar withalengthsimilartotheamphenylipathic ofpndi-2-octyltethoxyethyl-2-tz-yl',,,,,,,,,,,,,,,polarsidechainwithalengthsimilartotheamphipathicsidechainofpndi2c8teg-2tz,polar withalengthsimilartotheamphenylipathic ofpndi-2-octyltethoxyethyl-2-tz-yl,False,False,True,False,False,descriptive,low,True,"[{""name"": ""polarsidechainwithalengthsimilartotheamphipathicsidechainofpndi2c8teg-2tz"", ""count"": 1}]",,
491,pndi2hexeg-2tz,,,polar withalengthsimilartotheamphenylipathic ofpndi-2-octyltethoxyethyl-2-tz-yl,False,False,False,sidechain_length,ALKYL_LENGTH,True,,CC,,,,,,,,,,,,,,polarsidechainwithalengthsimilartotheamphipathicsidechainofpndi2c8teg-2tz,polar withalengthsimilartotheamphenylipathic ofpndi-2-octyltethoxyethyl-2-tz-yl,False,False,True,False,False,,,,,,
447,pgbt(ion)2gtt,donor−acceptor (d-a) conjugated backbone,- d-a conjugated,donor-acceptor (d-a) conjugated backbone,False,False,False,opsin_direct,,False,,,FAILURE,donor-acceptor (d-a) conjugated backbone is unparsable due to the following being uninterpretable: donor-acceptor (d-a) conjugated backbone The following was not parseable: nor-acceptor (d-a) conjugated backbone,,,,direct,,True,donor-acceptor (d-a) conjugated backbone,True,fused_ring_prime_0_to_quote,donor−acceptor (d-a) conjugated backbone,donor-acceptor (d-a) conjugated backbone,,,,,,,,,,,,,
447,pgbt(ion)2gtt,donor−acceptor (d-a) conjugated backbone,- (d-a) conjugated backbone,- (d-a) conjugated backbone,False,False,False,opsin_repair,,False,drop_descriptors,,FAILURE,- (d-a) conjugated backbone is unparsable due to the following being uninterpretable: - (d-a) conjugated backbone The following was not parseable:  (d-a) conjugated backbone,,,,repair,drop_descriptors,True,- (d-a) conjugated backbone,False,,,,,,,,,,,,,,,,
447,pgbt(ion)2gtt,donor−acceptor (d-a) conjugated backbone,- (d-a) conjugated backbone,- (d-a) conjugated backbone,False,False,False,opsin_repair,,False,drop_substituted,,FAILURE,- (d-a) conjugated backbone is unparsable due to the following being uninterpretable: - (d-a) conjugated backbone The following was not parseable:  (d-a) conjugated backbone,,,,repair,drop_substituted,True,- (d-a) conjugated backbone,False,,,,,,,,,,,,,,,,
447,pgbt(ion)2gtt,donor−acceptor (d-a) conjugated backbone,- (d-a) conjugated backbone,- (d-a) conjugated backbone,False,False,False,opsin_repair,,False,tidy_punct,,FAILURE,- (d-a) conjugated backbone is unparsable due to the following being uninterpretable: - (d-a) conjugated backbone The following was not parseable:  (d-a) conjugated backbone,,,,repair,tidy_punct,True,- (d-a) conjugated backbone,False,,,,,,,,,,,,,,,,
447,pgbt(ion)2gtt,donor−acceptor (d-a) conjugated backbone,- d-a conjugated,donor-acceptor (d-a) conjugated backbone,False,False,False,fallback,TEXT_FALLBACK,False,no parse,,,,,,,,,True,,False,,,,,,,,,,,,,,,,
447,pgbt(ion)2gtt,,,mixedglycolanionicsulfonate s-yl,False,False,False,template_expand,,True,[OPSIN-PREPROC] raw='mixedglycolanionicsulfonatesidechains' -> preprocessed='mixedglycolanionicsulfonate s-yl',,,,,,,,,,,,,,,mixedglycolanionicsulfonatesidechains,mixedglycolanionicsulfonate s-yl,False,False,True,False,False,unknown,low,True,"[{""name"": ""mixedglycolanionicsulfonatesidechains"", ""count"": 1}]",,
447,pgbt(ion)2gtt,,,mixedglycolanionicsulfonate s-yl,False,False,False,sidechain_non_opsin_compatible,NON_OPSIN_COMPATIBLE,False,ineligible,,,,,,,,,,,,,,,mixedglycolanionicsulfonatesidechains,mixedglycolanionicsulfonate s-yl,False,False,True,False,False,,,,,,
447,pgbt(trieg)2gtt,donor−acceptor (d-a) conjugated backbone,- d-a conjugated,donor-acceptor (d-a) conjugated backbone,False,False,False,opsin_direct,,False,,,FAILURE,donor-acceptor (d-a) conjugated backbone is unparsable due to the following being uninterpretable: donor-acceptor (d-a) conjugated backbone The following was not parseable: nor-acceptor (d-a) conjugated backbone,,,,direct,,True,donor-acceptor (d-a) conjugated backbone,True,fused_ring_prime_0_to_quote,donor−acceptor (d-a) conjugated backbone,donor-acceptor (d-a) conjugated backbone,,,,,,,,,,,,,
447,pgbt(trieg)2gtt,donor−acceptor (d-a) conjugated backbone,- (d-a) conjugated backbone,- (d-a) conjugated backbone,False,False,False,opsin_repair,,False,drop_descriptors,,FAILURE,- (d-a) conjugated backbone is unparsable due to the following being uninterpretable: - (d-a) conjugated backbone The following was not parseable:  (d-a) conjugated backbone,,,,repair,drop_descriptors,True,- (d-a) conjugated backbone,False,,,,,,,,,,,,,,,,
447,pgbt(trieg)2gtt,donor−acceptor (d-a) conjugated backbone,- (d-a) conjugated backbone,- (d-a) conjugated backbone,False,False,False,opsin_repair,,False,drop_substituted,,FAILURE,- (d-a) conjugated backbone is unparsable due to the following being uninterpretable: - (d-a) conjugated backbone The following was not parseable:  (d-a) conjugated backbone,,,,repair,drop_substituted,True,- (d-a) conjugated backbone,False,,,,,,,,,,,,,,,,
447,pgbt(trieg)2gtt,donor−acceptor (d-a) conjugated backbone,- (d-a) conjugated backbone,- (d-a) conjugated backbone,False,False,False,opsin_repair,,False,tidy_punct,,FAILURE,- (d-a) conjugated backbone is unparsable due to the following being uninterpretable: - (d-a) conjugated backbone The following was not parseable:  (d-a) conjugated backbone,,,,repair,tidy_punct,True,- (d-a) conjugated backbone,False,,,,,,,,,,,,,,,,
447,pgbt(trieg)2gtt,donor−acceptor (d-a) conjugated backbone,- d-a conjugated,donor-acceptor (d-a) conjugated backbone,False,False,False,fallback,TEXT_FALLBACK,False,no parse,,,,,,,,,True,,False,,,,,,,,,,,,,,,,
447,pgbt(f)2gtt,donor−acceptor (d-a) conjugated backbone,- d-a conjugated,donor-acceptor (d-a) conjugated backbone,False,False,False,opsin_direct,,False,,,FAILURE,donor-acceptor (d-a) conjugated backbone is unparsable due to the following being uninterpretable: donor-acceptor (d-a) conjugated backbone The following was not parseable: nor-acceptor (d-a) conjugated backbone,,,,direct,,True,donor-acceptor (d-a) conjugated backbone,True,fused_ring_prime_0_to_quote,donor−acceptor (d-a) conjugated backbone,donor-acceptor (d-a) conjugated backbone,,,,,,,,,,,,,
447,pgbt(f)2gtt,donor−acceptor (d-a) conjugated backbone,- (d-a) conjugated backbone,- (d-a) conjugated backbone,False,False,False,opsin_repair,,False,drop_descriptors,,FAILURE,- (d-a) conjugated backbone is unparsable due to the following being uninterpretable: - (d-a) conjugated backbone The following was not parseable:  (d-a) conjugated backbone,,,,repair,drop_descriptors,True,- (d-a) conjugated backbone,False,,,,,,,,,,,,,,,,
447,pgbt(f)2gtt,donor−acceptor (d-a) conjugated backbone,- (d-a) conjugated backbone,- (d-a) conjugated backbone,False,False,False,opsin_repair,,False,drop_substituted,,FAILURE,- (d-a) conjugated backbone is unparsable due to the following being uninterpretable: - (d-a) conjugated backbone The following was not parseable:  (d-a) conjugated backbone,,,,repair,drop_substituted,True,- (d-a) conjugated backbone,False,,,,,,,,,,,,,,,,
447,pgbt(f)2gtt,donor−acceptor (d-a) conjugated backbone,- (d-a) conjugated backbone,- (d-a) conjugated backbone,False,False,False,opsin_repair,,False,tidy_punct,,FAILURE,- (d-a) conjugated backbone is unparsable due to the following being uninterpretable: - (d-a) conjugated backbone The following was not parseable:  (d-a) conjugated backbone,,,,repair,tidy_punct,True,- (d-a) conjugated backbone,False,,,,,,,,,,,,,,,,
447,pgbt(f)2gtt,donor−acceptor (d-a) conjugated backbone,- d-a conjugated,donor-acceptor (d-a) conjugated backbone,False,False,False,fallback,TEXT_FALLBACK,False,no parse,,,,,,,,,True,,False,,,,,,,,,,,,,,,,
447,pgbt(f)2gtt,,,fluorine-functionalized s-yl,False,False,False,template_expand,,True,[OPSIN-PREPROC] raw='fluorine-functionalizedsidechains' -> preprocessed='fluorine-functionalized s-yl',,,,,,,,,,,,,,,fluorine-functionalizedsidechains,fluorine-functionalized s-yl,False,False,True,False,False,unknown,low,True,"[{""name"": ""fluorine-functionalizedsidechains"", ""count"": 1}]",,
447,pgbt(f)2gtt,,,fluorine-functionalized s-yl,False,False,False,sidechain_non_opsin_compatible,NON_OPSIN_COMPATIBLE,False,ineligible,,,,,,,,,,,,,,,fluorine-functionalizedsidechains,fluorine-functionalized s-yl,False,False,True,False,False,,,,,,
481,p(1gndi-t2),"naphthalene-1,4,5,8-tetracarboxylic-diimide-bithiophene backbone",naphthalene-1 4 5 8-tetracarboxylic-diimide-bithiophene,"naphthalene-1,4,5,8-tetracarboxylic-diimide-bithiophene backbone",False,False,False,opsin_direct,,False,,,FAILURE,"naphthalene-1,4,5,8-tetracarboxylic-diimide-bithiophene backbone is unparsable due to the following being uninterpretable: backbone The following was not parseable: backbone",,,,direct,,True,"naphthalene-1,4,5,8-tetracarboxylic-diimide-bithiophene backbone",False,,,,,,,,,,,,,,,,
481,p(1gndi-t2),"naphthalene-1,4,5,8-tetracarboxylic-diimide-bithiophene backbone","naphthalene-1,4,5,8-tetracarboxylic-diimide-bithiophene backbone","naphthalene-1,4,5,8-tetracarboxylic-diimide-bithiophene backbone",False,False,False,opsin_repair,,False,drop_descriptors,,FAILURE,"naphthalene-1,4,5,8-tetracarboxylic-diimide-bithiophene backbone is unparsable due to the following being uninterpretable: backbone The following was not parseable: backbone",,,,repair,drop_descriptors,True,"naphthalene-1,4,5,8-tetracarboxylic-diimide-bithiophene backbone",False,,,,,,,,,,,,,,,,
481,p(1gndi-t2),"naphthalene-1,4,5,8-tetracarboxylic-diimide-bithiophene backbone","naphthalene-1,4,5,8-tetracarboxylic-diimide-bithiophene backbone","naphthalene-1,4,5,8-tetracarboxylic-diimide-bithiophene backbone",False,False,False,opsin_repair,,False,drop_substituted,,FAILURE,"naphthalene-1,4,5,8-tetracarboxylic-diimide-bithiophene backbone is unparsable due to the following being uninterpretable: backbone The following was not parseable: backbone",,,,repair,drop_substituted,True,"naphthalene-1,4,5,8-tetracarboxylic-diimide-bithiophene backbone",False,,,,,,,,,,,,,,,,
481,p(1gndi-t2),"naphthalene-1,4,5,8-tetracarboxylic-diimide-bithiophene backbone","naphthalene-1,4,5,8-tetracarboxylic-diimide-bithiophene backbone","naphthalene-1,4,5,8-tetracarboxylic-diimide-bithiophene backbone",False,False,False,opsin_repair,,False,tidy_punct,,FAILURE,"naphthalene-1,4,5,8-tetracarboxylic-diimide-bithiophene backbone is unparsable due to the following being uninterpretable: backbone The following was not parseable: backbone",,,,repair,tidy_punct,True,"naphthalene-1,4,5,8-tetracarboxylic-diimide-bithiophene backbone",False,,,,,,,,,,,,,,,,
481,p(1gndi-t2),"naphthalene-1,4,5,8-tetracarboxylic-diimide-bithiophene backbone",naphthalene-1 4 5 8-tetracarboxylic-diimide-bithiophene,"naphthalene-1,4,5,8-tetracarboxylic-diimide-bithiophene backbone",False,False,False,fallback,TEXT_FALLBACK,False,no parse,,,,,,,,,True,,False,,,,,,,,,,,,,,,,
481,p(1gndi-t2),,,branchedethylenethoxyethyllycolethoxyethyl s-yl,False,False,False,template_expand,,True,[OPSIN-PREPROC] raw='branchedc2eneglycolegsidechains' -> preprocessed='branchedethylenethoxyethyllycolethoxyethyl s-yl',,,,,,,,,,,,,,,branchedc2eneglycolegsidechains,branchedethylenethoxyethyllycolethoxyethyl s-yl,False,False,True,False,False,unknown,low,True,"[{""name"": ""branchedc2eneglycolegsidechains"", ""count"": 1}]",,
481,p(1gndi-t2),,,branchedethylenethoxyethyllycolethoxyethyl s-yl,False,False,False,sidechain_length,ALKYL_LENGTH,True,,CC,,,,,,,,,,,,,,branchedc2eneglycolegsidechains,branchedethylenethoxyethyllycolethoxyethyl s-yl,False,False,True,False,False,,,,,,
481,p(2gndi-t2),"naphthalene-1,4,5,8-tetracarboxylic-diimide-bithiophene backbone",naphthalene-1 4 5 8-tetracarboxylic-diimide-bithiophene,"naphthalene-1,4,5,8-tetracarboxylic-diimide-bithiophene backbone",False,False,False,opsin_direct,,False,,,FAILURE,"naphthalene-1,4,5,8-tetracarboxylic-diimide-bithiophene backbone is unparsable due to the following being uninterpretable: backbone The following was not parseable: backbone",,,,direct,,True,"naphthalene-1,4,5,8-tetracarboxylic-diimide-bithiophene backbone",False,,,,,,,,,,,,,,,,
481,p(2gndi-t2),"naphthalene-1,4,5,8-tetracarboxylic-diimide-bithiophene backbone","naphthalene-1,4,5,8-tetracarboxylic-diimide-bithiophene backbone","naphthalene-1,4,5,8-tetracarboxylic-diimide-bithiophene backbone",False,False,False,opsin_repair,,False,drop_descriptors,,FAILURE,"naphthalene-1,4,5,8-tetracarboxylic-diimide-bithiophene backbone is unparsable due to the following being uninterpretable: backbone The following was not parseable: backbone",,,,repair,drop_descriptors,True,"naphthalene-1,4,5,8-tetracarboxylic-diimide-bithiophene backbone",False,,,,,,,,,,,,,,,,
481,p(2gndi-t2),"naphthalene-1,4,5,8-tetracarboxylic-diimide-bithiophene backbone","naphthalene-1,4,5,8-tetracarboxylic-diimide-bithiophene backbone","naphthalene-1,4,5,8-tetracarboxylic-diimide-bithiophene backbone",False,False,False,opsin_repair,,False,drop_substituted,,FAILURE,"naphthalene-1,4,5,8-tetracarboxylic-diimide-bithiophene backbone is unparsable due to the following being uninterpretable: backbone The following was not parseable: backbone",,,,repair,drop_substituted,True,"naphthalene-1,4,5,8-tetracarboxylic-diimide-bithiophene backbone",False,,,,,,,,,,,,,,,,
481,p(2gndi-t2),"naphthalene-1,4,5,8-tetracarboxylic-diimide-bithiophene backbone","naphthalene-1,4,5,8-tetracarboxylic-diimide-bithiophene backbone","naphthalene-1,4,5,8-tetracarboxylic-diimide-bithiophene backbone",False,False,False,opsin_repair,,False,tidy_punct,,FAILURE,"naphthalene-1,4,5,8-tetracarboxylic-diimide-bithiophene backbone is unparsable due to the following being uninterpretable: backbone The following was not parseable: backbone",,,,repair,tidy_punct,True,"naphthalene-1,4,5,8-tetracarboxylic-diimide-bithiophene backbone",False,,,,,,,,,,,,,,,,
481,p(2gndi-t2),"naphthalene-1,4,5,8-tetracarboxylic-diimide-bithiophene backbone",naphthalene-1 4 5 8-tetracarboxylic-diimide-bithiophene,"naphthalene-1,4,5,8-tetracarboxylic-diimide-bithiophene backbone",False,False,False,fallback,TEXT_FALLBACK,False,no parse,,,,,,,,,True,,False,,,,,,,,,,,,,,,,
481,p(2gndi-t2),,,branchedethylenethoxyethyllycolethoxyethyl s-yl,False,False,False,template_expand,,True,[OPSIN-PREPROC] raw='branchedc2eneglycolegsidechains' -> preprocessed='branchedethylenethoxyethyllycolethoxyethyl s-yl',,,,,,,,,,,,,,,branchedc2eneglycolegsidechains,branchedethylenethoxyethyllycolethoxyethyl s-yl,False,False,True,False,False,unknown,low,True,"[{""name"": ""branchedc2eneglycolegsidechains"", ""count"": 1}]",,
481,p(2gndi-t2),,,branchedethylenethoxyethyllycolethoxyethyl s-yl,False,False,False,sidechain_length,ALKYL_LENGTH,True,,CC,,,,,,,,,,,,,,branchedc2eneglycolegsidechains,branchedethylenethoxyethyllycolethoxyethyl s-yl,False,False,True,False,False,,,,,,
481,p(3gndi-t2),"naphthalene-1,4,5,8-tetracarboxylic-diimide-bithiophene backbone",naphthalene-1 4 5 8-tetracarboxylic-diimide-bithiophene,"naphthalene-1,4,5,8-tetracarboxylic-diimide-bithiophene backbone",False,False,False,opsin_direct,,False,,,FAILURE,"naphthalene-1,4,5,8-tetracarboxylic-diimide-bithiophene backbone is unparsable due to the following being uninterpretable: backbone The following was not parseable: backbone",,,,direct,,True,"naphthalene-1,4,5,8-tetracarboxylic-diimide-bithiophene backbone",False,,,,,,,,,,,,,,,,
481,p(3gndi-t2),"naphthalene-1,4,5,8-tetracarboxylic-diimide-bithiophene backbone","naphthalene-1,4,5,8-tetracarboxylic-diimide-bithiophene backbone","naphthalene-1,4,5,8-tetracarboxylic-diimide-bithiophene backbone",False,False,False,opsin_repair,,False,drop_descriptors,,FAILURE,"naphthalene-1,4,5,8-tetracarboxylic-diimide-bithiophene backbone is unparsable due to the following being uninterpretable: backbone The following was not parseable: backbone",,,,repair,drop_descriptors,True,"naphthalene-1,4,5,8-tetracarboxylic-diimide-bithiophene backbone",False,,,,,,,,,,,,,,,,
481,p(3gndi-t2),"naphthalene-1,4,5,8-tetracarboxylic-diimide-bithiophene backbone","naphthalene-1,4,5,8-tetracarboxylic-diimide-bithiophene backbone","naphthalene-1,4,5,8-tetracarboxylic-diimide-bithiophene backbone",False,False,False,opsin_repair,,False,drop_substituted,,FAILURE,"naphthalene-1,4,5,8-tetracarboxylic-diimide-bithiophene backbone is unparsable due to the following being uninterpretable: backbone The following was not parseable: backbone",,,,repair,drop_substituted,True,"naphthalene-1,4,5,8-tetracarboxylic-diimide-bithiophene backbone",False,,,,,,,,,,,,,,,,
481,p(3gndi-t2),"naphthalene-1,4,5,8-tetracarboxylic-diimide-bithiophene backbone","naphthalene-1,4,5,8-tetracarboxylic-diimide-bithiophene backbone","naphthalene-1,4,5,8-tetracarboxylic-diimide-bithiophene backbone",False,False,False,opsin_repair,,False,tidy_punct,,FAILURE,"naphthalene-1,4,5,8-tetracarboxylic-diimide-bithiophene backbone is unparsable due to the following being uninterpretable: backbone The following was not parseable: backbone",,,,repair,tidy_punct,True,"naphthalene-1,4,5,8-tetracarboxylic-diimide-bithiophene backbone",False,,,,,,,,,,,,,,,,
481,p(3gndi-t2),"naphthalene-1,4,5,8-tetracarboxylic-diimide-bithiophene backbone",naphthalene-1 4 5 8-tetracarboxylic-diimide-bithiophene,"naphthalene-1,4,5,8-tetracarboxylic-diimide-bithiophene backbone",False,False,False,fallback,TEXT_FALLBACK,False,no parse,,,,,,,,,True,,False,,,,,,,,,,,,,,,,
481,p(3gndi-t2),,,branchedethylenethoxyethyllycolethoxyethyl s-yl,False,False,False,template_expand,,True,[OPSIN-PREPROC] raw='branchedc2eneglycolegsidechains' -> preprocessed='branchedethylenethoxyethyllycolethoxyethyl s-yl',,,,,,,,,,,,,,,branchedc2eneglycolegsidechains,branchedethylenethoxyethyllycolethoxyethyl s-yl,False,False,True,False,False,unknown,low,True,"[{""name"": ""branchedc2eneglycolegsidechains"", ""count"": 1}]",,
481,p(3gndi-t2),,,branchedethylenethoxyethyllycolethoxyethyl s-yl,False,False,False,sidechain_length,ALKYL_LENGTH,True,,CC,,,,,,,,,,,,,,branchedc2eneglycolegsidechains,branchedethylenethoxyethyllycolethoxyethyl s-yl,False,False,True,False,False,,,,,,
481,p(4gndi-t2),"naphthalene-1,4,5,8-tetracarboxylic-diimide-bithiophene backbone",naphthalene-1 4 5 8-tetracarboxylic-diimide-bithiophene,"naphthalene-1,4,5,8-tetracarboxylic-diimide-bithiophene backbone",False,False,False,opsin_direct,,False,,,FAILURE,"naphthalene-1,4,5,8-tetracarboxylic-diimide-bithiophene backbone is unparsable due to the following being uninterpretable: backbone The following was not parseable: backbone",,,,direct,,True,"naphthalene-1,4,5,8-tetracarboxylic-diimide-bithiophene backbone",False,,,,,,,,,,,,,,,,
481,p(4gndi-t2),"naphthalene-1,4,5,8-tetracarboxylic-diimide-bithiophene backbone","naphthalene-1,4,5,8-tetracarboxylic-diimide-bithiophene backbone","naphthalene-1,4,5,8-tetracarboxylic-diimide-bithiophene backbone",False,False,False,opsin_repair,,False,drop_descriptors,,FAILURE,"naphthalene-1,4,5,8-tetracarboxylic-diimide-bithiophene backbone is unparsable due to the following being uninterpretable: backbone The following was not parseable: backbone",,,,repair,drop_descriptors,True,"naphthalene-1,4,5,8-tetracarboxylic-diimide-bithiophene backbone",False,,,,,,,,,,,,,,,,
481,p(4gndi-t2),"naphthalene-1,4,5,8-tetracarboxylic-diimide-bithiophene backbone","naphthalene-1,4,5,8-tetracarboxylic-diimide-bithiophene backbone","naphthalene-1,4,5,8-tetracarboxylic-diimide-bithiophene backbone",False,False,False,opsin_repair,,False,drop_substituted,,FAILURE,"naphthalene-1,4,5,8-tetracarboxylic-diimide-bithiophene backbone is unparsable due to the following being uninterpretable: backbone The following was not parseable: backbone",,,,repair,drop_substituted,True,"naphthalene-1,4,5,8-tetracarboxylic-diimide-bithiophene backbone",False,,,,,,,,,,,,,,,,
481,p(4gndi-t2),"naphthalene-1,4,5,8-tetracarboxylic-diimide-bithiophene backbone","naphthalene-1,4,5,8-tetracarboxylic-diimide-bithiophene backbone","naphthalene-1,4,5,8-tetracarboxylic-diimide-bithiophene backbone",False,False,False,opsin_repair,,False,tidy_punct,,FAILURE,"naphthalene-1,4,5,8-tetracarboxylic-diimide-bithiophene backbone is unparsable due to the following being uninterpretable: backbone The following was not parseable: backbone",,,,repair,tidy_punct,True,"naphthalene-1,4,5,8-tetracarboxylic-diimide-bithiophene backbone",False,,,,,,,,,,,,,,,,
481,p(4gndi-t2),"naphthalene-1,4,5,8-tetracarboxylic-diimide-bithiophene backbone",naphthalene-1 4 5 8-tetracarboxylic-diimide-bithiophene,"naphthalene-1,4,5,8-tetracarboxylic-diimide-bithiophene backbone",False,False,False,fallback,TEXT_FALLBACK,False,no parse,,,,,,,,,True,,False,,,,,,,,,,,,,,,,
481,p(4gndi-t2),,,branchedethylenethoxyethyllycolethoxyethyl s-yl,False,False,False,template_expand,,True,[OPSIN-PREPROC] raw='branchedc2eneglycolegsidechains' -> preprocessed='branchedethylenethoxyethyllycolethoxyethyl s-yl',,,,,,,,,,,,,,,branchedc2eneglycolegsidechains,branchedethylenethoxyethyllycolethoxyethyl s-yl,False,False,True,False,False,unknown,low,True,"[{""name"": ""branchedc2eneglycolegsidechains"", ""count"": 1}]",,
481,p(4gndi-t2),,,branchedethylenethoxyethyllycolethoxyethyl s-yl,False,False,False,sidechain_length,ALKYL_LENGTH,True,,CC,,,,,,,,,,,,,,branchedc2eneglycolegsidechains,branchedethylenethoxyethyllycolethoxyethyl s-yl,False,False,True,False,False,,,,,,
467,p3ht,polythiophene,polythiophene,polythiophene,False,False,False,opsin_direct,,False,,,FAILURE,"polythiophene could be parsed but OPSIN was unsure of the meaning of the words. This error will occur, by default, if a name is just a substituent",,,,direct,,True,polythiophene,False,,,,,,,,,,,,,,,,
467,p3ht,polythiophene,polythiophene,polythiophene,False,False,False,opsin_repair,,False,drop_descriptors,,FAILURE,"polythiophene could be parsed but OPSIN was unsure of the meaning of the words. This error will occur, by default, if a name is just a substituent",,,,repair,drop_descriptors,True,polythiophene,False,,,,,,,,,,,,,,,,
467,p3ht,polythiophene,polythiophene,polythiophene,False,False,False,opsin_repair,,False,drop_substituted,,FAILURE,"polythiophene could be parsed but OPSIN was unsure of the meaning of the words. This error will occur, by default, if a name is just a substituent",,,,repair,drop_substituted,True,polythiophene,False,,,,,,,,,,,,,,,,
467,p3ht,polythiophene,polythiophene,polythiophene,False,False,False,opsin_repair,,False,tidy_punct,,FAILURE,"polythiophene could be parsed but OPSIN was unsure of the meaning of the words. This error will occur, by default, if a name is just a substituent",,,,repair,tidy_punct,True,polythiophene,False,,,,,,,,,,,,,,,,
467,p3ht,polythiophene,polythiophene,polythiophene,False,False,False,fallback,TEXT_FALLBACK,False,no parse,,,,,,,,,True,,False,,,,,,,,,,,,,,,,
467,p3ht,,,hexyl,False,False,False,template_expand,,True,[OPSIN-PREPROC] raw='c6' -> preprocessed='hexyl',,,,,,,,,,,,,,,c6,hexyl,False,False,False,False,False,unknown,low,True,"[{""name"": ""c6"", ""count"": 1}]",,
467,p3ht,,,hexyl,False,False,False,sidechain_length,ALKYL_LENGTH,True,,CCCCCC,,,,,,,,,,,,,,c6,hexyl,False,False,False,False,False,,,,,,
467,ptcoor,polythiophene,polythiophene,polythiophene,False,False,False,opsin_direct,,False,,,FAILURE,"polythiophene could be parsed but OPSIN was unsure of the meaning of the words. This error will occur, by default, if a name is just a substituent",,,,direct,,True,polythiophene,False,,,,,,,,,,,,,,,,
467,ptcoor,polythiophene,polythiophene,polythiophene,False,False,False,opsin_repair,,False,drop_descriptors,,FAILURE,"polythiophene could be parsed but OPSIN was unsure of the meaning of the words. This error will occur, by default, if a name is just a substituent",,,,repair,drop_descriptors,True,polythiophene,False,,,,,,,,,,,,,,,,
467,ptcoor,polythiophene,polythiophene,polythiophene,False,False,False,opsin_repair,,False,drop_substituted,,FAILURE,"polythiophene could be parsed but OPSIN was unsure of the meaning of the words. This error will occur, by default, if a name is just a substituent",,,,repair,drop_substituted,True,polythiophene,False,,,,,,,,,,,,,,,,
467,ptcoor,polythiophene,polythiophene,polythiophene,False,False,False,opsin_repair,,False,tidy_punct,,FAILURE,"polythiophene could be parsed but OPSIN was unsure of the meaning of the words. This error will occur, by default, if a name is just a substituent",,,,repair,tidy_punct,True,polythiophene,False,,,,,,,,,,,,,,,,
467,ptcoor,polythiophene,polythiophene,polythiophene,False,False,False,fallback,TEXT_FALLBACK,False,no parse,,,,,,,,,True,,False,,,,,,,,,,,,,,,,
467,ptcoor,,,ethylester-yl,False,False,False,template_expand,,True,[OPSIN-PREPROC] raw='c2ester' -> preprocessed='ethylester-yl',,,,,,,,,,,,,,,c2ester,ethylester-yl,False,False,True,False,False,unknown,low,True,"[{""name"": ""c2ester"", ""count"": 1}]",,
467,ptcoor,,,ethylester-yl,False,False,False,sidechain_length,ALKYL_LENGTH,True,,CC,,,,,,,,,,,,,,c2ester,ethylester-yl,False,False,True,False,False,,,,,,
467,p3meemt,polythiophene,polythiophene,polythiophene,False,False,False,opsin_direct,,False,,,FAILURE,"polythiophene could be parsed but OPSIN was unsure of the meaning of the words. This error will occur, by default, if a name is just a substituent",,,,direct,,True,polythiophene,False,,,,,,,,,,,,,,,,
467,p3meemt,polythiophene,polythiophene,polythiophene,False,False,False,opsin_repair,,False,drop_descriptors,,FAILURE,"polythiophene could be parsed but OPSIN was unsure of the meaning of the words. This error will occur, by default, if a name is just a substituent",,,,repair,drop_descriptors,True,polythiophene,False,,,,,,,,,,,,,,,,
467,p3meemt,polythiophene,polythiophene,polythiophene,False,False,False,opsin_repair,,False,drop_substituted,,FAILURE,"polythiophene could be parsed but OPSIN was unsure of the meaning of the words. This error will occur, by default, if a name is just a substituent",,,,repair,drop_substituted,True,polythiophene,False,,,,,,,,,,,,,,,,
467,p3meemt,polythiophene,polythiophene,polythiophene,False,False,False,opsin_repair,,False,tidy_punct,,FAILURE,"polythiophene could be parsed but OPSIN was unsure of the meaning of the words. This error will occur, by default, if a name is just a substituent",,,,repair,tidy_punct,True,polythiophene,False,,,,,,,,,,,,,,,,
467,p3meemt,polythiophene,polythiophene,polythiophene,False,False,False,fallback,TEXT_FALLBACK,False,no parse,,,,,,,,,True,,False,,,,,,,,,,,,,,,,
467,ptoh,polythiophene,polythiophene,polythiophene,False,False,False,opsin_direct,,False,,,FAILURE,"polythiophene could be parsed but OPSIN was unsure of the meaning of the words. This error will occur, by default, if a name is just a substituent",,,,direct,,True,polythiophene,False,,,,,,,,,,,,,,,,
467,ptoh,polythiophene,polythiophene,polythiophene,False,False,False,opsin_repair,,False,drop_descriptors,,FAILURE,"polythiophene could be parsed but OPSIN was unsure of the meaning of the words. This error will occur, by default, if a name is just a substituent",,,,repair,drop_descriptors,True,polythiophene,False,,,,,,,,,,,,,,,,
467,ptoh,polythiophene,polythiophene,polythiophene,False,False,False,opsin_repair,,False,drop_substituted,,FAILURE,"polythiophene could be parsed but OPSIN was unsure of the meaning of the words. This error will occur, by default, if a name is just a substituent",,,,repair,drop_substituted,True,polythiophene,False,,,,,,,,,,,,,,,,
467,ptoh,polythiophene,polythiophene,polythiophene,False,False,False,opsin_repair,,False,tidy_punct,,FAILURE,"polythiophene could be parsed but OPSIN was unsure of the meaning of the words. This error will occur, by default, if a name is just a substituent",,,,repair,tidy_punct,True,polythiophene,False,,,,,,,,,,,,,,,,
467,ptoh,polythiophene,polythiophene,polythiophene,False,False,False,fallback,TEXT_FALLBACK,False,no parse,,,,,,,,,True,,False,,,,,,,,,,,,,,,,
467,ptcooh,polythiophene,polythiophene,polythiophene,False,False,False,opsin_direct,,False,,,FAILURE,"polythiophene could be parsed but OPSIN was unsure of the meaning of the words. This error will occur, by default, if a name is just a substituent",,,,direct,,True,polythiophene,False,,,,,,,,,,,,,,,,
467,ptcooh,polythiophene,polythiophene,polythiophene,False,False,False,opsin_repair,,False,drop_descriptors,,FAILURE,"polythiophene could be parsed but OPSIN was unsure of the meaning of the words. This error will occur, by default, if a name is just a substituent",,,,repair,drop_descriptors,True,polythiophene,False,,,,,,,,,,,,,,,,
467,ptcooh,polythiophene,polythiophene,polythiophene,False,False,False,opsin_repair,,False,drop_substituted,,FAILURE,"polythiophene could be parsed but OPSIN was unsure of the meaning of the words. This error will occur, by default, if a name is just a substituent",,,,repair,drop_substituted,True,polythiophene,False,,,,,,,,,,,,,,,,
467,ptcooh,polythiophene,polythiophene,polythiophene,False,False,False,opsin_repair,,False,tidy_punct,,FAILURE,"polythiophene could be parsed but OPSIN was unsure of the meaning of the words. This error will occur, by default, if a name is just a substituent",,,,repair,tidy_punct,True,polythiophene,False,,,,,,,,,,,,,,,,
467,ptcooh,polythiophene,polythiophene,polythiophene,False,False,False,fallback,TEXT_FALLBACK,False,no parse,,,,,,,,,True,,False,,,,,,,,,,,,,,,,
500,f-bsei2teg-t,selenium-incorporated bithiophene imide,selenium-incorporated bithiophene imide,selenium-incorporated bithiophene imide,False,False,False,opsin_direct,,False,,,FAILURE,selenium-incorporated bithiophene imide is unparsable due to the following being uninterpretable: incorporated bithiophene imide The following was not parseable: incorporated bithiophene imide,,,,direct,,True,selenium-incorporated bithiophene imide,False,,,,,,,,,,,,,,,,
500,f-bsei2teg-t,selenium-incorporated bithiophene imide,selenium-incorporated bithiophene imide,selenium-incorporated bithiophene imide,False,False,False,opsin_repair,,False,drop_descriptors,,FAILURE,selenium-incorporated bithiophene imide is unparsable due to the following being uninterpretable: incorporated bithiophene imide The following was not parseable: incorporated bithiophene imide,,,,repair,drop_descriptors,True,selenium-incorporated bithiophene imide,False,,,,,,,,,,,,,,,,
500,f-bsei2teg-t,selenium-incorporated bithiophene imide,selenium-incorporated bithiophene imide,selenium-incorporated bithiophene imide,False,False,False,opsin_repair,,False,drop_substituted,,FAILURE,selenium-incorporated bithiophene imide is unparsable due to the following being uninterpretable: incorporated bithiophene imide The following was not parseable: incorporated bithiophene imide,,,,repair,drop_substituted,True,selenium-incorporated bithiophene imide,False,,,,,,,,,,,,,,,,
500,f-bsei2teg-t,selenium-incorporated bithiophene imide,selenium-incorporated bithiophene imide,selenium-incorporated bithiophene imide,False,False,False,opsin_repair,,False,tidy_punct,,FAILURE,selenium-incorporated bithiophene imide is unparsable due to the following being uninterpretable: incorporated bithiophene imide The following was not parseable: incorporated bithiophene imide,,,,repair,tidy_punct,True,selenium-incorporated bithiophene imide,False,,,,,,,,,,,,,,,,
500,f-bsei2teg-t,selenium-incorporated bithiophene imide,selenium-incorporated bithiophene imide,selenium-incorporated bithiophene imide,False,False,False,fallback,TEXT_FALLBACK,False,no parse,,,,,,,,,True,,False,,,,,,,,,,,,,,,,
500,f-bsei2teg-ft,selenium-incorporated bithiophene imide,selenium-incorporated bithiophene imide,selenium-incorporated bithiophene imide,False,False,False,opsin_direct,,False,,,FAILURE,selenium-incorporated bithiophene imide is unparsable due to the following being uninterpretable: incorporated bithiophene imide The following was not parseable: incorporated bithiophene imide,,,,direct,,True,selenium-incorporated bithiophene imide,False,,,,,,,,,,,,,,,,
500,f-bsei2teg-ft,selenium-incorporated bithiophene imide,selenium-incorporated bithiophene imide,selenium-incorporated bithiophene imide,False,False,False,opsin_repair,,False,drop_descriptors,,FAILURE,selenium-incorporated bithiophene imide is unparsable due to the following being uninterpretable: incorporated bithiophene imide The following was not parseable: incorporated bithiophene imide,,,,repair,drop_descriptors,True,selenium-incorporated bithiophene imide,False,,,,,,,,,,,,,,,,
500,f-bsei2teg-ft,selenium-incorporated bithiophene imide,selenium-incorporated bithiophene imide,selenium-incorporated bithiophene imide,False,False,False,opsin_repair,,False,drop_substituted,,FAILURE,selenium-incorporated bithiophene imide is unparsable due to the following being uninterpretable: incorporated bithiophene imide The following was not parseable: incorporated bithiophene imide,,,,repair,drop_substituted,True,selenium-incorporated bithiophene imide,False,,,,,,,,,,,,,,,,
500,f-bsei2teg-ft,selenium-incorporated bithiophene imide,selenium-incorporated bithiophene imide,selenium-incorporated bithiophene imide,False,False,False,opsin_repair,,False,tidy_punct,,FAILURE,selenium-incorporated bithiophene imide is unparsable due to the following being uninterpretable: incorporated bithiophene imide The following was not parseable: incorporated bithiophene imide,,,,repair,tidy_punct,True,selenium-incorporated bithiophene imide,False,,,,,,,,,,,,,,,,
500,f-bsei2teg-ft,selenium-incorporated bithiophene imide,selenium-incorporated bithiophene imide,selenium-incorporated bithiophene imide,False,False,False,fallback,TEXT_FALLBACK,False,no parse,,,,,,,,,True,,False,,,,,,,,,,,,,,,,
500,f-bsei2-ft,selenium-incorporated bithiophene imide,selenium-incorporated bithiophene imide,selenium-incorporated bithiophene imide,False,False,False,opsin_direct,,False,,,FAILURE,selenium-incorporated bithiophene imide is unparsable due to the following being uninterpretable: incorporated bithiophene imide The following was not parseable: incorporated bithiophene imide,,,,direct,,True,selenium-incorporated bithiophene imide,False,,,,,,,,,,,,,,,,
500,f-bsei2-ft,selenium-incorporated bithiophene imide,selenium-incorporated bithiophene imide,selenium-incorporated bithiophene imide,False,False,False,opsin_repair,,False,drop_descriptors,,FAILURE,selenium-incorporated bithiophene imide is unparsable due to the following being uninterpretable: incorporated bithiophene imide The following was not parseable: incorporated bithiophene imide,,,,repair,drop_descriptors,True,selenium-incorporated bithiophene imide,False,,,,,,,,,,,,,,,,
500,f-bsei2-ft,selenium-incorporated bithiophene imide,selenium-incorporated bithiophene imide,selenium-incorporated bithiophene imide,False,False,False,opsin_repair,,False,drop_substituted,,FAILURE,selenium-incorporated bithiophene imide is unparsable due to the following being uninterpretable: incorporated bithiophene imide The following was not parseable: incorporated bithiophene imide,,,,repair,drop_substituted,True,selenium-incorporated bithiophene imide,False,,,,,,,,,,,,,,,,
500,f-bsei2-ft,selenium-incorporated bithiophene imide,selenium-incorporated bithiophene imide,selenium-incorporated bithiophene imide,False,False,False,opsin_repair,,False,tidy_punct,,FAILURE,selenium-incorporated bithiophene imide is unparsable due to the following being uninterpretable: incorporated bithiophene imide The following was not parseable: incorporated bithiophene imide,,,,repair,tidy_punct,True,selenium-incorporated bithiophene imide,False,,,,,,,,,,,,,,,,
500,f-bsei2-ft,selenium-incorporated bithiophene imide,selenium-incorporated bithiophene imide,selenium-incorporated bithiophene imide,False,False,False,fallback,TEXT_FALLBACK,False,no parse,,,,,,,,,True,,False,,,,,,,,,,,,,,,,
446,pndi-2o-tz,naphthalenediimide-dialkoxybithiazole copolymer,naphthalenediimide-dialkoxybithiazole,naphthalenediimide-dialkoxybithiazole copolymer,False,False,False,opsin_direct,,False,,,FAILURE,naphthalenediimide-dialkoxybithiazole copolymer is unparsable due to the following being uninterpretable: dialkoxybithiazole copolymer The following was not parseable: alkoxybithiazole copolymer,,,,direct,,True,naphthalenediimide-dialkoxybithiazole copolymer,False,,,,,,,,,,,,,,,,
446,pndi-2o-tz,naphthalenediimide-dialkoxybithiazole copolymer,naphthalenediimide-dialkoxybithiazole,naphthalenediimide-dialkoxybithiazole,False,False,False,opsin_repair,,False,drop_descriptors,,FAILURE,naphthalenediimide-dialkoxybithiazole is unparsable due to the following being uninterpretable: dialkoxybithiazole The following was not parseable: alkoxybithiazole,,,,repair,drop_descriptors,True,naphthalenediimide-dialkoxybithiazole,False,,,,,,,,,,,,,,,,
446,pndi-2o-tz,naphthalenediimide-dialkoxybithiazole copolymer,naphthalenediimide-dialkoxybithiazole,naphthalenediimide-dialkoxybithiazole,False,False,False,opsin_repair,,False,drop_substituted,,FAILURE,naphthalenediimide-dialkoxybithiazole is unparsable due to the following being uninterpretable: dialkoxybithiazole The following was not parseable: alkoxybithiazole,,,,repair,drop_substituted,True,naphthalenediimide-dialkoxybithiazole,False,,,,,,,,,,,,,,,,
446,pndi-2o-tz,naphthalenediimide-dialkoxybithiazole copolymer,naphthalenediimide-dialkoxybithiazole,naphthalenediimide-dialkoxybithiazole,False,False,False,opsin_repair,,False,tidy_punct,,FAILURE,naphthalenediimide-dialkoxybithiazole is unparsable due to the following being uninterpretable: dialkoxybithiazole The following was not parseable: alkoxybithiazole,,,,repair,tidy_punct,True,naphthalenediimide-dialkoxybithiazole,False,,,,,,,,,,,,,,,,
446,pndi-2o-tz,naphthalenediimide-dialkoxybithiazole copolymer,naphthalenediimide-dialkoxybithiazole,naphthalenediimide-dialkoxybithiazole copolymer,False,False,False,fallback,TEXT_FALLBACK,False,no parse,,,,,,,,,True,,False,,,,,,,,,,,,,,,,
446,pndi-2o-tz,,,amphenylipathicoligoethylenethoxyethyllycol s-yl,False,False,False,template_expand,,True,[OPSIN-PREPROC] raw='amphipathicoligoc2eneglycolsidechains' -> preprocessed='amphenylipathicoligoethylenethoxyethyllycol s-yl',,,,,,,,,,,,,,,amphipathicoligoc2eneglycolsidechains,amphenylipathicoligoethylenethoxyethyllycol s-yl,False,False,True,False,False,unknown,low,True,"[{""name"": ""amphipathicoligoc2eneglycolsidechains"", ""count"": 1}]",,
446,pndi-2o-tz,,,amphenylipathicoligoethylenethoxyethyllycol s-yl,False,False,False,sidechain_length,ALKYL_LENGTH,True,,CC,,,,,,,,,,,,,,amphipathicoligoc2eneglycolsidechains,amphenylipathicoligoethylenethoxyethyllycol s-yl,False,False,True,False,False,,,,,,
446,pndi-4o-tz,naphthalenediimide-dialkoxybithiazole copolymer,naphthalenediimide-dialkoxybithiazole,naphthalenediimide-dialkoxybithiazole copolymer,False,False,False,opsin_direct,,False,,,FAILURE,naphthalenediimide-dialkoxybithiazole copolymer is unparsable due to the following being uninterpretable: dialkoxybithiazole copolymer The following was not parseable: alkoxybithiazole copolymer,,,,direct,,True,naphthalenediimide-dialkoxybithiazole copolymer,False,,,,,,,,,,,,,,,,
446,pndi-4o-tz,naphthalenediimide-dialkoxybithiazole copolymer,naphthalenediimide-dialkoxybithiazole,naphthalenediimide-dialkoxybithiazole,False,False,False,opsin_repair,,False,drop_descriptors,,FAILURE,naphthalenediimide-dialkoxybithiazole is unparsable due to the following being uninterpretable: dialkoxybithiazole The following was not parseable: alkoxybithiazole,,,,repair,drop_descriptors,True,naphthalenediimide-dialkoxybithiazole,False,,,,,,,,,,,,,,,,
446,pndi-4o-tz,naphthalenediimide-dialkoxybithiazole copolymer,naphthalenediimide-dialkoxybithiazole,naphthalenediimide-dialkoxybithiazole,False,False,False,opsin_repair,,False,drop_substituted,,FAILURE,naphthalenediimide-dialkoxybithiazole is unparsable due to the following being uninterpretable: dialkoxybithiazole The following was not parseable: alkoxybithiazole,,,,repair,drop_substituted,True,naphthalenediimide-dialkoxybithiazole,False,,,,,,,,,,,,,,,,
446,pndi-4o-tz,naphthalenediimide-dialkoxybithiazole copolymer,naphthalenediimide-dialkoxybithiazole,naphthalenediimide-dialkoxybithiazole,False,False,False,opsin_repair,,False,tidy_punct,,FAILURE,naphthalenediimide-dialkoxybithiazole is unparsable due to the following being uninterpretable: dialkoxybithiazole The following was not parseable: alkoxybithiazole,,,,repair,tidy_punct,True,naphthalenediimide-dialkoxybithiazole,False,,,,,,,,,,,,,,,,
446,pndi-4o-tz,naphthalenediimide-dialkoxybithiazole copolymer,naphthalenediimide-dialkoxybithiazole,naphthalenediimide-dialkoxybithiazole copolymer,False,False,False,fallback,TEXT_FALLBACK,False,no parse,,,,,,,,,True,,False,,,,,,,,,,,,,,,,
446,pndi-4o-tz,,,amphenylipathicoligoethylenethoxyethyllycol s-yl,False,False,False,template_expand,,True,[OPSIN-PREPROC] raw='amphipathicoligoc2eneglycolsidechains' -> preprocessed='amphenylipathicoligoethylenethoxyethyllycol s-yl',,,,,,,,,,,,,,,amphipathicoligoc2eneglycolsidechains,amphenylipathicoligoethylenethoxyethyllycol s-yl,False,False,True,False,False,unknown,low,True,"[{""name"": ""amphipathicoligoc2eneglycolsidechains"", ""count"": 1}]",,
446,pndi-4o-tz,,,amphenylipathicoligoethylenethoxyethyllycol s-yl,False,False,False,sidechain_length,ALKYL_LENGTH,True,,CC,,,,,,,,,,,,,,amphipathicoligoc2eneglycolsidechains,amphenylipathicoligoethylenethoxyethyllycol s-yl,False,False,True,False,False,,,,,,
446,pndi-8o-tz,naphthalenediimide-dialkoxybithiazole copolymer,naphthalenediimide-dialkoxybithiazole,naphthalenediimide-dialkoxybithiazole copolymer,False,False,False,opsin_direct,,False,,,FAILURE,naphthalenediimide-dialkoxybithiazole copolymer is unparsable due to the following being uninterpretable: dialkoxybithiazole copolymer The following was not parseable: alkoxybithiazole copolymer,,,,direct,,True,naphthalenediimide-dialkoxybithiazole copolymer,False,,,,,,,,,,,,,,,,
446,pndi-8o-tz,naphthalenediimide-dialkoxybithiazole copolymer,naphthalenediimide-dialkoxybithiazole,naphthalenediimide-dialkoxybithiazole,False,False,False,opsin_repair,,False,drop_descriptors,,FAILURE,naphthalenediimide-dialkoxybithiazole is unparsable due to the following being uninterpretable: dialkoxybithiazole The following was not parseable: alkoxybithiazole,,,,repair,drop_descriptors,True,naphthalenediimide-dialkoxybithiazole,False,,,,,,,,,,,,,,,,
446,pndi-8o-tz,naphthalenediimide-dialkoxybithiazole copolymer,naphthalenediimide-dialkoxybithiazole,naphthalenediimide-dialkoxybithiazole,False,False,False,opsin_repair,,False,drop_substituted,,FAILURE,naphthalenediimide-dialkoxybithiazole is unparsable due to the following being uninterpretable: dialkoxybithiazole The following was not parseable: alkoxybithiazole,,,,repair,drop_substituted,True,naphthalenediimide-dialkoxybithiazole,False,,,,,,,,,,,,,,,,
446,pndi-8o-tz,naphthalenediimide-dialkoxybithiazole copolymer,naphthalenediimide-dialkoxybithiazole,naphthalenediimide-dialkoxybithiazole,False,False,False,opsin_repair,,False,tidy_punct,,FAILURE,naphthalenediimide-dialkoxybithiazole is unparsable due to the following being uninterpretable: dialkoxybithiazole The following was not parseable: alkoxybithiazole,,,,repair,tidy_punct,True,naphthalenediimide-dialkoxybithiazole,False,,,,,,,,,,,,,,,,
446,pndi-8o-tz,naphthalenediimide-dialkoxybithiazole copolymer,naphthalenediimide-dialkoxybithiazole,naphthalenediimide-dialkoxybithiazole copolymer,False,False,False,fallback,TEXT_FALLBACK,False,no parse,,,,,,,,,True,,False,,,,,,,,,,,,,,,,
446,pndi-8o-tz,,,amphenylipathicoligoethylenethoxyethyllycol s-yl,False,False,False,template_expand,,True,[OPSIN-PREPROC] raw='amphipathicoligoc2eneglycolsidechains' -> preprocessed='amphenylipathicoligoethylenethoxyethyllycol s-yl',,,,,,,,,,,,,,,amphipathicoligoc2eneglycolsidechains,amphenylipathicoligoethylenethoxyethyllycol s-yl,False,False,True,False,False,unknown,low,True,"[{""name"": ""amphipathicoligoc2eneglycolsidechains"", ""count"": 1}]",,
446,pndi-8o-tz,,,amphenylipathicoligoethylenethoxyethyllycol s-yl,False,False,False,sidechain_length,ALKYL_LENGTH,True,,CC,,,,,,,,,,,,,,amphipathicoligoc2eneglycolsidechains,amphenylipathicoligoethylenethoxyethyllycol s-yl,False,False,True,False,False,,,,,,
409,eth-t-di-dtt,"diindenone-dithieno[3,2-b:2',3'-d]thiophene fused seven-ring core",diindenone-dithieno 3 2-b 2' 3'-d thiophene fused seven-ring core,"diindenone-dithieno[3,2-b:2',3'-d]thiophene fused seven-ring core",False,False,False,opsin_direct,,False,,,FAILURE,"diindenone-dithieno[3,2-b:2',3'-d]thiophene fused seven-ring core is unparsable due to the following being uninterpretable: fused seven-ring core The following was not parseable: fused seven-ring core",,,,direct,,True,"diindenone-dithieno[3,2-b:2',3'-d]thiophene fused seven-ring core",False,,,,,,,,,,,,,,,,
409,eth-t-di-dtt,"diindenone-dithieno[3,2-b:2',3'-d]thiophene fused seven-ring core","diindenone-dithieno[3,2-b:2',3'-d]thiophene fused seven-ring core","diindenone-dithieno[3,2-b:2',3'-d]thiophene fused seven-ring core",False,False,False,opsin_repair,,False,drop_descriptors,,FAILURE,"diindenone-dithieno[3,2-b:2',3'-d]thiophene fused seven-ring core is unparsable due to the following being uninterpretable: fused seven-ring core The following was not parseable: fused seven-ring core",,,,repair,drop_descriptors,True,"diindenone-dithieno[3,2-b:2',3'-d]thiophene fused seven-ring core",False,,,,,,,,,,,,,,,,
409,eth-t-di-dtt,"diindenone-dithieno[3,2-b:2',3'-d]thiophene fused seven-ring core","diindenone-dithieno[3,2-b:2',3'-d]thiophene fused seven-ring core","diindenone-dithieno[3,2-b:2',3'-d]thiophene fused seven-ring core",False,False,False,opsin_repair,,False,drop_substituted,,FAILURE,"diindenone-dithieno[3,2-b:2',3'-d]thiophene fused seven-ring core is unparsable due to the following being uninterpretable: fused seven-ring core The following was not parseable: fused seven-ring core",,,,repair,drop_substituted,True,"diindenone-dithieno[3,2-b:2',3'-d]thiophene fused seven-ring core",False,,,,,,,,,,,,,,,,
409,eth-t-di-dtt,"diindenone-dithieno[3,2-b:2',3'-d]thiophene fused seven-ring core","diindenone-dithieno[3,2-b:2',3'-d]thiophene fused seven-ring core","diindenone-dithieno[3,2-b:2',3'-d]thiophene fused seven-ring core",False,False,False,opsin_repair,,False,tidy_punct,,FAILURE,"diindenone-dithieno[3,2-b:2',3'-d]thiophene fused seven-ring core is unparsable due to the following being uninterpretable: fused seven-ring core The following was not parseable: fused seven-ring core",,,,repair,tidy_punct,True,"diindenone-dithieno[3,2-b:2',3'-d]thiophene fused seven-ring core",False,,,,,,,,,,,,,,,,
409,eth-t-di-dtt,"diindenone-dithieno[3,2-b:2',3'-d]thiophene fused seven-ring core",diindenone-dithieno 3 2-b 2' 3'-d thiophene fused seven-ring core,"diindenone-dithieno[3,2-b:2',3'-d]thiophene fused seven-ring core",False,False,False,fallback,TEXT_FALLBACK,False,no parse,,,,,,,,,True,,False,,,,,,,,,,,,,,,,
409,eth-t-di-dtt,"diindenone-dithieno[3,2-b:2',3'-d]thiophene fused seven-ring core",diindenone-dithieno 3 2-b 2' 3'-d thiophene fused seven-ring core,"diindenone-dithieno[3,2-b:2',3'-d]thiophene fused seven-ring core",False,False,False,opsin_direct,,False,,,FAILURE,"diindenone-dithieno[3,2-b:2',3'-d]thiophene fused seven-ring core is unparsable due to the following being uninterpretable: fused seven-ring core The following was not parseable: fused seven-ring core",,,,direct,,True,"diindenone-dithieno[3,2-b:2',3'-d]thiophene fused seven-ring core",False,,,,,,,,,,,,,,,,
409,eth-t-di-dtt,"diindenone-dithieno[3,2-b:2',3'-d]thiophene fused seven-ring core","diindenone-dithieno[3,2-b:2',3'-d]thiophene fused seven-ring core","diindenone-dithieno[3,2-b:2',3'-d]thiophene fused seven-ring core",False,False,False,opsin_repair,,False,drop_descriptors,,FAILURE,"diindenone-dithieno[3,2-b:2',3'-d]thiophene fused seven-ring core is unparsable due to the following being uninterpretable: fused seven-ring core The following was not parseable: fused seven-ring core",,,,repair,drop_descriptors,True,"diindenone-dithieno[3,2-b:2',3'-d]thiophene fused seven-ring core",False,,,,,,,,,,,,,,,,
409,eth-t-di-dtt,"diindenone-dithieno[3,2-b:2',3'-d]thiophene fused seven-ring core","diindenone-dithieno[3,2-b:2',3'-d]thiophene fused seven-ring core","diindenone-dithieno[3,2-b:2',3'-d]thiophene fused seven-ring core",False,False,False,opsin_repair,,False,drop_substituted,,FAILURE,"diindenone-dithieno[3,2-b:2',3'-d]thiophene fused seven-ring core is unparsable due to the following being uninterpretable: fused seven-ring core The following was not parseable: fused seven-ring core",,,,repair,drop_substituted,True,"diindenone-dithieno[3,2-b:2',3'-d]thiophene fused seven-ring core",False,,,,,,,,,,,,,,,,
409,eth-t-di-dtt,"diindenone-dithieno[3,2-b:2',3'-d]thiophene fused seven-ring core","diindenone-dithieno[3,2-b:2',3'-d]thiophene fused seven-ring core","diindenone-dithieno[3,2-b:2',3'-d]thiophene fused seven-ring core",False,False,False,opsin_repair,,False,tidy_punct,,FAILURE,"diindenone-dithieno[3,2-b:2',3'-d]thiophene fused seven-ring core is unparsable due to the following being uninterpretable: fused seven-ring core The following was not parseable: fused seven-ring core",,,,repair,tidy_punct,True,"diindenone-dithieno[3,2-b:2',3'-d]thiophene fused seven-ring core",False,,,,,,,,,,,,,,,,
409,eth-t-di-dtt,"diindenone-dithieno[3,2-b:2',3'-d]thiophene fused seven-ring core",diindenone-dithieno 3 2-b 2' 3'-d thiophene fused seven-ring core,"diindenone-dithieno[3,2-b:2',3'-d]thiophene fused seven-ring core",False,False,False,fallback,TEXT_FALLBACK,False,no parse,,,,,,,,,True,,False,,,,,,,,,,,,,,,,
448,g-(100%),pbttt-like backbone (alternating thienothiophene and bithiophene units),pbttt-like alternating thienothiophene and bithiophene units,pbttt-like backbone (alternating thienothiophene and bithiophene units),False,False,False,opsin_direct,,False,,,FAILURE,pbttt-like backbone (alternating thienothiophene and bithiophene units) is unparsable due to the following being uninterpretable: pbttt-like backbone (alternatingthienothiopheneandbithiopheneunits) The following was not parseable: pbttt-like backbone (alternatingthienothiopheneandbithiopheneunits),,,,direct,,True,pbttt-like backbone (alternating thienothiophene and bithiophene units),False,,,,,,,,,,,,,,,,
448,g-(100%),pbttt-like backbone (alternating thienothiophene and bithiophene units),pbttt-like backbone (alternating thienothiophene and bithiophene units),pbttt-like backbone (alternating thienothiophene and bithiophene units),False,False,False,opsin_repair,,False,drop_descriptors,,FAILURE,pbttt-like backbone (alternating thienothiophene and bithiophene units) is unparsable due to the following being uninterpretable: pbttt-like backbone (alternatingthienothiopheneandbithiopheneunits) The following was not parseable: pbttt-like backbone (alternatingthienothiopheneandbithiopheneunits),,,,repair,drop_descriptors,True,pbttt-like backbone (alternating thienothiophene and bithiophene units),False,,,,,,,,,,,,,,,,
448,g-(100%),pbttt-like backbone (alternating thienothiophene and bithiophene units),pbttt-like backbone (alternating thienothiophene and bithiophene units),pbttt-like backbone (alternating thienothiophene and bithiophene units),False,False,False,opsin_repair,,False,drop_substituted,,FAILURE,pbttt-like backbone (alternating thienothiophene and bithiophene units) is unparsable due to the following being uninterpretable: pbttt-like backbone (alternatingthienothiopheneandbithiopheneunits) The following was not parseable: pbttt-like backbone (alternatingthienothiopheneandbithiopheneunits),,,,repair,drop_substituted,True,pbttt-like backbone (alternating thienothiophene and bithiophene units),False,,,,,,,,,,,,,,,,
448,g-(100%),pbttt-like backbone (alternating thienothiophene and bithiophene units),pbttt-like backbone (alternating thienothiophene and bithiophene units),pbttt-like backbone (alternating thienothiophene and bithiophene units),False,False,False,opsin_repair,,False,tidy_punct,,FAILURE,pbttt-like backbone (alternating thienothiophene and bithiophene units) is unparsable due to the following being uninterpretable: pbttt-like backbone (alternatingthienothiopheneandbithiopheneunits) The following was not parseable: pbttt-like backbone (alternatingthienothiopheneandbithiopheneunits),,,,repair,tidy_punct,True,pbttt-like backbone (alternating thienothiophene and bithiophene units),False,,,,,,,,,,,,,,,,
448,g-(100%),pbttt-like backbone (alternating thienothiophene and bithiophene units),pbttt-like alternating thienothiophene and bithiophene units,pbttt-like backbone (alternating thienothiophene and bithiophene units),False,False,False,fallback,TEXT_FALLBACK,False,no parse,,,,,,,,,True,,False,,,,,,,,,,,,,,,,
448,g-(100%),,,oligoethylenethoxyethyllycol soethoxyethyl,False,False,False,template_expand,,True,[OPSIN-PREPROC] raw='oligoc2eneglycolsidechainsoeg' -> preprocessed='oligoethylenethoxyethyllycol soethoxyethyl',,,,,,,,,,,,,,,oligoc2eneglycolsidechainsoeg,oligoethylenethoxyethyllycol soethoxyethyl,False,False,False,False,False,unknown,low,True,"[{""name"": ""oligoc2eneglycolsidechainsoeg"", ""count"": 1}]",,
448,g-(100%),,,oligoethylenethoxyethyllycol soethoxyethyl,False,False,False,sidechain_length,ALKYL_LENGTH,True,,CC,,,,,,,,,,,,,,oligoc2eneglycolsidechainsoeg,oligoethylenethoxyethyllycol soethoxyethyl,False,False,False,False,False,,,,,,
448,g-(90%),pbttt-like backbone (alternating thienothiophene and bithiophene units),pbttt-like alternating thienothiophene and bithiophene units,pbttt-like backbone (alternating thienothiophene and bithiophene units),False,False,False,opsin_direct,,False,,,FAILURE,pbttt-like backbone (alternating thienothiophene and bithiophene units) is unparsable due to the following being uninterpretable: pbttt-like backbone (alternatingthienothiopheneandbithiopheneunits) The following was not parseable: pbttt-like backbone (alternatingthienothiopheneandbithiopheneunits),,,,direct,,True,pbttt-like backbone (alternating thienothiophene and bithiophene units),False,,,,,,,,,,,,,,,,
448,g-(90%),pbttt-like backbone (alternating thienothiophene and bithiophene units),pbttt-like backbone (alternating thienothiophene and bithiophene units),pbttt-like backbone (alternating thienothiophene and bithiophene units),False,False,False,opsin_repair,,False,drop_descriptors,,FAILURE,pbttt-like backbone (alternating thienothiophene and bithiophene units) is unparsable due to the following being uninterpretable: pbttt-like backbone (alternatingthienothiopheneandbithiopheneunits) The following was not parseable: pbttt-like backbone (alternatingthienothiopheneandbithiopheneunits),,,,repair,drop_descriptors,True,pbttt-like backbone (alternating thienothiophene and bithiophene units),False,,,,,,,,,,,,,,,,
448,g-(90%),pbttt-like backbone (alternating thienothiophene and bithiophene units),pbttt-like backbone (alternating thienothiophene and bithiophene units),pbttt-like backbone (alternating thienothiophene and bithiophene units),False,False,False,opsin_repair,,False,drop_substituted,,FAILURE,pbttt-like backbone (alternating thienothiophene and bithiophene units) is unparsable due to the following being uninterpretable: pbttt-like backbone (alternatingthienothiopheneandbithiopheneunits) The following was not parseable: pbttt-like backbone (alternatingthienothiopheneandbithiopheneunits),,,,repair,drop_substituted,True,pbttt-like backbone (alternating thienothiophene and bithiophene units),False,,,,,,,,,,,,,,,,
448,g-(90%),pbttt-like backbone (alternating thienothiophene and bithiophene units),pbttt-like backbone (alternating thienothiophene and bithiophene units),pbttt-like backbone (alternating thienothiophene and bithiophene units),False,False,False,opsin_repair,,False,tidy_punct,,FAILURE,pbttt-like backbone (alternating thienothiophene and bithiophene units) is unparsable due to the following being uninterpretable: pbttt-like backbone (alternatingthienothiopheneandbithiopheneunits) The following was not parseable: pbttt-like backbone (alternatingthienothiopheneandbithiopheneunits),,,,repair,tidy_punct,True,pbttt-like backbone (alternating thienothiophene and bithiophene units),False,,,,,,,,,,,,,,,,
448,g-(90%),pbttt-like backbone (alternating thienothiophene and bithiophene units),pbttt-like alternating thienothiophene and bithiophene units,pbttt-like backbone (alternating thienothiophene and bithiophene units),False,False,False,fallback,TEXT_FALLBACK,False,no parse,,,,,,,,,True,,False,,,,,,,,,,,,,,,,
448,g-(75%),pbttt-like backbone (alternating thienothiophene and bithiophene units),pbttt-like alternating thienothiophene and bithiophene units,pbttt-like backbone (alternating thienothiophene and bithiophene units),False,False,False,opsin_direct,,False,,,FAILURE,pbttt-like backbone (alternating thienothiophene and bithiophene units) is unparsable due to the following being uninterpretable: pbttt-like backbone (alternatingthienothiopheneandbithiopheneunits) The following was not parseable: pbttt-like backbone (alternatingthienothiopheneandbithiopheneunits),,,,direct,,True,pbttt-like backbone (alternating thienothiophene and bithiophene units),False,,,,,,,,,,,,,,,,
448,g-(75%),pbttt-like backbone (alternating thienothiophene and bithiophene units),pbttt-like backbone (alternating thienothiophene and bithiophene units),pbttt-like backbone (alternating thienothiophene and bithiophene units),False,False,False,opsin_repair,,False,drop_descriptors,,FAILURE,pbttt-like backbone (alternating thienothiophene and bithiophene units) is unparsable due to the following being uninterpretable: pbttt-like backbone (alternatingthienothiopheneandbithiopheneunits) The following was not parseable: pbttt-like backbone (alternatingthienothiopheneandbithiopheneunits),,,,repair,drop_descriptors,True,pbttt-like backbone (alternating thienothiophene and bithiophene units),False,,,,,,,,,,,,,,,,
448,g-(75%),pbttt-like backbone (alternating thienothiophene and bithiophene units),pbttt-like backbone (alternating thienothiophene and bithiophene units),pbttt-like backbone (alternating thienothiophene and bithiophene units),False,False,False,opsin_repair,,False,drop_substituted,,FAILURE,pbttt-like backbone (alternating thienothiophene and bithiophene units) is unparsable due to the following being uninterpretable: pbttt-like backbone (alternatingthienothiopheneandbithiopheneunits) The following was not parseable: pbttt-like backbone (alternatingthienothiopheneandbithiopheneunits),,,,repair,drop_substituted,True,pbttt-like backbone (alternating thienothiophene and bithiophene units),False,,,,,,,,,,,,,,,,
448,g-(75%),pbttt-like backbone (alternating thienothiophene and bithiophene units),pbttt-like backbone (alternating thienothiophene and bithiophene units),pbttt-like backbone (alternating thienothiophene and bithiophene units),False,False,False,opsin_repair,,False,tidy_punct,,FAILURE,pbttt-like backbone (alternating thienothiophene and bithiophene units) is unparsable due to the following being uninterpretable: pbttt-like backbone (alternatingthienothiopheneandbithiopheneunits) The following was not parseable: pbttt-like backbone (alternatingthienothiopheneandbithiopheneunits),,,,repair,tidy_punct,True,pbttt-like backbone (alternating thienothiophene and bithiophene units),False,,,,,,,,,,,,,,,,
448,g-(75%),pbttt-like backbone (alternating thienothiophene and bithiophene units),pbttt-like alternating thienothiophene and bithiophene units,pbttt-like backbone (alternating thienothiophene and bithiophene units),False,False,False,fallback,TEXT_FALLBACK,False,no parse,,,,,,,,,True,,False,,,,,,,,,,,,,,,,
448,g-(50%),pbttt-like backbone (alternating thienothiophene and bithiophene units),pbttt-like alternating thienothiophene and bithiophene units,pbttt-like backbone (alternating thienothiophene and bithiophene units),False,False,False,opsin_direct,,False,,,FAILURE,pbttt-like backbone (alternating thienothiophene and bithiophene units) is unparsable due to the following being uninterpretable: pbttt-like backbone (alternatingthienothiopheneandbithiopheneunits) The following was not parseable: pbttt-like backbone (alternatingthienothiopheneandbithiopheneunits),,,,direct,,True,pbttt-like backbone (alternating thienothiophene and bithiophene units),False,,,,,,,,,,,,,,,,
448,g-(50%),pbttt-like backbone (alternating thienothiophene and bithiophene units),pbttt-like backbone (alternating thienothiophene and bithiophene units),pbttt-like backbone (alternating thienothiophene and bithiophene units),False,False,False,opsin_repair,,False,drop_descriptors,,FAILURE,pbttt-like backbone (alternating thienothiophene and bithiophene units) is unparsable due to the following being uninterpretable: pbttt-like backbone (alternatingthienothiopheneandbithiopheneunits) The following was not parseable: pbttt-like backbone (alternatingthienothiopheneandbithiopheneunits),,,,repair,drop_descriptors,True,pbttt-like backbone (alternating thienothiophene and bithiophene units),False,,,,,,,,,,,,,,,,
448,g-(50%),pbttt-like backbone (alternating thienothiophene and bithiophene units),pbttt-like backbone (alternating thienothiophene and bithiophene units),pbttt-like backbone (alternating thienothiophene and bithiophene units),False,False,False,opsin_repair,,False,drop_substituted,,FAILURE,pbttt-like backbone (alternating thienothiophene and bithiophene units) is unparsable due to the following being uninterpretable: pbttt-like backbone (alternatingthienothiopheneandbithiopheneunits) The following was not parseable: pbttt-like backbone (alternatingthienothiopheneandbithiopheneunits),,,,repair,drop_substituted,True,pbttt-like backbone (alternating thienothiophene and bithiophene units),False,,,,,,,,,,,,,,,,
448,g-(50%),pbttt-like backbone (alternating thienothiophene and bithiophene units),pbttt-like backbone (alternating thienothiophene and bithiophene units),pbttt-like backbone (alternating thienothiophene and bithiophene units),False,False,False,opsin_repair,,False,tidy_punct,,FAILURE,pbttt-like backbone (alternating thienothiophene and bithiophene units) is unparsable due to the following being uninterpretable: pbttt-like backbone (alternatingthienothiopheneandbithiopheneunits) The following was not parseable: pbttt-like backbone (alternatingthienothiopheneandbithiopheneunits),,,,repair,tidy_punct,True,pbttt-like backbone (alternating thienothiophene and bithiophene units),False,,,,,,,,,,,,,,,,
448,g-(50%),pbttt-like backbone (alternating thienothiophene and bithiophene units),pbttt-like alternating thienothiophene and bithiophene units,pbttt-like backbone (alternating thienothiophene and bithiophene units),False,False,False,fallback,TEXT_FALLBACK,False,no parse,,,,,,,,,True,,False,,,,,,,,,,,,,,,,
448,g-(0%),pbttt-like backbone (alternating thienothiophene and bithiophene units),pbttt-like alternating thienothiophene and bithiophene units,pbttt-like backbone (alternating thienothiophene and bithiophene units),False,False,False,opsin_direct,,False,,,FAILURE,pbttt-like backbone (alternating thienothiophene and bithiophene units) is unparsable due to the following being uninterpretable: pbttt-like backbone (alternatingthienothiopheneandbithiopheneunits) The following was not parseable: pbttt-like backbone (alternatingthienothiopheneandbithiopheneunits),,,,direct,,True,pbttt-like backbone (alternating thienothiophene and bithiophene units),False,,,,,,,,,,,,,,,,
448,g-(0%),pbttt-like backbone (alternating thienothiophene and bithiophene units),pbttt-like backbone (alternating thienothiophene and bithiophene units),pbttt-like backbone (alternating thienothiophene and bithiophene units),False,False,False,opsin_repair,,False,drop_descriptors,,FAILURE,pbttt-like backbone (alternating thienothiophene and bithiophene units) is unparsable due to the following being uninterpretable: pbttt-like backbone (alternatingthienothiopheneandbithiopheneunits) The following was not parseable: pbttt-like backbone (alternatingthienothiopheneandbithiopheneunits),,,,repair,drop_descriptors,True,pbttt-like backbone (alternating thienothiophene and bithiophene units),False,,,,,,,,,,,,,,,,
448,g-(0%),pbttt-like backbone (alternating thienothiophene and bithiophene units),pbttt-like backbone (alternating thienothiophene and bithiophene units),pbttt-like backbone (alternating thienothiophene and bithiophene units),False,False,False,opsin_repair,,False,drop_substituted,,FAILURE,pbttt-like backbone (alternating thienothiophene and bithiophene units) is unparsable due to the following being uninterpretable: pbttt-like backbone (alternatingthienothiopheneandbithiopheneunits) The following was not parseable: pbttt-like backbone (alternatingthienothiopheneandbithiopheneunits),,,,repair,drop_substituted,True,pbttt-like backbone (alternating thienothiophene and bithiophene units),False,,,,,,,,,,,,,,,,
448,g-(0%),pbttt-like backbone (alternating thienothiophene and bithiophene units),pbttt-like backbone (alternating thienothiophene and bithiophene units),pbttt-like backbone (alternating thienothiophene and bithiophene units),False,False,False,opsin_repair,,False,tidy_punct,,FAILURE,pbttt-like backbone (alternating thienothiophene and bithiophene units) is unparsable due to the following being uninterpretable: pbttt-like backbone (alternatingthienothiopheneandbithiopheneunits) The following was not parseable: pbttt-like backbone (alternatingthienothiopheneandbithiopheneunits),,,,repair,tidy_punct,True,pbttt-like backbone (alternating thienothiophene and bithiophene units),False,,,,,,,,,,,,,,,,
448,g-(0%),pbttt-like backbone (alternating thienothiophene and bithiophene units),pbttt-like alternating thienothiophene and bithiophene units,pbttt-like backbone (alternating thienothiophene and bithiophene units),False,False,False,fallback,TEXT_FALLBACK,False,no parse,,,,,,,,,True,,False,,,,,,,,,,,,,,,,
448,g-(0%),,,alkoxy sor-yl,False,False,False,template_expand,,True,[OPSIN-PREPROC] raw='alkoxysidechainsor' -> preprocessed='alkoxy sor-yl',,,,,,,,,,,,,,,alkoxysidechainsor,alkoxy sor-yl,False,False,True,False,False,unknown,low,True,"[{""name"": ""alkoxysidechainsor"", ""count"": 1}]",,
448,g-(0%),,,alkoxy sor-yl,False,False,False,sidechain_non_opsin_compatible,NON_OPSIN_COMPATIBLE,False,ineligible,,,,,,,,,,,,,,,alkoxysidechainsor,alkoxy sor-yl,False,False,True,False,False,,,,,,
448,type 1 blend 75:25 (g-(100%) + g-(50%)),pbttt-like backbone (alternating thienothiophene and bithiophene units),pbttt-like alternating thienothiophene and bithiophene units,pbttt-like backbone (alternating thienothiophene and bithiophene units),False,False,False,opsin_direct,,False,,,FAILURE,pbttt-like backbone (alternating thienothiophene and bithiophene units) is unparsable due to the following being uninterpretable: pbttt-like backbone (alternatingthienothiopheneandbithiopheneunits) The following was not parseable: pbttt-like backbone (alternatingthienothiopheneandbithiopheneunits),,,,direct,,True,pbttt-like backbone (alternating thienothiophene and bithiophene units),False,,,,,,,,,,,,,,,,
448,type 1 blend 75:25 (g-(100%) + g-(50%)),pbttt-like backbone (alternating thienothiophene and bithiophene units),pbttt-like backbone (alternating thienothiophene and bithiophene units),pbttt-like backbone (alternating thienothiophene and bithiophene units),False,False,False,opsin_repair,,False,drop_descriptors,,FAILURE,pbttt-like backbone (alternating thienothiophene and bithiophene units) is unparsable due to the following being uninterpretable: pbttt-like backbone (alternatingthienothiopheneandbithiopheneunits) The following was not parseable: pbttt-like backbone (alternatingthienothiopheneandbithiopheneunits),,,,repair,drop_descriptors,True,pbttt-like backbone (alternating thienothiophene and bithiophene units),False,,,,,,,,,,,,,,,,
448,type 1 blend 75:25 (g-(100%) + g-(50%)),pbttt-like backbone (alternating thienothiophene and bithiophene units),pbttt-like backbone (alternating thienothiophene and bithiophene units),pbttt-like backbone (alternating thienothiophene and bithiophene units),False,False,False,opsin_repair,,False,drop_substituted,,FAILURE,pbttt-like backbone (alternating thienothiophene and bithiophene units) is unparsable due to the following being uninterpretable: pbttt-like backbone (alternatingthienothiopheneandbithiopheneunits) The following was not parseable: pbttt-like backbone (alternatingthienothiopheneandbithiopheneunits),,,,repair,drop_substituted,True,pbttt-like backbone (alternating thienothiophene and bithiophene units),False,,,,,,,,,,,,,,,,
448,type 1 blend 75:25 (g-(100%) + g-(50%)),pbttt-like backbone (alternating thienothiophene and bithiophene units),pbttt-like backbone (alternating thienothiophene and bithiophene units),pbttt-like backbone (alternating thienothiophene and bithiophene units),False,False,False,opsin_repair,,False,tidy_punct,,FAILURE,pbttt-like backbone (alternating thienothiophene and bithiophene units) is unparsable due to the following being uninterpretable: pbttt-like backbone (alternatingthienothiopheneandbithiopheneunits) The following was not parseable: pbttt-like backbone (alternatingthienothiopheneandbithiopheneunits),,,,repair,tidy_punct,True,pbttt-like backbone (alternating thienothiophene and bithiophene units),False,,,,,,,,,,,,,,,,
448,type 1 blend 75:25 (g-(100%) + g-(50%)),pbttt-like backbone (alternating thienothiophene and bithiophene units),pbttt-like alternating thienothiophene and bithiophene units,pbttt-like backbone (alternating thienothiophene and bithiophene units),False,False,False,fallback,TEXT_FALLBACK,False,no parse,,,,,,,,,True,,False,,,,,,,,,,,,,,,,
448,type 2 blend 75:25 (g-(100%) + g-(0%)),pbttt-like backbone (alternating thienothiophene and bithiophene units),pbttt-like alternating thienothiophene and bithiophene units,pbttt-like backbone (alternating thienothiophene and bithiophene units),False,False,False,opsin_direct,,False,,,FAILURE,pbttt-like backbone (alternating thienothiophene and bithiophene units) is unparsable due to the following being uninterpretable: pbttt-like backbone (alternatingthienothiopheneandbithiopheneunits) The following was not parseable: pbttt-like backbone (alternatingthienothiopheneandbithiopheneunits),,,,direct,,True,pbttt-like backbone (alternating thienothiophene and bithiophene units),False,,,,,,,,,,,,,,,,
448,type 2 blend 75:25 (g-(100%) + g-(0%)),pbttt-like backbone (alternating thienothiophene and bithiophene units),pbttt-like backbone (alternating thienothiophene and bithiophene units),pbttt-like backbone (alternating thienothiophene and bithiophene units),False,False,False,opsin_repair,,False,drop_descriptors,,FAILURE,pbttt-like backbone (alternating thienothiophene and bithiophene units) is unparsable due to the following being uninterpretable: pbttt-like backbone (alternatingthienothiopheneandbithiopheneunits) The following was not parseable: pbttt-like backbone (alternatingthienothiopheneandbithiopheneunits),,,,repair,drop_descriptors,True,pbttt-like backbone (alternating thienothiophene and bithiophene units),False,,,,,,,,,,,,,,,,
448,type 2 blend 75:25 (g-(100%) + g-(0%)),pbttt-like backbone (alternating thienothiophene and bithiophene units),pbttt-like backbone (alternating thienothiophene and bithiophene units),pbttt-like backbone (alternating thienothiophene and bithiophene units),False,False,False,opsin_repair,,False,drop_substituted,,FAILURE,pbttt-like backbone (alternating thienothiophene and bithiophene units) is unparsable due to the following being uninterpretable: pbttt-like backbone (alternatingthienothiopheneandbithiopheneunits) The following was not parseable: pbttt-like backbone (alternatingthienothiopheneandbithiopheneunits),,,,repair,drop_substituted,True,pbttt-like backbone (alternating thienothiophene and bithiophene units),False,,,,,,,,,,,,,,,,
448,type 2 blend 75:25 (g-(100%) + g-(0%)),pbttt-like backbone (alternating thienothiophene and bithiophene units),pbttt-like backbone (alternating thienothiophene and bithiophene units),pbttt-like backbone (alternating thienothiophene and bithiophene units),False,False,False,opsin_repair,,False,tidy_punct,,FAILURE,pbttt-like backbone (alternating thienothiophene and bithiophene units) is unparsable due to the following being uninterpretable: pbttt-like backbone (alternatingthienothiopheneandbithiopheneunits) The following was not parseable: pbttt-like backbone (alternatingthienothiopheneandbithiopheneunits),,,,repair,tidy_punct,True,pbttt-like backbone (alternating thienothiophene and bithiophene units),False,,,,,,,,,,,,,,,,
448,type 2 blend 75:25 (g-(100%) + g-(0%)),pbttt-like backbone (alternating thienothiophene and bithiophene units),pbttt-like alternating thienothiophene and bithiophene units,pbttt-like backbone (alternating thienothiophene and bithiophene units),False,False,False,fallback,TEXT_FALLBACK,False,no parse,,,,,,,,,True,,False,,,,,,,,,,,,,,,,
448,type 1 blend 90:10 (g-(100%) + g-(50%)),pbttt-like backbone (alternating thienothiophene and bithiophene units),pbttt-like alternating thienothiophene and bithiophene units,pbttt-like backbone (alternating thienothiophene and bithiophene units),False,False,False,opsin_direct,,False,,,FAILURE,pbttt-like backbone (alternating thienothiophene and bithiophene units) is unparsable due to the following being uninterpretable: pbttt-like backbone (alternatingthienothiopheneandbithiopheneunits) The following was not parseable: pbttt-like backbone (alternatingthienothiopheneandbithiopheneunits),,,,direct,,True,pbttt-like backbone (alternating thienothiophene and bithiophene units),False,,,,,,,,,,,,,,,,
448,type 1 blend 90:10 (g-(100%) + g-(50%)),pbttt-like backbone (alternating thienothiophene and bithiophene units),pbttt-like backbone (alternating thienothiophene and bithiophene units),pbttt-like backbone (alternating thienothiophene and bithiophene units),False,False,False,opsin_repair,,False,drop_descriptors,,FAILURE,pbttt-like backbone (alternating thienothiophene and bithiophene units) is unparsable due to the following being uninterpretable: pbttt-like backbone (alternatingthienothiopheneandbithiopheneunits) The following was not parseable: pbttt-like backbone (alternatingthienothiopheneandbithiopheneunits),,,,repair,drop_descriptors,True,pbttt-like backbone (alternating thienothiophene and bithiophene units),False,,,,,,,,,,,,,,,,
448,type 1 blend 90:10 (g-(100%) + g-(50%)),pbttt-like backbone (alternating thienothiophene and bithiophene units),pbttt-like backbone (alternating thienothiophene and bithiophene units),pbttt-like backbone (alternating thienothiophene and bithiophene units),False,False,False,opsin_repair,,False,drop_substituted,,FAILURE,pbttt-like backbone (alternating thienothiophene and bithiophene units) is unparsable due to the following being uninterpretable: pbttt-like backbone (alternatingthienothiopheneandbithiopheneunits) The following was not parseable: pbttt-like backbone (alternatingthienothiopheneandbithiopheneunits),,,,repair,drop_substituted,True,pbttt-like backbone (alternating thienothiophene and bithiophene units),False,,,,,,,,,,,,,,,,
448,type 1 blend 90:10 (g-(100%) + g-(50%)),pbttt-like backbone (alternating thienothiophene and bithiophene units),pbttt-like backbone (alternating thienothiophene and bithiophene units),pbttt-like backbone (alternating thienothiophene and bithiophene units),False,False,False,opsin_repair,,False,tidy_punct,,FAILURE,pbttt-like backbone (alternating thienothiophene and bithiophene units) is unparsable due to the following being uninterpretable: pbttt-like backbone (alternatingthienothiopheneandbithiopheneunits) The following was not parseable: pbttt-like backbone (alternatingthienothiopheneandbithiopheneunits),,,,repair,tidy_punct,True,pbttt-like backbone (alternating thienothiophene and bithiophene units),False,,,,,,,,,,,,,,,,
448,type 1 blend 90:10 (g-(100%) + g-(50%)),pbttt-like backbone (alternating thienothiophene and bithiophene units),pbttt-like alternating thienothiophene and bithiophene units,pbttt-like backbone (alternating thienothiophene and bithiophene units),False,False,False,fallback,TEXT_FALLBACK,False,no parse,,,,,,,,,True,,False,,,,,,,,,,,,,,,,
448,type 2 blend 90:10 (g-(100%) + g-(0%)),pbttt-like backbone (alternating thienothiophene and bithiophene units),pbttt-like alternating thienothiophene and bithiophene units,pbttt-like backbone (alternating thienothiophene and bithiophene units),False,False,False,opsin_direct,,False,,,FAILURE,pbttt-like backbone (alternating thienothiophene and bithiophene units) is unparsable due to the following being uninterpretable: pbttt-like backbone (alternatingthienothiopheneandbithiopheneunits) The following was not parseable: pbttt-like backbone (alternatingthienothiopheneandbithiopheneunits),,,,direct,,True,pbttt-like backbone (alternating thienothiophene and bithiophene units),False,,,,,,,,,,,,,,,,
448,type 2 blend 90:10 (g-(100%) + g-(0%)),pbttt-like backbone (alternating thienothiophene and bithiophene units),pbttt-like backbone (alternating thienothiophene and bithiophene units),pbttt-like backbone (alternating thienothiophene and bithiophene units),False,False,False,opsin_repair,,False,drop_descriptors,,FAILURE,pbttt-like backbone (alternating thienothiophene and bithiophene units) is unparsable due to the following being uninterpretable: pbttt-like backbone (alternatingthienothiopheneandbithiopheneunits) The following was not parseable: pbttt-like backbone (alternatingthienothiopheneandbithiopheneunits),,,,repair,drop_descriptors,True,pbttt-like backbone (alternating thienothiophene and bithiophene units),False,,,,,,,,,,,,,,,,
448,type 2 blend 90:10 (g-(100%) + g-(0%)),pbttt-like backbone (alternating thienothiophene and bithiophene units),pbttt-like backbone (alternating thienothiophene and bithiophene units),pbttt-like backbone (alternating thienothiophene and bithiophene units),False,False,False,opsin_repair,,False,drop_substituted,,FAILURE,pbttt-like backbone (alternating thienothiophene and bithiophene units) is unparsable due to the following being uninterpretable: pbttt-like backbone (alternatingthienothiopheneandbithiopheneunits) The following was not parseable: pbttt-like backbone (alternatingthienothiopheneandbithiopheneunits),,,,repair,drop_substituted,True,pbttt-like backbone (alternating thienothiophene and bithiophene units),False,,,,,,,,,,,,,,,,
448,type 2 blend 90:10 (g-(100%) + g-(0%)),pbttt-like backbone (alternating thienothiophene and bithiophene units),pbttt-like backbone (alternating thienothiophene and bithiophene units),pbttt-like backbone (alternating thienothiophene and bithiophene units),False,False,False,opsin_repair,,False,tidy_punct,,FAILURE,pbttt-like backbone (alternating thienothiophene and bithiophene units) is unparsable due to the following being uninterpretable: pbttt-like backbone (alternatingthienothiopheneandbithiopheneunits) The following was not parseable: pbttt-like backbone (alternatingthienothiopheneandbithiopheneunits),,,,repair,tidy_punct,True,pbttt-like backbone (alternating thienothiophene and bithiophene units),False,,,,,,,,,,,,,,,,
448,type 2 blend 90:10 (g-(100%) + g-(0%)),pbttt-like backbone (alternating thienothiophene and bithiophene units),pbttt-like alternating thienothiophene and bithiophene units,pbttt-like backbone (alternating thienothiophene and bithiophene units),False,False,False,fallback,TEXT_FALLBACK,False,no parse,,,,,,,,,True,,False,,,,,,,,,,,,,,,,
458,p1,polythiophene (bithiophene) backbone,polythiophene bithiophene,polythiophene (bithiophene) backbone,False,False,False,opsin_direct,,False,,,FAILURE,polythiophene (bithiophene) backbone is unparsable due to the following being uninterpretable: backbone The following was not parseable: backbone,,,,direct,,True,polythiophene (bithiophene) backbone,False,,,,,,,,,,,,,,,,
458,p1,polythiophene (bithiophene) backbone,polythiophene (bithiophene) backbone,polythiophene (bithiophene) backbone,False,False,False,opsin_repair,,False,drop_descriptors,,FAILURE,polythiophene (bithiophene) backbone is unparsable due to the following being uninterpretable: backbone The following was not parseable: backbone,,,,repair,drop_descriptors,True,polythiophene (bithiophene) backbone,False,,,,,,,,,,,,,,,,
458,p1,polythiophene (bithiophene) backbone,polythiophene (bithiophene) backbone,polythiophene (bithiophene) backbone,False,False,False,opsin_repair,,False,drop_substituted,,FAILURE,polythiophene (bithiophene) backbone is unparsable due to the following being uninterpretable: backbone The following was not parseable: backbone,,,,repair,drop_substituted,True,polythiophene (bithiophene) backbone,False,,,,,,,,,,,,,,,,
458,p1,polythiophene (bithiophene) backbone,polythiophene (bithiophene) backbone,polythiophene (bithiophene) backbone,False,False,False,opsin_repair,,False,tidy_punct,,FAILURE,polythiophene (bithiophene) backbone is unparsable due to the following being uninterpretable: backbone The following was not parseable: backbone,,,,repair,tidy_punct,True,polythiophene (bithiophene) backbone,False,,,,,,,,,,,,,,,,
458,p1,polythiophene (bithiophene) backbone,polythiophene bithiophene,polythiophene (bithiophene) backbone,False,False,False,fallback,TEXT_FALLBACK,False,no parse,,,,,,,,,True,,False,,,,,,,,,,,,,,,,
458,p1,,,branchedalkyl-bridgedcarbonylester s-yl,False,False,False,template_expand,,True,[OPSIN-PREPROC] raw='branchedalkyl-bridgedcarbonylestersidechains' -> preprocessed='branchedalkyl-bridgedcarbonylester s-yl',,,,,,,,,,,,,,,branchedalkyl-bridgedcarbonylestersidechains,branchedalkyl-bridgedcarbonylester s-yl,False,False,True,False,False,unknown,low,True,"[{""name"": ""branchedalkyl-bridgedcarbonylestersidechains"", ""count"": 1}]",,
458,p1,,,branchedalkyl-bridgedcarbonylester s-yl,False,False,False,sidechain_non_opsin_compatible,NON_OPSIN_COMPATIBLE,False,ineligible,,,,,,,,,,,,,,,branchedalkyl-bridgedcarbonylestersidechains,branchedalkyl-bridgedcarbonylester s-yl,False,False,True,False,False,,,,,,
458,p2,polythiophene (bithiophene) backbone,polythiophene bithiophene,polythiophene (bithiophene) backbone,False,False,False,opsin_direct,,False,,,FAILURE,polythiophene (bithiophene) backbone is unparsable due to the following being uninterpretable: backbone The following was not parseable: backbone,,,,direct,,True,polythiophene (bithiophene) backbone,False,,,,,,,,,,,,,,,,
458,p2,polythiophene (bithiophene) backbone,polythiophene (bithiophene) backbone,polythiophene (bithiophene) backbone,False,False,False,opsin_repair,,False,drop_descriptors,,FAILURE,polythiophene (bithiophene) backbone is unparsable due to the following being uninterpretable: backbone The following was not parseable: backbone,,,,repair,drop_descriptors,True,polythiophene (bithiophene) backbone,False,,,,,,,,,,,,,,,,
458,p2,polythiophene (bithiophene) backbone,polythiophene (bithiophene) backbone,polythiophene (bithiophene) backbone,False,False,False,opsin_repair,,False,drop_substituted,,FAILURE,polythiophene (bithiophene) backbone is unparsable due to the following being uninterpretable: backbone The following was not parseable: backbone,,,,repair,drop_substituted,True,polythiophene (bithiophene) backbone,False,,,,,,,,,,,,,,,,
458,p2,polythiophene (bithiophene) backbone,polythiophene (bithiophene) backbone,polythiophene (bithiophene) backbone,False,False,False,opsin_repair,,False,tidy_punct,,FAILURE,polythiophene (bithiophene) backbone is unparsable due to the following being uninterpretable: backbone The following was not parseable: backbone,,,,repair,tidy_punct,True,polythiophene (bithiophene) backbone,False,,,,,,,,,,,,,,,,
458,p2,polythiophene (bithiophene) backbone,polythiophene bithiophene,polythiophene (bithiophene) backbone,False,False,False,fallback,TEXT_FALLBACK,False,no parse,,,,,,,,,True,,False,,,,,,,,,,,,,,,,
458,p2,,,tetraethylenethoxyethyllycol-bridgedcarbonylester s-yl,False,False,False,template_expand,,True,[OPSIN-PREPROC] raw='tetrac2eneglycol-bridgedcarbonylestersidechains' -> preprocessed='tetraethylenethoxyethyllycol-bridgedcarbonylester s-yl',,,,,,,,,,,,,,,tetrac2eneglycol-bridgedcarbonylestersidechains,tetraethylenethoxyethyllycol-bridgedcarbonylester s-yl,False,False,True,False,False,unknown,low,True,"[{""name"": ""tetrac2eneglycol-bridgedcarbonylestersidechains"", ""count"": 1}]",,
458,p2,,,tetraethylenethoxyethyllycol-bridgedcarbonylester s-yl,False,False,False,sidechain_length,ALKYL_LENGTH,True,,CC,,,,,,,,,,,,,,tetrac2eneglycol-bridgedcarbonylestersidechains,tetraethylenethoxyethyllycol-bridgedcarbonylester s-yl,False,False,True,False,False,,,,,,
458,p3,polythiophene (bithiophene) backbone,polythiophene bithiophene,polythiophene (bithiophene) backbone,False,False,False,opsin_direct,,False,,,FAILURE,polythiophene (bithiophene) backbone is unparsable due to the following being uninterpretable: backbone The following was not parseable: backbone,,,,direct,,True,polythiophene (bithiophene) backbone,False,,,,,,,,,,,,,,,,
458,p3,polythiophene (bithiophene) backbone,polythiophene (bithiophene) backbone,polythiophene (bithiophene) backbone,False,False,False,opsin_repair,,False,drop_descriptors,,FAILURE,polythiophene (bithiophene) backbone is unparsable due to the following being uninterpretable: backbone The following was not parseable: backbone,,,,repair,drop_descriptors,True,polythiophene (bithiophene) backbone,False,,,,,,,,,,,,,,,,
458,p3,polythiophene (bithiophene) backbone,polythiophene (bithiophene) backbone,polythiophene (bithiophene) backbone,False,False,False,opsin_repair,,False,drop_substituted,,FAILURE,polythiophene (bithiophene) backbone is unparsable due to the following being uninterpretable: backbone The following was not parseable: backbone,,,,repair,drop_substituted,True,polythiophene (bithiophene) backbone,False,,,,,,,,,,,,,,,,
458,p3,polythiophene (bithiophene) backbone,polythiophene (bithiophene) backbone,polythiophene (bithiophene) backbone,False,False,False,opsin_repair,,False,tidy_punct,,FAILURE,polythiophene (bithiophene) backbone is unparsable due to the following being uninterpretable: backbone The following was not parseable: backbone,,,,repair,tidy_punct,True,polythiophene (bithiophene) backbone,False,,,,,,,,,,,,,,,,
458,p3,polythiophene (bithiophene) backbone,polythiophene bithiophene,polythiophene (bithiophene) backbone,False,False,False,fallback,TEXT_FALLBACK,False,no parse,,,,,,,,,True,,False,,,,,,,,,,,,,,,,
458,p3,,,tetraethylenethoxyethyllycol s-yl,False,False,False,template_expand,,True,[OPSIN-PREPROC] raw='tetrac2eneglycolsidechains' -> preprocessed='tetraethylenethoxyethyllycol s-yl',,,,,,,,,,,,,,,tetrac2eneglycolsidechains,tetraethylenethoxyethyllycol s-yl,False,False,True,False,False,unknown,low,True,"[{""name"": ""tetrac2eneglycolsidechains"", ""count"": 1}]",,
458,p3,,,tetraethylenethoxyethyllycol s-yl,False,False,False,sidechain_length,ALKYL_LENGTH,True,,CC,,,,,,,,,,,,,,tetrac2eneglycolsidechains,tetraethylenethoxyethyllycol s-yl,False,False,True,False,False,,,,,,
484,pbdt-tt,"bdt and thieno[3,4-b]thiophene",bdt and thieno 3 4-b thiophene,"bdt and thieno[3,4-b]thiophene",False,False,False,opsin_direct,,False,,,FAILURE,"bdt and thieno[3,4-b]thiophene is unparsable due to the following being uninterpretable: bdt and thieno[3,4-b]thiophene The following was not parseable: bdt and thieno[3,4-b]thiophene",,,,direct,,True,"bdt and thieno[3,4-b]thiophene",False,,,,,,,,,,,,,,,,
484,pbdt-tt,"bdt and thieno[3,4-b]thiophene","bdt and thieno[3,4-b]thiophene","bdt and thieno[3,4-b]thiophene",False,False,False,opsin_repair,,False,drop_descriptors,,FAILURE,"bdt and thieno[3,4-b]thiophene is unparsable due to the following being uninterpretable: bdt and thieno[3,4-b]thiophene The following was not parseable: bdt and thieno[3,4-b]thiophene",,,,repair,drop_descriptors,True,"bdt and thieno[3,4-b]thiophene",False,,,,,,,,,,,,,,,,
484,pbdt-tt,"bdt and thieno[3,4-b]thiophene","bdt and thieno[3,4-b]thiophene","bdt and thieno[3,4-b]thiophene",False,False,False,opsin_repair,,False,drop_substituted,,FAILURE,"bdt and thieno[3,4-b]thiophene is unparsable due to the following being uninterpretable: bdt and thieno[3,4-b]thiophene The following was not parseable: bdt and thieno[3,4-b]thiophene",,,,repair,drop_substituted,True,"bdt and thieno[3,4-b]thiophene",False,,,,,,,,,,,,,,,,
484,pbdt-tt,"bdt and thieno[3,4-b]thiophene","bdt and thieno[3,4-b]thiophene","bdt and thieno[3,4-b]thiophene",False,False,False,opsin_repair,,False,tidy_punct,,FAILURE,"bdt and thieno[3,4-b]thiophene is unparsable due to the following being uninterpretable: bdt and thieno[3,4-b]thiophene The following was not parseable: bdt and thieno[3,4-b]thiophene",,,,repair,tidy_punct,True,"bdt and thieno[3,4-b]thiophene",False,,,,,,,,,,,,,,,,
484,pbdt-tt,"bdt and thieno[3,4-b]thiophene",bdt and thieno 3 4-b thiophene,"bdt and thieno[3,4-b]thiophene",False,False,False,fallback,TEXT_FALLBACK,False,no parse,,,,,,,,,True,,False,,,,,,,,,,,,,,,,
484,pbdt-tt,"bdt and thieno[3,4-b]thiophene",bdt and thieno 3 4-b thiophene,"bdt and thieno[3,4-b]thiophene",False,False,False,opsin_direct,,False,,,FAILURE,"bdt and thieno[3,4-b]thiophene is unparsable due to the following being uninterpretable: bdt and thieno[3,4-b]thiophene The following was not parseable: bdt and thieno[3,4-b]thiophene",,,,direct,,True,"bdt and thieno[3,4-b]thiophene",False,,,,,,,,,,,,,,,,
484,pbdt-tt,"bdt and thieno[3,4-b]thiophene","bdt and thieno[3,4-b]thiophene","bdt and thieno[3,4-b]thiophene",False,False,False,opsin_repair,,False,drop_descriptors,,FAILURE,"bdt and thieno[3,4-b]thiophene is unparsable due to the following being uninterpretable: bdt and thieno[3,4-b]thiophene The following was not parseable: bdt and thieno[3,4-b]thiophene",,,,repair,drop_descriptors,True,"bdt and thieno[3,4-b]thiophene",False,,,,,,,,,,,,,,,,
484,pbdt-tt,"bdt and thieno[3,4-b]thiophene","bdt and thieno[3,4-b]thiophene","bdt and thieno[3,4-b]thiophene",False,False,False,opsin_repair,,False,drop_substituted,,FAILURE,"bdt and thieno[3,4-b]thiophene is unparsable due to the following being uninterpretable: bdt and thieno[3,4-b]thiophene The following was not parseable: bdt and thieno[3,4-b]thiophene",,,,repair,drop_substituted,True,"bdt and thieno[3,4-b]thiophene",False,,,,,,,,,,,,,,,,
484,pbdt-tt,"bdt and thieno[3,4-b]thiophene","bdt and thieno[3,4-b]thiophene","bdt and thieno[3,4-b]thiophene",False,False,False,opsin_repair,,False,tidy_punct,,FAILURE,"bdt and thieno[3,4-b]thiophene is unparsable due to the following being uninterpretable: bdt and thieno[3,4-b]thiophene The following was not parseable: bdt and thieno[3,4-b]thiophene",,,,repair,tidy_punct,True,"bdt and thieno[3,4-b]thiophene",False,,,,,,,,,,,,,,,,
484,pbdt-tt,"bdt and thieno[3,4-b]thiophene",bdt and thieno 3 4-b thiophene,"bdt and thieno[3,4-b]thiophene",False,False,False,fallback,TEXT_FALLBACK,False,no parse,,,,,,,,,True,,False,,,,,,,,,,,,,,,,
484,pbdt-tt,"bdt and thieno[3,4-b]thiophene",bdt and thieno 3 4-b thiophene,"bdt and thieno[3,4-b]thiophene",False,False,False,opsin_direct,,False,,,FAILURE,"bdt and thieno[3,4-b]thiophene is unparsable due to the following being uninterpretable: bdt and thieno[3,4-b]thiophene The following was not parseable: bdt and thieno[3,4-b]thiophene",,,,direct,,True,"bdt and thieno[3,4-b]thiophene",False,,,,,,,,,,,,,,,,
484,pbdt-tt,"bdt and thieno[3,4-b]thiophene","bdt and thieno[3,4-b]thiophene","bdt and thieno[3,4-b]thiophene",False,False,False,opsin_repair,,False,drop_descriptors,,FAILURE,"bdt and thieno[3,4-b]thiophene is unparsable due to the following being uninterpretable: bdt and thieno[3,4-b]thiophene The following was not parseable: bdt and thieno[3,4-b]thiophene",,,,repair,drop_descriptors,True,"bdt and thieno[3,4-b]thiophene",False,,,,,,,,,,,,,,,,
484,pbdt-tt,"bdt and thieno[3,4-b]thiophene","bdt and thieno[3,4-b]thiophene","bdt and thieno[3,4-b]thiophene",False,False,False,opsin_repair,,False,drop_substituted,,FAILURE,"bdt and thieno[3,4-b]thiophene is unparsable due to the following being uninterpretable: bdt and thieno[3,4-b]thiophene The following was not parseable: bdt and thieno[3,4-b]thiophene",,,,repair,drop_substituted,True,"bdt and thieno[3,4-b]thiophene",False,,,,,,,,,,,,,,,,
484,pbdt-tt,"bdt and thieno[3,4-b]thiophene","bdt and thieno[3,4-b]thiophene","bdt and thieno[3,4-b]thiophene",False,False,False,opsin_repair,,False,tidy_punct,,FAILURE,"bdt and thieno[3,4-b]thiophene is unparsable due to the following being uninterpretable: bdt and thieno[3,4-b]thiophene The following was not parseable: bdt and thieno[3,4-b]thiophene",,,,repair,tidy_punct,True,"bdt and thieno[3,4-b]thiophene",False,,,,,,,,,,,,,,,,
484,pbdt-tt,"bdt and thieno[3,4-b]thiophene",bdt and thieno 3 4-b thiophene,"bdt and thieno[3,4-b]thiophene",False,False,False,fallback,TEXT_FALLBACK,False,no parse,,,,,,,,,True,,False,,,,,,,,,,,,,,,,
484,pbdt-tt-teo,"bdt and thieno[3,4-b]thiophene",bdt and thieno 3 4-b thiophene,"bdt and thieno[3,4-b]thiophene",False,False,False,opsin_direct,,False,,,FAILURE,"bdt and thieno[3,4-b]thiophene is unparsable due to the following being uninterpretable: bdt and thieno[3,4-b]thiophene The following was not parseable: bdt and thieno[3,4-b]thiophene",,,,direct,,True,"bdt and thieno[3,4-b]thiophene",False,,,,,,,,,,,,,,,,
484,pbdt-tt-teo,"bdt and thieno[3,4-b]thiophene","bdt and thieno[3,4-b]thiophene","bdt and thieno[3,4-b]thiophene",False,False,False,opsin_repair,,False,drop_descriptors,,FAILURE,"bdt and thieno[3,4-b]thiophene is unparsable due to the following being uninterpretable: bdt and thieno[3,4-b]thiophene The following was not parseable: bdt and thieno[3,4-b]thiophene",,,,repair,drop_descriptors,True,"bdt and thieno[3,4-b]thiophene",False,,,,,,,,,,,,,,,,
484,pbdt-tt-teo,"bdt and thieno[3,4-b]thiophene","bdt and thieno[3,4-b]thiophene","bdt and thieno[3,4-b]thiophene",False,False,False,opsin_repair,,False,drop_substituted,,FAILURE,"bdt and thieno[3,4-b]thiophene is unparsable due to the following being uninterpretable: bdt and thieno[3,4-b]thiophene The following was not parseable: bdt and thieno[3,4-b]thiophene",,,,repair,drop_substituted,True,"bdt and thieno[3,4-b]thiophene",False,,,,,,,,,,,,,,,,
484,pbdt-tt-teo,"bdt and thieno[3,4-b]thiophene","bdt and thieno[3,4-b]thiophene","bdt and thieno[3,4-b]thiophene",False,False,False,opsin_repair,,False,tidy_punct,,FAILURE,"bdt and thieno[3,4-b]thiophene is unparsable due to the following being uninterpretable: bdt and thieno[3,4-b]thiophene The following was not parseable: bdt and thieno[3,4-b]thiophene",,,,repair,tidy_punct,True,"bdt and thieno[3,4-b]thiophene",False,,,,,,,,,,,,,,,,
484,pbdt-tt-teo,"bdt and thieno[3,4-b]thiophene",bdt and thieno 3 4-b thiophene,"bdt and thieno[3,4-b]thiophene",False,False,False,fallback,TEXT_FALLBACK,False,no parse,,,,,,,,,True,,False,,,,,,,,,,,,,,,,
484,pbdt-tt-teo,,,tt-teo-yl,False,False,False,template_expand,,True,[OPSIN-PREPROC] raw='tt-teo' -> preprocessed='tt-teo-yl',,,,,,,,,,,,,,,tt-teo,tt-teo-yl,False,False,True,False,False,unknown,low,True,"[{""name"": ""tt-teo"", ""count"": 1}]",,
484,pbdt-tt-teo,,,tt-teo-yl,False,False,False,sidechain_non_opsin_compatible,NON_OPSIN_COMPATIBLE,False,ineligible,,,,,,,,,,,,,,,tt-teo,tt-teo-yl,False,False,True,False,False,,,,,,
484,pbdt-tt-teo,"bdt and thieno[3,4-b]thiophene",bdt and thieno 3 4-b thiophene,"bdt and thieno[3,4-b]thiophene",False,False,False,opsin_direct,,False,,,FAILURE,"bdt and thieno[3,4-b]thiophene is unparsable due to the following being uninterpretable: bdt and thieno[3,4-b]thiophene The following was not parseable: bdt and thieno[3,4-b]thiophene",,,,direct,,True,"bdt and thieno[3,4-b]thiophene",False,,,,,,,,,,,,,,,,
484,pbdt-tt-teo,"bdt and thieno[3,4-b]thiophene","bdt and thieno[3,4-b]thiophene","bdt and thieno[3,4-b]thiophene",False,False,False,opsin_repair,,False,drop_descriptors,,FAILURE,"bdt and thieno[3,4-b]thiophene is unparsable due to the following being uninterpretable: bdt and thieno[3,4-b]thiophene The following was not parseable: bdt and thieno[3,4-b]thiophene",,,,repair,drop_descriptors,True,"bdt and thieno[3,4-b]thiophene",False,,,,,,,,,,,,,,,,
484,pbdt-tt-teo,"bdt and thieno[3,4-b]thiophene","bdt and thieno[3,4-b]thiophene","bdt and thieno[3,4-b]thiophene",False,False,False,opsin_repair,,False,drop_substituted,,FAILURE,"bdt and thieno[3,4-b]thiophene is unparsable due to the following being uninterpretable: bdt and thieno[3,4-b]thiophene The following was not parseable: bdt and thieno[3,4-b]thiophene",,,,repair,drop_substituted,True,"bdt and thieno[3,4-b]thiophene",False,,,,,,,,,,,,,,,,
484,pbdt-tt-teo,"bdt and thieno[3,4-b]thiophene","bdt and thieno[3,4-b]thiophene","bdt and thieno[3,4-b]thiophene",False,False,False,opsin_repair,,False,tidy_punct,,FAILURE,"bdt and thieno[3,4-b]thiophene is unparsable due to the following being uninterpretable: bdt and thieno[3,4-b]thiophene The following was not parseable: bdt and thieno[3,4-b]thiophene",,,,repair,tidy_punct,True,"bdt and thieno[3,4-b]thiophene",False,,,,,,,,,,,,,,,,
484,pbdt-tt-teo,"bdt and thieno[3,4-b]thiophene",bdt and thieno 3 4-b thiophene,"bdt and thieno[3,4-b]thiophene",False,False,False,fallback,TEXT_FALLBACK,False,no parse,,,,,,,,,True,,False,,,,,,,,,,,,,,,,
484,pbdt-tt-teo,,,tt-teo-yl,False,False,False,template_expand,,True,[OPSIN-PREPROC] raw='tt-teo' -> preprocessed='tt-teo-yl',,,,,,,,,,,,,,,tt-teo,tt-teo-yl,False,False,True,False,False,unknown,low,True,"[{""name"": ""tt-teo"", ""count"": 1}]",,
484,pbdt-tt-teo,,,tt-teo-yl,False,False,False,sidechain_non_opsin_compatible,NON_OPSIN_COMPATIBLE,False,ineligible,,,,,,,,,,,,,,,tt-teo,tt-teo-yl,False,False,True,False,False,,,,,,
484,pbdt-tt-teo,"bdt and thieno[3,4-b]thiophene",bdt and thieno 3 4-b thiophene,"bdt and thieno[3,4-b]thiophene",False,False,False,opsin_direct,,False,,,FAILURE,"bdt and thieno[3,4-b]thiophene is unparsable due to the following being uninterpretable: bdt and thieno[3,4-b]thiophene The following was not parseable: bdt and thieno[3,4-b]thiophene",,,,direct,,True,"bdt and thieno[3,4-b]thiophene",False,,,,,,,,,,,,,,,,
484,pbdt-tt-teo,"bdt and thieno[3,4-b]thiophene","bdt and thieno[3,4-b]thiophene","bdt and thieno[3,4-b]thiophene",False,False,False,opsin_repair,,False,drop_descriptors,,FAILURE,"bdt and thieno[3,4-b]thiophene is unparsable due to the following being uninterpretable: bdt and thieno[3,4-b]thiophene The following was not parseable: bdt and thieno[3,4-b]thiophene",,,,repair,drop_descriptors,True,"bdt and thieno[3,4-b]thiophene",False,,,,,,,,,,,,,,,,
484,pbdt-tt-teo,"bdt and thieno[3,4-b]thiophene","bdt and thieno[3,4-b]thiophene","bdt and thieno[3,4-b]thiophene",False,False,False,opsin_repair,,False,drop_substituted,,FAILURE,"bdt and thieno[3,4-b]thiophene is unparsable due to the following being uninterpretable: bdt and thieno[3,4-b]thiophene The following was not parseable: bdt and thieno[3,4-b]thiophene",,,,repair,drop_substituted,True,"bdt and thieno[3,4-b]thiophene",False,,,,,,,,,,,,,,,,
484,pbdt-tt-teo,"bdt and thieno[3,4-b]thiophene","bdt and thieno[3,4-b]thiophene","bdt and thieno[3,4-b]thiophene",False,False,False,opsin_repair,,False,tidy_punct,,FAILURE,"bdt and thieno[3,4-b]thiophene is unparsable due to the following being uninterpretable: bdt and thieno[3,4-b]thiophene The following was not parseable: bdt and thieno[3,4-b]thiophene",,,,repair,tidy_punct,True,"bdt and thieno[3,4-b]thiophene",False,,,,,,,,,,,,,,,,
484,pbdt-tt-teo,"bdt and thieno[3,4-b]thiophene",bdt and thieno 3 4-b thiophene,"bdt and thieno[3,4-b]thiophene",False,False,False,fallback,TEXT_FALLBACK,False,no parse,,,,,,,,,True,,False,,,,,,,,,,,,,,,,
484,pbdt-tt-teo,,,tt-teo-yl,False,False,False,template_expand,,True,[OPSIN-PREPROC] raw='tt-teo' -> preprocessed='tt-teo-yl',,,,,,,,,,,,,,,tt-teo,tt-teo-yl,False,False,True,False,False,unknown,low,True,"[{""name"": ""tt-teo"", ""count"": 1}]",,
484,pbdt-tt-teo,,,tt-teo-yl,False,False,False,sidechain_non_opsin_compatible,NON_OPSIN_COMPATIBLE,False,ineligible,,,,,,,,,,,,,,,tt-teo,tt-teo-yl,False,False,True,False,False,,,,,,
445,p1,poly(thienylene vinylene),poly thienylene vinylene,poly(thienylene vinylene),False,False,False,opsin_direct,,False,,,FAILURE,poly(thienylene vinylene) is unparsable due to the following being uninterpretable: enevinylene) The following was not parseable: enevinylene),,,,direct,,True,poly(thienylene vinylene),False,,,,,,,,,,,,,,,,
445,p1,poly(thienylene vinylene),poly(thienylene vinylene),poly(thienylene vinylene),False,False,False,opsin_repair,,False,drop_descriptors,,FAILURE,poly(thienylene vinylene) is unparsable due to the following being uninterpretable: enevinylene) The following was not parseable: enevinylene),,,,repair,drop_descriptors,True,poly(thienylene vinylene),False,,,,,,,,,,,,,,,,
445,p1,poly(thienylene vinylene),poly(thienylene vinylene),poly(thienylene vinylene),False,False,False,opsin_repair,,False,drop_substituted,,FAILURE,poly(thienylene vinylene) is unparsable due to the following being uninterpretable: enevinylene) The following was not parseable: enevinylene),,,,repair,drop_substituted,True,poly(thienylene vinylene),False,,,,,,,,,,,,,,,,
445,p1,poly(thienylene vinylene),poly(thienylene vinylene),poly(thienylene vinylene),False,False,False,opsin_repair,,False,tidy_punct,,FAILURE,poly(thienylene vinylene) is unparsable due to the following being uninterpretable: enevinylene) The following was not parseable: enevinylene),,,,repair,tidy_punct,True,poly(thienylene vinylene),False,,,,,,,,,,,,,,,,
445,p1,poly(thienylene vinylene),poly thienylene vinylene,poly(thienylene vinylene),False,False,False,fallback,TEXT_FALLBACK,False,no parse,,,,,,,,,True,,False,,,,,,,,,,,,,,,,
445,p2,poly(thienylene vinylene),poly thienylene vinylene,poly(thienylene vinylene),False,False,False,opsin_direct,,False,,,FAILURE,poly(thienylene vinylene) is unparsable due to the following being uninterpretable: enevinylene) The following was not parseable: enevinylene),,,,direct,,True,poly(thienylene vinylene),False,,,,,,,,,,,,,,,,
445,p2,poly(thienylene vinylene),poly(thienylene vinylene),poly(thienylene vinylene),False,False,False,opsin_repair,,False,drop_descriptors,,FAILURE,poly(thienylene vinylene) is unparsable due to the following being uninterpretable: enevinylene) The following was not parseable: enevinylene),,,,repair,drop_descriptors,True,poly(thienylene vinylene),False,,,,,,,,,,,,,,,,
445,p2,poly(thienylene vinylene),poly(thienylene vinylene),poly(thienylene vinylene),False,False,False,opsin_repair,,False,drop_substituted,,FAILURE,poly(thienylene vinylene) is unparsable due to the following being uninterpretable: enevinylene) The following was not parseable: enevinylene),,,,repair,drop_substituted,True,poly(thienylene vinylene),False,,,,,,,,,,,,,,,,
445,p2,poly(thienylene vinylene),poly(thienylene vinylene),poly(thienylene vinylene),False,False,False,opsin_repair,,False,tidy_punct,,FAILURE,poly(thienylene vinylene) is unparsable due to the following being uninterpretable: enevinylene) The following was not parseable: enevinylene),,,,repair,tidy_punct,True,poly(thienylene vinylene),False,,,,,,,,,,,,,,,,
445,p2,poly(thienylene vinylene),poly thienylene vinylene,poly(thienylene vinylene),False,False,False,fallback,TEXT_FALLBACK,False,no parse,,,,,,,,,True,,False,,,,,,,,,,,,,,,,
445,p3,poly(thienylene vinylene),poly thienylene vinylene,poly(thienylene vinylene),False,False,False,opsin_direct,,False,,,FAILURE,poly(thienylene vinylene) is unparsable due to the following being uninterpretable: enevinylene) The following was not parseable: enevinylene),,,,direct,,True,poly(thienylene vinylene),False,,,,,,,,,,,,,,,,
445,p3,poly(thienylene vinylene),poly(thienylene vinylene),poly(thienylene vinylene),False,False,False,opsin_repair,,False,drop_descriptors,,FAILURE,poly(thienylene vinylene) is unparsable due to the following being uninterpretable: enevinylene) The following was not parseable: enevinylene),,,,repair,drop_descriptors,True,poly(thienylene vinylene),False,,,,,,,,,,,,,,,,
445,p3,poly(thienylene vinylene),poly(thienylene vinylene),poly(thienylene vinylene),False,False,False,opsin_repair,,False,drop_substituted,,FAILURE,poly(thienylene vinylene) is unparsable due to the following being uninterpretable: enevinylene) The following was not parseable: enevinylene),,,,repair,drop_substituted,True,poly(thienylene vinylene),False,,,,,,,,,,,,,,,,
445,p3,poly(thienylene vinylene),poly(thienylene vinylene),poly(thienylene vinylene),False,False,False,opsin_repair,,False,tidy_punct,,FAILURE,poly(thienylene vinylene) is unparsable due to the following being uninterpretable: enevinylene) The following was not parseable: enevinylene),,,,repair,tidy_punct,True,poly(thienylene vinylene),False,,,,,,,,,,,,,,,,
445,p3,poly(thienylene vinylene),poly thienylene vinylene,poly(thienylene vinylene),False,False,False,fallback,TEXT_FALLBACK,False,no parse,,,,,,,,,True,,False,,,,,,,,,,,,,,,,
445,p4,poly(thienylene vinylene),poly thienylene vinylene,poly(thienylene vinylene),False,False,False,opsin_direct,,False,,,FAILURE,poly(thienylene vinylene) is unparsable due to the following being uninterpretable: enevinylene) The following was not parseable: enevinylene),,,,direct,,True,poly(thienylene vinylene),False,,,,,,,,,,,,,,,,
445,p4,poly(thienylene vinylene),poly(thienylene vinylene),poly(thienylene vinylene),False,False,False,opsin_repair,,False,drop_descriptors,,FAILURE,poly(thienylene vinylene) is unparsable due to the following being uninterpretable: enevinylene) The following was not parseable: enevinylene),,,,repair,drop_descriptors,True,poly(thienylene vinylene),False,,,,,,,,,,,,,,,,
445,p4,poly(thienylene vinylene),poly(thienylene vinylene),poly(thienylene vinylene),False,False,False,opsin_repair,,False,drop_substituted,,FAILURE,poly(thienylene vinylene) is unparsable due to the following being uninterpretable: enevinylene) The following was not parseable: enevinylene),,,,repair,drop_substituted,True,poly(thienylene vinylene),False,,,,,,,,,,,,,,,,
445,p4,poly(thienylene vinylene),poly(thienylene vinylene),poly(thienylene vinylene),False,False,False,opsin_repair,,False,tidy_punct,,FAILURE,poly(thienylene vinylene) is unparsable due to the following being uninterpretable: enevinylene) The following was not parseable: enevinylene),,,,repair,tidy_punct,True,poly(thienylene vinylene),False,,,,,,,,,,,,,,,,
445,p4,poly(thienylene vinylene),poly thienylene vinylene,poly(thienylene vinylene),False,False,False,fallback,TEXT_FALLBACK,False,no parse,,,,,,,,,True,,False,,,,,,,,,,,,,,,,
436,pcdtpt-odd,"4-(4,4-bis(2-octyldodecyl)-4h-cyclopenta[1,2-b:5,4-b′]dithiophen-2-yl)-alt-[1,2,5]-thiadiazolo[3,4-c]pyridine",4- 4 4-bis 2-octyldodecyl -4-h-cyclopenta 1 2-b 5 4-b′ dithiophen-2-yl -alt- 1 2 5 -thiadiazolo 3 4-c pyridine,"4-(4,4-bis(2-octyldodecyl)-4h-cyclopenta[1,2-b:5,4-b']dithiophen-2-yl)-alt-[1,2,5]-thiadiazolo[3,4-c]pyridine",False,False,False,opsin_direct,,False,,,FAILURE,"4-(4,4-bis(2-octyldodecyl)-4h-cyclopenta[1,2-b:5,4-b']dithiophen-2-yl)-alt-[1,2,5]-thiadiazolo[3,4-c]pyridine is unparsable due to the following being uninterpretable: alt-[1,2,5]-thiadiazolo[3,4-c]pyridine The following was not parseable: alt-[1,2,5]-thiadiazolo[3,4-c]pyridine",,,,direct,,True,"4-(4,4-bis(2-octyldodecyl)-4h-cyclopenta[1,2-b:5,4-b']dithiophen-2-yl)-alt-[1,2,5]-thiadiazolo[3,4-c]pyridine",True,fused_ring_prime_0_to_quote,"4-(4,4-bis(2-octyldodecyl)-4h-cyclopenta[1,2-b:5,4-b′]dithiophen-2-yl)-alt-[1,2,5]-thiadiazolo[3,4-c]pyridine","4-(4,4-bis(2-octyldodecyl)-4h-cyclopenta[1,2-b:5,4-b']dithiophen-2-yl)-alt-[1,2,5]-thiadiazolo[3,4-c]pyridine",,,,,,,,,,,,,
436,pcdtpt-odd,"4-(4,4-bis(2-octyldodecyl)-4h-cyclopenta[1,2-b:5,4-b′]dithiophen-2-yl)-alt-[1,2,5]-thiadiazolo[3,4-c]pyridine","4-(4,4-bis(2-octyldodecyl)-4h-cyclopenta[1,2-b:5,4-b']dithiophen-2-yl)-alt-[1,2,5]-thiadiazolo[3,4-c]pyridine","4-(4,4-bis(2-octyldodecyl)-4h-cyclopenta[1,2-b:5,4-b']dithiophen-2-yl)-alt-[1,2,5]-thiadiazolo[3,4-c]pyridine",False,False,False,opsin_repair,,False,drop_descriptors,,FAILURE,"4-(4,4-bis(2-octyldodecyl)-4h-cyclopenta[1,2-b:5,4-b']dithiophen-2-yl)-alt-[1,2,5]-thiadiazolo[3,4-c]pyridine is unparsable due to the following being uninterpretable: alt-[1,2,5]-thiadiazolo[3,4-c]pyridine The following was not parseable: alt-[1,2,5]-thiadiazolo[3,4-c]pyridine",,,,repair,drop_descriptors,True,"4-(4,4-bis(2-octyldodecyl)-4h-cyclopenta[1,2-b:5,4-b']dithiophen-2-yl)-alt-[1,2,5]-thiadiazolo[3,4-c]pyridine",False,,,,,,,,,,,,,,,,
436,pcdtpt-odd,"4-(4,4-bis(2-octyldodecyl)-4h-cyclopenta[1,2-b:5,4-b′]dithiophen-2-yl)-alt-[1,2,5]-thiadiazolo[3,4-c]pyridine","4-(4,4-bis(2-octyldodecyl)-4h-cyclopenta[1,2-b:5,4-b']dithiophen-2-yl)-alt-[1,2,5]-thiadiazolo[3,4-c]pyridine","4-(4,4-bis(2-octyldodecyl)-4h-cyclopenta[1,2-b:5,4-b']dithiophen-2-yl)-alt-[1,2,5]-thiadiazolo[3,4-c]pyridine",False,False,False,opsin_repair,,False,drop_substituted,,FAILURE,"4-(4,4-bis(2-octyldodecyl)-4h-cyclopenta[1,2-b:5,4-b']dithiophen-2-yl)-alt-[1,2,5]-thiadiazolo[3,4-c]pyridine is unparsable due to the following being uninterpretable: alt-[1,2,5]-thiadiazolo[3,4-c]pyridine The following was not parseable: alt-[1,2,5]-thiadiazolo[3,4-c]pyridine",,,,repair,drop_substituted,True,"4-(4,4-bis(2-octyldodecyl)-4h-cyclopenta[1,2-b:5,4-b']dithiophen-2-yl)-alt-[1,2,5]-thiadiazolo[3,4-c]pyridine",False,,,,,,,,,,,,,,,,
436,pcdtpt-odd,"4-(4,4-bis(2-octyldodecyl)-4h-cyclopenta[1,2-b:5,4-b′]dithiophen-2-yl)-alt-[1,2,5]-thiadiazolo[3,4-c]pyridine","4-(4,4-bis(2-octyldodecyl)-4h-cyclopenta[1,2-b:5,4-b']dithiophen-2-yl)-alt-[1,2,5]-thiadiazolo[3,4-c]pyridine","4-(4,4-bis(2-octyldodecyl)-4h-cyclopenta[1,2-b:5,4-b']dithiophen-2-yl)-alt-[1,2,5]-thiadiazolo[3,4-c]pyridine",False,False,False,opsin_repair,,False,tidy_punct,,FAILURE,"4-(4,4-bis(2-octyldodecyl)-4h-cyclopenta[1,2-b:5,4-b']dithiophen-2-yl)-alt-[1,2,5]-thiadiazolo[3,4-c]pyridine is unparsable due to the following being uninterpretable: alt-[1,2,5]-thiadiazolo[3,4-c]pyridine The following was not parseable: alt-[1,2,5]-thiadiazolo[3,4-c]pyridine",,,,repair,tidy_punct,True,"4-(4,4-bis(2-octyldodecyl)-4h-cyclopenta[1,2-b:5,4-b']dithiophen-2-yl)-alt-[1,2,5]-thiadiazolo[3,4-c]pyridine",False,,,,,,,,,,,,,,,,
436,pcdtpt-odd,"4-(4,4-bis(2-octyldodecyl)-4h-cyclopenta[1,2-b:5,4-b′]dithiophen-2-yl)-alt-[1,2,5]-thiadiazolo[3,4-c]pyridine",4- 4 4-bis 2-octyldodecyl -4-h-cyclopenta 1 2-b 5 4-b′ dithiophen-2-yl -alt- 1 2 5 -thiadiazolo 3 4-c pyridine,"4-(4,4-bis(2-octyldodecyl)-4h-cyclopenta[1,2-b:5,4-b']dithiophen-2-yl)-alt-[1,2,5]-thiadiazolo[3,4-c]pyridine",False,False,False,fallback,TEXT_FALLBACK,False,no parse,,,,,,,,,True,,False,,,,,,,,,,,,,,,,
436,pcdtpt-odd,"4-(4,4-bis(2-octyldodecyl)-4h-cyclopenta[1,2-b:5,4-b′]dithiophen-2-yl)-alt-[1,2,5]-thiadiazolo[3,4-c]pyridine",4- 4 4-bis 2-octyldodecyl -4-h-cyclopenta 1 2-b 5 4-b′ dithiophen-2-yl -alt- 1 2 5 -thiadiazolo 3 4-c pyridine,"4-(4,4-bis(2-octyldodecyl)-4h-cyclopenta[1,2-b:5,4-b']dithiophen-2-yl)-alt-[1,2,5]-thiadiazolo[3,4-c]pyridine",False,False,False,opsin_direct,,False,,,FAILURE,"4-(4,4-bis(2-octyldodecyl)-4h-cyclopenta[1,2-b:5,4-b']dithiophen-2-yl)-alt-[1,2,5]-thiadiazolo[3,4-c]pyridine is unparsable due to the following being uninterpretable: alt-[1,2,5]-thiadiazolo[3,4-c]pyridine The following was not parseable: alt-[1,2,5]-thiadiazolo[3,4-c]pyridine",,,,direct,,True,"4-(4,4-bis(2-octyldodecyl)-4h-cyclopenta[1,2-b:5,4-b']dithiophen-2-yl)-alt-[1,2,5]-thiadiazolo[3,4-c]pyridine",True,fused_ring_prime_0_to_quote,"4-(4,4-bis(2-octyldodecyl)-4h-cyclopenta[1,2-b:5,4-b′]dithiophen-2-yl)-alt-[1,2,5]-thiadiazolo[3,4-c]pyridine","4-(4,4-bis(2-octyldodecyl)-4h-cyclopenta[1,2-b:5,4-b']dithiophen-2-yl)-alt-[1,2,5]-thiadiazolo[3,4-c]pyridine",,,,,,,,,,,,,
436,pcdtpt-odd,"4-(4,4-bis(2-octyldodecyl)-4h-cyclopenta[1,2-b:5,4-b′]dithiophen-2-yl)-alt-[1,2,5]-thiadiazolo[3,4-c]pyridine","4-(4,4-bis(2-octyldodecyl)-4h-cyclopenta[1,2-b:5,4-b']dithiophen-2-yl)-alt-[1,2,5]-thiadiazolo[3,4-c]pyridine","4-(4,4-bis(2-octyldodecyl)-4h-cyclopenta[1,2-b:5,4-b']dithiophen-2-yl)-alt-[1,2,5]-thiadiazolo[3,4-c]pyridine",False,False,False,opsin_repair,,False,drop_descriptors,,FAILURE,"4-(4,4-bis(2-octyldodecyl)-4h-cyclopenta[1,2-b:5,4-b']dithiophen-2-yl)-alt-[1,2,5]-thiadiazolo[3,4-c]pyridine is unparsable due to the following being uninterpretable: alt-[1,2,5]-thiadiazolo[3,4-c]pyridine The following was not parseable: alt-[1,2,5]-thiadiazolo[3,4-c]pyridine",,,,repair,drop_descriptors,True,"4-(4,4-bis(2-octyldodecyl)-4h-cyclopenta[1,2-b:5,4-b']dithiophen-2-yl)-alt-[1,2,5]-thiadiazolo[3,4-c]pyridine",False,,,,,,,,,,,,,,,,
436,pcdtpt-odd,"4-(4,4-bis(2-octyldodecyl)-4h-cyclopenta[1,2-b:5,4-b′]dithiophen-2-yl)-alt-[1,2,5]-thiadiazolo[3,4-c]pyridine","4-(4,4-bis(2-octyldodecyl)-4h-cyclopenta[1,2-b:5,4-b']dithiophen-2-yl)-alt-[1,2,5]-thiadiazolo[3,4-c]pyridine","4-(4,4-bis(2-octyldodecyl)-4h-cyclopenta[1,2-b:5,4-b']dithiophen-2-yl)-alt-[1,2,5]-thiadiazolo[3,4-c]pyridine",False,False,False,opsin_repair,,False,drop_substituted,,FAILURE,"4-(4,4-bis(2-octyldodecyl)-4h-cyclopenta[1,2-b:5,4-b']dithiophen-2-yl)-alt-[1,2,5]-thiadiazolo[3,4-c]pyridine is unparsable due to the following being uninterpretable: alt-[1,2,5]-thiadiazolo[3,4-c]pyridine The following was not parseable: alt-[1,2,5]-thiadiazolo[3,4-c]pyridine",,,,repair,drop_substituted,True,"4-(4,4-bis(2-octyldodecyl)-4h-cyclopenta[1,2-b:5,4-b']dithiophen-2-yl)-alt-[1,2,5]-thiadiazolo[3,4-c]pyridine",False,,,,,,,,,,,,,,,,
436,pcdtpt-odd,"4-(4,4-bis(2-octyldodecyl)-4h-cyclopenta[1,2-b:5,4-b′]dithiophen-2-yl)-alt-[1,2,5]-thiadiazolo[3,4-c]pyridine","4-(4,4-bis(2-octyldodecyl)-4h-cyclopenta[1,2-b:5,4-b']dithiophen-2-yl)-alt-[1,2,5]-thiadiazolo[3,4-c]pyridine","4-(4,4-bis(2-octyldodecyl)-4h-cyclopenta[1,2-b:5,4-b']dithiophen-2-yl)-alt-[1,2,5]-thiadiazolo[3,4-c]pyridine",False,False,False,opsin_repair,,False,tidy_punct,,FAILURE,"4-(4,4-bis(2-octyldodecyl)-4h-cyclopenta[1,2-b:5,4-b']dithiophen-2-yl)-alt-[1,2,5]-thiadiazolo[3,4-c]pyridine is unparsable due to the following being uninterpretable: alt-[1,2,5]-thiadiazolo[3,4-c]pyridine The following was not parseable: alt-[1,2,5]-thiadiazolo[3,4-c]pyridine",,,,repair,tidy_punct,True,"4-(4,4-bis(2-octyldodecyl)-4h-cyclopenta[1,2-b:5,4-b']dithiophen-2-yl)-alt-[1,2,5]-thiadiazolo[3,4-c]pyridine",False,,,,,,,,,,,,,,,,
436,pcdtpt-odd,"4-(4,4-bis(2-octyldodecyl)-4h-cyclopenta[1,2-b:5,4-b′]dithiophen-2-yl)-alt-[1,2,5]-thiadiazolo[3,4-c]pyridine",4- 4 4-bis 2-octyldodecyl -4-h-cyclopenta 1 2-b 5 4-b′ dithiophen-2-yl -alt- 1 2 5 -thiadiazolo 3 4-c pyridine,"4-(4,4-bis(2-octyldodecyl)-4h-cyclopenta[1,2-b:5,4-b']dithiophen-2-yl)-alt-[1,2,5]-thiadiazolo[3,4-c]pyridine",False,False,False,fallback,TEXT_FALLBACK,False,no parse,,,,,,,,,True,,False,,,,,,,,,,,,,,,,
436,pcdtpt-odd,"4-(4,4-bis(2-octyldodecyl)-4h-cyclopenta[1,2-b:5,4-b′]dithiophen-2-yl)-alt-[1,2,5]-thiadiazolo[3,4-c]pyridine",4- 4 4-bis 2-octyldodecyl -4-h-cyclopenta 1 2-b 5 4-b′ dithiophen-2-yl -alt- 1 2 5 -thiadiazolo 3 4-c pyridine,"4-(4,4-bis(2-octyldodecyl)-4h-cyclopenta[1,2-b:5,4-b']dithiophen-2-yl)-alt-[1,2,5]-thiadiazolo[3,4-c]pyridine",False,False,False,opsin_direct,,False,,,FAILURE,"4-(4,4-bis(2-octyldodecyl)-4h-cyclopenta[1,2-b:5,4-b']dithiophen-2-yl)-alt-[1,2,5]-thiadiazolo[3,4-c]pyridine is unparsable due to the following being uninterpretable: alt-[1,2,5]-thiadiazolo[3,4-c]pyridine The following was not parseable: alt-[1,2,5]-thiadiazolo[3,4-c]pyridine",,,,direct,,True,"4-(4,4-bis(2-octyldodecyl)-4h-cyclopenta[1,2-b:5,4-b']dithiophen-2-yl)-alt-[1,2,5]-thiadiazolo[3,4-c]pyridine",True,fused_ring_prime_0_to_quote,"4-(4,4-bis(2-octyldodecyl)-4h-cyclopenta[1,2-b:5,4-b′]dithiophen-2-yl)-alt-[1,2,5]-thiadiazolo[3,4-c]pyridine","4-(4,4-bis(2-octyldodecyl)-4h-cyclopenta[1,2-b:5,4-b']dithiophen-2-yl)-alt-[1,2,5]-thiadiazolo[3,4-c]pyridine",,,,,,,,,,,,,
436,pcdtpt-odd,"4-(4,4-bis(2-octyldodecyl)-4h-cyclopenta[1,2-b:5,4-b′]dithiophen-2-yl)-alt-[1,2,5]-thiadiazolo[3,4-c]pyridine","4-(4,4-bis(2-octyldodecyl)-4h-cyclopenta[1,2-b:5,4-b']dithiophen-2-yl)-alt-[1,2,5]-thiadiazolo[3,4-c]pyridine","4-(4,4-bis(2-octyldodecyl)-4h-cyclopenta[1,2-b:5,4-b']dithiophen-2-yl)-alt-[1,2,5]-thiadiazolo[3,4-c]pyridine",False,False,False,opsin_repair,,False,drop_descriptors,,FAILURE,"4-(4,4-bis(2-octyldodecyl)-4h-cyclopenta[1,2-b:5,4-b']dithiophen-2-yl)-alt-[1,2,5]-thiadiazolo[3,4-c]pyridine is unparsable due to the following being uninterpretable: alt-[1,2,5]-thiadiazolo[3,4-c]pyridine The following was not parseable: alt-[1,2,5]-thiadiazolo[3,4-c]pyridine",,,,repair,drop_descriptors,True,"4-(4,4-bis(2-octyldodecyl)-4h-cyclopenta[1,2-b:5,4-b']dithiophen-2-yl)-alt-[1,2,5]-thiadiazolo[3,4-c]pyridine",False,,,,,,,,,,,,,,,,
436,pcdtpt-odd,"4-(4,4-bis(2-octyldodecyl)-4h-cyclopenta[1,2-b:5,4-b′]dithiophen-2-yl)-alt-[1,2,5]-thiadiazolo[3,4-c]pyridine","4-(4,4-bis(2-octyldodecyl)-4h-cyclopenta[1,2-b:5,4-b']dithiophen-2-yl)-alt-[1,2,5]-thiadiazolo[3,4-c]pyridine","4-(4,4-bis(2-octyldodecyl)-4h-cyclopenta[1,2-b:5,4-b']dithiophen-2-yl)-alt-[1,2,5]-thiadiazolo[3,4-c]pyridine",False,False,False,opsin_repair,,False,drop_substituted,,FAILURE,"4-(4,4-bis(2-octyldodecyl)-4h-cyclopenta[1,2-b:5,4-b']dithiophen-2-yl)-alt-[1,2,5]-thiadiazolo[3,4-c]pyridine is unparsable due to the following being uninterpretable: alt-[1,2,5]-thiadiazolo[3,4-c]pyridine The following was not parseable: alt-[1,2,5]-thiadiazolo[3,4-c]pyridine",,,,repair,drop_substituted,True,"4-(4,4-bis(2-octyldodecyl)-4h-cyclopenta[1,2-b:5,4-b']dithiophen-2-yl)-alt-[1,2,5]-thiadiazolo[3,4-c]pyridine",False,,,,,,,,,,,,,,,,
436,pcdtpt-odd,"4-(4,4-bis(2-octyldodecyl)-4h-cyclopenta[1,2-b:5,4-b′]dithiophen-2-yl)-alt-[1,2,5]-thiadiazolo[3,4-c]pyridine","4-(4,4-bis(2-octyldodecyl)-4h-cyclopenta[1,2-b:5,4-b']dithiophen-2-yl)-alt-[1,2,5]-thiadiazolo[3,4-c]pyridine","4-(4,4-bis(2-octyldodecyl)-4h-cyclopenta[1,2-b:5,4-b']dithiophen-2-yl)-alt-[1,2,5]-thiadiazolo[3,4-c]pyridine",False,False,False,opsin_repair,,False,tidy_punct,,FAILURE,"4-(4,4-bis(2-octyldodecyl)-4h-cyclopenta[1,2-b:5,4-b']dithiophen-2-yl)-alt-[1,2,5]-thiadiazolo[3,4-c]pyridine is unparsable due to the following being uninterpretable: alt-[1,2,5]-thiadiazolo[3,4-c]pyridine The following was not parseable: alt-[1,2,5]-thiadiazolo[3,4-c]pyridine",,,,repair,tidy_punct,True,"4-(4,4-bis(2-octyldodecyl)-4h-cyclopenta[1,2-b:5,4-b']dithiophen-2-yl)-alt-[1,2,5]-thiadiazolo[3,4-c]pyridine",False,,,,,,,,,,,,,,,,
436,pcdtpt-odd,"4-(4,4-bis(2-octyldodecyl)-4h-cyclopenta[1,2-b:5,4-b′]dithiophen-2-yl)-alt-[1,2,5]-thiadiazolo[3,4-c]pyridine",4- 4 4-bis 2-octyldodecyl -4-h-cyclopenta 1 2-b 5 4-b′ dithiophen-2-yl -alt- 1 2 5 -thiadiazolo 3 4-c pyridine,"4-(4,4-bis(2-octyldodecyl)-4h-cyclopenta[1,2-b:5,4-b']dithiophen-2-yl)-alt-[1,2,5]-thiadiazolo[3,4-c]pyridine",False,False,False,fallback,TEXT_FALLBACK,False,no parse,,,,,,,,,True,,False,,,,,,,,,,,,,,,,
436,pcdtpt-odd,"4-(4,4-bis(2-octyldodecyl)-4h-cyclopenta[1,2-b:5,4-b′]dithiophen-2-yl)-alt-[1,2,5]-thiadiazolo[3,4-c]pyridine",4- 4 4-bis 2-octyldodecyl -4-h-cyclopenta 1 2-b 5 4-b′ dithiophen-2-yl -alt- 1 2 5 -thiadiazolo 3 4-c pyridine,"4-(4,4-bis(2-octyldodecyl)-4h-cyclopenta[1,2-b:5,4-b']dithiophen-2-yl)-alt-[1,2,5]-thiadiazolo[3,4-c]pyridine",False,False,False,opsin_direct,,False,,,FAILURE,"4-(4,4-bis(2-octyldodecyl)-4h-cyclopenta[1,2-b:5,4-b']dithiophen-2-yl)-alt-[1,2,5]-thiadiazolo[3,4-c]pyridine is unparsable due to the following being uninterpretable: alt-[1,2,5]-thiadiazolo[3,4-c]pyridine The following was not parseable: alt-[1,2,5]-thiadiazolo[3,4-c]pyridine",,,,direct,,True,"4-(4,4-bis(2-octyldodecyl)-4h-cyclopenta[1,2-b:5,4-b']dithiophen-2-yl)-alt-[1,2,5]-thiadiazolo[3,4-c]pyridine",True,fused_ring_prime_0_to_quote,"4-(4,4-bis(2-octyldodecyl)-4h-cyclopenta[1,2-b:5,4-b′]dithiophen-2-yl)-alt-[1,2,5]-thiadiazolo[3,4-c]pyridine","4-(4,4-bis(2-octyldodecyl)-4h-cyclopenta[1,2-b:5,4-b']dithiophen-2-yl)-alt-[1,2,5]-thiadiazolo[3,4-c]pyridine",,,,,,,,,,,,,
436,pcdtpt-odd,"4-(4,4-bis(2-octyldodecyl)-4h-cyclopenta[1,2-b:5,4-b′]dithiophen-2-yl)-alt-[1,2,5]-thiadiazolo[3,4-c]pyridine","4-(4,4-bis(2-octyldodecyl)-4h-cyclopenta[1,2-b:5,4-b']dithiophen-2-yl)-alt-[1,2,5]-thiadiazolo[3,4-c]pyridine","4-(4,4-bis(2-octyldodecyl)-4h-cyclopenta[1,2-b:5,4-b']dithiophen-2-yl)-alt-[1,2,5]-thiadiazolo[3,4-c]pyridine",False,False,False,opsin_repair,,False,drop_descriptors,,FAILURE,"4-(4,4-bis(2-octyldodecyl)-4h-cyclopenta[1,2-b:5,4-b']dithiophen-2-yl)-alt-[1,2,5]-thiadiazolo[3,4-c]pyridine is unparsable due to the following being uninterpretable: alt-[1,2,5]-thiadiazolo[3,4-c]pyridine The following was not parseable: alt-[1,2,5]-thiadiazolo[3,4-c]pyridine",,,,repair,drop_descriptors,True,"4-(4,4-bis(2-octyldodecyl)-4h-cyclopenta[1,2-b:5,4-b']dithiophen-2-yl)-alt-[1,2,5]-thiadiazolo[3,4-c]pyridine",False,,,,,,,,,,,,,,,,
436,pcdtpt-odd,"4-(4,4-bis(2-octyldodecyl)-4h-cyclopenta[1,2-b:5,4-b′]dithiophen-2-yl)-alt-[1,2,5]-thiadiazolo[3,4-c]pyridine","4-(4,4-bis(2-octyldodecyl)-4h-cyclopenta[1,2-b:5,4-b']dithiophen-2-yl)-alt-[1,2,5]-thiadiazolo[3,4-c]pyridine","4-(4,4-bis(2-octyldodecyl)-4h-cyclopenta[1,2-b:5,4-b']dithiophen-2-yl)-alt-[1,2,5]-thiadiazolo[3,4-c]pyridine",False,False,False,opsin_repair,,False,drop_substituted,,FAILURE,"4-(4,4-bis(2-octyldodecyl)-4h-cyclopenta[1,2-b:5,4-b']dithiophen-2-yl)-alt-[1,2,5]-thiadiazolo[3,4-c]pyridine is unparsable due to the following being uninterpretable: alt-[1,2,5]-thiadiazolo[3,4-c]pyridine The following was not parseable: alt-[1,2,5]-thiadiazolo[3,4-c]pyridine",,,,repair,drop_substituted,True,"4-(4,4-bis(2-octyldodecyl)-4h-cyclopenta[1,2-b:5,4-b']dithiophen-2-yl)-alt-[1,2,5]-thiadiazolo[3,4-c]pyridine",False,,,,,,,,,,,,,,,,
436,pcdtpt-odd,"4-(4,4-bis(2-octyldodecyl)-4h-cyclopenta[1,2-b:5,4-b′]dithiophen-2-yl)-alt-[1,2,5]-thiadiazolo[3,4-c]pyridine","4-(4,4-bis(2-octyldodecyl)-4h-cyclopenta[1,2-b:5,4-b']dithiophen-2-yl)-alt-[1,2,5]-thiadiazolo[3,4-c]pyridine","4-(4,4-bis(2-octyldodecyl)-4h-cyclopenta[1,2-b:5,4-b']dithiophen-2-yl)-alt-[1,2,5]-thiadiazolo[3,4-c]pyridine",False,False,False,opsin_repair,,False,tidy_punct,,FAILURE,"4-(4,4-bis(2-octyldodecyl)-4h-cyclopenta[1,2-b:5,4-b']dithiophen-2-yl)-alt-[1,2,5]-thiadiazolo[3,4-c]pyridine is unparsable due to the following being uninterpretable: alt-[1,2,5]-thiadiazolo[3,4-c]pyridine The following was not parseable: alt-[1,2,5]-thiadiazolo[3,4-c]pyridine",,,,repair,tidy_punct,True,"4-(4,4-bis(2-octyldodecyl)-4h-cyclopenta[1,2-b:5,4-b']dithiophen-2-yl)-alt-[1,2,5]-thiadiazolo[3,4-c]pyridine",False,,,,,,,,,,,,,,,,
436,pcdtpt-odd,"4-(4,4-bis(2-octyldodecyl)-4h-cyclopenta[1,2-b:5,4-b′]dithiophen-2-yl)-alt-[1,2,5]-thiadiazolo[3,4-c]pyridine",4- 4 4-bis 2-octyldodecyl -4-h-cyclopenta 1 2-b 5 4-b′ dithiophen-2-yl -alt- 1 2 5 -thiadiazolo 3 4-c pyridine,"4-(4,4-bis(2-octyldodecyl)-4h-cyclopenta[1,2-b:5,4-b']dithiophen-2-yl)-alt-[1,2,5]-thiadiazolo[3,4-c]pyridine",False,False,False,fallback,TEXT_FALLBACK,False,no parse,,,,,,,,,True,,False,,,,,,,,,,,,,,,,
436,pcdtpt-odd,"4-(4,4-bis(2-octyldodecyl)-4h-cyclopenta[1,2-b:5,4-b′]dithiophen-2-yl)-alt-[1,2,5]-thiadiazolo[3,4-c]pyridine",4- 4 4-bis 2-octyldodecyl -4-h-cyclopenta 1 2-b 5 4-b′ dithiophen-2-yl -alt- 1 2 5 -thiadiazolo 3 4-c pyridine,"4-(4,4-bis(2-octyldodecyl)-4h-cyclopenta[1,2-b:5,4-b']dithiophen-2-yl)-alt-[1,2,5]-thiadiazolo[3,4-c]pyridine",False,False,False,opsin_direct,,False,,,FAILURE,"4-(4,4-bis(2-octyldodecyl)-4h-cyclopenta[1,2-b:5,4-b']dithiophen-2-yl)-alt-[1,2,5]-thiadiazolo[3,4-c]pyridine is unparsable due to the following being uninterpretable: alt-[1,2,5]-thiadiazolo[3,4-c]pyridine The following was not parseable: alt-[1,2,5]-thiadiazolo[3,4-c]pyridine",,,,direct,,True,"4-(4,4-bis(2-octyldodecyl)-4h-cyclopenta[1,2-b:5,4-b']dithiophen-2-yl)-alt-[1,2,5]-thiadiazolo[3,4-c]pyridine",True,fused_ring_prime_0_to_quote,"4-(4,4-bis(2-octyldodecyl)-4h-cyclopenta[1,2-b:5,4-b′]dithiophen-2-yl)-alt-[1,2,5]-thiadiazolo[3,4-c]pyridine","4-(4,4-bis(2-octyldodecyl)-4h-cyclopenta[1,2-b:5,4-b']dithiophen-2-yl)-alt-[1,2,5]-thiadiazolo[3,4-c]pyridine",,,,,,,,,,,,,
436,pcdtpt-odd,"4-(4,4-bis(2-octyldodecyl)-4h-cyclopenta[1,2-b:5,4-b′]dithiophen-2-yl)-alt-[1,2,5]-thiadiazolo[3,4-c]pyridine","4-(4,4-bis(2-octyldodecyl)-4h-cyclopenta[1,2-b:5,4-b']dithiophen-2-yl)-alt-[1,2,5]-thiadiazolo[3,4-c]pyridine","4-(4,4-bis(2-octyldodecyl)-4h-cyclopenta[1,2-b:5,4-b']dithiophen-2-yl)-alt-[1,2,5]-thiadiazolo[3,4-c]pyridine",False,False,False,opsin_repair,,False,drop_descriptors,,FAILURE,"4-(4,4-bis(2-octyldodecyl)-4h-cyclopenta[1,2-b:5,4-b']dithiophen-2-yl)-alt-[1,2,5]-thiadiazolo[3,4-c]pyridine is unparsable due to the following being uninterpretable: alt-[1,2,5]-thiadiazolo[3,4-c]pyridine The following was not parseable: alt-[1,2,5]-thiadiazolo[3,4-c]pyridine",,,,repair,drop_descriptors,True,"4-(4,4-bis(2-octyldodecyl)-4h-cyclopenta[1,2-b:5,4-b']dithiophen-2-yl)-alt-[1,2,5]-thiadiazolo[3,4-c]pyridine",False,,,,,,,,,,,,,,,,
436,pcdtpt-odd,"4-(4,4-bis(2-octyldodecyl)-4h-cyclopenta[1,2-b:5,4-b′]dithiophen-2-yl)-alt-[1,2,5]-thiadiazolo[3,4-c]pyridine","4-(4,4-bis(2-octyldodecyl)-4h-cyclopenta[1,2-b:5,4-b']dithiophen-2-yl)-alt-[1,2,5]-thiadiazolo[3,4-c]pyridine","4-(4,4-bis(2-octyldodecyl)-4h-cyclopenta[1,2-b:5,4-b']dithiophen-2-yl)-alt-[1,2,5]-thiadiazolo[3,4-c]pyridine",False,False,False,opsin_repair,,False,drop_substituted,,FAILURE,"4-(4,4-bis(2-octyldodecyl)-4h-cyclopenta[1,2-b:5,4-b']dithiophen-2-yl)-alt-[1,2,5]-thiadiazolo[3,4-c]pyridine is unparsable due to the following being uninterpretable: alt-[1,2,5]-thiadiazolo[3,4-c]pyridine The following was not parseable: alt-[1,2,5]-thiadiazolo[3,4-c]pyridine",,,,repair,drop_substituted,True,"4-(4,4-bis(2-octyldodecyl)-4h-cyclopenta[1,2-b:5,4-b']dithiophen-2-yl)-alt-[1,2,5]-thiadiazolo[3,4-c]pyridine",False,,,,,,,,,,,,,,,,
436,pcdtpt-odd,"4-(4,4-bis(2-octyldodecyl)-4h-cyclopenta[1,2-b:5,4-b′]dithiophen-2-yl)-alt-[1,2,5]-thiadiazolo[3,4-c]pyridine","4-(4,4-bis(2-octyldodecyl)-4h-cyclopenta[1,2-b:5,4-b']dithiophen-2-yl)-alt-[1,2,5]-thiadiazolo[3,4-c]pyridine","4-(4,4-bis(2-octyldodecyl)-4h-cyclopenta[1,2-b:5,4-b']dithiophen-2-yl)-alt-[1,2,5]-thiadiazolo[3,4-c]pyridine",False,False,False,opsin_repair,,False,tidy_punct,,FAILURE,"4-(4,4-bis(2-octyldodecyl)-4h-cyclopenta[1,2-b:5,4-b']dithiophen-2-yl)-alt-[1,2,5]-thiadiazolo[3,4-c]pyridine is unparsable due to the following being uninterpretable: alt-[1,2,5]-thiadiazolo[3,4-c]pyridine The following was not parseable: alt-[1,2,5]-thiadiazolo[3,4-c]pyridine",,,,repair,tidy_punct,True,"4-(4,4-bis(2-octyldodecyl)-4h-cyclopenta[1,2-b:5,4-b']dithiophen-2-yl)-alt-[1,2,5]-thiadiazolo[3,4-c]pyridine",False,,,,,,,,,,,,,,,,
436,pcdtpt-odd,"4-(4,4-bis(2-octyldodecyl)-4h-cyclopenta[1,2-b:5,4-b′]dithiophen-2-yl)-alt-[1,2,5]-thiadiazolo[3,4-c]pyridine",4- 4 4-bis 2-octyldodecyl -4-h-cyclopenta 1 2-b 5 4-b′ dithiophen-2-yl -alt- 1 2 5 -thiadiazolo 3 4-c pyridine,"4-(4,4-bis(2-octyldodecyl)-4h-cyclopenta[1,2-b:5,4-b']dithiophen-2-yl)-alt-[1,2,5]-thiadiazolo[3,4-c]pyridine",False,False,False,fallback,TEXT_FALLBACK,False,no parse,,,,,,,,,True,,False,,,,,,,,,,,,,,,,
436,pcdtpt-odd,"4-(4,4-bis(2-octyldodecyl)-4h-cyclopenta[1,2-b:5,4-b′]dithiophen-2-yl)-alt-[1,2,5]-thiadiazolo[3,4-c]pyridine",4- 4 4-bis 2-octyldodecyl -4-h-cyclopenta 1 2-b 5 4-b′ dithiophen-2-yl -alt- 1 2 5 -thiadiazolo 3 4-c pyridine,"4-(4,4-bis(2-octyldodecyl)-4h-cyclopenta[1,2-b:5,4-b']dithiophen-2-yl)-alt-[1,2,5]-thiadiazolo[3,4-c]pyridine",False,False,False,opsin_direct,,False,,,FAILURE,"4-(4,4-bis(2-octyldodecyl)-4h-cyclopenta[1,2-b:5,4-b']dithiophen-2-yl)-alt-[1,2,5]-thiadiazolo[3,4-c]pyridine is unparsable due to the following being uninterpretable: alt-[1,2,5]-thiadiazolo[3,4-c]pyridine The following was not parseable: alt-[1,2,5]-thiadiazolo[3,4-c]pyridine",,,,direct,,True,"4-(4,4-bis(2-octyldodecyl)-4h-cyclopenta[1,2-b:5,4-b']dithiophen-2-yl)-alt-[1,2,5]-thiadiazolo[3,4-c]pyridine",True,fused_ring_prime_0_to_quote,"4-(4,4-bis(2-octyldodecyl)-4h-cyclopenta[1,2-b:5,4-b′]dithiophen-2-yl)-alt-[1,2,5]-thiadiazolo[3,4-c]pyridine","4-(4,4-bis(2-octyldodecyl)-4h-cyclopenta[1,2-b:5,4-b']dithiophen-2-yl)-alt-[1,2,5]-thiadiazolo[3,4-c]pyridine",,,,,,,,,,,,,
436,pcdtpt-odd,"4-(4,4-bis(2-octyldodecyl)-4h-cyclopenta[1,2-b:5,4-b′]dithiophen-2-yl)-alt-[1,2,5]-thiadiazolo[3,4-c]pyridine","4-(4,4-bis(2-octyldodecyl)-4h-cyclopenta[1,2-b:5,4-b']dithiophen-2-yl)-alt-[1,2,5]-thiadiazolo[3,4-c]pyridine","4-(4,4-bis(2-octyldodecyl)-4h-cyclopenta[1,2-b:5,4-b']dithiophen-2-yl)-alt-[1,2,5]-thiadiazolo[3,4-c]pyridine",False,False,False,opsin_repair,,False,drop_descriptors,,FAILURE,"4-(4,4-bis(2-octyldodecyl)-4h-cyclopenta[1,2-b:5,4-b']dithiophen-2-yl)-alt-[1,2,5]-thiadiazolo[3,4-c]pyridine is unparsable due to the following being uninterpretable: alt-[1,2,5]-thiadiazolo[3,4-c]pyridine The following was not parseable: alt-[1,2,5]-thiadiazolo[3,4-c]pyridine",,,,repair,drop_descriptors,True,"4-(4,4-bis(2-octyldodecyl)-4h-cyclopenta[1,2-b:5,4-b']dithiophen-2-yl)-alt-[1,2,5]-thiadiazolo[3,4-c]pyridine",False,,,,,,,,,,,,,,,,
436,pcdtpt-odd,"4-(4,4-bis(2-octyldodecyl)-4h-cyclopenta[1,2-b:5,4-b′]dithiophen-2-yl)-alt-[1,2,5]-thiadiazolo[3,4-c]pyridine","4-(4,4-bis(2-octyldodecyl)-4h-cyclopenta[1,2-b:5,4-b']dithiophen-2-yl)-alt-[1,2,5]-thiadiazolo[3,4-c]pyridine","4-(4,4-bis(2-octyldodecyl)-4h-cyclopenta[1,2-b:5,4-b']dithiophen-2-yl)-alt-[1,2,5]-thiadiazolo[3,4-c]pyridine",False,False,False,opsin_repair,,False,drop_substituted,,FAILURE,"4-(4,4-bis(2-octyldodecyl)-4h-cyclopenta[1,2-b:5,4-b']dithiophen-2-yl)-alt-[1,2,5]-thiadiazolo[3,4-c]pyridine is unparsable due to the following being uninterpretable: alt-[1,2,5]-thiadiazolo[3,4-c]pyridine The following was not parseable: alt-[1,2,5]-thiadiazolo[3,4-c]pyridine",,,,repair,drop_substituted,True,"4-(4,4-bis(2-octyldodecyl)-4h-cyclopenta[1,2-b:5,4-b']dithiophen-2-yl)-alt-[1,2,5]-thiadiazolo[3,4-c]pyridine",False,,,,,,,,,,,,,,,,
436,pcdtpt-odd,"4-(4,4-bis(2-octyldodecyl)-4h-cyclopenta[1,2-b:5,4-b′]dithiophen-2-yl)-alt-[1,2,5]-thiadiazolo[3,4-c]pyridine","4-(4,4-bis(2-octyldodecyl)-4h-cyclopenta[1,2-b:5,4-b']dithiophen-2-yl)-alt-[1,2,5]-thiadiazolo[3,4-c]pyridine","4-(4,4-bis(2-octyldodecyl)-4h-cyclopenta[1,2-b:5,4-b']dithiophen-2-yl)-alt-[1,2,5]-thiadiazolo[3,4-c]pyridine",False,False,False,opsin_repair,,False,tidy_punct,,FAILURE,"4-(4,4-bis(2-octyldodecyl)-4h-cyclopenta[1,2-b:5,4-b']dithiophen-2-yl)-alt-[1,2,5]-thiadiazolo[3,4-c]pyridine is unparsable due to the following being uninterpretable: alt-[1,2,5]-thiadiazolo[3,4-c]pyridine The following was not parseable: alt-[1,2,5]-thiadiazolo[3,4-c]pyridine",,,,repair,tidy_punct,True,"4-(4,4-bis(2-octyldodecyl)-4h-cyclopenta[1,2-b:5,4-b']dithiophen-2-yl)-alt-[1,2,5]-thiadiazolo[3,4-c]pyridine",False,,,,,,,,,,,,,,,,
436,pcdtpt-odd,"4-(4,4-bis(2-octyldodecyl)-4h-cyclopenta[1,2-b:5,4-b′]dithiophen-2-yl)-alt-[1,2,5]-thiadiazolo[3,4-c]pyridine",4- 4 4-bis 2-octyldodecyl -4-h-cyclopenta 1 2-b 5 4-b′ dithiophen-2-yl -alt- 1 2 5 -thiadiazolo 3 4-c pyridine,"4-(4,4-bis(2-octyldodecyl)-4h-cyclopenta[1,2-b:5,4-b']dithiophen-2-yl)-alt-[1,2,5]-thiadiazolo[3,4-c]pyridine",False,False,False,fallback,TEXT_FALLBACK,False,no parse,,,,,,,,,True,,False,,,,,,,,,,,,,,,,
499,pcpdtsbt,cyclopentadithiophene-alt-benzothiadiazole,cyclopentadithiophene-alt-benzothiadiazole,cyclopentadithiophene-alt-benzothiadiazole,False,False,False,opsin_direct,,False,,,FAILURE,cyclopentadithiophene-alt-benzothiadiazole is unparsable due to the following being uninterpretable: t-benzothiadiazole The following was not parseable: t-benzothiadiazole,,,,direct,,True,cyclopentadithiophene-alt-benzothiadiazole,False,,,,,,,,,,,,,,,,
499,pcpdtsbt,cyclopentadithiophene-alt-benzothiadiazole,cyclopentadithiophene-alt-benzothiadiazole,cyclopentadithiophene-alt-benzothiadiazole,False,False,False,opsin_repair,,False,drop_descriptors,,FAILURE,cyclopentadithiophene-alt-benzothiadiazole is unparsable due to the following being uninterpretable: t-benzothiadiazole The following was not parseable: t-benzothiadiazole,,,,repair,drop_descriptors,True,cyclopentadithiophene-alt-benzothiadiazole,False,,,,,,,,,,,,,,,,
499,pcpdtsbt,cyclopentadithiophene-alt-benzothiadiazole,cyclopentadithiophene-alt-benzothiadiazole,cyclopentadithiophene-alt-benzothiadiazole,False,False,False,opsin_repair,,False,drop_substituted,,FAILURE,cyclopentadithiophene-alt-benzothiadiazole is unparsable due to the following being uninterpretable: t-benzothiadiazole The following was not parseable: t-benzothiadiazole,,,,repair,drop_substituted,True,cyclopentadithiophene-alt-benzothiadiazole,False,,,,,,,,,,,,,,,,
499,pcpdtsbt,cyclopentadithiophene-alt-benzothiadiazole,cyclopentadithiophene-alt-benzothiadiazole,cyclopentadithiophene-alt-benzothiadiazole,False,False,False,opsin_repair,,False,tidy_punct,,FAILURE,cyclopentadithiophene-alt-benzothiadiazole is unparsable due to the following being uninterpretable: t-benzothiadiazole The following was not parseable: t-benzothiadiazole,,,,repair,tidy_punct,True,cyclopentadithiophene-alt-benzothiadiazole,False,,,,,,,,,,,,,,,,
499,pcpdtsbt,cyclopentadithiophene-alt-benzothiadiazole,cyclopentadithiophene-alt-benzothiadiazole,cyclopentadithiophene-alt-benzothiadiazole,False,False,False,fallback,TEXT_FALLBACK,False,no parse,,,,,,,,,True,,False,,,,,,,,,,,,,,,,
499,pcpdtsbt,cyclopentadithiophene-alt-benzothiadiazole,cyclopentadithiophene-alt-benzothiadiazole,cyclopentadithiophene-alt-benzothiadiazole,False,False,False,opsin_direct,,False,,,FAILURE,cyclopentadithiophene-alt-benzothiadiazole is unparsable due to the following being uninterpretable: t-benzothiadiazole The following was not parseable: t-benzothiadiazole,,,,direct,,True,cyclopentadithiophene-alt-benzothiadiazole,False,,,,,,,,,,,,,,,,
499,pcpdtsbt,cyclopentadithiophene-alt-benzothiadiazole,cyclopentadithiophene-alt-benzothiadiazole,cyclopentadithiophene-alt-benzothiadiazole,False,False,False,opsin_repair,,False,drop_descriptors,,FAILURE,cyclopentadithiophene-alt-benzothiadiazole is unparsable due to the following being uninterpretable: t-benzothiadiazole The following was not parseable: t-benzothiadiazole,,,,repair,drop_descriptors,True,cyclopentadithiophene-alt-benzothiadiazole,False,,,,,,,,,,,,,,,,
499,pcpdtsbt,cyclopentadithiophene-alt-benzothiadiazole,cyclopentadithiophene-alt-benzothiadiazole,cyclopentadithiophene-alt-benzothiadiazole,False,False,False,opsin_repair,,False,drop_substituted,,FAILURE,cyclopentadithiophene-alt-benzothiadiazole is unparsable due to the following being uninterpretable: t-benzothiadiazole The following was not parseable: t-benzothiadiazole,,,,repair,drop_substituted,True,cyclopentadithiophene-alt-benzothiadiazole,False,,,,,,,,,,,,,,,,
499,pcpdtsbt,cyclopentadithiophene-alt-benzothiadiazole,cyclopentadithiophene-alt-benzothiadiazole,cyclopentadithiophene-alt-benzothiadiazole,False,False,False,opsin_repair,,False,tidy_punct,,FAILURE,cyclopentadithiophene-alt-benzothiadiazole is unparsable due to the following being uninterpretable: t-benzothiadiazole The following was not parseable: t-benzothiadiazole,,,,repair,tidy_punct,True,cyclopentadithiophene-alt-benzothiadiazole,False,,,,,,,,,,,,,,,,
499,pcpdtsbt,cyclopentadithiophene-alt-benzothiadiazole,cyclopentadithiophene-alt-benzothiadiazole,cyclopentadithiophene-alt-benzothiadiazole,False,False,False,fallback,TEXT_FALLBACK,False,no parse,,,,,,,,,True,,False,,,,,,,,,,,,,,,,
499,pcpdtbt,cyclopentadithiophene-alt-benzothiadiazole,cyclopentadithiophene-alt-benzothiadiazole,cyclopentadithiophene-alt-benzothiadiazole,False,False,False,opsin_direct,,False,,,FAILURE,cyclopentadithiophene-alt-benzothiadiazole is unparsable due to the following being uninterpretable: t-benzothiadiazole The following was not parseable: t-benzothiadiazole,,,,direct,,True,cyclopentadithiophene-alt-benzothiadiazole,False,,,,,,,,,,,,,,,,
499,pcpdtbt,cyclopentadithiophene-alt-benzothiadiazole,cyclopentadithiophene-alt-benzothiadiazole,cyclopentadithiophene-alt-benzothiadiazole,False,False,False,opsin_repair,,False,drop_descriptors,,FAILURE,cyclopentadithiophene-alt-benzothiadiazole is unparsable due to the following being uninterpretable: t-benzothiadiazole The following was not parseable: t-benzothiadiazole,,,,repair,drop_descriptors,True,cyclopentadithiophene-alt-benzothiadiazole,False,,,,,,,,,,,,,,,,
499,pcpdtbt,cyclopentadithiophene-alt-benzothiadiazole,cyclopentadithiophene-alt-benzothiadiazole,cyclopentadithiophene-alt-benzothiadiazole,False,False,False,opsin_repair,,False,drop_substituted,,FAILURE,cyclopentadithiophene-alt-benzothiadiazole is unparsable due to the following being uninterpretable: t-benzothiadiazole The following was not parseable: t-benzothiadiazole,,,,repair,drop_substituted,True,cyclopentadithiophene-alt-benzothiadiazole,False,,,,,,,,,,,,,,,,
499,pcpdtbt,cyclopentadithiophene-alt-benzothiadiazole,cyclopentadithiophene-alt-benzothiadiazole,cyclopentadithiophene-alt-benzothiadiazole,False,False,False,opsin_repair,,False,tidy_punct,,FAILURE,cyclopentadithiophene-alt-benzothiadiazole is unparsable due to the following being uninterpretable: t-benzothiadiazole The following was not parseable: t-benzothiadiazole,,,,repair,tidy_punct,True,cyclopentadithiophene-alt-benzothiadiazole,False,,,,,,,,,,,,,,,,
499,pcpdtbt,cyclopentadithiophene-alt-benzothiadiazole,cyclopentadithiophene-alt-benzothiadiazole,cyclopentadithiophene-alt-benzothiadiazole,False,False,False,fallback,TEXT_FALLBACK,False,no parse,,,,,,,,,True,,False,,,,,,,,,,,,,,,,
499,pcpdtbt,,,2-ethylhexyl,False,False,False,template_expand,,True,[OPSIN-PREPROC] raw='2-c2c6' -> preprocessed='2-ethylhexyl',,,,,,,,,,,,,,,2-c2c6,2-ethylhexyl,False,False,False,False,False,unknown,low,True,"[{""name"": ""2-c2c6"", ""count"": 1}]",,
499,pcpdtbt,,,2-ethylhexyl,False,False,False,sidechain_length,ALKYL_LENGTH,True,,CC,,,,,,,,,,,,,,2-c2c6,2-ethylhexyl,False,False,False,False,False,,,,,,
499,pcpdtbt,cyclopentadithiophene-alt-benzothiadiazole,cyclopentadithiophene-alt-benzothiadiazole,cyclopentadithiophene-alt-benzothiadiazole,False,False,False,opsin_direct,,False,,,FAILURE,cyclopentadithiophene-alt-benzothiadiazole is unparsable due to the following being uninterpretable: t-benzothiadiazole The following was not parseable: t-benzothiadiazole,,,,direct,,True,cyclopentadithiophene-alt-benzothiadiazole,False,,,,,,,,,,,,,,,,
499,pcpdtbt,cyclopentadithiophene-alt-benzothiadiazole,cyclopentadithiophene-alt-benzothiadiazole,cyclopentadithiophene-alt-benzothiadiazole,False,False,False,opsin_repair,,False,drop_descriptors,,FAILURE,cyclopentadithiophene-alt-benzothiadiazole is unparsable due to the following being uninterpretable: t-benzothiadiazole The following was not parseable: t-benzothiadiazole,,,,repair,drop_descriptors,True,cyclopentadithiophene-alt-benzothiadiazole,False,,,,,,,,,,,,,,,,
499,pcpdtbt,cyclopentadithiophene-alt-benzothiadiazole,cyclopentadithiophene-alt-benzothiadiazole,cyclopentadithiophene-alt-benzothiadiazole,False,False,False,opsin_repair,,False,drop_substituted,,FAILURE,cyclopentadithiophene-alt-benzothiadiazole is unparsable due to the following being uninterpretable: t-benzothiadiazole The following was not parseable: t-benzothiadiazole,,,,repair,drop_substituted,True,cyclopentadithiophene-alt-benzothiadiazole,False,,,,,,,,,,,,,,,,
499,pcpdtbt,cyclopentadithiophene-alt-benzothiadiazole,cyclopentadithiophene-alt-benzothiadiazole,cyclopentadithiophene-alt-benzothiadiazole,False,False,False,opsin_repair,,False,tidy_punct,,FAILURE,cyclopentadithiophene-alt-benzothiadiazole is unparsable due to the following being uninterpretable: t-benzothiadiazole The following was not parseable: t-benzothiadiazole,,,,repair,tidy_punct,True,cyclopentadithiophene-alt-benzothiadiazole,False,,,,,,,,,,,,,,,,
499,pcpdtbt,cyclopentadithiophene-alt-benzothiadiazole,cyclopentadithiophene-alt-benzothiadiazole,cyclopentadithiophene-alt-benzothiadiazole,False,False,False,fallback,TEXT_FALLBACK,False,no parse,,,,,,,,,True,,False,,,,,,,,,,,,,,,,
499,pcpdtbt,,,2-ethylhexyl,False,False,False,template_expand,,True,[OPSIN-PREPROC] raw='2-c2c6' -> preprocessed='2-ethylhexyl',,,,,,,,,,,,,,,2-c2c6,2-ethylhexyl,False,False,False,False,False,unknown,low,True,"[{""name"": ""2-c2c6"", ""count"": 1}]",,
499,pcpdtbt,,,2-ethylhexyl,False,False,False,sidechain_length,ALKYL_LENGTH,True,,CC,,,,,,,,,,,,,,2-c2c6,2-ethylhexyl,False,False,False,False,False,,,,,,
449,gtzdpp-c6,thiazole-flanked diketopyrrolopyrrole,thiazole-flanked diketopyrrolopyrrole,thiazole-flanked diketopyrrolopyrrole,False,False,False,opsin_direct,,False,,,FAILURE,thiazole-flanked diketopyrrolopyrrole is unparsable due to the following being uninterpretable: flanked diketopyrrolopyrrole The following was not parseable: flanked diketopyrrolopyrrole,,,,direct,,True,thiazole-flanked diketopyrrolopyrrole,False,,,,,,,,,,,,,,,,
449,gtzdpp-c6,thiazole-flanked diketopyrrolopyrrole,thiazole-flanked diketopyrrolopyrrole,thiazole-flanked diketopyrrolopyrrole,False,False,False,opsin_repair,,False,drop_descriptors,,FAILURE,thiazole-flanked diketopyrrolopyrrole is unparsable due to the following being uninterpretable: flanked diketopyrrolopyrrole The following was not parseable: flanked diketopyrrolopyrrole,,,,repair,drop_descriptors,True,thiazole-flanked diketopyrrolopyrrole,False,,,,,,,,,,,,,,,,
449,gtzdpp-c6,thiazole-flanked diketopyrrolopyrrole,thiazole-flanked diketopyrrolopyrrole,thiazole-flanked diketopyrrolopyrrole,False,False,False,opsin_repair,,False,drop_substituted,,FAILURE,thiazole-flanked diketopyrrolopyrrole is unparsable due to the following being uninterpretable: flanked diketopyrrolopyrrole The following was not parseable: flanked diketopyrrolopyrrole,,,,repair,drop_substituted,True,thiazole-flanked diketopyrrolopyrrole,False,,,,,,,,,,,,,,,,
449,gtzdpp-c6,thiazole-flanked diketopyrrolopyrrole,thiazole-flanked diketopyrrolopyrrole,thiazole-flanked diketopyrrolopyrrole,False,False,False,opsin_repair,,False,tidy_punct,,FAILURE,thiazole-flanked diketopyrrolopyrrole is unparsable due to the following being uninterpretable: flanked diketopyrrolopyrrole The following was not parseable: flanked diketopyrrolopyrrole,,,,repair,tidy_punct,True,thiazole-flanked diketopyrrolopyrrole,False,,,,,,,,,,,,,,,,
449,gtzdpp-c6,thiazole-flanked diketopyrrolopyrrole,thiazole-flanked diketopyrrolopyrrole,thiazole-flanked diketopyrrolopyrrole,False,False,False,fallback,TEXT_FALLBACK,False,no parse,,,,,,,,,True,,False,,,,,,,,,,,,,,,,
449,gtzdpp-c6,,,aliphenylatic-oethoxyethylhybrid swithhexylspacer-yl,False,False,False,template_expand,,True,[OPSIN-PREPROC] raw='aliphatic-oeghybridsidechainswithc6spacer' -> preprocessed='aliphenylatic-oethoxyethylhybrid swithhexylspacer-yl',,,,,,,,,,,,,,,aliphatic-oeghybridsidechainswithc6spacer,aliphenylatic-oethoxyethylhybrid swithhexylspacer-yl,False,False,True,False,False,unknown,low,True,"[{""name"": ""aliphatic-oeghybridsidechainswithc6spacer"", ""count"": 1}]",,
449,gtzdpp-c6,,,aliphenylatic-oethoxyethylhybrid swithhexylspacer-yl,False,False,False,sidechain_length,ALKYL_LENGTH,True,,CC,,,,,,,,,,,,,,aliphatic-oeghybridsidechainswithc6spacer,aliphenylatic-oethoxyethylhybrid swithhexylspacer-yl,False,False,True,False,False,,,,,,
449,gtzdpp-c8,thiazole-flanked diketopyrrolopyrrole,thiazole-flanked diketopyrrolopyrrole,thiazole-flanked diketopyrrolopyrrole,False,False,False,opsin_direct,,False,,,FAILURE,thiazole-flanked diketopyrrolopyrrole is unparsable due to the following being uninterpretable: flanked diketopyrrolopyrrole The following was not parseable: flanked diketopyrrolopyrrole,,,,direct,,True,thiazole-flanked diketopyrrolopyrrole,False,,,,,,,,,,,,,,,,
449,gtzdpp-c8,thiazole-flanked diketopyrrolopyrrole,thiazole-flanked diketopyrrolopyrrole,thiazole-flanked diketopyrrolopyrrole,False,False,False,opsin_repair,,False,drop_descriptors,,FAILURE,thiazole-flanked diketopyrrolopyrrole is unparsable due to the following being uninterpretable: flanked diketopyrrolopyrrole The following was not parseable: flanked diketopyrrolopyrrole,,,,repair,drop_descriptors,True,thiazole-flanked diketopyrrolopyrrole,False,,,,,,,,,,,,,,,,
449,gtzdpp-c8,thiazole-flanked diketopyrrolopyrrole,thiazole-flanked diketopyrrolopyrrole,thiazole-flanked diketopyrrolopyrrole,False,False,False,opsin_repair,,False,drop_substituted,,FAILURE,thiazole-flanked diketopyrrolopyrrole is unparsable due to the following being uninterpretable: flanked diketopyrrolopyrrole The following was not parseable: flanked diketopyrrolopyrrole,,,,repair,drop_substituted,True,thiazole-flanked diketopyrrolopyrrole,False,,,,,,,,,,,,,,,,
449,gtzdpp-c8,thiazole-flanked diketopyrrolopyrrole,thiazole-flanked diketopyrrolopyrrole,thiazole-flanked diketopyrrolopyrrole,False,False,False,opsin_repair,,False,tidy_punct,,FAILURE,thiazole-flanked diketopyrrolopyrrole is unparsable due to the following being uninterpretable: flanked diketopyrrolopyrrole The following was not parseable: flanked diketopyrrolopyrrole,,,,repair,tidy_punct,True,thiazole-flanked diketopyrrolopyrrole,False,,,,,,,,,,,,,,,,
449,gtzdpp-c8,thiazole-flanked diketopyrrolopyrrole,thiazole-flanked diketopyrrolopyrrole,thiazole-flanked diketopyrrolopyrrole,False,False,False,fallback,TEXT_FALLBACK,False,no parse,,,,,,,,,True,,False,,,,,,,,,,,,,,,,
449,gtzdpp-c8,,,aliphenylatic-oethoxyethylhybrid swithoctylspacer-yl,False,False,False,template_expand,,True,[OPSIN-PREPROC] raw='aliphatic-oeghybridsidechainswithc8spacer' -> preprocessed='aliphenylatic-oethoxyethylhybrid swithoctylspacer-yl',,,,,,,,,,,,,,,aliphatic-oeghybridsidechainswithc8spacer,aliphenylatic-oethoxyethylhybrid swithoctylspacer-yl,False,False,True,False,False,unknown,low,True,"[{""name"": ""aliphatic-oeghybridsidechainswithc8spacer"", ""count"": 1}]",,
449,gtzdpp-c8,,,aliphenylatic-oethoxyethylhybrid swithoctylspacer-yl,False,False,False,sidechain_length,ALKYL_LENGTH,True,,CC,,,,,,,,,,,,,,aliphatic-oeghybridsidechainswithc8spacer,aliphenylatic-oethoxyethylhybrid swithoctylspacer-yl,False,False,True,False,False,,,,,,
449,gtzdpp-c12,thiazole-flanked diketopyrrolopyrrole,thiazole-flanked diketopyrrolopyrrole,thiazole-flanked diketopyrrolopyrrole,False,False,False,opsin_direct,,False,,,FAILURE,thiazole-flanked diketopyrrolopyrrole is unparsable due to the following being uninterpretable: flanked diketopyrrolopyrrole The following was not parseable: flanked diketopyrrolopyrrole,,,,direct,,True,thiazole-flanked diketopyrrolopyrrole,False,,,,,,,,,,,,,,,,
449,gtzdpp-c12,thiazole-flanked diketopyrrolopyrrole,thiazole-flanked diketopyrrolopyrrole,thiazole-flanked diketopyrrolopyrrole,False,False,False,opsin_repair,,False,drop_descriptors,,FAILURE,thiazole-flanked diketopyrrolopyrrole is unparsable due to the following being uninterpretable: flanked diketopyrrolopyrrole The following was not parseable: flanked diketopyrrolopyrrole,,,,repair,drop_descriptors,True,thiazole-flanked diketopyrrolopyrrole,False,,,,,,,,,,,,,,,,
449,gtzdpp-c12,thiazole-flanked diketopyrrolopyrrole,thiazole-flanked diketopyrrolopyrrole,thiazole-flanked diketopyrrolopyrrole,False,False,False,opsin_repair,,False,drop_substituted,,FAILURE,thiazole-flanked diketopyrrolopyrrole is unparsable due to the following being uninterpretable: flanked diketopyrrolopyrrole The following was not parseable: flanked diketopyrrolopyrrole,,,,repair,drop_substituted,True,thiazole-flanked diketopyrrolopyrrole,False,,,,,,,,,,,,,,,,
449,gtzdpp-c12,thiazole-flanked diketopyrrolopyrrole,thiazole-flanked diketopyrrolopyrrole,thiazole-flanked diketopyrrolopyrrole,False,False,False,opsin_repair,,False,tidy_punct,,FAILURE,thiazole-flanked diketopyrrolopyrrole is unparsable due to the following being uninterpretable: flanked diketopyrrolopyrrole The following was not parseable: flanked diketopyrrolopyrrole,,,,repair,tidy_punct,True,thiazole-flanked diketopyrrolopyrrole,False,,,,,,,,,,,,,,,,
449,gtzdpp-c12,thiazole-flanked diketopyrrolopyrrole,thiazole-flanked diketopyrrolopyrrole,thiazole-flanked diketopyrrolopyrrole,False,False,False,fallback,TEXT_FALLBACK,False,no parse,,,,,,,,,True,,False,,,,,,,,,,,,,,,,
449,gtzdpp-c12,,,aliphenylatic-oethoxyethylhybrid swithdomethyl-0-spacer-yl,False,False,False,template_expand,,True,[OPSIN-PREPROC] raw='aliphatic-oeghybridsidechainswithdoc10spacer' -> preprocessed='aliphenylatic-oethoxyethylhybrid swithdomethyl-0-spacer-yl',,,,,,,,,,,,,,,aliphatic-oeghybridsidechainswithdoc10spacer,aliphenylatic-oethoxyethylhybrid swithdomethyl-0-spacer-yl,False,False,True,False,False,unknown,low,True,"[{""name"": ""aliphatic-oeghybridsidechainswithdoc10spacer"", ""count"": 1}]",,
449,gtzdpp-c12,,,aliphenylatic-oethoxyethylhybrid swithdomethyl-0-spacer-yl,False,False,False,sidechain_length,ALKYL_LENGTH,True,,C,,,,,,,,,,,,,,aliphatic-oeghybridsidechainswithdoc10spacer,aliphenylatic-oethoxyethylhybrid swithdomethyl-0-spacer-yl,False,False,True,False,False,,,,,,
483,p1,idt-bt donor–acceptor backbone,idt-bt -,idt-bt donor-acceptor backbone,False,False,False,opsin_direct,,False,,,FAILURE,idt-bt donor-acceptor backbone is unparsable due to the following being uninterpretable: idt-bt donor-acceptor backbone The following was not parseable: t-bt donor-acceptor backbone,,,,direct,,True,idt-bt donor-acceptor backbone,True,fused_ring_prime_0_to_quote,idt-bt donor–acceptor backbone,idt-bt donor-acceptor backbone,,,,,,,,,,,,,
483,p1,idt-bt donor–acceptor backbone,idt-bt - backbone,idt-bt - backbone,False,False,False,opsin_repair,,False,drop_descriptors,,FAILURE,idt-bt - backbone is unparsable due to the following being uninterpretable: idt-bt - backbone The following was not parseable: t-bt - backbone,,,,repair,drop_descriptors,True,idt-bt - backbone,False,,,,,,,,,,,,,,,,
483,p1,idt-bt donor–acceptor backbone,idt-bt - backbone,idt-bt - backbone,False,False,False,opsin_repair,,False,drop_substituted,,FAILURE,idt-bt - backbone is unparsable due to the following being uninterpretable: idt-bt - backbone The following was not parseable: t-bt - backbone,,,,repair,drop_substituted,True,idt-bt - backbone,False,,,,,,,,,,,,,,,,
483,p1,idt-bt donor–acceptor backbone,idt-bt - backbone,idt-bt - backbone,False,False,False,opsin_repair,,False,tidy_punct,,FAILURE,idt-bt - backbone is unparsable due to the following being uninterpretable: idt-bt - backbone The following was not parseable: t-bt - backbone,,,,repair,tidy_punct,True,idt-bt - backbone,False,,,,,,,,,,,,,,,,
483,p1,idt-bt donor–acceptor backbone,idt-bt -,idt-bt donor-acceptor backbone,False,False,False,fallback,TEXT_FALLBACK,False,no parse,,,,,,,,,True,,False,,,,,,,,,,,,,,,,
483,p1,,,octyl,False,False,False,template_expand,,True,[OPSIN-PREPROC] raw='c8sidechain' -> preprocessed='octyl',,,,,,,,,,,,,,,c8sidechain,octyl,False,False,False,False,False,unknown,low,True,"[{""name"": ""c8sidechain"", ""count"": 1}]",,
483,p1,,,octyl,False,False,False,sidechain_length,ALKYL_LENGTH,True,,CCCCCCCC,,,,,,,,,,,,,,c8sidechain,octyl,False,False,False,False,False,,,,,,
483,p2,idt-bt donor–acceptor backbone,idt-bt -,idt-bt donor-acceptor backbone,False,False,False,opsin_direct,,False,,,FAILURE,idt-bt donor-acceptor backbone is unparsable due to the following being uninterpretable: idt-bt donor-acceptor backbone The following was not parseable: t-bt donor-acceptor backbone,,,,direct,,True,idt-bt donor-acceptor backbone,True,fused_ring_prime_0_to_quote,idt-bt donor–acceptor backbone,idt-bt donor-acceptor backbone,,,,,,,,,,,,,
483,p2,idt-bt donor–acceptor backbone,idt-bt - backbone,idt-bt - backbone,False,False,False,opsin_repair,,False,drop_descriptors,,FAILURE,idt-bt - backbone is unparsable due to the following being uninterpretable: idt-bt - backbone The following was not parseable: t-bt - backbone,,,,repair,drop_descriptors,True,idt-bt - backbone,False,,,,,,,,,,,,,,,,
483,p2,idt-bt donor–acceptor backbone,idt-bt - backbone,idt-bt - backbone,False,False,False,opsin_repair,,False,drop_substituted,,FAILURE,idt-bt - backbone is unparsable due to the following being uninterpretable: idt-bt - backbone The following was not parseable: t-bt - backbone,,,,repair,drop_substituted,True,idt-bt - backbone,False,,,,,,,,,,,,,,,,
483,p2,idt-bt donor–acceptor backbone,idt-bt - backbone,idt-bt - backbone,False,False,False,opsin_repair,,False,tidy_punct,,FAILURE,idt-bt - backbone is unparsable due to the following being uninterpretable: idt-bt - backbone The following was not parseable: t-bt - backbone,,,,repair,tidy_punct,True,idt-bt - backbone,False,,,,,,,,,,,,,,,,
483,p2,idt-bt donor–acceptor backbone,idt-bt -,idt-bt donor-acceptor backbone,False,False,False,fallback,TEXT_FALLBACK,False,no parse,,,,,,,,,True,,False,,,,,,,,,,,,,,,,
440,2dpp-cltvt,"diketopyrrolopyrrole-alt-(e)-1,2-bis(3-chlorothiophen-2-yl)ethene",diketopyrrolopyrrole-alt- e -1 2-bis 3-chlorothiophen-2-yl ethene,"diketopyrrolopyrrole-alt-(e)-1,2-bis(3-chlorothiophen-2-yl)ethene",False,False,False,opsin_direct,,False,,,FAILURE,"diketopyrrolopyrrole-alt-(e)-1,2-bis(3-chlorothiophen-2-yl)ethene is unparsable due to the following being uninterpretable: t-(e)-1,2-bis(3-chlorothiophen-2-yl)ethene The following was not parseable: t-(e)-1,2-bis(3-chlorothiophen-2-yl)ethene",,,,direct,,True,"diketopyrrolopyrrole-alt-(e)-1,2-bis(3-chlorothiophen-2-yl)ethene",False,,,,,,,,,,,,,,,,
440,2dpp-cltvt,"diketopyrrolopyrrole-alt-(e)-1,2-bis(3-chlorothiophen-2-yl)ethene","diketopyrrolopyrrole-alt-(e)-1,2-bis(3-chlorothiophen-2-yl)ethene","diketopyrrolopyrrole-alt-(e)-1,2-bis(3-chlorothiophen-2-yl)ethene",False,False,False,opsin_repair,,False,drop_descriptors,,FAILURE,"diketopyrrolopyrrole-alt-(e)-1,2-bis(3-chlorothiophen-2-yl)ethene is unparsable due to the following being uninterpretable: t-(e)-1,2-bis(3-chlorothiophen-2-yl)ethene The following was not parseable: t-(e)-1,2-bis(3-chlorothiophen-2-yl)ethene",,,,repair,drop_descriptors,True,"diketopyrrolopyrrole-alt-(e)-1,2-bis(3-chlorothiophen-2-yl)ethene",False,,,,,,,,,,,,,,,,
440,2dpp-cltvt,"diketopyrrolopyrrole-alt-(e)-1,2-bis(3-chlorothiophen-2-yl)ethene","diketopyrrolopyrrole-alt-(e)-1,2-bis(3-chlorothiophen-2-yl)ethene","diketopyrrolopyrrole-alt-(e)-1,2-bis(3-chlorothiophen-2-yl)ethene",False,False,False,opsin_repair,,False,drop_substituted,,FAILURE,"diketopyrrolopyrrole-alt-(e)-1,2-bis(3-chlorothiophen-2-yl)ethene is unparsable due to the following being uninterpretable: t-(e)-1,2-bis(3-chlorothiophen-2-yl)ethene The following was not parseable: t-(e)-1,2-bis(3-chlorothiophen-2-yl)ethene",,,,repair,drop_substituted,True,"diketopyrrolopyrrole-alt-(e)-1,2-bis(3-chlorothiophen-2-yl)ethene",False,,,,,,,,,,,,,,,,
440,2dpp-cltvt,"diketopyrrolopyrrole-alt-(e)-1,2-bis(3-chlorothiophen-2-yl)ethene","diketopyrrolopyrrole-alt-(e)-1,2-bis(3-chlorothiophen-2-yl)ethene","diketopyrrolopyrrole-alt-(e)-1,2-bis(3-chlorothiophen-2-yl)ethene",False,False,False,opsin_repair,,False,tidy_punct,,FAILURE,"diketopyrrolopyrrole-alt-(e)-1,2-bis(3-chlorothiophen-2-yl)ethene is unparsable due to the following being uninterpretable: t-(e)-1,2-bis(3-chlorothiophen-2-yl)ethene The following was not parseable: t-(e)-1,2-bis(3-chlorothiophen-2-yl)ethene",,,,repair,tidy_punct,True,"diketopyrrolopyrrole-alt-(e)-1,2-bis(3-chlorothiophen-2-yl)ethene",False,,,,,,,,,,,,,,,,
440,2dpp-cltvt,"diketopyrrolopyrrole-alt-(e)-1,2-bis(3-chlorothiophen-2-yl)ethene",diketopyrrolopyrrole-alt- e -1 2-bis 3-chlorothiophen-2-yl ethene,"diketopyrrolopyrrole-alt-(e)-1,2-bis(3-chlorothiophen-2-yl)ethene",False,False,False,fallback,TEXT_FALLBACK,False,no parse,,,,,,,,,True,,False,,,,,,,,,,,,,,,,
440,7dpp-cltvt,"diketopyrrolopyrrole-alt-(e)-1,2-bis(3-chlorothiophen-2-yl)ethene",diketopyrrolopyrrole-alt- e -1 2-bis 3-chlorothiophen-2-yl ethene,"diketopyrrolopyrrole-alt-(e)-1,2-bis(3-chlorothiophen-2-yl)ethene",False,False,False,opsin_direct,,False,,,FAILURE,"diketopyrrolopyrrole-alt-(e)-1,2-bis(3-chlorothiophen-2-yl)ethene is unparsable due to the following being uninterpretable: t-(e)-1,2-bis(3-chlorothiophen-2-yl)ethene The following was not parseable: t-(e)-1,2-bis(3-chlorothiophen-2-yl)ethene",,,,direct,,True,"diketopyrrolopyrrole-alt-(e)-1,2-bis(3-chlorothiophen-2-yl)ethene",False,,,,,,,,,,,,,,,,
440,7dpp-cltvt,"diketopyrrolopyrrole-alt-(e)-1,2-bis(3-chlorothiophen-2-yl)ethene","diketopyrrolopyrrole-alt-(e)-1,2-bis(3-chlorothiophen-2-yl)ethene","diketopyrrolopyrrole-alt-(e)-1,2-bis(3-chlorothiophen-2-yl)ethene",False,False,False,opsin_repair,,False,drop_descriptors,,FAILURE,"diketopyrrolopyrrole-alt-(e)-1,2-bis(3-chlorothiophen-2-yl)ethene is unparsable due to the following being uninterpretable: t-(e)-1,2-bis(3-chlorothiophen-2-yl)ethene The following was not parseable: t-(e)-1,2-bis(3-chlorothiophen-2-yl)ethene",,,,repair,drop_descriptors,True,"diketopyrrolopyrrole-alt-(e)-1,2-bis(3-chlorothiophen-2-yl)ethene",False,,,,,,,,,,,,,,,,
440,7dpp-cltvt,"diketopyrrolopyrrole-alt-(e)-1,2-bis(3-chlorothiophen-2-yl)ethene","diketopyrrolopyrrole-alt-(e)-1,2-bis(3-chlorothiophen-2-yl)ethene","diketopyrrolopyrrole-alt-(e)-1,2-bis(3-chlorothiophen-2-yl)ethene",False,False,False,opsin_repair,,False,drop_substituted,,FAILURE,"diketopyrrolopyrrole-alt-(e)-1,2-bis(3-chlorothiophen-2-yl)ethene is unparsable due to the following being uninterpretable: t-(e)-1,2-bis(3-chlorothiophen-2-yl)ethene The following was not parseable: t-(e)-1,2-bis(3-chlorothiophen-2-yl)ethene",,,,repair,drop_substituted,True,"diketopyrrolopyrrole-alt-(e)-1,2-bis(3-chlorothiophen-2-yl)ethene",False,,,,,,,,,,,,,,,,
440,7dpp-cltvt,"diketopyrrolopyrrole-alt-(e)-1,2-bis(3-chlorothiophen-2-yl)ethene","diketopyrrolopyrrole-alt-(e)-1,2-bis(3-chlorothiophen-2-yl)ethene","diketopyrrolopyrrole-alt-(e)-1,2-bis(3-chlorothiophen-2-yl)ethene",False,False,False,opsin_repair,,False,tidy_punct,,FAILURE,"diketopyrrolopyrrole-alt-(e)-1,2-bis(3-chlorothiophen-2-yl)ethene is unparsable due to the following being uninterpretable: t-(e)-1,2-bis(3-chlorothiophen-2-yl)ethene The following was not parseable: t-(e)-1,2-bis(3-chlorothiophen-2-yl)ethene",,,,repair,tidy_punct,True,"diketopyrrolopyrrole-alt-(e)-1,2-bis(3-chlorothiophen-2-yl)ethene",False,,,,,,,,,,,,,,,,
440,7dpp-cltvt,"diketopyrrolopyrrole-alt-(e)-1,2-bis(3-chlorothiophen-2-yl)ethene",diketopyrrolopyrrole-alt- e -1 2-bis 3-chlorothiophen-2-yl ethene,"diketopyrrolopyrrole-alt-(e)-1,2-bis(3-chlorothiophen-2-yl)ethene",False,False,False,fallback,TEXT_FALLBACK,False,no parse,,,,,,,,,True,,False,,,,,,,,,,,,,,,,
425,pdctt2t,"3-(thiophen-2-yl)-6-(thiophen-3-yl)thieno[3,2-b]thiophene-bithiophene",3- thiophen-2-yl -6- thiophen-3-yl thieno 3 2-b thiophene-bithiophene,"3-(thiophen-2-yl)-6-(thiophen-3-yl)thieno[3,2-b]thiophene-bithiophene",False,False,False,opsin_direct,OPSIN,True,,c1csc(-c2cccs2)c1.c1csc(-c2csc3c(-c4ccsc4)csc23)c1,CACHE_HIT,,,True,1.0,direct,,True,"3-(thiophen-2-yl)-6-(thiophen-3-yl)thieno[3,2-b]thiophene-bithiophene",False,,,,,,,,,,,,,,,,
425,pdctt2t,,,ester-substitutedthienylconjugated s-yl,False,False,False,template_expand,,True,[OPSIN-PREPROC] raw='ester-substitutedthienylconjugatedsidechains' -> preprocessed='ester-substitutedthienylconjugated s-yl',,,,,,,,,,,,,,,ester-substitutedthienylconjugatedsidechains,ester-substitutedthienylconjugated s-yl,False,False,True,False,False,unknown,low,True,"[{""name"": ""ester-substitutedthienylconjugatedsidechains"", ""count"": 1}]",,
425,pdctt2t,,,ester-substitutedthienylconjugated s-yl,False,False,False,sidechain_non_opsin_compatible,NON_OPSIN_COMPATIBLE,False,ineligible,,,,,,,,,,,,,,,ester-substitutedthienylconjugatedsidechains,ester-substitutedthienylconjugated s-yl,False,False,True,False,False,,,,,,
425,pdctt2t-f,"3-(thiophen-2-yl)-6-(thiophen-3-yl)thieno[3,2-b]thiophene-difluorobithiophene",3- thiophen-2-yl -6- thiophen-3-yl thieno 3 2-b thiophene-difluorobithiophene,"3-(thiophen-2-yl)-6-(thiophen-3-yl)thieno[3,2-b]thiophene-difluorobithiophene",False,False,False,opsin_direct,OPSIN,True,,Fc1csc(-c2cccs2)c1F.c1csc(-c2csc3c(-c4ccsc4)csc23)c1,CACHE_HIT,,,True,1.0,direct,,True,"3-(thiophen-2-yl)-6-(thiophen-3-yl)thieno[3,2-b]thiophene-difluorobithiophene",False,,,,,,,,,,,,,,,,
425,pdctt2t-f,,,ester-substitutedthienylconjugated s-yl,False,False,False,template_expand,,True,[OPSIN-PREPROC] raw='ester-substitutedthienylconjugatedsidechains' -> preprocessed='ester-substitutedthienylconjugated s-yl',,,,,,,,,,,,,,,ester-substitutedthienylconjugatedsidechains,ester-substitutedthienylconjugated s-yl,False,False,True,False,False,unknown,low,True,"[{""name"": ""ester-substitutedthienylconjugatedsidechains"", ""count"": 1}]",,
425,pdctt2t-f,,,ester-substitutedthienylconjugated s-yl,False,False,False,sidechain_non_opsin_compatible,NON_OPSIN_COMPATIBLE,False,ineligible,,,,,,,,,,,,,,,ester-substitutedthienylconjugatedsidechains,ester-substitutedthienylconjugated s-yl,False,False,True,False,False,,,,,,
425,pdctt,"thieno[3,2-b]thiophene-bithiophene",thieno 3 2-b thiophene-bithiophene,"thieno[3,2-b]thiophene-bithiophene",False,False,False,opsin_direct,OPSIN,True,,c1cc2sccc2s1.c1csc(-c2cccs2)c1,CACHE_HIT,,,True,1.0,direct,,True,"thieno[3,2-b]thiophene-bithiophene",False,,,,,,,,,,,,,,,,
425,pdctt-f,"thieno[3,2-b]thiophene-difluorobithiophene",thieno 3 2-b thiophene-difluorobithiophene,"thieno[3,2-b]thiophene-difluorobithiophene",False,False,False,opsin_direct,OPSIN,True,,Fc1csc(-c2cccs2)c1F.c1cc2sccc2s1,CACHE_HIT,,,True,1.0,direct,,True,"thieno[3,2-b]thiophene-difluorobithiophene",False,,,,,,,,,,,,,,,,
