2026-01-05 17:05:27 [INFO] polymer_pipeline - Loading data: data/user_polymer.csv and data/user_image_pool.csv
2026-01-05 17:05:27 [INFO] polymer_pipeline - Loaded data/user_polymer.csv with columns=['polymer_name', 'backbone', 'side_chain', 'side_chain_type', 'side_chain_length', 'side_chain_design_intent', 'device_type', 'transport_regime', 'film_thickness', 'channel_length', 'molecular_weight_mn', 'molecular_weight_mw', 'dispersity', 'mobility_h', 'mobility_e', 'capacitance', 'uc_star', 'pce', 'jsc', 'voc', 'ff', 'crystallinity', 'pi_pi_spacing', 'lamellar_spacing', 'experiment_condition', 'processing_method', 'processing_solvent', 'synthesis_solvent', 'electrolyte', 'measurement_method', 'notes', '_source_file', '_source_path', '_config_name'] shape=(506, 34)
2026-01-05 17:05:27 [INFO] polymer_pipeline - Loaded data/user_image_pool.csv with columns=['paper_name', 'image_path', 'polymer_name', 'segment_index', 'raw_smiles', 'cleaned_smiles', 'canonical_smiles', 'status'] shape=(1364, 8)
2026-01-05 17:05:27 [INFO] polymer_pipeline - Polymer columns: ['polymer_name', 'backbone', 'side_chain', 'side_chain_type', 'side_chain_length', 'side_chain_design_intent', 'device_type', 'transport_regime', 'film_thickness', 'channel_length', 'molecular_weight_mn', 'molecular_weight_mw', 'dispersity', 'mobility_h', 'mobility_e', 'capacitance', 'uc_star', 'pce', 'jsc', 'voc', 'ff', 'crystallinity', 'pi_pi_spacing', 'lamellar_spacing', 'experiment_condition', 'processing_method', 'processing_solvent', 'synthesis_solvent', 'electrolyte', 'measurement_method', 'notes', '_source_file', '_source_path', '_config_name']
2026-01-05 17:05:27 [INFO] polymer_pipeline - Image columns: ['paper_name', 'image_path', 'polymer_name', 'segment_index', 'raw_smiles', 'cleaned_smiles', 'canonical_smiles', 'status']
2026-01-05 17:05:27 [WARNING] polymer_pipeline - Missing expected column in polymer table: paper_id
2026-01-05 17:05:27 [WARNING] polymer_pipeline - Missing expected column in image table: paper_id
2026-01-05 17:05:27 [WARNING] polymer_pipeline - Missing expected column in image table: candidate_smiles
2026-01-05 17:05:27 [INFO] polymer_pipeline - Layer 0 input columns (polymer): ['polymer_name', 'backbone', 'side_chain', 'side_chain_type', 'side_chain_length', 'side_chain_design_intent', 'device_type', 'transport_regime', 'film_thickness', 'channel_length', 'molecular_weight_mn', 'molecular_weight_mw', 'dispersity', 'mobility_h', 'mobility_e', 'capacitance', 'uc_star', 'pce', 'jsc', 'voc', 'ff', 'crystallinity', 'pi_pi_spacing', 'lamellar_spacing', 'experiment_condition', 'processing_method', 'processing_solvent', 'synthesis_solvent', 'electrolyte', 'measurement_method', 'notes', '_source_file', '_source_path', '_config_name', 'backbone_name_text', 'sidechain_name_text', 'paper_id', 'confidence_text']
2026-01-05 17:05:27 [INFO] polymer_pipeline - Layer 0 input columns (image): ['paper_name', 'image_path', 'polymer_name', 'segment_index', 'raw_smiles', 'cleaned_smiles', 'canonical_smiles', 'status', 'paper_id', 'candidate_smiles']
2026-01-05 17:05:27 [INFO] polymer_pipeline - Layer 0 normalized columns (polymer): ['polymer_name', 'backbone', 'side_chain', 'side_chain_type', 'side_chain_length', 'side_chain_design_intent', 'device_type', 'transport_regime', 'film_thickness', 'channel_length', 'molecular_weight_mn', 'molecular_weight_mw', 'dispersity', 'mobility_h', 'mobility_e', 'capacitance', 'uc_star', 'pce', 'jsc', 'voc', 'ff', 'crystallinity', 'pi_pi_spacing', 'lamellar_spacing', 'experiment_condition', 'processing_method', 'processing_solvent', 'synthesis_solvent', 'electrolyte', 'measurement_method', 'notes', '_source_file', '_source_path', '_config_name', 'backbone_name_text', 'sidechain_name_text', 'paper_id', 'confidence_text', 'paper_name']
2026-01-05 17:05:27 [INFO] polymer_pipeline - Layer 0 normalized columns (image): ['paper_name', 'image_path', 'polymer_name', 'segment_index', 'raw_smiles', 'cleaned_smiles', 'canonical_smiles', 'status', 'paper_id', 'candidate_smiles', 'image_id', 'fragment_id', 'parse_status']
2026-01-05 17:05:27 [INFO] polymer_pipeline - Schema report written to logs/schema_report.json
2026-01-05 17:05:27 [INFO] polymer_pipeline - Layer 0: normalized schemas (missing polymer cols=['paper_name'], missing image cols=[])
2026-01-05 17:05:27 [INFO] polymer_pipeline - Layer 0: unique paper_ids (polymer=100, image=93)
2026-01-05 17:05:27 [INFO] polymer_pipeline - Layer 0 backbone preview: ['bdt-based d–a copolymer (thiophene-benzothiadiazole-thiophene)', 'bdt-based d–a copolymer (thiophene-benzothiadiazole-thiophene)', 'naphthobisthiadiazole-based d−a copolymer', 'naphthobisthiadiazole-based d−a copolymer', 'naphthobisthiadiazole-based d−a copolymer']
2026-01-05 17:05:27 [INFO] polymer_pipeline - Layer 0 sidechain preview: ['carbazolesegment', 'carbazolesegment', '2-c8doc10', '2-c8doc10', '2-c8doc10']
2026-01-05 17:05:27 [INFO] polymer_pipeline - OPSIN parsed 'bdt-based d-a copolymer (thiophene-benzothiadiazole-thiophene)' in 0.001s
2026-01-05 17:05:27 [INFO] polymer_pipeline - OPSIN parsed 'bdt- d-a  (thiophene-benzothiadiazole-thiophene)' in 0.000s
2026-01-05 17:05:27 [INFO] polymer_pipeline - OPSIN parsed 'bdt- d-a  (thiophene-benzothiadiazole-thiophene)' in 0.000s
2026-01-05 17:05:27 [INFO] polymer_pipeline - OPSIN parsed 'bdt- d-a (thiophene-benzothiadiazole-thiophene)' in 0.000s
2026-01-05 17:05:27 [INFO] polymer_pipeline - OPSIN parsed 'bdt-based d-a copolymer (thiophene-benzothiadiazole-thiophene)' in 0.000s
2026-01-05 17:05:27 [INFO] polymer_pipeline - OPSIN parsed 'bdt- d-a  (thiophene-benzothiadiazole-thiophene)' in 0.000s
2026-01-05 17:05:27 [INFO] polymer_pipeline - OPSIN parsed 'bdt- d-a  (thiophene-benzothiadiazole-thiophene)' in 0.000s
2026-01-05 17:05:27 [INFO] polymer_pipeline - OPSIN parsed 'bdt- d-a (thiophene-benzothiadiazole-thiophene)' in 0.000s
2026-01-05 17:05:27 [INFO] polymer_pipeline - OPSIN parsed 'naphthobisthiadiazole-based d-a copolymer' in 0.001s
2026-01-05 17:05:27 [INFO] polymer_pipeline - OPSIN parsed 'naphthobisthiadiazole- d-a' in 0.001s
2026-01-05 17:05:27 [INFO] polymer_pipeline - OPSIN parsed 'naphthobisthiadiazole- d-a' in 0.001s
2026-01-05 17:05:27 [INFO] polymer_pipeline - OPSIN parsed 'naphthobisthiadiazole- d-a' in 0.001s
2026-01-05 17:05:27 [INFO] polymer_pipeline - OPSIN parsed 'naphthobisthiadiazole-based d-a copolymer' in 0.001s
2026-01-05 17:05:27 [INFO] polymer_pipeline - OPSIN parsed 'naphthobisthiadiazole- d-a' in 0.000s
2026-01-05 17:05:27 [INFO] polymer_pipeline - OPSIN parsed 'naphthobisthiadiazole- d-a' in 0.000s
2026-01-05 17:05:27 [INFO] polymer_pipeline - OPSIN parsed 'naphthobisthiadiazole- d-a' in 0.000s
2026-01-05 17:05:27 [INFO] polymer_pipeline - OPSIN parsed 'naphthobisthiadiazole-based d-a copolymer' in 0.000s
2026-01-05 17:05:27 [INFO] polymer_pipeline - OPSIN parsed 'naphthobisthiadiazole- d-a' in 0.000s
2026-01-05 17:05:27 [INFO] polymer_pipeline - OPSIN parsed 'naphthobisthiadiazole- d-a' in 0.000s
2026-01-05 17:05:27 [INFO] polymer_pipeline - OPSIN parsed 'naphthobisthiadiazole- d-a' in 0.000s
2026-01-05 17:05:27 [INFO] polymer_pipeline - OPSIN parsed 'naphthobisthiadiazole-based d-a copolymer' in 0.000s
2026-01-05 17:05:27 [INFO] polymer_pipeline - OPSIN parsed 'naphthobisthiadiazole- d-a' in 0.000s
2026-01-05 17:05:27 [INFO] polymer_pipeline - OPSIN parsed 'naphthobisthiadiazole- d-a' in 0.000s
2026-01-05 17:05:27 [INFO] polymer_pipeline - OPSIN parsed 'naphthobisthiadiazole- d-a' in 0.000s
2026-01-05 17:05:27 [INFO] polymer_pipeline - OPSIN parsed 'naphthobisthiadiazole-based d-a copolymer' in 0.000s
2026-01-05 17:05:27 [INFO] polymer_pipeline - OPSIN parsed 'naphthobisthiadiazole- d-a' in 0.000s
2026-01-05 17:05:27 [INFO] polymer_pipeline - OPSIN parsed 'naphthobisthiadiazole- d-a' in 0.000s
2026-01-05 17:05:27 [INFO] polymer_pipeline - OPSIN parsed 'naphthobisthiadiazole- d-a' in 0.000s
2026-01-05 17:05:27 [INFO] polymer_pipeline - OPSIN parsed 'naphthobisthiadiazole-based d-a copolymer' in 0.000s
2026-01-05 17:05:27 [INFO] polymer_pipeline - OPSIN parsed 'naphthobisthiadiazole- d-a' in 0.000s
2026-01-05 17:05:27 [INFO] polymer_pipeline - OPSIN parsed 'naphthobisthiadiazole- d-a' in 0.000s
2026-01-05 17:05:27 [INFO] polymer_pipeline - OPSIN parsed 'naphthobisthiadiazole- d-a' in 0.000s
2026-01-05 17:05:27 [INFO] polymer_pipeline - OPSIN parsed 'naphthobisthiadiazole-based d-a copolymer' in 0.000s
2026-01-05 17:05:27 [INFO] polymer_pipeline - OPSIN parsed 'naphthobisthiadiazole- d-a' in 0.000s
2026-01-05 17:05:27 [INFO] polymer_pipeline - OPSIN parsed 'naphthobisthiadiazole- d-a' in 0.000s
2026-01-05 17:05:27 [INFO] polymer_pipeline - OPSIN parsed 'naphthobisthiadiazole- d-a' in 0.000s
2026-01-05 17:05:27 [INFO] polymer_pipeline - OPSIN parsed 'naphthobisthiadiazole-based d-a copolymer' in 0.000s
2026-01-05 17:05:27 [INFO] polymer_pipeline - OPSIN parsed 'naphthobisthiadiazole- d-a' in 0.000s
2026-01-05 17:05:27 [INFO] polymer_pipeline - OPSIN parsed 'naphthobisthiadiazole- d-a' in 0.000s
2026-01-05 17:05:27 [INFO] polymer_pipeline - OPSIN parsed 'naphthobisthiadiazole- d-a' in 0.000s
2026-01-05 17:05:27 [INFO] polymer_pipeline - OPSIN parsed 'naphthobisthiadiazole-based d-a copolymer' in 0.000s
2026-01-05 17:05:27 [INFO] polymer_pipeline - OPSIN parsed 'naphthobisthiadiazole- d-a' in 0.000s
2026-01-05 17:05:27 [INFO] polymer_pipeline - OPSIN parsed 'naphthobisthiadiazole- d-a' in 0.000s
2026-01-05 17:05:27 [INFO] polymer_pipeline - OPSIN parsed 'naphthobisthiadiazole- d-a' in 0.000s
2026-01-05 17:05:27 [INFO] polymer_pipeline - OPSIN parsed 'naphthobisthiadiazole-based d-a copolymer' in 0.000s
2026-01-05 17:05:27 [INFO] polymer_pipeline - OPSIN parsed 'naphthobisthiadiazole- d-a' in 0.000s
2026-01-05 17:05:27 [INFO] polymer_pipeline - OPSIN parsed 'naphthobisthiadiazole- d-a' in 0.000s
2026-01-05 17:05:27 [INFO] polymer_pipeline - OPSIN parsed 'naphthobisthiadiazole- d-a' in 0.000s
2026-01-05 17:05:27 [INFO] polymer_pipeline - OPSIN parsed 'naphthobisthiadiazole-based d-a copolymer' in 0.000s
2026-01-05 17:05:27 [INFO] polymer_pipeline - OPSIN parsed 'naphthobisthiadiazole- d-a' in 0.000s
2026-01-05 17:05:27 [INFO] polymer_pipeline - OPSIN parsed 'naphthobisthiadiazole- d-a' in 0.000s
2026-01-05 17:05:27 [INFO] polymer_pipeline - OPSIN parsed 'naphthobisthiadiazole- d-a' in 0.000s
2026-01-05 17:05:27 [INFO] polymer_pipeline - OPSIN parsed 'naphthobisthiadiazole-based d-a copolymer' in 0.000s
2026-01-05 17:05:27 [INFO] polymer_pipeline - OPSIN parsed 'naphthobisthiadiazole- d-a' in 0.000s
2026-01-05 17:05:27 [INFO] polymer_pipeline - OPSIN parsed 'naphthobisthiadiazole- d-a' in 0.000s
2026-01-05 17:05:27 [INFO] polymer_pipeline - OPSIN parsed 'naphthobisthiadiazole- d-a' in 0.000s
2026-01-05 17:05:27 [INFO] polymer_pipeline - OPSIN parsed 'π-extended poly(benzimidazoanthradiisoquinolinedione)' in 0.000s
2026-01-05 17:05:27 [INFO] polymer_pipeline - OPSIN parsed 'π-extended poly(benzimidazoanthradiisoquinolinedione)' in 0.000s
2026-01-05 17:05:27 [INFO] polymer_pipeline - OPSIN parsed 'π-extended poly(benzimidazoanthradiisoquinolinedione)' in 0.000s
2026-01-05 17:05:27 [INFO] polymer_pipeline - OPSIN parsed 'π-extended poly(benzimidazoanthradiisoquinolinedione)' in 0.000s
2026-01-05 17:05:27 [INFO] polymer_pipeline - OPSIN parsed 'π-extended poly(benzimidazoanthradiisoquinolinedione)' in 0.000s
2026-01-05 17:05:27 [INFO] polymer_pipeline - OPSIN parsed 'π-extended poly(benzimidazoanthradiisoquinolinedione)' in 0.000s
2026-01-05 17:05:27 [INFO] polymer_pipeline - OPSIN parsed 'π-extended poly(benzimidazoanthradiisoquinolinedione)' in 0.000s
2026-01-05 17:05:27 [INFO] polymer_pipeline - OPSIN parsed 'π-extended poly(benzimidazoanthradiisoquinolinedione)' in 0.000s
2026-01-05 17:05:27 [INFO] polymer_pipeline - OPSIN parsed 'bithiophene' in 0.003s
2026-01-05 17:05:27 [INFO] polymer_pipeline - OPSIN parsed 'thienothiophene-benzotriazole' in 0.003s
2026-01-05 17:05:27 [INFO] polymer_pipeline - OPSIN parsed 'naphthalene diimide-alt-indacenodithiophene' in 0.000s
2026-01-05 17:05:27 [INFO] polymer_pipeline - OPSIN parsed 'naphthalene diimide-alt-indacenodithiophene' in 0.000s
2026-01-05 17:05:27 [INFO] polymer_pipeline - OPSIN parsed 'naphthalene diimide-alt-indacenodithiophene' in 0.000s
2026-01-05 17:05:27 [INFO] polymer_pipeline - OPSIN parsed 'naphthalene diimide-alt-indacenodithiophene' in 0.000s
2026-01-05 17:05:27 [INFO] polymer_pipeline - OPSIN parsed 'naphthalene diimide-alt-indacenodithiophene' in 0.000s
2026-01-05 17:05:27 [INFO] polymer_pipeline - OPSIN parsed 'naphthalene diimide-alt-indacenodithiophene' in 0.000s
2026-01-05 17:05:27 [INFO] polymer_pipeline - OPSIN parsed 'naphthalene diimide-alt-indacenodithiophene' in 0.000s
2026-01-05 17:05:27 [INFO] polymer_pipeline - OPSIN parsed 'naphthalene diimide-alt-indacenodithiophene' in 0.000s
2026-01-05 17:05:27 [INFO] polymer_pipeline - OPSIN parsed 'naphthalene diimide-alt-indacenodithiophene' in 0.000s
2026-01-05 17:05:27 [INFO] polymer_pipeline - OPSIN parsed 'naphthalene diimide-alt-indacenodithiophene' in 0.000s
2026-01-05 17:05:27 [INFO] polymer_pipeline - OPSIN parsed 'naphthalene diimide-alt-indacenodithiophene' in 0.000s
2026-01-05 17:05:27 [INFO] polymer_pipeline - OPSIN parsed 'naphthalene diimide-alt-indacenodithiophene' in 0.000s
2026-01-05 17:05:27 [INFO] polymer_pipeline - OPSIN parsed 'naphthalene diimide-alt-indacenodithiophene' in 0.000s
2026-01-05 17:05:27 [INFO] polymer_pipeline - OPSIN parsed 'naphthalene diimide-alt-indacenodithiophene' in 0.000s
2026-01-05 17:05:27 [INFO] polymer_pipeline - OPSIN parsed 'naphthalene diimide-alt-indacenodithiophene' in 0.000s
2026-01-05 17:05:27 [INFO] polymer_pipeline - OPSIN parsed 'naphthalene diimide-alt-indacenodithiophene' in 0.000s
2026-01-05 17:05:27 [INFO] polymer_pipeline - OPSIN parsed 'naphthalene diimide-alt-indacenodithiophene' in 0.000s
2026-01-05 17:05:27 [INFO] polymer_pipeline - OPSIN parsed 'naphthalene diimide-alt-indacenodithiophene' in 0.000s
2026-01-05 17:05:27 [INFO] polymer_pipeline - OPSIN parsed 'naphthalene diimide-alt-indacenodithiophene' in 0.000s
2026-01-05 17:05:27 [INFO] polymer_pipeline - OPSIN parsed 'naphthalene diimide-alt-indacenodithiophene' in 0.000s
2026-01-05 17:05:27 [INFO] polymer_pipeline - OPSIN parsed 'naphthalene diimide-alt-indacenodithiophene' in 0.000s
2026-01-05 17:05:27 [INFO] polymer_pipeline - OPSIN parsed 'naphthalene diimide-alt-indacenodithiophene' in 0.000s
2026-01-05 17:05:27 [INFO] polymer_pipeline - OPSIN parsed 'naphthalene diimide-alt-indacenodithiophene' in 0.000s
2026-01-05 17:05:27 [INFO] polymer_pipeline - OPSIN parsed 'naphthalene diimide-alt-indacenodithiophene' in 0.000s
2026-01-05 17:05:27 [INFO] polymer_pipeline - OPSIN parsed 'naphthalene diimide-alt-indacenodithiophene' in 0.000s
2026-01-05 17:05:27 [INFO] polymer_pipeline - OPSIN parsed 'naphthalene diimide-alt-indacenodithiophene' in 0.000s
2026-01-05 17:05:27 [INFO] polymer_pipeline - OPSIN parsed 'naphthalene diimide-alt-indacenodithiophene' in 0.000s
2026-01-05 17:05:27 [INFO] polymer_pipeline - OPSIN parsed 'naphthalene diimide-alt-indacenodithiophene' in 0.000s
2026-01-05 17:05:27 [INFO] polymer_pipeline - OPSIN parsed 'naphthalene diimide-alt-bithiophene' in 0.000s
2026-01-05 17:05:27 [INFO] polymer_pipeline - OPSIN parsed 'naphthalene diimide-alt-bithiophene' in 0.000s
2026-01-05 17:05:27 [INFO] polymer_pipeline - OPSIN parsed 'naphthalene diimide-alt-bithiophene' in 0.000s
2026-01-05 17:05:27 [INFO] polymer_pipeline - OPSIN parsed 'naphthalene diimide-alt-bithiophene' in 0.000s
2026-01-05 17:05:27 [INFO] polymer_pipeline - OPSIN parsed 'poly(isoindigo-thienothiophene)' in 0.000s
2026-01-05 17:05:27 [INFO] polymer_pipeline - OPSIN parsed 'poly(isoindigo-thienothiophene)' in 0.000s
2026-01-05 17:05:27 [INFO] polymer_pipeline - OPSIN parsed 'poly(isoindigo-thienothiophene)' in 0.000s
2026-01-05 17:05:27 [INFO] polymer_pipeline - OPSIN parsed 'poly(isoindigo-thienothiophene)' in 0.000s
2026-01-05 17:05:27 [INFO] polymer_pipeline - OPSIN parsed 'poly(isoindigo-thienothiophene)' in 0.000s
2026-01-05 17:05:27 [INFO] polymer_pipeline - OPSIN parsed 'poly(isoindigo-thienothiophene)' in 0.000s
2026-01-05 17:05:27 [INFO] polymer_pipeline - OPSIN parsed 'poly(isoindigo-thienothiophene)' in 0.000s
2026-01-05 17:05:27 [INFO] polymer_pipeline - OPSIN parsed 'poly(isoindigo-thienothiophene)' in 0.000s
2026-01-05 17:05:27 [INFO] polymer_pipeline - OPSIN parsed 'poly(isoindigo-thienothiophene)' in 0.000s
2026-01-05 17:05:27 [INFO] polymer_pipeline - OPSIN parsed 'poly(isoindigo-thienothiophene)' in 0.000s
2026-01-05 17:05:27 [INFO] polymer_pipeline - OPSIN parsed 'poly(isoindigo-thienothiophene)' in 0.000s
2026-01-05 17:05:27 [INFO] polymer_pipeline - OPSIN parsed 'poly(isoindigo-thienothiophene)' in 0.000s
2026-01-05 17:05:27 [INFO] polymer_pipeline - OPSIN parsed 'poly(isoindigo-thienothiophene)' in 0.000s
2026-01-05 17:05:27 [INFO] polymer_pipeline - OPSIN parsed 'poly(isoindigo-thienothiophene)' in 0.000s
2026-01-05 17:05:27 [INFO] polymer_pipeline - OPSIN parsed 'poly(isoindigo-thienothiophene)' in 0.000s
2026-01-05 17:05:27 [INFO] polymer_pipeline - OPSIN parsed 'poly(isoindigo-thienothiophene)' in 0.000s
2026-01-05 17:05:27 [INFO] polymer_pipeline - OPSIN parsed 'naphthalenediimide-dialkoxybithiazole backbone' in 0.000s
2026-01-05 17:05:27 [INFO] polymer_pipeline - OPSIN parsed 'naphthalenediimide-dialkoxybithiazole backbone' in 0.000s
2026-01-05 17:05:27 [INFO] polymer_pipeline - OPSIN parsed 'naphthalenediimide-dialkoxybithiazole backbone' in 0.000s
2026-01-05 17:05:27 [INFO] polymer_pipeline - OPSIN parsed 'naphthalenediimide-dialkoxybithiazole backbone' in 0.000s
2026-01-05 17:05:27 [INFO] polymer_pipeline - OPSIN parsed 'naphthalenediimide-dialkoxybithiazole backbone' in 0.000s
2026-01-05 17:05:27 [INFO] polymer_pipeline - OPSIN parsed 'naphthalenediimide-dialkoxybithiazole backbone' in 0.000s
2026-01-05 17:05:27 [INFO] polymer_pipeline - OPSIN parsed 'naphthalenediimide-dialkoxybithiazole backbone' in 0.000s
2026-01-05 17:05:27 [INFO] polymer_pipeline - OPSIN parsed 'naphthalenediimide-dialkoxybithiazole backbone' in 0.000s
2026-01-05 17:05:27 [INFO] polymer_pipeline - OPSIN parsed 'naphthalenediimide-dialkoxybithiazole backbone' in 0.000s
2026-01-05 17:05:27 [INFO] polymer_pipeline - OPSIN parsed 'naphthalenediimide-dialkoxybithiazole backbone' in 0.000s
2026-01-05 17:05:27 [INFO] polymer_pipeline - OPSIN parsed 'naphthalenediimide-dialkoxybithiazole backbone' in 0.000s
2026-01-05 17:05:27 [INFO] polymer_pipeline - OPSIN parsed 'naphthalenediimide-dialkoxybithiazole backbone' in 0.000s
2026-01-05 17:05:27 [INFO] polymer_pipeline - OPSIN parsed 'naphthalenediimide-dialkoxybithiazole backbone' in 0.000s
2026-01-05 17:05:27 [INFO] polymer_pipeline - OPSIN parsed 'naphthalenediimide-dialkoxybithiazole backbone' in 0.000s
2026-01-05 17:05:27 [INFO] polymer_pipeline - OPSIN parsed 'naphthalenediimide-dialkoxybithiazole backbone' in 0.000s
2026-01-05 17:05:27 [INFO] polymer_pipeline - OPSIN parsed 'naphthalenediimide-dialkoxybithiazole backbone' in 0.000s
2026-01-05 17:05:27 [INFO] polymer_pipeline - OPSIN parsed 'naphthalenediimide-dialkoxybithiazole backbone' in 0.000s
2026-01-05 17:05:27 [INFO] polymer_pipeline - OPSIN parsed 'naphthalenediimide-dialkoxybithiazole backbone' in 0.000s
2026-01-05 17:05:27 [INFO] polymer_pipeline - OPSIN parsed 'naphthalenediimide-dialkoxybithiazole backbone' in 0.000s
2026-01-05 17:05:27 [INFO] polymer_pipeline - OPSIN parsed 'naphthalenediimide-dialkoxybithiazole backbone' in 0.000s
2026-01-05 17:05:27 [INFO] polymer_pipeline - OPSIN parsed 'cyclopentadithiophene-alt-benzothiadiazole' in 0.000s
2026-01-05 17:05:27 [INFO] polymer_pipeline - OPSIN parsed 'cyclopentadithiophene-alt-benzothiadiazole' in 0.000s
2026-01-05 17:05:27 [INFO] polymer_pipeline - OPSIN parsed 'cyclopentadithiophene-alt-benzothiadiazole' in 0.000s
2026-01-05 17:05:27 [INFO] polymer_pipeline - OPSIN parsed 'cyclopentadithiophene-alt-benzothiadiazole' in 0.000s
2026-01-05 17:05:27 [INFO] polymer_pipeline - OPSIN parsed 'cyclopentadithiophene-alt-benzothiadiazole' in 0.000s
2026-01-05 17:05:27 [INFO] polymer_pipeline - OPSIN parsed 'cyclopentadithiophene-alt-benzothiadiazole' in 0.000s
2026-01-05 17:05:27 [INFO] polymer_pipeline - OPSIN parsed 'cyclopentadithiophene-alt-benzothiadiazole' in 0.000s
2026-01-05 17:05:27 [INFO] polymer_pipeline - OPSIN parsed 'cyclopentadithiophene-alt-benzothiadiazole' in 0.000s
2026-01-05 17:05:27 [INFO] polymer_pipeline - OPSIN parsed 'cyclopentadithiophene-alt-benzothiadiazole' in 0.000s
2026-01-05 17:05:27 [INFO] polymer_pipeline - OPSIN parsed 'cyclopentadithiophene-alt-benzothiadiazole' in 0.000s
2026-01-05 17:05:27 [INFO] polymer_pipeline - OPSIN parsed 'cyclopentadithiophene-alt-benzothiadiazole' in 0.000s
2026-01-05 17:05:27 [INFO] polymer_pipeline - OPSIN parsed 'cyclopentadithiophene-alt-benzothiadiazole' in 0.000s
2026-01-05 17:05:27 [INFO] polymer_pipeline - OPSIN parsed 'cyclopentadithiophene-alt-benzothiadiazole' in 0.000s
2026-01-05 17:05:27 [INFO] polymer_pipeline - OPSIN parsed 'cyclopentadithiophene-alt-benzothiadiazole' in 0.000s
2026-01-05 17:05:27 [INFO] polymer_pipeline - OPSIN parsed 'cyclopentadithiophene-alt-benzothiadiazole' in 0.000s
2026-01-05 17:05:27 [INFO] polymer_pipeline - OPSIN parsed 'cyclopentadithiophene-alt-benzothiadiazole' in 0.000s
2026-01-05 17:05:27 [INFO] polymer_pipeline - OPSIN parsed 'alternating cpdt-ttmn d-a backbone' in 0.000s
2026-01-05 17:05:27 [INFO] polymer_pipeline - OPSIN parsed 'alternating cpdt-ttmn d-a backbone' in 0.000s
2026-01-05 17:05:27 [INFO] polymer_pipeline - OPSIN parsed 'alternating cpdt-ttmn d-a backbone' in 0.000s
2026-01-05 17:05:27 [INFO] polymer_pipeline - OPSIN parsed 'alternating cpdt-ttmn d-a backbone' in 0.000s
2026-01-05 17:05:27 [INFO] polymer_pipeline - OPSIN parsed 'alternating cpdt-ttmn d-a backbone' in 0.000s
2026-01-05 17:05:27 [INFO] polymer_pipeline - OPSIN parsed 'alternating cpdt-ttmn d-a backbone' in 0.000s
2026-01-05 17:05:27 [INFO] polymer_pipeline - OPSIN parsed 'alternating cpdt-ttmn d-a backbone' in 0.000s
2026-01-05 17:05:27 [INFO] polymer_pipeline - OPSIN parsed 'alternating cpdt-ttmn d-a backbone' in 0.000s
2026-01-05 17:05:27 [INFO] polymer_pipeline - OPSIN parsed 'alternating bdt-ttmn d-a backbone' in 0.000s
2026-01-05 17:05:27 [INFO] polymer_pipeline - OPSIN parsed 'alternating bdt-ttmn d-a backbone' in 0.000s
2026-01-05 17:05:27 [INFO] polymer_pipeline - OPSIN parsed 'alternating bdt-ttmn d-a backbone' in 0.000s
2026-01-05 17:05:27 [INFO] polymer_pipeline - OPSIN parsed 'alternating bdt-ttmn d-a backbone' in 0.000s
2026-01-05 17:05:27 [INFO] polymer_pipeline - OPSIN parsed 'alternating bdt-ttmn d-a backbone' in 0.000s
2026-01-05 17:05:27 [INFO] polymer_pipeline - OPSIN parsed 'alternating bdt-ttmn d-a backbone' in 0.000s
2026-01-05 17:05:27 [INFO] polymer_pipeline - OPSIN parsed 'alternating bdt-ttmn d-a backbone' in 0.000s
2026-01-05 17:05:27 [INFO] polymer_pipeline - OPSIN parsed 'alternating bdt-ttmn d-a backbone' in 0.000s
2026-01-05 17:05:27 [INFO] polymer_pipeline - OPSIN parsed 'alternating idt-ttmn d-a backbone' in 0.000s
2026-01-05 17:05:27 [INFO] polymer_pipeline - OPSIN parsed 'alternating idt-ttmn d-a backbone' in 0.000s
2026-01-05 17:05:27 [INFO] polymer_pipeline - OPSIN parsed 'alternating idt-ttmn d-a backbone' in 0.000s
2026-01-05 17:05:27 [INFO] polymer_pipeline - OPSIN parsed 'alternating idt-ttmn d-a backbone' in 0.000s
2026-01-05 17:05:27 [INFO] polymer_pipeline - OPSIN parsed 'alternating idt-ttmn d-a backbone' in 0.000s
2026-01-05 17:05:27 [INFO] polymer_pipeline - OPSIN parsed 'alternating idt-ttmn d-a backbone' in 0.000s
2026-01-05 17:05:27 [INFO] polymer_pipeline - OPSIN parsed 'alternating idt-ttmn d-a backbone' in 0.000s
2026-01-05 17:05:27 [INFO] polymer_pipeline - OPSIN parsed 'alternating idt-ttmn d-a backbone' in 0.000s
2026-01-05 17:05:27 [INFO] polymer_pipeline - OPSIN parsed 'ndi-t2' in 0.000s
2026-01-05 17:05:27 [INFO] polymer_pipeline - OPSIN parsed 'ndi-t2' in 0.000s
2026-01-05 17:05:27 [INFO] polymer_pipeline - OPSIN parsed 'ndi-t2' in 0.000s
2026-01-05 17:05:27 [INFO] polymer_pipeline - OPSIN parsed 'ndi-t2' in 0.000s
2026-01-05 17:05:27 [INFO] polymer_pipeline - OPSIN parsed 'ndi-t2' in 0.000s
2026-01-05 17:05:27 [INFO] polymer_pipeline - OPSIN parsed 'ndi-t2' in 0.000s
2026-01-05 17:05:27 [INFO] polymer_pipeline - OPSIN parsed 'ndi-t2' in 0.000s
2026-01-05 17:05:27 [INFO] polymer_pipeline - OPSIN parsed 'ndi-t2' in 0.000s
2026-01-05 17:05:27 [INFO] polymer_pipeline - OPSIN parsed 'ndi-t2' in 0.000s
2026-01-05 17:05:27 [INFO] polymer_pipeline - OPSIN parsed 'ndi-t2' in 0.000s
2026-01-05 17:05:27 [INFO] polymer_pipeline - OPSIN parsed 'ndi-t2' in 0.000s
2026-01-05 17:05:27 [INFO] polymer_pipeline - OPSIN parsed 'ndi-t2' in 0.000s
2026-01-05 17:05:27 [INFO] polymer_pipeline - OPSIN parsed 'ndi-t2' in 0.000s
2026-01-05 17:05:27 [INFO] polymer_pipeline - OPSIN parsed 'ndi-t2' in 0.000s
2026-01-05 17:05:27 [INFO] polymer_pipeline - OPSIN parsed 'ndi-t2' in 0.000s
2026-01-05 17:05:27 [INFO] polymer_pipeline - OPSIN parsed 'ndi-t2' in 0.000s
2026-01-05 17:05:27 [INFO] polymer_pipeline - OPSIN parsed 'ndi-t2' in 0.000s
2026-01-05 17:05:27 [INFO] polymer_pipeline - OPSIN parsed 'ndi-t2' in 0.000s
2026-01-05 17:05:27 [INFO] polymer_pipeline - OPSIN parsed 'ndi-t2' in 0.000s
2026-01-05 17:05:27 [INFO] polymer_pipeline - OPSIN parsed 'ndi-t2' in 0.000s
2026-01-05 17:05:27 [INFO] polymer_pipeline - OPSIN parsed 'ndi-t2' in 0.000s
2026-01-05 17:05:27 [INFO] polymer_pipeline - OPSIN parsed 'ndi-t2' in 0.000s
2026-01-05 17:05:27 [INFO] polymer_pipeline - OPSIN parsed 'ndi-t2' in 0.000s
2026-01-05 17:05:27 [INFO] polymer_pipeline - OPSIN parsed 'ndi-t2' in 0.000s
2026-01-05 17:05:27 [INFO] polymer_pipeline - OPSIN parsed 'ndi-t2' in 0.000s
2026-01-05 17:05:27 [INFO] polymer_pipeline - OPSIN parsed 'ndi-t2' in 0.000s
2026-01-05 17:05:27 [INFO] polymer_pipeline - OPSIN parsed 'ndi-t2' in 0.000s
2026-01-05 17:05:27 [INFO] polymer_pipeline - OPSIN parsed 'ndi-t2' in 0.000s
2026-01-05 17:05:27 [INFO] polymer_pipeline - OPSIN parsed 'thiophene moiety' in 0.000s
2026-01-05 17:05:27 [INFO] polymer_pipeline - OPSIN parsed 'thiophene' in 0.000s
2026-01-05 17:05:27 [INFO] polymer_pipeline - OPSIN parsed 'terthiophene moiety' in 0.000s
2026-01-05 17:05:27 [INFO] polymer_pipeline - OPSIN parsed 'terthiophene' in 0.001s
2026-01-05 17:05:27 [INFO] polymer_pipeline - OPSIN parsed 'polystyrene backbone' in 0.000s
2026-01-05 17:05:27 [INFO] polymer_pipeline - OPSIN parsed 'polystyrene backbone' in 0.000s
2026-01-05 17:05:27 [INFO] polymer_pipeline - OPSIN parsed 'polystyrene backbone' in 0.000s
2026-01-05 17:05:27 [INFO] polymer_pipeline - OPSIN parsed 'polystyrene backbone' in 0.000s
2026-01-05 17:05:27 [INFO] polymer_pipeline - OPSIN parsed 'polystyrene backbone' in 0.000s
2026-01-05 17:05:27 [INFO] polymer_pipeline - OPSIN parsed 'polystyrene backbone' in 0.000s
2026-01-05 17:05:27 [INFO] polymer_pipeline - OPSIN parsed 'polystyrene backbone' in 0.000s
2026-01-05 17:05:27 [INFO] polymer_pipeline - OPSIN parsed 'polystyrene backbone' in 0.000s
2026-01-05 17:05:27 [INFO] polymer_pipeline - OPSIN parsed 'phenyl' in 0.000s
2026-01-05 17:05:27 [INFO] polymer_pipeline - OPSIN parsed 'polythiophene derivative' in 0.000s
2026-01-05 17:05:27 [INFO] polymer_pipeline - OPSIN parsed 'polythiophene derivative' in 0.000s
2026-01-05 17:05:27 [INFO] polymer_pipeline - OPSIN parsed 'polythiophene derivative' in 0.000s
2026-01-05 17:05:27 [INFO] polymer_pipeline - OPSIN parsed 'polythiophene derivative' in 0.000s
2026-01-05 17:05:27 [INFO] polymer_pipeline - OPSIN parsed 'polythiophene derivative' in 0.000s
2026-01-05 17:05:27 [INFO] polymer_pipeline - OPSIN parsed 'polythiophene derivative' in 0.000s
2026-01-05 17:05:27 [INFO] polymer_pipeline - OPSIN parsed 'polythiophene derivative' in 0.000s
2026-01-05 17:05:27 [INFO] polymer_pipeline - OPSIN parsed 'polythiophene derivative' in 0.000s
2026-01-05 17:05:27 [INFO] polymer_pipeline - OPSIN parsed 'polythiophene derivative' in 0.000s
2026-01-05 17:05:27 [INFO] polymer_pipeline - OPSIN parsed 'polythiophene derivative' in 0.000s
2026-01-05 17:05:27 [INFO] polymer_pipeline - OPSIN parsed 'polythiophene derivative' in 0.000s
2026-01-05 17:05:27 [INFO] polymer_pipeline - OPSIN parsed 'polythiophene derivative' in 0.000s
2026-01-05 17:05:27 [INFO] polymer_pipeline - OPSIN parsed 'ethylene glycol-functionalized polythiophene' in 0.000s
2026-01-05 17:05:27 [INFO] polymer_pipeline - OPSIN parsed 'ethylene glycol-functionalized polythiophene' in 0.000s
2026-01-05 17:05:27 [INFO] polymer_pipeline - OPSIN parsed 'ethylene glycol- polythiophene' in 0.000s
2026-01-05 17:05:27 [INFO] polymer_pipeline - OPSIN parsed 'ethylene glycol- polythiophene' in 0.000s
2026-01-05 17:05:27 [INFO] polymer_pipeline - OPSIN parsed 'ethylene glycol-functionalized polythiophene' in 0.000s
2026-01-05 17:05:27 [INFO] polymer_pipeline - OPSIN parsed 'ethylene glycol-functionalized polythiophene' in 0.000s
2026-01-05 17:05:27 [INFO] polymer_pipeline - OPSIN parsed 'ethylene glycol- polythiophene' in 0.000s
2026-01-05 17:05:27 [INFO] polymer_pipeline - OPSIN parsed 'ethylene glycol- polythiophene' in 0.000s
2026-01-05 17:05:27 [INFO] polymer_pipeline - OPSIN parsed 'ethylene glycol-functionalized polythiophene' in 0.000s
2026-01-05 17:05:27 [INFO] polymer_pipeline - OPSIN parsed 'ethylene glycol-functionalized polythiophene' in 0.000s
2026-01-05 17:05:27 [INFO] polymer_pipeline - OPSIN parsed 'ethylene glycol- polythiophene' in 0.000s
2026-01-05 17:05:27 [INFO] polymer_pipeline - OPSIN parsed 'ethylene glycol- polythiophene' in 0.000s
2026-01-05 17:05:27 [INFO] polymer_pipeline - OPSIN parsed 'ethylene glycol-functionalized polythiophene' in 0.000s
2026-01-05 17:05:27 [INFO] polymer_pipeline - OPSIN parsed 'ethylene glycol-functionalized polythiophene' in 0.000s
2026-01-05 17:05:27 [INFO] polymer_pipeline - OPSIN parsed 'ethylene glycol- polythiophene' in 0.000s
2026-01-05 17:05:27 [INFO] polymer_pipeline - OPSIN parsed 'ethylene glycol- polythiophene' in 0.000s
2026-01-05 17:05:27 [INFO] polymer_pipeline - OPSIN parsed 'diketopyrrolopyrrole (dpp) d-a backbone' in 0.000s
2026-01-05 17:05:27 [INFO] polymer_pipeline - OPSIN parsed 'diketopyrrolopyrrole (dpp) d-a backbone' in 0.000s
2026-01-05 17:05:27 [INFO] polymer_pipeline - OPSIN parsed 'diketopyrrolopyrrole (dpp) d-a backbone' in 0.000s
2026-01-05 17:05:27 [INFO] polymer_pipeline - OPSIN parsed 'diketopyrrolopyrrole (dpp) d-a backbone' in 0.000s
2026-01-05 17:05:27 [INFO] polymer_pipeline - OPSIN parsed 'diketopyrrolopyrrole (dpp) d-a backbone' in 0.000s
2026-01-05 17:05:27 [INFO] polymer_pipeline - OPSIN parsed 'diketopyrrolopyrrole (dpp) d-a backbone' in 0.000s
2026-01-05 17:05:27 [INFO] polymer_pipeline - OPSIN parsed 'diketopyrrolopyrrole (dpp) d-a backbone' in 0.000s
2026-01-05 17:05:27 [INFO] polymer_pipeline - OPSIN parsed 'diketopyrrolopyrrole (dpp) d-a backbone' in 0.000s
2026-01-05 17:05:27 [INFO] polymer_pipeline - OPSIN parsed 'diketopyrrolopyrrole (dpp) d-a backbone' in 0.000s
2026-01-05 17:05:27 [INFO] polymer_pipeline - OPSIN parsed 'diketopyrrolopyrrole (dpp) d-a backbone' in 0.000s
2026-01-05 17:05:27 [INFO] polymer_pipeline - OPSIN parsed 'diketopyrrolopyrrole (dpp) d-a backbone' in 0.000s
2026-01-05 17:05:27 [INFO] polymer_pipeline - OPSIN parsed 'diketopyrrolopyrrole (dpp) d-a backbone' in 0.000s
2026-01-05 17:05:27 [INFO] polymer_pipeline - OPSIN parsed 'diketopyrrolopyrrole (dpp) d-a backbone' in 0.000s
2026-01-05 17:05:27 [INFO] polymer_pipeline - OPSIN parsed 'diketopyrrolopyrrole (dpp) d-a backbone' in 0.000s
2026-01-05 17:05:27 [INFO] polymer_pipeline - OPSIN parsed 'diketopyrrolopyrrole (dpp) d-a backbone' in 0.000s
2026-01-05 17:05:27 [INFO] polymer_pipeline - OPSIN parsed 'diketopyrrolopyrrole (dpp) d-a backbone' in 0.000s
2026-01-05 17:05:27 [INFO] polymer_pipeline - OPSIN parsed 'poly(dithienofluorene-alt-dithienoyldiketopyrrolopyrrole)' in 0.000s
2026-01-05 17:05:27 [INFO] polymer_pipeline - OPSIN parsed 'poly(dithienofluorene-alt-dithienoyldiketopyrrolopyrrole)' in 0.000s
2026-01-05 17:05:27 [INFO] polymer_pipeline - OPSIN parsed 'poly(dithienofluorene-alt-dithienoyldiketopyrrolopyrrole)' in 0.000s
2026-01-05 17:05:27 [INFO] polymer_pipeline - OPSIN parsed 'poly(dithienofluorene-alt-dithienoyldiketopyrrolopyrrole)' in 0.000s
2026-01-05 17:05:27 [INFO] polymer_pipeline - OPSIN parsed 'poly(dithienofluorene-alt-dithienoyldiketopyrrolopyrrole)' in 0.000s
2026-01-05 17:05:27 [INFO] polymer_pipeline - OPSIN parsed 'poly(dithienofluorene-alt-dithienoyldiketopyrrolopyrrole)' in 0.000s
2026-01-05 17:05:27 [INFO] polymer_pipeline - OPSIN parsed 'poly(dithienofluorene-alt-dithienoyldiketopyrrolopyrrole)' in 0.000s
2026-01-05 17:05:27 [INFO] polymer_pipeline - OPSIN parsed 'poly(dithienofluorene-alt-dithienoyldiketopyrrolopyrrole)' in 0.000s
2026-01-05 17:05:27 [INFO] polymer_pipeline - OPSIN parsed 'poly(dithienofluorene-alt-dithienoyldiketopyrrolopyrrole)' in 0.000s
2026-01-05 17:05:27 [INFO] polymer_pipeline - OPSIN parsed 'poly(dithienofluorene-alt-dithienoyldiketopyrrolopyrrole)' in 0.000s
2026-01-05 17:05:27 [INFO] polymer_pipeline - OPSIN parsed 'poly(dithienofluorene-alt-dithienoyldiketopyrrolopyrrole)' in 0.000s
2026-01-05 17:05:27 [INFO] polymer_pipeline - OPSIN parsed 'poly(dithienofluorene-alt-dithienoyldiketopyrrolopyrrole)' in 0.000s
2026-01-05 17:05:27 [INFO] polymer_pipeline - OPSIN parsed 'poly(dithienofluorene-alt-dithienoyldiketopyrrolopyrrole)' in 0.000s
2026-01-05 17:05:27 [INFO] polymer_pipeline - OPSIN parsed 'poly(dithienofluorene-alt-dithienoyldiketopyrrolopyrrole)' in 0.000s
2026-01-05 17:05:27 [INFO] polymer_pipeline - OPSIN parsed 'poly(dithienofluorene-alt-dithienoyldiketopyrrolopyrrole)' in 0.000s
2026-01-05 17:05:27 [INFO] polymer_pipeline - OPSIN parsed 'poly(dithienofluorene-alt-dithienoyldiketopyrrolopyrrole)' in 0.000s
2026-01-05 17:05:27 [INFO] polymer_pipeline - OPSIN parsed 'diketopyrrolopyrrole-thieno[3,2-b]thiophene' in 0.002s
2026-01-05 17:05:27 [INFO] polymer_pipeline - OPSIN parsed 'idt+3t' in 0.000s
2026-01-05 17:05:27 [INFO] polymer_pipeline - OPSIN parsed 'idt+3t' in 0.000s
2026-01-05 17:05:27 [INFO] polymer_pipeline - OPSIN parsed 'idt+3t' in 0.000s
2026-01-05 17:05:27 [INFO] polymer_pipeline - OPSIN parsed 'idt+3t' in 0.000s
2026-01-05 17:05:27 [INFO] polymer_pipeline - OPSIN parsed 'bidt+3t' in 0.000s
2026-01-05 17:05:27 [INFO] polymer_pipeline - OPSIN parsed 'bidt+3t' in 0.000s
2026-01-05 17:05:27 [INFO] polymer_pipeline - OPSIN parsed 'bidt+3t' in 0.000s
2026-01-05 17:05:27 [INFO] polymer_pipeline - OPSIN parsed 'bidt+3t' in 0.000s
2026-01-05 17:05:27 [INFO] polymer_pipeline - OPSIN parsed 'bidtt+3t' in 0.000s
2026-01-05 17:05:27 [INFO] polymer_pipeline - OPSIN parsed 'bidtt+3t' in 0.000s
2026-01-05 17:05:27 [INFO] polymer_pipeline - OPSIN parsed 'bidtt+3t' in 0.000s
2026-01-05 17:05:27 [INFO] polymer_pipeline - OPSIN parsed 'bidtt+3t' in 0.000s
2026-01-05 17:05:27 [INFO] polymer_pipeline - OPSIN parsed 'idt+dpp' in 0.000s
2026-01-05 17:05:27 [INFO] polymer_pipeline - OPSIN parsed 'idt+dpp' in 0.000s
2026-01-05 17:05:27 [INFO] polymer_pipeline - OPSIN parsed 'idt+dpp' in 0.000s
2026-01-05 17:05:27 [INFO] polymer_pipeline - OPSIN parsed 'idt+dpp' in 0.000s
2026-01-05 17:05:27 [INFO] polymer_pipeline - OPSIN parsed 'bidt+dpp' in 0.000s
2026-01-05 17:05:27 [INFO] polymer_pipeline - OPSIN parsed 'bidt+dpp' in 0.000s
2026-01-05 17:05:27 [INFO] polymer_pipeline - OPSIN parsed 'bidt+dpp' in 0.000s
2026-01-05 17:05:27 [INFO] polymer_pipeline - OPSIN parsed 'bidt+dpp' in 0.000s
2026-01-05 17:05:27 [INFO] polymer_pipeline - OPSIN parsed 'bidtt+dpp' in 0.000s
2026-01-05 17:05:27 [INFO] polymer_pipeline - OPSIN parsed 'bidtt+dpp' in 0.000s
2026-01-05 17:05:27 [INFO] polymer_pipeline - OPSIN parsed 'bidtt+dpp' in 0.000s
2026-01-05 17:05:27 [INFO] polymer_pipeline - OPSIN parsed 'bidtt+dpp' in 0.000s
2026-01-05 17:05:27 [INFO] polymer_pipeline - OPSIN parsed '2,6-bis(thiophen-2-yl)-4,8-bis(5-dodecylthiophen-2-yl)benzo[1,2-b:4,5-b']dithiophene' in 0.002s
2026-01-05 17:05:27 [INFO] polymer_pipeline - OPSIN parsed '4,8-bis(5-dodecylthiophen-2-yl)benzo[1,2-b:4,5-b']dithiophene' in 0.001s
2026-01-05 17:05:27 [INFO] polymer_pipeline - OPSIN parsed 'polythiophene backbone' in 0.000s
2026-01-05 17:05:27 [INFO] polymer_pipeline - OPSIN parsed 'polythiophene backbone' in 0.000s
2026-01-05 17:05:27 [INFO] polymer_pipeline - OPSIN parsed 'polythiophene backbone' in 0.000s
2026-01-05 17:05:27 [INFO] polymer_pipeline - OPSIN parsed 'polythiophene backbone' in 0.000s
2026-01-05 17:05:27 [INFO] polymer_pipeline - OPSIN parsed 'polythiophene backbone' in 0.000s
2026-01-05 17:05:27 [INFO] polymer_pipeline - OPSIN parsed 'polythiophene backbone' in 0.000s
2026-01-05 17:05:27 [INFO] polymer_pipeline - OPSIN parsed 'polythiophene backbone' in 0.000s
2026-01-05 17:05:27 [INFO] polymer_pipeline - OPSIN parsed 'polythiophene backbone' in 0.000s
2026-01-05 17:05:27 [INFO] polymer_pipeline - OPSIN parsed 'polythiophene backbone' in 0.000s
2026-01-05 17:05:27 [INFO] polymer_pipeline - OPSIN parsed 'polythiophene backbone' in 0.000s
2026-01-05 17:05:27 [INFO] polymer_pipeline - OPSIN parsed 'polythiophene backbone' in 0.000s
2026-01-05 17:05:27 [INFO] polymer_pipeline - OPSIN parsed 'polythiophene backbone' in 0.000s
2026-01-05 17:05:27 [INFO] polymer_pipeline - OPSIN parsed 'polythiophene backbone' in 0.000s
2026-01-05 17:05:27 [INFO] polymer_pipeline - OPSIN parsed 'polythiophene backbone' in 0.000s
2026-01-05 17:05:27 [INFO] polymer_pipeline - OPSIN parsed 'polythiophene backbone' in 0.000s
2026-01-05 17:05:27 [INFO] polymer_pipeline - OPSIN parsed 'polythiophene backbone' in 0.000s
2026-01-05 17:05:27 [INFO] polymer_pipeline - OPSIN parsed 'isoindigo-based backbone' in 0.000s
2026-01-05 17:05:27 [INFO] polymer_pipeline - OPSIN parsed 'isoindigo- backbone' in 0.000s
2026-01-05 17:05:27 [INFO] polymer_pipeline - OPSIN parsed 'isoindigo- backbone' in 0.000s
2026-01-05 17:05:27 [INFO] polymer_pipeline - OPSIN parsed 'isoindigo- backbone' in 0.000s
2026-01-05 17:05:27 [INFO] polymer_pipeline - OPSIN parsed 'isoindigo-based backbone' in 0.000s
2026-01-05 17:05:27 [INFO] polymer_pipeline - OPSIN parsed 'isoindigo- backbone' in 0.000s
2026-01-05 17:05:27 [INFO] polymer_pipeline - OPSIN parsed 'isoindigo- backbone' in 0.000s
2026-01-05 17:05:27 [INFO] polymer_pipeline - OPSIN parsed 'isoindigo- backbone' in 0.000s
2026-01-05 17:05:27 [INFO] polymer_pipeline - OPSIN parsed 'isoindigo-based backbone' in 0.000s
2026-01-05 17:05:27 [INFO] polymer_pipeline - OPSIN parsed 'isoindigo- backbone' in 0.000s
2026-01-05 17:05:27 [INFO] polymer_pipeline - OPSIN parsed 'isoindigo- backbone' in 0.000s
2026-01-05 17:05:27 [INFO] polymer_pipeline - OPSIN parsed 'isoindigo- backbone' in 0.000s
2026-01-05 17:05:27 [INFO] polymer_pipeline - OPSIN parsed 'isoindigo-based backbone' in 0.000s
2026-01-05 17:05:27 [INFO] polymer_pipeline - OPSIN parsed 'isoindigo- backbone' in 0.000s
2026-01-05 17:05:27 [INFO] polymer_pipeline - OPSIN parsed 'isoindigo- backbone' in 0.000s
2026-01-05 17:05:27 [INFO] polymer_pipeline - OPSIN parsed 'isoindigo- backbone' in 0.000s
2026-01-05 17:05:27 [INFO] polymer_pipeline - OPSIN parsed 'isoindigo-based backbone' in 0.000s
2026-01-05 17:05:27 [INFO] polymer_pipeline - OPSIN parsed 'isoindigo- backbone' in 0.000s
2026-01-05 17:05:27 [INFO] polymer_pipeline - OPSIN parsed 'isoindigo- backbone' in 0.000s
2026-01-05 17:05:27 [INFO] polymer_pipeline - OPSIN parsed 'isoindigo- backbone' in 0.000s
2026-01-05 17:05:27 [INFO] polymer_pipeline - OPSIN parsed 'poly(3,7-dihydrobenzo[1,2-b:4,5-b']difuran-2,6-dione)' in 0.000s
2026-01-05 17:05:27 [INFO] polymer_pipeline - OPSIN parsed 'poly(3,7-dihydrobenzo[1,2-b:4,5-b']difuran-2,6-dione)' in 0.000s
2026-01-05 17:05:27 [INFO] polymer_pipeline - OPSIN parsed 'poly(3,7-dihydrobenzo[1,2-b:4,5-b']difuran-2,6-dione)' in 0.000s
2026-01-05 17:05:27 [INFO] polymer_pipeline - OPSIN parsed 'poly(3,7-dihydrobenzo[1,2-b:4,5-b']difuran-2,6-dione)' in 0.000s
2026-01-05 17:05:27 [INFO] polymer_pipeline - OPSIN parsed 'poly(3,7-dihydrobenzo[1,2-b:4,5-b']difuran-2,6-dione)' in 0.000s
2026-01-05 17:05:27 [INFO] polymer_pipeline - OPSIN parsed 'poly(3,7-dihydrobenzo[1,2-b:4,5-b']difuran-2,6-dione)' in 0.000s
2026-01-05 17:05:27 [INFO] polymer_pipeline - OPSIN parsed 'poly(3,7-dihydrobenzo[1,2-b:4,5-b']difuran-2,6-dione)' in 0.000s
2026-01-05 17:05:27 [INFO] polymer_pipeline - OPSIN parsed 'poly(3,7-dihydrobenzo[1,2-b:4,5-b']difuran-2,6-dione)' in 0.000s
2026-01-05 17:05:27 [INFO] polymer_pipeline - OPSIN parsed 'poly(3,7-dihydrobenzo[1,2-b:4,5-b']difuran-2,6-dione)' in 0.000s
2026-01-05 17:05:27 [INFO] polymer_pipeline - OPSIN parsed 'poly(3,7-dihydrobenzo[1,2-b:4,5-b']difuran-2,6-dione)' in 0.000s
2026-01-05 17:05:27 [INFO] polymer_pipeline - OPSIN parsed 'poly(3,7-dihydrobenzo[1,2-b:4,5-b']difuran-2,6-dione)' in 0.000s
2026-01-05 17:05:27 [INFO] polymer_pipeline - OPSIN parsed 'poly(3,7-dihydrobenzo[1,2-b:4,5-b']difuran-2,6-dione)' in 0.000s
2026-01-05 17:05:27 [INFO] polymer_pipeline - OPSIN parsed 'poly(3-hexylthiophene) conjugated block' in 0.000s
2026-01-05 17:05:27 [INFO] polymer_pipeline - OPSIN parsed 'poly(3-hexylthiophene) conjugated block' in 0.000s
2026-01-05 17:05:27 [INFO] polymer_pipeline - OPSIN parsed 'poly(3-hexylthiophene) conjugated block' in 0.000s
2026-01-05 17:05:27 [INFO] polymer_pipeline - OPSIN parsed 'poly(3-hexylthiophene) conjugated block' in 0.000s
2026-01-05 17:05:27 [INFO] polymer_pipeline - OPSIN parsed 'poly(3-hexylthiophene) conjugated block' in 0.000s
2026-01-05 17:05:27 [INFO] polymer_pipeline - OPSIN parsed 'poly(3-hexylthiophene) conjugated block' in 0.000s
2026-01-05 17:05:27 [INFO] polymer_pipeline - OPSIN parsed 'poly(3-hexylthiophene) conjugated block' in 0.000s
2026-01-05 17:05:27 [INFO] polymer_pipeline - OPSIN parsed 'poly(3-hexylthiophene) conjugated block' in 0.000s
2026-01-05 17:05:27 [INFO] polymer_pipeline - OPSIN parsed 'thiophene backbone' in 0.000s
2026-01-05 17:05:27 [INFO] polymer_pipeline - OPSIN parsed 'thiophene backbone' in 0.000s
2026-01-05 17:05:27 [INFO] polymer_pipeline - OPSIN parsed 'thiophene backbone' in 0.000s
2026-01-05 17:05:27 [INFO] polymer_pipeline - OPSIN parsed 'thiophene backbone' in 0.000s
2026-01-05 17:05:27 [INFO] polymer_pipeline - OPSIN parsed 'poly(3-hexylthiophene) conjugated block' in 0.000s
2026-01-05 17:05:27 [INFO] polymer_pipeline - OPSIN parsed 'poly(3-hexylthiophene) conjugated block' in 0.000s
2026-01-05 17:05:27 [INFO] polymer_pipeline - OPSIN parsed 'poly(3-hexylthiophene) conjugated block' in 0.000s
2026-01-05 17:05:27 [INFO] polymer_pipeline - OPSIN parsed 'poly(3-hexylthiophene) conjugated block' in 0.000s
2026-01-05 17:05:27 [INFO] polymer_pipeline - OPSIN parsed 'poly(3-hexylthiophene) conjugated block' in 0.000s
2026-01-05 17:05:27 [INFO] polymer_pipeline - OPSIN parsed 'poly(3-hexylthiophene) conjugated block' in 0.000s
2026-01-05 17:05:27 [INFO] polymer_pipeline - OPSIN parsed 'poly(3-hexylthiophene) conjugated block' in 0.000s
2026-01-05 17:05:27 [INFO] polymer_pipeline - OPSIN parsed 'poly(3-hexylthiophene) conjugated block' in 0.000s
2026-01-05 17:05:27 [INFO] polymer_pipeline - OPSIN parsed 'dbnd-2t' in 0.000s
2026-01-05 17:05:27 [INFO] polymer_pipeline - OPSIN parsed 'dbnd-2t' in 0.000s
2026-01-05 17:05:27 [INFO] polymer_pipeline - OPSIN parsed 'dbnd-2t' in 0.000s
2026-01-05 17:05:27 [INFO] polymer_pipeline - OPSIN parsed 'dbnd-2t' in 0.000s
2026-01-05 17:05:27 [INFO] polymer_pipeline - OPSIN parsed 'dbnd-2t' in 0.000s
2026-01-05 17:05:27 [INFO] polymer_pipeline - OPSIN parsed 'dbnd-2t' in 0.000s
2026-01-05 17:05:27 [INFO] polymer_pipeline - OPSIN parsed 'dbnd-2t' in 0.000s
2026-01-05 17:05:27 [INFO] polymer_pipeline - OPSIN parsed 'dbnd-2t' in 0.000s
2026-01-05 17:05:27 [INFO] polymer_pipeline - OPSIN parsed 'poly(thiophene-2,5-diyl)' in 0.001s
2026-01-05 17:05:27 [INFO] polymer_pipeline - OPSIN parsed 'acyclic dioxythiophene' in 0.000s
2026-01-05 17:05:27 [INFO] polymer_pipeline - OPSIN parsed 'acyclic dioxythiophene' in 0.000s
2026-01-05 17:05:27 [INFO] polymer_pipeline - OPSIN parsed 'acyclic dioxythiophene' in 0.000s
2026-01-05 17:05:27 [INFO] polymer_pipeline - OPSIN parsed 'acyclic dioxythiophene' in 0.000s
2026-01-05 17:05:27 [INFO] polymer_pipeline - OPSIN parsed 'acyclic dioxythiophene' in 0.000s
2026-01-05 17:05:27 [INFO] polymer_pipeline - OPSIN parsed 'acyclic dioxythiophene' in 0.000s
2026-01-05 17:05:27 [INFO] polymer_pipeline - OPSIN parsed 'acyclic dioxythiophene' in 0.000s
2026-01-05 17:05:27 [INFO] polymer_pipeline - OPSIN parsed 'acyclic dioxythiophene' in 0.000s
2026-01-05 17:05:27 [INFO] polymer_pipeline - OPSIN parsed 'acyclic dioxythiophene' in 0.000s
2026-01-05 17:05:27 [INFO] polymer_pipeline - OPSIN parsed 'acyclic dioxythiophene' in 0.000s
2026-01-05 17:05:27 [INFO] polymer_pipeline - OPSIN parsed 'acyclic dioxythiophene' in 0.000s
2026-01-05 17:05:27 [INFO] polymer_pipeline - OPSIN parsed 'acyclic dioxythiophene' in 0.000s
2026-01-05 17:05:27 [INFO] polymer_pipeline - OPSIN parsed 'acyclic dioxythiophene' in 0.000s
2026-01-05 17:05:27 [INFO] polymer_pipeline - OPSIN parsed 'acyclic dioxythiophene' in 0.000s
2026-01-05 17:05:27 [INFO] polymer_pipeline - OPSIN parsed 'acyclic dioxythiophene' in 0.000s
2026-01-05 17:05:27 [INFO] polymer_pipeline - OPSIN parsed 'acyclic dioxythiophene' in 0.000s
2026-01-05 17:05:27 [INFO] polymer_pipeline - OPSIN parsed 'diketopyrrolopyrrole (dpp)' in 0.000s
2026-01-05 17:05:27 [INFO] polymer_pipeline - OPSIN parsed 'diketopyrrolopyrrole (dpp)' in 0.000s
2026-01-05 17:05:27 [INFO] polymer_pipeline - OPSIN parsed 'diketopyrrolopyrrole (dpp)' in 0.000s
2026-01-05 17:05:27 [INFO] polymer_pipeline - OPSIN parsed 'diketopyrrolopyrrole (dpp)' in 0.000s
2026-01-05 17:05:27 [INFO] polymer_pipeline - OPSIN parsed 'diketopyrrolopyrrole (dpp)' in 0.000s
2026-01-05 17:05:27 [INFO] polymer_pipeline - OPSIN parsed 'diketopyrrolopyrrole (dpp)' in 0.000s
2026-01-05 17:05:27 [INFO] polymer_pipeline - OPSIN parsed 'diketopyrrolopyrrole (dpp)' in 0.000s
2026-01-05 17:05:27 [INFO] polymer_pipeline - OPSIN parsed 'diketopyrrolopyrrole (dpp)' in 0.000s
2026-01-05 17:05:27 [INFO] polymer_pipeline - OPSIN parsed 'diketopyrrolopyrrole (dpp)' in 0.000s
2026-01-05 17:05:27 [INFO] polymer_pipeline - OPSIN parsed 'diketopyrrolopyrrole (dpp)' in 0.000s
2026-01-05 17:05:27 [INFO] polymer_pipeline - OPSIN parsed 'diketopyrrolopyrrole (dpp)' in 0.000s
2026-01-05 17:05:27 [INFO] polymer_pipeline - OPSIN parsed 'diketopyrrolopyrrole (dpp)' in 0.000s
2026-01-05 17:05:27 [INFO] polymer_pipeline - OPSIN parsed 'diketopyrrolopyrrole (dpp)' in 0.000s
2026-01-05 17:05:27 [INFO] polymer_pipeline - OPSIN parsed 'diketopyrrolopyrrole (dpp)' in 0.000s
2026-01-05 17:05:27 [INFO] polymer_pipeline - OPSIN parsed 'diketopyrrolopyrrole (dpp)' in 0.000s
2026-01-05 17:05:27 [INFO] polymer_pipeline - OPSIN parsed 'diketopyrrolopyrrole (dpp)' in 0.000s
2026-01-05 17:05:27 [INFO] polymer_pipeline - OPSIN parsed 'diketopyrrolopyrrole (dpp)' in 0.000s
2026-01-05 17:05:27 [INFO] polymer_pipeline - OPSIN parsed 'diketopyrrolopyrrole (dpp)' in 0.000s
2026-01-05 17:05:27 [INFO] polymer_pipeline - OPSIN parsed 'diketopyrrolopyrrole (dpp)' in 0.000s
2026-01-05 17:05:27 [INFO] polymer_pipeline - OPSIN parsed 'diketopyrrolopyrrole (dpp)' in 0.000s
2026-01-05 17:05:27 [INFO] polymer_pipeline - OPSIN parsed 'diketopyrrolopyrrole (dpp)' in 0.000s
2026-01-05 17:05:27 [INFO] polymer_pipeline - OPSIN parsed 'diketopyrrolopyrrole (dpp)' in 0.000s
2026-01-05 17:05:27 [INFO] polymer_pipeline - OPSIN parsed 'diketopyrrolopyrrole (dpp)' in 0.000s
2026-01-05 17:05:27 [INFO] polymer_pipeline - OPSIN parsed 'diketopyrrolopyrrole (dpp)' in 0.000s
2026-01-05 17:05:27 [INFO] polymer_pipeline - OPSIN parsed 'dpp-based donor-acceptor backbone' in 0.000s
2026-01-05 17:05:27 [INFO] polymer_pipeline - OPSIN parsed 'dpp- - backbone' in 0.000s
2026-01-05 17:05:27 [INFO] polymer_pipeline - OPSIN parsed 'dpp- - backbone' in 0.000s
2026-01-05 17:05:27 [INFO] polymer_pipeline - OPSIN parsed 'dpp- - backbone' in 0.000s
2026-01-05 17:05:27 [INFO] polymer_pipeline - OPSIN parsed 'dpp-based donor-acceptor backbone' in 0.000s
2026-01-05 17:05:27 [INFO] polymer_pipeline - OPSIN parsed 'dpp- - backbone' in 0.000s
2026-01-05 17:05:27 [INFO] polymer_pipeline - OPSIN parsed 'dpp- - backbone' in 0.000s
2026-01-05 17:05:27 [INFO] polymer_pipeline - OPSIN parsed 'dpp- - backbone' in 0.000s
2026-01-05 17:05:27 [INFO] polymer_pipeline - OPSIN parsed 'dpp-based donor-acceptor backbone' in 0.000s
2026-01-05 17:05:27 [INFO] polymer_pipeline - OPSIN parsed 'dpp- - backbone' in 0.000s
2026-01-05 17:05:27 [INFO] polymer_pipeline - OPSIN parsed 'dpp- - backbone' in 0.000s
2026-01-05 17:05:27 [INFO] polymer_pipeline - OPSIN parsed 'dpp- - backbone' in 0.000s
2026-01-05 17:05:27 [INFO] polymer_pipeline - OPSIN parsed 'polythiophene' in 0.000s
2026-01-05 17:05:27 [INFO] polymer_pipeline - OPSIN parsed 'polythiophene' in 0.000s
2026-01-05 17:05:27 [INFO] polymer_pipeline - OPSIN parsed 'polythiophene' in 0.000s
2026-01-05 17:05:27 [INFO] polymer_pipeline - OPSIN parsed 'polythiophene' in 0.000s
2026-01-05 17:05:27 [INFO] polymer_pipeline - OPSIN parsed 'polythiophene' in 0.000s
2026-01-05 17:05:27 [INFO] polymer_pipeline - OPSIN parsed 'polythiophene' in 0.000s
2026-01-05 17:05:27 [INFO] polymer_pipeline - OPSIN parsed 'polythiophene' in 0.000s
2026-01-05 17:05:27 [INFO] polymer_pipeline - OPSIN parsed 'polythiophene' in 0.000s
2026-01-05 17:05:27 [INFO] polymer_pipeline - OPSIN parsed 'polythiophene' in 0.000s
2026-01-05 17:05:27 [INFO] polymer_pipeline - OPSIN parsed 'polythiophene' in 0.000s
2026-01-05 17:05:27 [INFO] polymer_pipeline - OPSIN parsed 'polythiophene' in 0.000s
2026-01-05 17:05:27 [INFO] polymer_pipeline - OPSIN parsed 'polythiophene' in 0.000s
2026-01-05 17:05:27 [INFO] polymer_pipeline - OPSIN parsed 'polythiophene' in 0.000s
2026-01-05 17:05:27 [INFO] polymer_pipeline - OPSIN parsed 'polythiophene' in 0.000s
2026-01-05 17:05:27 [INFO] polymer_pipeline - OPSIN parsed 'polythiophene' in 0.000s
2026-01-05 17:05:27 [INFO] polymer_pipeline - OPSIN parsed 'polythiophene' in 0.000s
2026-01-05 17:05:27 [INFO] polymer_pipeline - OPSIN parsed 'polythiophene' in 0.000s
2026-01-05 17:05:27 [INFO] polymer_pipeline - OPSIN parsed 'polythiophene' in 0.000s
2026-01-05 17:05:27 [INFO] polymer_pipeline - OPSIN parsed 'polythiophene' in 0.000s
2026-01-05 17:05:27 [INFO] polymer_pipeline - OPSIN parsed 'polythiophene' in 0.000s
2026-01-05 17:05:27 [INFO] polymer_pipeline - OPSIN parsed 'polythiophene' in 0.000s
2026-01-05 17:05:27 [INFO] polymer_pipeline - OPSIN parsed 'polythiophene' in 0.000s
2026-01-05 17:05:27 [INFO] polymer_pipeline - OPSIN parsed 'polythiophene' in 0.000s
2026-01-05 17:05:27 [INFO] polymer_pipeline - OPSIN parsed 'polythiophene' in 0.000s
2026-01-05 17:05:27 [INFO] polymer_pipeline - OPSIN parsed 'polythiophene' in 0.000s
2026-01-05 17:05:27 [INFO] polymer_pipeline - OPSIN parsed 'polythiophene' in 0.000s
2026-01-05 17:05:27 [INFO] polymer_pipeline - OPSIN parsed 'polythiophene' in 0.000s
2026-01-05 17:05:27 [INFO] polymer_pipeline - OPSIN parsed 'polythiophene' in 0.000s
2026-01-05 17:05:27 [INFO] polymer_pipeline - OPSIN parsed 'polythiophene' in 0.000s
2026-01-05 17:05:27 [INFO] polymer_pipeline - OPSIN parsed 'polythiophene' in 0.000s
2026-01-05 17:05:27 [INFO] polymer_pipeline - OPSIN parsed 'polythiophene' in 0.000s
2026-01-05 17:05:27 [INFO] polymer_pipeline - OPSIN parsed 'polythiophene' in 0.000s
2026-01-05 17:05:27 [INFO] polymer_pipeline - OPSIN parsed 'polythiophene' in 0.000s
2026-01-05 17:05:27 [INFO] polymer_pipeline - OPSIN parsed 'polythiophene' in 0.000s
2026-01-05 17:05:27 [INFO] polymer_pipeline - OPSIN parsed 'polythiophene' in 0.000s
2026-01-05 17:05:27 [INFO] polymer_pipeline - OPSIN parsed 'polythiophene' in 0.000s
2026-01-05 17:05:27 [INFO] polymer_pipeline - OPSIN parsed 'polythiophene' in 0.000s
2026-01-05 17:05:27 [INFO] polymer_pipeline - OPSIN parsed 'polythiophene' in 0.000s
2026-01-05 17:05:27 [INFO] polymer_pipeline - OPSIN parsed 'polythiophene' in 0.000s
2026-01-05 17:05:27 [INFO] polymer_pipeline - OPSIN parsed 'polythiophene' in 0.000s
2026-01-05 17:05:27 [INFO] polymer_pipeline - OPSIN parsed 'polythiophene' in 0.000s
2026-01-05 17:05:27 [INFO] polymer_pipeline - OPSIN parsed 'polythiophene' in 0.000s
2026-01-05 17:05:27 [INFO] polymer_pipeline - OPSIN parsed 'polythiophene' in 0.000s
2026-01-05 17:05:27 [INFO] polymer_pipeline - OPSIN parsed 'polythiophene' in 0.000s
2026-01-05 17:05:27 [INFO] polymer_pipeline - OPSIN parsed 'polythiophene' in 0.000s
2026-01-05 17:05:27 [INFO] polymer_pipeline - OPSIN parsed 'polythiophene' in 0.000s
2026-01-05 17:05:27 [INFO] polymer_pipeline - OPSIN parsed 'polythiophene' in 0.000s
2026-01-05 17:05:27 [INFO] polymer_pipeline - OPSIN parsed 'polythiophene' in 0.000s
2026-01-05 17:05:27 [INFO] polymer_pipeline - OPSIN parsed 'naphthalene diimide-bithiophene (ndi-t2)' in 0.000s
2026-01-05 17:05:27 [INFO] polymer_pipeline - OPSIN parsed 'naphthalene diimide-bithiophene (ndi-t2)' in 0.000s
2026-01-05 17:05:27 [INFO] polymer_pipeline - OPSIN parsed 'naphthalene diimide-bithiophene (ndi-t2)' in 0.000s
2026-01-05 17:05:27 [INFO] polymer_pipeline - OPSIN parsed 'naphthalene diimide-bithiophene (ndi-t2)' in 0.000s
2026-01-05 17:05:27 [INFO] polymer_pipeline - OPSIN parsed 'naphthalene diimide-bithiophene (ndi-t2)' in 0.000s
2026-01-05 17:05:27 [INFO] polymer_pipeline - OPSIN parsed 'naphthalene diimide-bithiophene (ndi-t2)' in 0.000s
2026-01-05 17:05:27 [INFO] polymer_pipeline - OPSIN parsed 'naphthalene diimide-bithiophene (ndi-t2)' in 0.000s
2026-01-05 17:05:27 [INFO] polymer_pipeline - OPSIN parsed 'naphthalene diimide-bithiophene (ndi-t2)' in 0.000s
2026-01-05 17:05:27 [INFO] polymer_pipeline - OPSIN parsed 'naphthalene diimide-bithiophene (ndi-t2)' in 0.000s
2026-01-05 17:05:27 [INFO] polymer_pipeline - OPSIN parsed 'naphthalene diimide-bithiophene (ndi-t2)' in 0.000s
2026-01-05 17:05:27 [INFO] polymer_pipeline - OPSIN parsed 'naphthalene diimide-bithiophene (ndi-t2)' in 0.000s
2026-01-05 17:05:27 [INFO] polymer_pipeline - OPSIN parsed 'naphthalene diimide-bithiophene (ndi-t2)' in 0.000s
2026-01-05 17:05:27 [INFO] polymer_pipeline - OPSIN parsed 'side chain-free cationic backbones' in 0.000s
2026-01-05 17:05:27 [INFO] polymer_pipeline - OPSIN parsed 'side chain-free cationic backbones' in 0.000s
2026-01-05 17:05:27 [INFO] polymer_pipeline - OPSIN parsed 'side chain-free cationic backbones' in 0.000s
2026-01-05 17:05:27 [INFO] polymer_pipeline - OPSIN parsed 'side chain-free cationic backbones' in 0.000s
2026-01-05 17:05:27 [INFO] polymer_pipeline - OPSIN parsed 'side chain-free cationic backbones' in 0.000s
2026-01-05 17:05:27 [INFO] polymer_pipeline - OPSIN parsed 'side chain-free cationic backbones' in 0.000s
2026-01-05 17:05:27 [INFO] polymer_pipeline - OPSIN parsed 'side chain-free cationic backbones' in 0.000s
2026-01-05 17:05:27 [INFO] polymer_pipeline - OPSIN parsed 'side chain-free cationic backbones' in 0.000s
2026-01-05 17:05:27 [INFO] polymer_pipeline - OPSIN parsed 'naphthodithiophene diimide (ndti)' in 0.000s
2026-01-05 17:05:27 [INFO] polymer_pipeline - OPSIN parsed 'naphthodithiophene diimide (ndti)' in 0.000s
2026-01-05 17:05:27 [INFO] polymer_pipeline - OPSIN parsed 'naphthodithiophene diimide (ndti)' in 0.000s
2026-01-05 17:05:27 [INFO] polymer_pipeline - OPSIN parsed 'naphthodithiophene diimide (ndti)' in 0.000s
2026-01-05 17:05:27 [INFO] polymer_pipeline - OPSIN parsed 'naphthodithiophene diimide (ndti)' in 0.000s
2026-01-05 17:05:27 [INFO] polymer_pipeline - OPSIN parsed 'naphthodithiophene diimide (ndti)' in 0.000s
2026-01-05 17:05:27 [INFO] polymer_pipeline - OPSIN parsed 'naphthodithiophene diimide (ndti)' in 0.000s
2026-01-05 17:05:27 [INFO] polymer_pipeline - OPSIN parsed 'naphthodithiophene diimide (ndti)' in 0.000s
2026-01-05 17:05:27 [INFO] polymer_pipeline - OPSIN parsed 'naphthodithiophene diimide (ndti)' in 0.000s
2026-01-05 17:05:27 [INFO] polymer_pipeline - OPSIN parsed 'naphthodithiophene diimide (ndti)' in 0.000s
2026-01-05 17:05:27 [INFO] polymer_pipeline - OPSIN parsed 'naphthodithiophene diimide (ndti)' in 0.000s
2026-01-05 17:05:27 [INFO] polymer_pipeline - OPSIN parsed 'naphthodithiophene diimide (ndti)' in 0.000s
2026-01-05 17:05:27 [INFO] polymer_pipeline - OPSIN parsed 'αβ-ttn and fbt donor-acceptor backbone' in 0.000s
2026-01-05 17:05:27 [INFO] polymer_pipeline - OPSIN parsed 'αβ-ttn and fbt - backbone' in 0.000s
2026-01-05 17:05:27 [INFO] polymer_pipeline - OPSIN parsed 'αβ-ttn and fbt - backbone' in 0.000s
2026-01-05 17:05:27 [INFO] polymer_pipeline - OPSIN parsed 'αβ-ttn and fbt - backbone' in 0.000s
2026-01-05 17:05:27 [INFO] polymer_pipeline - OPSIN parsed 'βα-ttn and fbt donor-acceptor backbone' in 0.000s
2026-01-05 17:05:27 [INFO] polymer_pipeline - OPSIN parsed 'βα-ttn and fbt - backbone' in 0.000s
2026-01-05 17:05:27 [INFO] polymer_pipeline - OPSIN parsed 'βα-ttn and fbt - backbone' in 0.000s
2026-01-05 17:05:27 [INFO] polymer_pipeline - OPSIN parsed 'βα-ttn and fbt - backbone' in 0.000s
2026-01-05 17:05:27 [INFO] polymer_pipeline - OPSIN parsed 'αβ-ttn and fbt donor-acceptor backbone' in 0.000s
2026-01-05 17:05:27 [INFO] polymer_pipeline - OPSIN parsed 'αβ-ttn and fbt - backbone' in 0.000s
2026-01-05 17:05:27 [INFO] polymer_pipeline - OPSIN parsed 'αβ-ttn and fbt - backbone' in 0.000s
2026-01-05 17:05:27 [INFO] polymer_pipeline - OPSIN parsed 'αβ-ttn and fbt - backbone' in 0.000s
2026-01-05 17:05:27 [INFO] polymer_pipeline - OPSIN parsed 'fdpp acceptor copolymerized with thieno[3,2-b]thiophene' in 0.000s
2026-01-05 17:05:27 [INFO] polymer_pipeline - OPSIN parsed 'fdpp  copolymerized with thieno[3,2-b]thiophene' in 0.000s
2026-01-05 17:05:27 [INFO] polymer_pipeline - OPSIN parsed 'fdpp  copolymerized with thieno[3,2-b]thiophene' in 0.000s
2026-01-05 17:05:27 [INFO] polymer_pipeline - OPSIN parsed 'fdpp copolymerized with thieno[3,2-b]thiophene' in 0.000s
2026-01-05 17:05:27 [INFO] polymer_pipeline - OPSIN parsed 'fdpp acceptor copolymerized with thieno[3,2-b]thiophene' in 0.000s
2026-01-05 17:05:27 [INFO] polymer_pipeline - OPSIN parsed 'fdpp  copolymerized with thieno[3,2-b]thiophene' in 0.000s
2026-01-05 17:05:27 [INFO] polymer_pipeline - OPSIN parsed 'fdpp  copolymerized with thieno[3,2-b]thiophene' in 0.000s
2026-01-05 17:05:27 [INFO] polymer_pipeline - OPSIN parsed 'fdpp copolymerized with thieno[3,2-b]thiophene' in 0.000s
2026-01-05 17:05:27 [INFO] polymer_pipeline - OPSIN parsed 'fdpp acceptor copolymerized with thieno[3,2-b]thiophene' in 0.000s
2026-01-05 17:05:27 [INFO] polymer_pipeline - OPSIN parsed 'fdpp  copolymerized with thieno[3,2-b]thiophene' in 0.000s
2026-01-05 17:05:27 [INFO] polymer_pipeline - OPSIN parsed 'fdpp  copolymerized with thieno[3,2-b]thiophene' in 0.000s
2026-01-05 17:05:27 [INFO] polymer_pipeline - OPSIN parsed 'fdpp copolymerized with thieno[3,2-b]thiophene' in 0.000s
2026-01-05 17:05:27 [INFO] polymer_pipeline - OPSIN parsed 'fdpp acceptor copolymerized with thieno[3,2-b]thiophene' in 0.000s
2026-01-05 17:05:27 [INFO] polymer_pipeline - OPSIN parsed 'fdpp  copolymerized with thieno[3,2-b]thiophene' in 0.000s
2026-01-05 17:05:27 [INFO] polymer_pipeline - OPSIN parsed 'fdpp  copolymerized with thieno[3,2-b]thiophene' in 0.000s
2026-01-05 17:05:27 [INFO] polymer_pipeline - OPSIN parsed 'fdpp copolymerized with thieno[3,2-b]thiophene' in 0.000s
2026-01-05 17:05:27 [INFO] polymer_pipeline - OPSIN parsed 'fdpp acceptor copolymerized with thieno[3,2-b]thiophene' in 0.000s
2026-01-05 17:05:27 [INFO] polymer_pipeline - OPSIN parsed 'fdpp  copolymerized with thieno[3,2-b]thiophene' in 0.000s
2026-01-05 17:05:27 [INFO] polymer_pipeline - OPSIN parsed 'fdpp  copolymerized with thieno[3,2-b]thiophene' in 0.000s
2026-01-05 17:05:27 [INFO] polymer_pipeline - OPSIN parsed 'fdpp copolymerized with thieno[3,2-b]thiophene' in 0.000s
2026-01-05 17:05:27 [INFO] polymer_pipeline - OPSIN parsed 'fdpp acceptor copolymerized with thieno[3,2-b]thiophene' in 0.000s
2026-01-05 17:05:27 [INFO] polymer_pipeline - OPSIN parsed 'fdpp  copolymerized with thieno[3,2-b]thiophene' in 0.000s
2026-01-05 17:05:27 [INFO] polymer_pipeline - OPSIN parsed 'fdpp  copolymerized with thieno[3,2-b]thiophene' in 0.000s
2026-01-05 17:05:27 [INFO] polymer_pipeline - OPSIN parsed 'fdpp copolymerized with thieno[3,2-b]thiophene' in 0.000s
2026-01-05 17:05:27 [INFO] polymer_pipeline - OPSIN parsed 'fdpp acceptor copolymerized with 2,2-bithiophene' in 0.000s
2026-01-05 17:05:27 [INFO] polymer_pipeline - OPSIN parsed 'fdpp  copolymerized with 2,2-bithiophene' in 0.000s
2026-01-05 17:05:27 [INFO] polymer_pipeline - OPSIN parsed 'fdpp  copolymerized with 2,2-bithiophene' in 0.000s
2026-01-05 17:05:27 [INFO] polymer_pipeline - OPSIN parsed 'fdpp copolymerized with 2,2-bithiophene' in 0.000s
2026-01-05 17:05:27 [INFO] polymer_pipeline - OPSIN parsed 'fdpp acceptor copolymerized with 2,2-bithiophene' in 0.000s
2026-01-05 17:05:27 [INFO] polymer_pipeline - OPSIN parsed 'fdpp  copolymerized with 2,2-bithiophene' in 0.000s
2026-01-05 17:05:27 [INFO] polymer_pipeline - OPSIN parsed 'fdpp  copolymerized with 2,2-bithiophene' in 0.000s
2026-01-05 17:05:27 [INFO] polymer_pipeline - OPSIN parsed 'fdpp copolymerized with 2,2-bithiophene' in 0.000s
2026-01-05 17:05:27 [INFO] polymer_pipeline - OPSIN parsed 'fdpp acceptor copolymerized with 2,2-bithiophene' in 0.000s
2026-01-05 17:05:27 [INFO] polymer_pipeline - OPSIN parsed 'fdpp  copolymerized with 2,2-bithiophene' in 0.000s
2026-01-05 17:05:27 [INFO] polymer_pipeline - OPSIN parsed 'fdpp  copolymerized with 2,2-bithiophene' in 0.000s
2026-01-05 17:05:27 [INFO] polymer_pipeline - OPSIN parsed 'fdpp copolymerized with 2,2-bithiophene' in 0.000s
2026-01-05 17:05:27 [INFO] polymer_pipeline - OPSIN parsed 'fdpp acceptor copolymerized with 2,2-bithiophene' in 0.000s
2026-01-05 17:05:27 [INFO] polymer_pipeline - OPSIN parsed 'fdpp  copolymerized with 2,2-bithiophene' in 0.000s
2026-01-05 17:05:27 [INFO] polymer_pipeline - OPSIN parsed 'fdpp  copolymerized with 2,2-bithiophene' in 0.000s
2026-01-05 17:05:27 [INFO] polymer_pipeline - OPSIN parsed 'fdpp copolymerized with 2,2-bithiophene' in 0.000s
2026-01-05 17:05:27 [INFO] polymer_pipeline - OPSIN parsed 'fdpp acceptor copolymerized with 2,2-bithiophene' in 0.000s
2026-01-05 17:05:27 [INFO] polymer_pipeline - OPSIN parsed 'fdpp  copolymerized with 2,2-bithiophene' in 0.000s
2026-01-05 17:05:27 [INFO] polymer_pipeline - OPSIN parsed 'fdpp  copolymerized with 2,2-bithiophene' in 0.000s
2026-01-05 17:05:27 [INFO] polymer_pipeline - OPSIN parsed 'fdpp copolymerized with 2,2-bithiophene' in 0.000s
2026-01-05 17:05:27 [INFO] polymer_pipeline - OPSIN parsed 'fdpp acceptor copolymerized with 2,2-bithiophene' in 0.000s
2026-01-05 17:05:27 [INFO] polymer_pipeline - OPSIN parsed 'fdpp  copolymerized with 2,2-bithiophene' in 0.000s
2026-01-05 17:05:27 [INFO] polymer_pipeline - OPSIN parsed 'fdpp  copolymerized with 2,2-bithiophene' in 0.000s
2026-01-05 17:05:27 [INFO] polymer_pipeline - OPSIN parsed 'fdpp copolymerized with 2,2-bithiophene' in 0.000s
2026-01-05 17:05:27 [INFO] polymer_pipeline - OPSIN parsed 'poly(isindigo-alt-bithiophene)' in 0.000s
2026-01-05 17:05:27 [INFO] polymer_pipeline - OPSIN parsed 'poly(isindigo-alt-bithiophene)' in 0.000s
2026-01-05 17:05:27 [INFO] polymer_pipeline - OPSIN parsed 'poly(isindigo-alt-bithiophene)' in 0.000s
2026-01-05 17:05:27 [INFO] polymer_pipeline - OPSIN parsed 'poly(isindigo-alt-bithiophene)' in 0.000s
2026-01-05 17:05:27 [INFO] polymer_pipeline - OPSIN parsed 'poly(isindigo-alt-bithiophene)' in 0.000s
2026-01-05 17:05:27 [INFO] polymer_pipeline - OPSIN parsed 'poly(isindigo-alt-bithiophene)' in 0.000s
2026-01-05 17:05:27 [INFO] polymer_pipeline - OPSIN parsed 'poly(isindigo-alt-bithiophene)' in 0.000s
2026-01-05 17:05:27 [INFO] polymer_pipeline - OPSIN parsed 'poly(isindigo-alt-bithiophene)' in 0.000s
2026-01-05 17:05:27 [INFO] polymer_pipeline - OPSIN parsed 'poly(isindigo-alt-bithiophene)' in 0.000s
2026-01-05 17:05:27 [INFO] polymer_pipeline - OPSIN parsed 'poly(isindigo-alt-bithiophene)' in 0.000s
2026-01-05 17:05:27 [INFO] polymer_pipeline - OPSIN parsed 'poly(isindigo-alt-bithiophene)' in 0.000s
2026-01-05 17:05:27 [INFO] polymer_pipeline - OPSIN parsed 'poly(isindigo-alt-bithiophene)' in 0.000s
2026-01-05 17:05:27 [INFO] polymer_pipeline - OPSIN parsed 'all-thiophene polymer backbone' in 0.000s
2026-01-05 17:05:27 [INFO] polymer_pipeline - OPSIN parsed 'all-thiophene  backbone' in 0.000s
2026-01-05 17:05:27 [INFO] polymer_pipeline - OPSIN parsed 'all-thiophene  backbone' in 0.000s
2026-01-05 17:05:27 [INFO] polymer_pipeline - OPSIN parsed 'all-thiophene backbone' in 0.000s
2026-01-05 17:05:27 [INFO] polymer_pipeline - OPSIN parsed 'all-thiophene polymer backbone' in 0.000s
2026-01-05 17:05:27 [INFO] polymer_pipeline - OPSIN parsed 'all-thiophene  backbone' in 0.000s
2026-01-05 17:05:27 [INFO] polymer_pipeline - OPSIN parsed 'all-thiophene  backbone' in 0.000s
2026-01-05 17:05:27 [INFO] polymer_pipeline - OPSIN parsed 'all-thiophene backbone' in 0.000s
2026-01-05 17:05:27 [INFO] polymer_pipeline - OPSIN parsed 'all-thiophene polymer backbone' in 0.000s
2026-01-05 17:05:27 [INFO] polymer_pipeline - OPSIN parsed 'all-thiophene  backbone' in 0.000s
2026-01-05 17:05:27 [INFO] polymer_pipeline - OPSIN parsed 'all-thiophene  backbone' in 0.000s
2026-01-05 17:05:27 [INFO] polymer_pipeline - OPSIN parsed 'all-thiophene backbone' in 0.000s
2026-01-05 17:05:27 [INFO] polymer_pipeline - OPSIN parsed 'all-thiophene polymer backbone' in 0.000s
2026-01-05 17:05:27 [INFO] polymer_pipeline - OPSIN parsed 'all-thiophene  backbone' in 0.000s
2026-01-05 17:05:27 [INFO] polymer_pipeline - OPSIN parsed 'all-thiophene  backbone' in 0.000s
2026-01-05 17:05:27 [INFO] polymer_pipeline - OPSIN parsed 'all-thiophene backbone' in 0.000s
2026-01-05 17:05:27 [INFO] polymer_pipeline - OPSIN parsed 'alternating thiazole-flanked thieno[3,4-c]pyrrole-4,6-dione (tpd) unit and 3,4-dicyanothiophene (2cn-t) unit' in 0.000s
2026-01-05 17:05:27 [INFO] polymer_pipeline - OPSIN parsed 'alternating thiazole-flanked thieno[3,4-c]pyrrole-4,6-dione (tpd)  and 3,4-dicyanothiophene (2cn-t)' in 0.000s
2026-01-05 17:05:27 [INFO] polymer_pipeline - OPSIN parsed 'alternating thiazole-flanked thieno[3,4-c]pyrrole-4,6-dione (tpd)  and 3,4-dicyanothiophene (2cn-t)' in 0.000s
2026-01-05 17:05:27 [INFO] polymer_pipeline - OPSIN parsed 'alternating thiazole-flanked thieno[3,4-c]pyrrole-4,6-dione (tpd) and 3,4-dicyanothiophene (2cn-t)' in 0.000s
2026-01-05 17:05:27 [INFO] polymer_pipeline - OPSIN parsed 'alternating thiazole-flanked thieno[3,4-c]pyrrole-4,6-dione (tpd) unit and 3,4-dicyanothiophene (2cn-t) unit' in 0.000s
2026-01-05 17:05:27 [INFO] polymer_pipeline - OPSIN parsed 'alternating thiazole-flanked thieno[3,4-c]pyrrole-4,6-dione (tpd)  and 3,4-dicyanothiophene (2cn-t)' in 0.000s
2026-01-05 17:05:27 [INFO] polymer_pipeline - OPSIN parsed 'alternating thiazole-flanked thieno[3,4-c]pyrrole-4,6-dione (tpd)  and 3,4-dicyanothiophene (2cn-t)' in 0.000s
2026-01-05 17:05:27 [INFO] polymer_pipeline - OPSIN parsed 'alternating thiazole-flanked thieno[3,4-c]pyrrole-4,6-dione (tpd) and 3,4-dicyanothiophene (2cn-t)' in 0.000s
2026-01-05 17:05:27 [INFO] polymer_pipeline - OPSIN parsed 'alternating thiazole-flanked thieno[3,4-c]pyrrole-4,6-dione (tpd) unit and 3,4-dicyanothiophene (2cn-t) unit' in 0.000s
2026-01-05 17:05:27 [INFO] polymer_pipeline - OPSIN parsed 'alternating thiazole-flanked thieno[3,4-c]pyrrole-4,6-dione (tpd)  and 3,4-dicyanothiophene (2cn-t)' in 0.000s
2026-01-05 17:05:27 [INFO] polymer_pipeline - OPSIN parsed 'alternating thiazole-flanked thieno[3,4-c]pyrrole-4,6-dione (tpd)  and 3,4-dicyanothiophene (2cn-t)' in 0.000s
2026-01-05 17:05:27 [INFO] polymer_pipeline - OPSIN parsed 'alternating thiazole-flanked thieno[3,4-c]pyrrole-4,6-dione (tpd) and 3,4-dicyanothiophene (2cn-t)' in 0.000s
2026-01-05 17:05:27 [INFO] polymer_pipeline - OPSIN parsed 'poly(prodot-biedot) backbone' in 0.000s
2026-01-05 17:05:27 [INFO] polymer_pipeline - OPSIN parsed 'poly(prodot-biedot) backbone' in 0.000s
2026-01-05 17:05:27 [INFO] polymer_pipeline - OPSIN parsed 'poly(prodot-biedot) backbone' in 0.000s
2026-01-05 17:05:27 [INFO] polymer_pipeline - OPSIN parsed 'poly(prodot-biedot) backbone' in 0.000s
2026-01-05 17:05:27 [INFO] polymer_pipeline - OPSIN parsed 'poly(prodot-biedot) backbone' in 0.000s
2026-01-05 17:05:27 [INFO] polymer_pipeline - OPSIN parsed 'poly(prodot-biedot) backbone' in 0.000s
2026-01-05 17:05:27 [INFO] polymer_pipeline - OPSIN parsed 'poly(prodot-biedot) backbone' in 0.000s
2026-01-05 17:05:27 [INFO] polymer_pipeline - OPSIN parsed 'poly(prodot-biedot) backbone' in 0.000s
2026-01-05 17:05:27 [INFO] polymer_pipeline - OPSIN parsed 'poly(prodot-biedot) backbone' in 0.000s
2026-01-05 17:05:27 [INFO] polymer_pipeline - OPSIN parsed 'poly(prodot-biedot) backbone' in 0.000s
2026-01-05 17:05:27 [INFO] polymer_pipeline - OPSIN parsed 'poly(prodot-biedot) backbone' in 0.000s
2026-01-05 17:05:27 [INFO] polymer_pipeline - OPSIN parsed 'poly(prodot-biedot) backbone' in 0.000s
2026-01-05 17:05:27 [INFO] polymer_pipeline - OPSIN parsed 'poly(prodot-biedot) backbone' in 0.000s
2026-01-05 17:05:27 [INFO] polymer_pipeline - OPSIN parsed 'poly(prodot-biedot) backbone' in 0.000s
2026-01-05 17:05:27 [INFO] polymer_pipeline - OPSIN parsed 'poly(prodot-biedot) backbone' in 0.000s
2026-01-05 17:05:27 [INFO] polymer_pipeline - OPSIN parsed 'poly(prodot-biedot) backbone' in 0.000s
2026-01-05 17:05:27 [INFO] polymer_pipeline - OPSIN parsed 'poly(prodot-biedot) backbone' in 0.000s
2026-01-05 17:05:27 [INFO] polymer_pipeline - OPSIN parsed 'poly(prodot-biedot) backbone' in 0.000s
2026-01-05 17:05:27 [INFO] polymer_pipeline - OPSIN parsed 'poly(prodot-biedot) backbone' in 0.000s
2026-01-05 17:05:27 [INFO] polymer_pipeline - OPSIN parsed 'poly(prodot-biedot) backbone' in 0.000s
2026-01-05 17:05:27 [INFO] polymer_pipeline - OPSIN parsed 'idtz-dtbt/dtbtff' in 0.000s
2026-01-05 17:05:27 [INFO] polymer_pipeline - OPSIN parsed 'idtz-dtbt/dtbtff' in 0.000s
2026-01-05 17:05:27 [INFO] polymer_pipeline - OPSIN parsed 'idtz-dtbt/dtbtff' in 0.000s
2026-01-05 17:05:27 [INFO] polymer_pipeline - OPSIN parsed 'idtz-dtbt/dtbtff' in 0.000s
2026-01-05 17:05:27 [INFO] polymer_pipeline - OPSIN parsed 'idtz-dtbt/dtbtff' in 0.000s
2026-01-05 17:05:27 [INFO] polymer_pipeline - OPSIN parsed 'idtz-dtbt/dtbtff' in 0.000s
2026-01-05 17:05:27 [INFO] polymer_pipeline - OPSIN parsed 'idtz-dtbt/dtbtff' in 0.000s
2026-01-05 17:05:27 [INFO] polymer_pipeline - OPSIN parsed 'idtz-dtbt/dtbtff' in 0.000s
2026-01-05 17:05:27 [INFO] polymer_pipeline - OPSIN parsed 'idtz-dtbt/dtbtff' in 0.000s
2026-01-05 17:05:27 [INFO] polymer_pipeline - OPSIN parsed 'idtz-dtbt/dtbtff' in 0.000s
2026-01-05 17:05:27 [INFO] polymer_pipeline - OPSIN parsed 'idtz-dtbt/dtbtff' in 0.000s
2026-01-05 17:05:27 [INFO] polymer_pipeline - OPSIN parsed 'idtz-dtbt/dtbtff' in 0.000s
2026-01-05 17:05:27 [INFO] polymer_pipeline - OPSIN parsed 'idtz-dtbt/dtbtff' in 0.000s
2026-01-05 17:05:27 [INFO] polymer_pipeline - OPSIN parsed 'idtz-dtbt/dtbtff' in 0.000s
2026-01-05 17:05:27 [INFO] polymer_pipeline - OPSIN parsed 'idtz-dtbt/dtbtff' in 0.000s
2026-01-05 17:05:27 [INFO] polymer_pipeline - OPSIN parsed 'idtz-dtbt/dtbtff' in 0.000s
2026-01-05 17:05:27 [INFO] polymer_pipeline - OPSIN parsed 'dithienyl-diketopyrrolopyrrole and thiophene' in 0.001s
2026-01-05 17:05:27 [INFO] polymer_pipeline - OPSIN parsed 'poly-l-lysine backbone' in 0.000s
2026-01-05 17:05:27 [INFO] polymer_pipeline - OPSIN parsed 'poly-l-lysine backbone' in 0.000s
2026-01-05 17:05:27 [INFO] polymer_pipeline - OPSIN parsed 'poly-l-lysine backbone' in 0.000s
2026-01-05 17:05:27 [INFO] polymer_pipeline - OPSIN parsed 'poly-l-lysine backbone' in 0.000s
2026-01-05 17:05:27 [INFO] polymer_pipeline - OPSIN parsed 'polythiophene' in 0.000s
2026-01-05 17:05:27 [INFO] polymer_pipeline - OPSIN parsed 'polythiophene' in 0.000s
2026-01-05 17:05:27 [INFO] polymer_pipeline - OPSIN parsed 'polythiophene' in 0.000s
2026-01-05 17:05:27 [INFO] polymer_pipeline - OPSIN parsed 'polythiophene' in 0.000s
2026-01-05 17:05:27 [INFO] polymer_pipeline - OPSIN parsed 'polythiophene' in 0.000s
2026-01-05 17:05:27 [INFO] polymer_pipeline - OPSIN parsed 'polythiophene' in 0.000s
2026-01-05 17:05:27 [INFO] polymer_pipeline - OPSIN parsed 'polythiophene' in 0.000s
2026-01-05 17:05:27 [INFO] polymer_pipeline - OPSIN parsed 'polythiophene' in 0.000s
2026-01-05 17:05:27 [INFO] polymer_pipeline - OPSIN parsed 'polythiophene' in 0.000s
2026-01-05 17:05:27 [INFO] polymer_pipeline - OPSIN parsed 'polythiophene' in 0.000s
2026-01-05 17:05:27 [INFO] polymer_pipeline - OPSIN parsed 'polythiophene' in 0.000s
2026-01-05 17:05:27 [INFO] polymer_pipeline - OPSIN parsed 'polythiophene' in 0.000s
2026-01-05 17:05:27 [INFO] polymer_pipeline - OPSIN parsed 'polythiophene' in 0.000s
2026-01-05 17:05:27 [INFO] polymer_pipeline - OPSIN parsed 'polythiophene' in 0.000s
2026-01-05 17:05:27 [INFO] polymer_pipeline - OPSIN parsed 'polythiophene' in 0.000s
2026-01-05 17:05:27 [INFO] polymer_pipeline - OPSIN parsed 'polythiophene' in 0.000s
2026-01-05 17:05:27 [INFO] polymer_pipeline - OPSIN parsed 'polythiophene' in 0.000s
2026-01-05 17:05:27 [INFO] polymer_pipeline - OPSIN parsed 'polythiophene' in 0.000s
2026-01-05 17:05:27 [INFO] polymer_pipeline - OPSIN parsed 'polythiophene' in 0.000s
2026-01-05 17:05:27 [INFO] polymer_pipeline - OPSIN parsed 'polythiophene' in 0.000s
2026-01-05 17:05:27 [INFO] polymer_pipeline - OPSIN parsed 'perylene diimide (pdi) and phenothiazine (ptz) copolymer' in 0.000s
2026-01-05 17:05:27 [INFO] polymer_pipeline - OPSIN parsed 'perylene diimide (pdi) and phenothiazine (ptz)' in 0.000s
2026-01-05 17:05:27 [INFO] polymer_pipeline - OPSIN parsed 'perylene diimide (pdi) and phenothiazine (ptz)' in 0.000s
2026-01-05 17:05:27 [INFO] polymer_pipeline - OPSIN parsed 'perylene diimide (pdi) and phenothiazine (ptz)' in 0.000s
2026-01-05 17:05:27 [INFO] polymer_pipeline - OPSIN parsed 'perylene diimide (pdi) and phenothiazine (ptz) copolymer' in 0.000s
2026-01-05 17:05:27 [INFO] polymer_pipeline - OPSIN parsed 'perylene diimide (pdi) and phenothiazine (ptz)' in 0.000s
2026-01-05 17:05:27 [INFO] polymer_pipeline - OPSIN parsed 'perylene diimide (pdi) and phenothiazine (ptz)' in 0.000s
2026-01-05 17:05:27 [INFO] polymer_pipeline - OPSIN parsed 'perylene diimide (pdi) and phenothiazine (ptz)' in 0.000s
2026-01-05 17:05:27 [INFO] polymer_pipeline - OPSIN parsed 'perylene diimide (pdi) and phenothiazine (ptz) copolymer' in 0.000s
2026-01-05 17:05:27 [INFO] polymer_pipeline - OPSIN parsed 'perylene diimide (pdi) and phenothiazine (ptz)' in 0.000s
2026-01-05 17:05:27 [INFO] polymer_pipeline - OPSIN parsed 'perylene diimide (pdi) and phenothiazine (ptz)' in 0.000s
2026-01-05 17:05:27 [INFO] polymer_pipeline - OPSIN parsed 'perylene diimide (pdi) and phenothiazine (ptz)' in 0.000s
2026-01-05 17:05:27 [INFO] polymer_pipeline - OPSIN parsed 'perylene diimide (pdi) and phenothiazine (ptz) copolymer' in 0.000s
2026-01-05 17:05:27 [INFO] polymer_pipeline - OPSIN parsed 'perylene diimide (pdi) and phenothiazine (ptz)' in 0.000s
2026-01-05 17:05:27 [INFO] polymer_pipeline - OPSIN parsed 'perylene diimide (pdi) and phenothiazine (ptz)' in 0.000s
2026-01-05 17:05:27 [INFO] polymer_pipeline - OPSIN parsed 'perylene diimide (pdi) and phenothiazine (ptz)' in 0.000s
2026-01-05 17:05:27 [INFO] polymer_pipeline - OPSIN parsed 'naphthalene diimide (ndi) and phenothiazine (ptz) copolymer' in 0.000s
2026-01-05 17:05:27 [INFO] polymer_pipeline - OPSIN parsed 'naphthalene diimide (ndi) and phenothiazine (ptz)' in 0.000s
2026-01-05 17:05:27 [INFO] polymer_pipeline - OPSIN parsed 'naphthalene diimide (ndi) and phenothiazine (ptz)' in 0.000s
2026-01-05 17:05:27 [INFO] polymer_pipeline - OPSIN parsed 'naphthalene diimide (ndi) and phenothiazine (ptz)' in 0.000s
2026-01-05 17:05:27 [INFO] polymer_pipeline - OPSIN parsed 'naphthalene diimide (ndi) and phenothiazine (ptz) copolymer' in 0.000s
2026-01-05 17:05:27 [INFO] polymer_pipeline - OPSIN parsed 'naphthalene diimide (ndi) and phenothiazine (ptz)' in 0.000s
2026-01-05 17:05:27 [INFO] polymer_pipeline - OPSIN parsed 'naphthalene diimide (ndi) and phenothiazine (ptz)' in 0.000s
2026-01-05 17:05:27 [INFO] polymer_pipeline - OPSIN parsed 'naphthalene diimide (ndi) and phenothiazine (ptz)' in 0.000s
2026-01-05 17:05:27 [INFO] polymer_pipeline - OPSIN parsed 'naphthalene diimide-based donor-acceptor copolymer' in 0.000s
2026-01-05 17:05:27 [INFO] polymer_pipeline - OPSIN parsed 'naphthalene diimide- -' in 0.000s
2026-01-05 17:05:27 [INFO] polymer_pipeline - OPSIN parsed 'naphthalene diimide- -' in 0.000s
2026-01-05 17:05:27 [INFO] polymer_pipeline - OPSIN parsed 'naphthalene diimide- -' in 0.000s
2026-01-05 17:05:27 [INFO] polymer_pipeline - OPSIN parsed 'phthalimide-based copolymer (btor/phthalimide)' in 0.000s
2026-01-05 17:05:27 [INFO] polymer_pipeline - OPSIN parsed 'phthalimide-  (btor/phthalimide)' in 0.000s
2026-01-05 17:05:27 [INFO] polymer_pipeline - OPSIN parsed 'phthalimide-  (btor/phthalimide)' in 0.000s
2026-01-05 17:05:27 [INFO] polymer_pipeline - OPSIN parsed 'phthalimide- (btor/phthalimide)' in 0.000s
2026-01-05 17:05:27 [INFO] polymer_pipeline - OPSIN parsed 'phthalimide-based copolymer (btor/phthalimide)' in 0.000s
2026-01-05 17:05:27 [INFO] polymer_pipeline - OPSIN parsed 'phthalimide-  (btor/phthalimide)' in 0.000s
2026-01-05 17:05:27 [INFO] polymer_pipeline - OPSIN parsed 'phthalimide-  (btor/phthalimide)' in 0.000s
2026-01-05 17:05:27 [INFO] polymer_pipeline - OPSIN parsed 'phthalimide- (btor/phthalimide)' in 0.000s
2026-01-05 17:05:27 [INFO] polymer_pipeline - OPSIN parsed 'btzor-coupled with btzi (ambipolar)' in 0.000s
2026-01-05 17:05:27 [INFO] polymer_pipeline - OPSIN parsed 'btzor-coupled with btzi (ambipolar)' in 0.000s
2026-01-05 17:05:27 [INFO] polymer_pipeline - OPSIN parsed 'btzor-coupled with btzi (ambipolar)' in 0.000s
2026-01-05 17:05:27 [INFO] polymer_pipeline - OPSIN parsed 'btzor-coupled with btzi (ambipolar)' in 0.000s
2026-01-05 17:05:27 [INFO] polymer_pipeline - OPSIN parsed 'btzor-coupled with pyridine-flanked dpp' in 0.000s
2026-01-05 17:05:27 [INFO] polymer_pipeline - OPSIN parsed 'btzor-coupled with pyridine-flanked dpp' in 0.000s
2026-01-05 17:05:27 [INFO] polymer_pipeline - OPSIN parsed 'btzor-coupled with pyridine-flanked dpp' in 0.000s
2026-01-05 17:05:27 [INFO] polymer_pipeline - OPSIN parsed 'btzor-coupled with pyridine-flanked dpp' in 0.000s
2026-01-05 17:05:27 [INFO] polymer_pipeline - OPSIN parsed 'btzor-foi (imide-fluorenone) copolymer' in 0.000s
2026-01-05 17:05:27 [INFO] polymer_pipeline - OPSIN parsed 'btzor-foi (imide-fluorenone)' in 0.000s
2026-01-05 17:05:27 [INFO] polymer_pipeline - OPSIN parsed 'btzor-foi (imide-fluorenone)' in 0.000s
2026-01-05 17:05:27 [INFO] polymer_pipeline - OPSIN parsed 'btzor-foi (imide-fluorenone)' in 0.000s
2026-01-05 17:05:27 [INFO] polymer_pipeline - OPSIN parsed 'btzor-fcni (cyanated fluorenone) copolymer' in 0.000s
2026-01-05 17:05:27 [INFO] polymer_pipeline - OPSIN parsed 'btzor-fcni (cyanated fluorenone)' in 0.000s
2026-01-05 17:05:27 [INFO] polymer_pipeline - OPSIN parsed 'btzor-fcni (cyanated fluorenone)' in 0.000s
2026-01-05 17:05:27 [INFO] polymer_pipeline - OPSIN parsed 'btzor-fcni (cyanated fluorenone)' in 0.000s
2026-01-05 17:05:27 [INFO] polymer_pipeline - OPSIN parsed 'btfor-based homopolymer (difluoro on β-positions)' in 0.000s
2026-01-05 17:05:27 [INFO] polymer_pipeline - OPSIN parsed 'btfor- homopolymer (difluoro on β-positions)' in 0.000s
2026-01-05 17:05:27 [INFO] polymer_pipeline - OPSIN parsed 'btfor- homopolymer (difluoro on β-positions)' in 0.000s
2026-01-05 17:05:27 [INFO] polymer_pipeline - OPSIN parsed 'btfor- homopolymer (difluoro on β-positions)' in 0.000s
2026-01-05 17:05:27 [INFO] polymer_pipeline - OPSIN parsed 'btcnor homopolymer (cyano-functionalized)' in 0.000s
2026-01-05 17:05:27 [INFO] polymer_pipeline - OPSIN parsed 'btcnor homopolymer (cyano-functionalized)' in 0.000s
2026-01-05 17:05:27 [INFO] polymer_pipeline - OPSIN parsed 'btcnor homopolymer (cyano-)' in 0.000s
2026-01-05 17:05:27 [INFO] polymer_pipeline - OPSIN parsed 'btcnor homopolymer (cyano-)' in 0.000s
2026-01-05 17:05:27 [INFO] polymer_pipeline - OPSIN parsed 'trtor-phthalimide copolymer (3-alkyl-3'-alkoxy bithiophene)' in 0.000s
2026-01-05 17:05:27 [INFO] polymer_pipeline - OPSIN parsed 'trtor-phthalimide  (3-alkyl-3'-alkoxy bithiophene)' in 0.000s
2026-01-05 17:05:27 [INFO] polymer_pipeline - OPSIN parsed 'trtor-phthalimide  (3-alkyl-3'-alkoxy bithiophene)' in 0.000s
2026-01-05 17:05:27 [INFO] polymer_pipeline - OPSIN parsed 'trtor-phthalimide (3-alkyl-3'-alkoxy bithiophene)' in 0.000s
2026-01-05 17:05:27 [INFO] polymer_pipeline - OPSIN parsed 'difluorinated benzothiadiazole-trtor copolymer' in 0.000s
2026-01-05 17:05:27 [INFO] polymer_pipeline - OPSIN parsed 'difluorinated benzothiadiazole-trtor' in 0.000s
2026-01-05 17:05:27 [INFO] polymer_pipeline - OPSIN parsed 'difluorinated benzothiadiazole-trtor' in 0.000s
2026-01-05 17:05:27 [INFO] polymer_pipeline - OPSIN parsed 'difluorinated benzothiadiazole-trtor' in 0.000s
2026-01-05 17:05:27 [INFO] polymer_pipeline - OPSIN parsed 'trtor-btzi copolymer (nir-absorbing)' in 0.000s
2026-01-05 17:05:27 [INFO] polymer_pipeline - OPSIN parsed 'trtor-btzi  (nir-absorbing)' in 0.000s
2026-01-05 17:05:27 [INFO] polymer_pipeline - OPSIN parsed 'trtor-btzi  (nir-absorbing)' in 0.000s
2026-01-05 17:05:27 [INFO] polymer_pipeline - OPSIN parsed 'trtor-btzi (nir-absorbing)' in 0.000s
2026-01-05 17:05:27 [INFO] polymer_pipeline - OPSIN parsed 'trtor-based polymer (ester-free)' in 0.000s
2026-01-05 17:05:27 [INFO] polymer_pipeline - OPSIN parsed 'trtor-  (ester-free)' in 0.000s
2026-01-05 17:05:27 [INFO] polymer_pipeline - OPSIN parsed 'trtor-  (ester-free)' in 0.000s
2026-01-05 17:05:27 [INFO] polymer_pipeline - OPSIN parsed 'trtor- (ester-free)' in 0.000s
2026-01-05 17:05:27 [INFO] polymer_pipeline - OPSIN parsed 'alkoxyandalkyl' in 0.000s
2026-01-05 17:05:27 [INFO] polymer_pipeline - OPSIN parsed 'tetor-based polymer (esterified trtor)' in 0.000s
2026-01-05 17:05:27 [INFO] polymer_pipeline - OPSIN parsed 'tetor-  (esterified trtor)' in 0.000s
2026-01-05 17:05:27 [INFO] polymer_pipeline - OPSIN parsed 'tetor-  (esterified trtor)' in 0.000s
2026-01-05 17:05:27 [INFO] polymer_pipeline - OPSIN parsed 'tetor- (esterified trtor)' in 0.000s
2026-01-05 17:05:27 [INFO] polymer_pipeline - OPSIN parsed 'tortry-based polymer (alkynyl + alkoxy)' in 0.000s
2026-01-05 17:05:27 [INFO] polymer_pipeline - OPSIN parsed 'tortry-  (alkynyl + alkoxy)' in 0.000s
2026-01-05 17:05:27 [INFO] polymer_pipeline - OPSIN parsed 'tortry-  (alkynyl + alkoxy)' in 0.000s
2026-01-05 17:05:27 [INFO] polymer_pipeline - OPSIN parsed 'tortry- (alkynyl + alkoxy)' in 0.000s
2026-01-05 17:05:27 [INFO] polymer_pipeline - OPSIN parsed 'dithieno[3,2-b:2',3'-d]pyran (dtp)-based copolymer' in 0.000s
2026-01-05 17:05:27 [INFO] polymer_pipeline - OPSIN parsed 'dithieno[3,2-b:2',3'-d]pyran (dtp)-' in 0.000s
2026-01-05 17:05:27 [INFO] polymer_pipeline - OPSIN parsed 'dithieno[3,2-b:2',3'-d]pyran (dtp)-' in 0.000s
2026-01-05 17:05:27 [INFO] polymer_pipeline - OPSIN parsed 'dithieno[3,2-b:2',3'-d]pyran (dtp)-' in 0.000s
2026-01-05 17:05:27 [INFO] polymer_pipeline - OPSIN parsed 'btcnor-cored small-molecule htm control (no cyano)' in 0.000s
2026-01-05 17:05:27 [INFO] polymer_pipeline - OPSIN parsed 'btcnor-cored small-molecule htm control (no cyano)' in 0.000s
2026-01-05 17:05:27 [INFO] polymer_pipeline - OPSIN parsed 'btcnor-cored small-molecule htm control (no cyano)' in 0.000s
2026-01-05 17:05:27 [INFO] polymer_pipeline - OPSIN parsed 'btcnor-cored small-molecule htm control (no cyano)' in 0.000s
2026-01-05 17:05:27 [INFO] polymer_pipeline - OPSIN parsed 'btcnor-cored small-molecule htm control (without cyano?)' in 0.000s
2026-01-05 17:05:27 [INFO] polymer_pipeline - OPSIN parsed 'btcnor-cored small-molecule htm control (without cyano?)' in 0.000s
2026-01-05 17:05:27 [INFO] polymer_pipeline - OPSIN parsed 'btcnor-cored small-molecule htm control (without cyano?)' in 0.000s
2026-01-05 17:05:27 [INFO] polymer_pipeline - OPSIN parsed 'btcnor-cored small-molecule htm control (without cyano?)' in 0.000s
2026-01-05 17:05:27 [INFO] polymer_pipeline - OPSIN parsed 'btcnor-cored small-molecule htm (cyano-functionalized)' in 0.000s
2026-01-05 17:05:27 [INFO] polymer_pipeline - OPSIN parsed 'btcnor-cored small-molecule htm (cyano-functionalized)' in 0.000s
2026-01-05 17:05:27 [INFO] polymer_pipeline - OPSIN parsed 'btcnor-cored small-molecule htm (cyano-)' in 0.000s
2026-01-05 17:05:27 [INFO] polymer_pipeline - OPSIN parsed 'btcnor-cored small-molecule htm (cyano-)' in 0.000s
2026-01-05 17:05:27 [INFO] polymer_pipeline - OPSIN parsed 'ndti-bbt' in 0.000s
2026-01-05 17:05:27 [INFO] polymer_pipeline - OPSIN parsed 'ndti-bbt' in 0.000s
2026-01-05 17:05:27 [INFO] polymer_pipeline - OPSIN parsed 'ndti-bbt' in 0.000s
2026-01-05 17:05:27 [INFO] polymer_pipeline - OPSIN parsed 'ndti-bbt' in 0.000s
2026-01-05 17:05:27 [INFO] polymer_pipeline - OPSIN parsed 'ndti-bbt' in 0.000s
2026-01-05 17:05:27 [INFO] polymer_pipeline - OPSIN parsed 'ndti-bbt' in 0.000s
2026-01-05 17:05:27 [INFO] polymer_pipeline - OPSIN parsed 'ndti-bbt' in 0.000s
2026-01-05 17:05:27 [INFO] polymer_pipeline - OPSIN parsed 'ndti-bbt' in 0.000s
2026-01-05 17:05:27 [INFO] polymer_pipeline - OPSIN parsed 'ndti-bbt' in 0.000s
2026-01-05 17:05:27 [INFO] polymer_pipeline - OPSIN parsed 'ndti-bbt' in 0.000s
2026-01-05 17:05:27 [INFO] polymer_pipeline - OPSIN parsed 'ndti-bbt' in 0.000s
2026-01-05 17:05:27 [INFO] polymer_pipeline - OPSIN parsed 'ndti-bbt' in 0.000s
2026-01-05 17:05:27 [INFO] polymer_pipeline - OPSIN parsed 'ndti-bbt' in 0.000s
2026-01-05 17:05:27 [INFO] polymer_pipeline - OPSIN parsed 'ndti-bbt' in 0.000s
2026-01-05 17:05:27 [INFO] polymer_pipeline - OPSIN parsed 'ndti-bbt' in 0.000s
2026-01-05 17:05:27 [INFO] polymer_pipeline - OPSIN parsed 'ndti-bbt' in 0.000s
2026-01-05 17:05:27 [INFO] polymer_pipeline - OPSIN parsed '3,4-propylenedioxythiophene (prodot) alternating with dmp comonomer' in 0.000s
2026-01-05 17:05:27 [INFO] polymer_pipeline - OPSIN parsed '3,4-propylenedioxythiophene (prodot) alternating with dmp comonomer' in 0.000s
2026-01-05 17:05:27 [INFO] polymer_pipeline - OPSIN parsed '3,4-propylenedioxythiophene (prodot) alternating with dmp comonomer' in 0.000s
2026-01-05 17:05:27 [INFO] polymer_pipeline - OPSIN parsed '3,4-propylenedioxythiophene (prodot) alternating with dmp comonomer' in 0.000s
2026-01-05 17:05:27 [INFO] polymer_pipeline - OPSIN parsed '3,4-propylenedioxythiophene (prodot) alternating with dmp comonomer' in 0.000s
2026-01-05 17:05:27 [INFO] polymer_pipeline - OPSIN parsed '3,4-propylenedioxythiophene (prodot) alternating with dmp comonomer' in 0.000s
2026-01-05 17:05:27 [INFO] polymer_pipeline - OPSIN parsed '3,4-propylenedioxythiophene (prodot) alternating with dmp comonomer' in 0.000s
2026-01-05 17:05:27 [INFO] polymer_pipeline - OPSIN parsed '3,4-propylenedioxythiophene (prodot) alternating with dmp comonomer' in 0.000s
2026-01-05 17:05:27 [INFO] polymer_pipeline - OPSIN parsed '3,4-propylenedioxythiophene (prodot) alternating with dmp comonomer' in 0.000s
2026-01-05 17:05:27 [INFO] polymer_pipeline - OPSIN parsed '3,4-propylenedioxythiophene (prodot) alternating with dmp comonomer' in 0.000s
2026-01-05 17:05:27 [INFO] polymer_pipeline - OPSIN parsed '3,4-propylenedioxythiophene (prodot) alternating with dmp comonomer' in 0.000s
2026-01-05 17:05:27 [INFO] polymer_pipeline - OPSIN parsed '3,4-propylenedioxythiophene (prodot) alternating with dmp comonomer' in 0.000s
2026-01-05 17:05:27 [INFO] polymer_pipeline - OPSIN parsed '3,4-propylenedioxythiophene (prodot) alternating with dmp comonomer' in 0.000s
2026-01-05 17:05:27 [INFO] polymer_pipeline - OPSIN parsed '3,4-propylenedioxythiophene (prodot) alternating with dmp comonomer' in 0.000s
2026-01-05 17:05:27 [INFO] polymer_pipeline - OPSIN parsed '3,4-propylenedioxythiophene (prodot) alternating with dmp comonomer' in 0.000s
2026-01-05 17:05:27 [INFO] polymer_pipeline - OPSIN parsed '3,4-propylenedioxythiophene (prodot) alternating with dmp comonomer' in 0.000s
2026-01-05 17:05:27 [INFO] polymer_pipeline - OPSIN parsed '3,4-propylenedioxythiophene (prodot) alternating with dmp comonomer' in 0.000s
2026-01-05 17:05:27 [INFO] polymer_pipeline - OPSIN parsed '3,4-propylenedioxythiophene (prodot) alternating with dmp comonomer' in 0.000s
2026-01-05 17:05:27 [INFO] polymer_pipeline - OPSIN parsed '3,4-propylenedioxythiophene (prodot) alternating with dmp comonomer' in 0.000s
2026-01-05 17:05:27 [INFO] polymer_pipeline - OPSIN parsed '3,4-propylenedioxythiophene (prodot) alternating with dmp comonomer' in 0.000s
2026-01-05 17:05:27 [INFO] polymer_pipeline - OPSIN parsed 'thienylene vinylene' in 0.000s
2026-01-05 17:05:27 [INFO] polymer_pipeline - OPSIN parsed 'thienylene vinylene' in 0.000s
2026-01-05 17:05:27 [INFO] polymer_pipeline - OPSIN parsed 'thienylene vinylene' in 0.000s
2026-01-05 17:05:27 [INFO] polymer_pipeline - OPSIN parsed 'thienylene vinylene' in 0.000s
2026-01-05 17:05:27 [INFO] polymer_pipeline - OPSIN parsed 'thienylene vinylene' in 0.000s
2026-01-05 17:05:27 [INFO] polymer_pipeline - OPSIN parsed 'thienylene vinylene' in 0.000s
2026-01-05 17:05:27 [INFO] polymer_pipeline - OPSIN parsed 'thienylene vinylene' in 0.000s
2026-01-05 17:05:27 [INFO] polymer_pipeline - OPSIN parsed 'thienylene vinylene' in 0.000s
2026-01-05 17:05:27 [INFO] polymer_pipeline - OPSIN parsed 'thienylene vinylene' in 0.000s
2026-01-05 17:05:27 [INFO] polymer_pipeline - OPSIN parsed 'thienylene vinylene' in 0.000s
2026-01-05 17:05:27 [INFO] polymer_pipeline - OPSIN parsed 'thienylene vinylene' in 0.000s
2026-01-05 17:05:27 [INFO] polymer_pipeline - OPSIN parsed 'thienylene vinylene' in 0.000s
2026-01-05 17:05:27 [INFO] polymer_pipeline - OPSIN parsed 'thienylene vinylene' in 0.000s
2026-01-05 17:05:27 [INFO] polymer_pipeline - OPSIN parsed 'thienylene vinylene' in 0.000s
2026-01-05 17:05:27 [INFO] polymer_pipeline - OPSIN parsed 'thienylene vinylene' in 0.000s
2026-01-05 17:05:27 [INFO] polymer_pipeline - OPSIN parsed 'thienylene vinylene' in 0.000s
2026-01-05 17:05:27 [INFO] polymer_pipeline - OPSIN parsed 'thieno[3,2-b]thiophene vinylene' in 0.001s
2026-01-05 17:05:27 [INFO] polymer_pipeline - OPSIN parsed 'poly(3-hexylthiophene)' in 0.000s
2026-01-05 17:05:27 [INFO] polymer_pipeline - OPSIN parsed 'poly(3-hexylthiophene)' in 0.000s
2026-01-05 17:05:27 [INFO] polymer_pipeline - OPSIN parsed 'poly(3-hexylthiophene)' in 0.000s
2026-01-05 17:05:27 [INFO] polymer_pipeline - OPSIN parsed 'poly(3-hexylthiophene)' in 0.000s
2026-01-05 17:05:27 [INFO] polymer_pipeline - OPSIN parsed 'poly(3-hexylthiophene)' in 0.000s
2026-01-05 17:05:27 [INFO] polymer_pipeline - OPSIN parsed 'poly(3-hexylthiophene)' in 0.000s
2026-01-05 17:05:27 [INFO] polymer_pipeline - OPSIN parsed 'poly(3-hexylthiophene)' in 0.000s
2026-01-05 17:05:27 [INFO] polymer_pipeline - OPSIN parsed 'poly(3-hexylthiophene)' in 0.000s
2026-01-05 17:05:27 [INFO] polymer_pipeline - OPSIN parsed 'poly(3-hexylthiophene)' in 0.000s
2026-01-05 17:05:27 [INFO] polymer_pipeline - OPSIN parsed 'poly(3-hexylthiophene)' in 0.000s
2026-01-05 17:05:27 [INFO] polymer_pipeline - OPSIN parsed 'poly(3-hexylthiophene)' in 0.000s
2026-01-05 17:05:27 [INFO] polymer_pipeline - OPSIN parsed 'poly(3-hexylthiophene)' in 0.000s
2026-01-05 17:05:27 [INFO] polymer_pipeline - OPSIN parsed 'poly(3-hexylthiophene)' in 0.000s
2026-01-05 17:05:27 [INFO] polymer_pipeline - OPSIN parsed 'poly(3-hexylthiophene)' in 0.000s
2026-01-05 17:05:27 [INFO] polymer_pipeline - OPSIN parsed 'poly(3-hexylthiophene)' in 0.000s
2026-01-05 17:05:27 [INFO] polymer_pipeline - OPSIN parsed 'poly(3-hexylthiophene)' in 0.000s
2026-01-05 17:05:27 [INFO] polymer_pipeline - OPSIN parsed 'poly(3-hexylthiophene)' in 0.000s
2026-01-05 17:05:27 [INFO] polymer_pipeline - OPSIN parsed 'poly(3-hexylthiophene)' in 0.000s
2026-01-05 17:05:27 [INFO] polymer_pipeline - OPSIN parsed 'poly(3-hexylthiophene)' in 0.000s
2026-01-05 17:05:27 [INFO] polymer_pipeline - OPSIN parsed 'poly(3-hexylthiophene)' in 0.000s
2026-01-05 17:05:27 [INFO] polymer_pipeline - OPSIN parsed 'polythiophene' in 0.000s
2026-01-05 17:05:27 [INFO] polymer_pipeline - OPSIN parsed 'polythiophene' in 0.000s
2026-01-05 17:05:27 [INFO] polymer_pipeline - OPSIN parsed 'polythiophene' in 0.000s
2026-01-05 17:05:27 [INFO] polymer_pipeline - OPSIN parsed 'polythiophene' in 0.000s
2026-01-05 17:05:27 [INFO] polymer_pipeline - OPSIN parsed 'polythiophene' in 0.000s
2026-01-05 17:05:27 [INFO] polymer_pipeline - OPSIN parsed 'polythiophene' in 0.000s
2026-01-05 17:05:27 [INFO] polymer_pipeline - OPSIN parsed 'polythiophene' in 0.000s
2026-01-05 17:05:27 [INFO] polymer_pipeline - OPSIN parsed 'polythiophene' in 0.000s
2026-01-05 17:05:27 [INFO] polymer_pipeline - OPSIN parsed 'asymmetric thiophene/pyridine flanked dpp-tt' in 0.000s
2026-01-05 17:05:27 [INFO] polymer_pipeline - OPSIN parsed 'asymmetric thiophene/pyridine flanked dpp-tt' in 0.000s
2026-01-05 17:05:27 [INFO] polymer_pipeline - OPSIN parsed 'asymmetric thiophene/pyridine flanked dpp-tt' in 0.000s
2026-01-05 17:05:27 [INFO] polymer_pipeline - OPSIN parsed 'asymmetric thiophene/pyridine flanked dpp-tt' in 0.000s
2026-01-05 17:05:27 [INFO] polymer_pipeline - OPSIN parsed 'n-alkyl' in 0.000s
2026-01-05 17:05:27 [INFO] polymer_pipeline - OPSIN parsed 'asymmetric thiophene/pyridine flanked dpp-bt' in 0.000s
2026-01-05 17:05:27 [INFO] polymer_pipeline - OPSIN parsed 'asymmetric thiophene/pyridine flanked dpp-bt' in 0.000s
2026-01-05 17:05:27 [INFO] polymer_pipeline - OPSIN parsed 'asymmetric thiophene/pyridine flanked dpp-bt' in 0.000s
2026-01-05 17:05:27 [INFO] polymer_pipeline - OPSIN parsed 'asymmetric thiophene/pyridine flanked dpp-bt' in 0.000s
2026-01-05 17:05:27 [INFO] polymer_pipeline - OPSIN parsed 'n-alkyl' in 0.000s
2026-01-05 17:05:27 [INFO] polymer_pipeline - OPSIN parsed 'asymmetric thiophene/pyridine flanked dpp-tt' in 0.000s
2026-01-05 17:05:27 [INFO] polymer_pipeline - OPSIN parsed 'asymmetric thiophene/pyridine flanked dpp-tt' in 0.000s
2026-01-05 17:05:27 [INFO] polymer_pipeline - OPSIN parsed 'asymmetric thiophene/pyridine flanked dpp-tt' in 0.000s
2026-01-05 17:05:27 [INFO] polymer_pipeline - OPSIN parsed 'asymmetric thiophene/pyridine flanked dpp-tt' in 0.000s
2026-01-05 17:05:27 [INFO] polymer_pipeline - OPSIN parsed 'n-alkyl' in 0.000s
2026-01-05 17:05:27 [INFO] polymer_pipeline - OPSIN parsed 'asymmetric thiophene/pyridine flanked dpp-tt' in 0.000s
2026-01-05 17:05:27 [INFO] polymer_pipeline - OPSIN parsed 'asymmetric thiophene/pyridine flanked dpp-tt' in 0.000s
2026-01-05 17:05:27 [INFO] polymer_pipeline - OPSIN parsed 'asymmetric thiophene/pyridine flanked dpp-tt' in 0.000s
2026-01-05 17:05:27 [INFO] polymer_pipeline - OPSIN parsed 'asymmetric thiophene/pyridine flanked dpp-tt' in 0.000s
2026-01-05 17:05:27 [INFO] polymer_pipeline - OPSIN parsed 'n-alkyl' in 0.000s
2026-01-05 17:05:27 [INFO] polymer_pipeline - OPSIN parsed 'asymmetric thiophene/pyridine flanked dpp-bt' in 0.000s
2026-01-05 17:05:27 [INFO] polymer_pipeline - OPSIN parsed 'asymmetric thiophene/pyridine flanked dpp-bt' in 0.000s
2026-01-05 17:05:27 [INFO] polymer_pipeline - OPSIN parsed 'asymmetric thiophene/pyridine flanked dpp-bt' in 0.000s
2026-01-05 17:05:27 [INFO] polymer_pipeline - OPSIN parsed 'asymmetric thiophene/pyridine flanked dpp-bt' in 0.000s
2026-01-05 17:05:27 [INFO] polymer_pipeline - OPSIN parsed 'n-alkyl' in 0.000s
2026-01-05 17:05:27 [INFO] polymer_pipeline - OPSIN parsed 'asymmetric thiophene/pyridine flanked dpp-bt' in 0.000s
2026-01-05 17:05:27 [INFO] polymer_pipeline - OPSIN parsed 'asymmetric thiophene/pyridine flanked dpp-bt' in 0.000s
2026-01-05 17:05:27 [INFO] polymer_pipeline - OPSIN parsed 'asymmetric thiophene/pyridine flanked dpp-bt' in 0.000s
2026-01-05 17:05:27 [INFO] polymer_pipeline - OPSIN parsed 'asymmetric thiophene/pyridine flanked dpp-bt' in 0.000s
2026-01-05 17:05:27 [INFO] polymer_pipeline - OPSIN parsed 'n-alkyl' in 0.000s
2026-01-05 17:05:27 [INFO] polymer_pipeline - OPSIN parsed 'nonfused thiophene backbone' in 0.000s
2026-01-05 17:05:27 [INFO] polymer_pipeline - OPSIN parsed 'nonfused thiophene backbone' in 0.000s
2026-01-05 17:05:27 [INFO] polymer_pipeline - OPSIN parsed 'nonfused thiophene backbone' in 0.000s
2026-01-05 17:05:27 [INFO] polymer_pipeline - OPSIN parsed 'nonfused thiophene backbone' in 0.000s
2026-01-05 17:05:27 [INFO] polymer_pipeline - OPSIN parsed 'nonfused thiophene backbone' in 0.000s
2026-01-05 17:05:27 [INFO] polymer_pipeline - OPSIN parsed 'nonfused thiophene backbone' in 0.000s
2026-01-05 17:05:27 [INFO] polymer_pipeline - OPSIN parsed 'nonfused thiophene backbone' in 0.000s
2026-01-05 17:05:27 [INFO] polymer_pipeline - OPSIN parsed 'nonfused thiophene backbone' in 0.000s
2026-01-05 17:05:27 [INFO] polymer_pipeline - OPSIN parsed 'nonfused thiophene backbone' in 0.000s
2026-01-05 17:05:27 [INFO] polymer_pipeline - OPSIN parsed 'nonfused thiophene backbone' in 0.000s
2026-01-05 17:05:27 [INFO] polymer_pipeline - OPSIN parsed 'nonfused thiophene backbone' in 0.000s
2026-01-05 17:05:27 [INFO] polymer_pipeline - OPSIN parsed 'nonfused thiophene backbone' in 0.000s
2026-01-05 17:05:27 [INFO] polymer_pipeline - OPSIN parsed 'dpp-bithiophene donor-acceptor backbone' in 0.000s
2026-01-05 17:05:27 [INFO] polymer_pipeline - OPSIN parsed 'dpp-bithiophene - backbone' in 0.000s
2026-01-05 17:05:27 [INFO] polymer_pipeline - OPSIN parsed 'dpp-bithiophene - backbone' in 0.000s
2026-01-05 17:05:27 [INFO] polymer_pipeline - OPSIN parsed 'dpp-bithiophene - backbone' in 0.000s
2026-01-05 17:05:27 [INFO] polymer_pipeline - OPSIN parsed 'isoindigo-bithiophene donor-acceptor backbone' in 0.000s
2026-01-05 17:05:27 [INFO] polymer_pipeline - OPSIN parsed 'isoindigo-bithiophene - backbone' in 0.000s
2026-01-05 17:05:27 [INFO] polymer_pipeline - OPSIN parsed 'isoindigo-bithiophene - backbone' in 0.000s
2026-01-05 17:05:27 [INFO] polymer_pipeline - OPSIN parsed 'isoindigo-bithiophene - backbone' in 0.000s
2026-01-05 17:05:27 [INFO] polymer_pipeline - OPSIN parsed 'dpp-bithiophene donor-acceptor backbone' in 0.000s
2026-01-05 17:05:27 [INFO] polymer_pipeline - OPSIN parsed 'dpp-bithiophene - backbone' in 0.000s
2026-01-05 17:05:27 [INFO] polymer_pipeline - OPSIN parsed 'dpp-bithiophene - backbone' in 0.000s
2026-01-05 17:05:27 [INFO] polymer_pipeline - OPSIN parsed 'dpp-bithiophene - backbone' in 0.000s
2026-01-05 17:05:27 [INFO] polymer_pipeline - OPSIN parsed 'isoindigo-bithiophene donor-acceptor backbone' in 0.000s
2026-01-05 17:05:27 [INFO] polymer_pipeline - OPSIN parsed 'isoindigo-bithiophene - backbone' in 0.000s
2026-01-05 17:05:27 [INFO] polymer_pipeline - OPSIN parsed 'isoindigo-bithiophene - backbone' in 0.000s
2026-01-05 17:05:27 [INFO] polymer_pipeline - OPSIN parsed 'isoindigo-bithiophene - backbone' in 0.000s
2026-01-05 17:05:27 [INFO] polymer_pipeline - OPSIN parsed '3,6-di(thiazol-5-yl)-diketopyrrolopyrrole' in 0.001s
2026-01-05 17:05:27 [INFO] polymer_pipeline - OPSIN parsed '3,6-di(thiazol-5-yl)-diketopyrrolopyrrole' in 0.001s
2026-01-05 17:05:27 [INFO] polymer_pipeline - OPSIN parsed '3,6-di(thiazol-5-yl)-diketopyrrolopyrrole' in 0.001s
2026-01-05 17:05:27 [INFO] polymer_pipeline - OPSIN parsed '3,6-di(thiazol-5-yl)-diketopyrrolopyrrole' in 0.001s
2026-01-05 17:05:27 [INFO] polymer_pipeline - OPSIN parsed '3,6-di(thiazol-5-yl)-diketopyrrolopyrrole' in 0.001s
2026-01-05 17:05:27 [INFO] polymer_pipeline - OPSIN parsed '3,6-di(thiazol-5-yl)-diketopyrrolopyrrole' in 0.001s
2026-01-05 17:05:27 [INFO] polymer_pipeline - OPSIN parsed '3,6-di(thiazol-5-yl)-diketopyrrolopyrrole' in 0.001s
2026-01-05 17:05:27 [INFO] polymer_pipeline - OPSIN parsed '3,6-di(thiazol-5-yl)-diketopyrrolopyrrole' in 0.001s
2026-01-05 17:05:27 [INFO] polymer_pipeline - OPSIN parsed '3,6-di(thiazol-5-yl)-diketopyrrolopyrrole' in 0.001s
2026-01-05 17:05:27 [INFO] polymer_pipeline - OPSIN parsed '3,6-di(thiazol-5-yl)-diketopyrrolopyrrole' in 0.000s
2026-01-05 17:05:27 [INFO] polymer_pipeline - OPSIN parsed '3,6-di(thiazol-5-yl)-diketopyrrolopyrrole' in 0.000s
2026-01-05 17:05:27 [INFO] polymer_pipeline - OPSIN parsed '3,6-di(thiazol-5-yl)-diketopyrrolopyrrole' in 0.000s
2026-01-05 17:05:27 [INFO] polymer_pipeline - OPSIN parsed '3,6-di(thiazol-5-yl)-diketopyrrolopyrrole' in 0.000s
2026-01-05 17:05:27 [INFO] polymer_pipeline - OPSIN parsed '3,6-di(thiazol-5-yl)-diketopyrrolopyrrole' in 0.000s
2026-01-05 17:05:27 [INFO] polymer_pipeline - OPSIN parsed '3,6-di(thiazol-5-yl)-diketopyrrolopyrrole' in 0.000s
2026-01-05 17:05:27 [INFO] polymer_pipeline - OPSIN parsed '3,6-di(thiazol-5-yl)-diketopyrrolopyrrole' in 0.000s
2026-01-05 17:05:27 [INFO] polymer_pipeline - OPSIN parsed '3,6-di(thiazol-5-yl)-diketopyrrolopyrrole' in 0.000s
2026-01-05 17:05:27 [INFO] polymer_pipeline - OPSIN parsed '3,6-di(thiazol-5-yl)-diketopyrrolopyrrole' in 0.001s
2026-01-05 17:05:27 [INFO] polymer_pipeline - OPSIN parsed '3,6-di(thiazol-5-yl)-diketopyrrolopyrrole' in 0.000s
2026-01-05 17:05:27 [INFO] polymer_pipeline - OPSIN parsed '3,6-di(thiazol-5-yl)-diketopyrrolopyrrole' in 0.001s
2026-01-05 17:05:27 [INFO] polymer_pipeline - OPSIN parsed '3,6-di(thiazol-5-yl)-diketopyrrolopyrrole' in 0.000s
2026-01-05 17:05:27 [INFO] polymer_pipeline - OPSIN parsed '3,6-di(thiazol-5-yl)-diketopyrrolopyrrole' in 0.000s
2026-01-05 17:05:27 [INFO] polymer_pipeline - OPSIN parsed '3,6-di(thiazol-5-yl)-diketopyrrolopyrrole' in 0.000s
2026-01-05 17:05:27 [INFO] polymer_pipeline - OPSIN parsed '3,6-di(thiazol-5-yl)-diketopyrrolopyrrole' in 0.000s
2026-01-05 17:05:27 [INFO] polymer_pipeline - OPSIN parsed '3,6-di(thiazol-5-yl)-diketopyrrolopyrrole' in 0.001s
2026-01-05 17:05:27 [INFO] polymer_pipeline - OPSIN parsed '3,6-di(thiazol-5-yl)-diketopyrrolopyrrole' in 0.000s
2026-01-05 17:05:27 [INFO] polymer_pipeline - OPSIN parsed '3,6-di(thiazol-5-yl)-diketopyrrolopyrrole' in 0.001s
2026-01-05 17:05:27 [INFO] polymer_pipeline - OPSIN parsed '3,6-di(thiazol-5-yl)-diketopyrrolopyrrole' in 0.001s
2026-01-05 17:05:27 [INFO] polymer_pipeline - OPSIN parsed '3,6-di(thiazol-5-yl)-diketopyrrolopyrrole' in 0.000s
2026-01-05 17:05:27 [INFO] polymer_pipeline - OPSIN parsed '3,6-di(thiazol-5-yl)-diketopyrrolopyrrole' in 0.000s
2026-01-05 17:05:27 [INFO] polymer_pipeline - OPSIN parsed '3,6-di(thiazol-5-yl)-diketopyrrolopyrrole' in 0.000s
2026-01-05 17:05:27 [INFO] polymer_pipeline - OPSIN parsed '3,6-di(thiazol-5-yl)-diketopyrrolopyrrole' in 0.000s
2026-01-05 17:05:27 [INFO] polymer_pipeline - OPSIN parsed 'carbazole and diketopyrrolopyrrole (dpp) alternating donor-acceptor backbone' in 0.000s
2026-01-05 17:05:27 [INFO] polymer_pipeline - OPSIN parsed 'carbazole and diketopyrrolopyrrole (dpp) alternating - backbone' in 0.000s
2026-01-05 17:05:27 [INFO] polymer_pipeline - OPSIN parsed 'carbazole and diketopyrrolopyrrole (dpp) alternating - backbone' in 0.000s
2026-01-05 17:05:27 [INFO] polymer_pipeline - OPSIN parsed 'carbazole and diketopyrrolopyrrole (dpp) alternating - backbone' in 0.000s
2026-01-05 17:05:27 [INFO] polymer_pipeline - OPSIN parsed 'carbazole and diketopyrrolopyrrole (dpp) alternating donor-acceptor backbone' in 0.000s
2026-01-05 17:05:27 [INFO] polymer_pipeline - OPSIN parsed 'carbazole and diketopyrrolopyrrole (dpp) alternating - backbone' in 0.000s
2026-01-05 17:05:27 [INFO] polymer_pipeline - OPSIN parsed 'carbazole and diketopyrrolopyrrole (dpp) alternating - backbone' in 0.000s
2026-01-05 17:05:27 [INFO] polymer_pipeline - OPSIN parsed 'carbazole and diketopyrrolopyrrole (dpp) alternating - backbone' in 0.000s
2026-01-05 17:05:27 [INFO] polymer_pipeline - OPSIN parsed 'carbazole and diketopyrrolopyrrole (dpp) alternating donor-acceptor backbone' in 0.000s
2026-01-05 17:05:27 [INFO] polymer_pipeline - OPSIN parsed 'carbazole and diketopyrrolopyrrole (dpp) alternating - backbone' in 0.000s
2026-01-05 17:05:27 [INFO] polymer_pipeline - OPSIN parsed 'carbazole and diketopyrrolopyrrole (dpp) alternating - backbone' in 0.000s
2026-01-05 17:05:27 [INFO] polymer_pipeline - OPSIN parsed 'carbazole and diketopyrrolopyrrole (dpp) alternating - backbone' in 0.000s
2026-01-05 17:05:27 [INFO] polymer_pipeline - OPSIN parsed 'carbazole and diketopyrrolopyrrole (dpp) alternating donor-acceptor backbone' in 0.000s
2026-01-05 17:05:27 [INFO] polymer_pipeline - OPSIN parsed 'carbazole and diketopyrrolopyrrole (dpp) alternating - backbone' in 0.000s
2026-01-05 17:05:27 [INFO] polymer_pipeline - OPSIN parsed 'carbazole and diketopyrrolopyrrole (dpp) alternating - backbone' in 0.000s
2026-01-05 17:05:27 [INFO] polymer_pipeline - OPSIN parsed 'carbazole and diketopyrrolopyrrole (dpp) alternating - backbone' in 0.000s
2026-01-05 17:05:27 [INFO] polymer_pipeline - OPSIN parsed 'carbazole and diketopyrrolopyrrole (dpp) alternating donor-acceptor backbone' in 0.000s
2026-01-05 17:05:27 [INFO] polymer_pipeline - OPSIN parsed 'carbazole and diketopyrrolopyrrole (dpp) alternating - backbone' in 0.000s
2026-01-05 17:05:27 [INFO] polymer_pipeline - OPSIN parsed 'carbazole and diketopyrrolopyrrole (dpp) alternating - backbone' in 0.000s
2026-01-05 17:05:27 [INFO] polymer_pipeline - OPSIN parsed 'carbazole and diketopyrrolopyrrole (dpp) alternating - backbone' in 0.000s
2026-01-05 17:05:27 [INFO] polymer_pipeline - OPSIN parsed 'carbazole and diketopyrrolopyrrole (dpp) alternating donor-acceptor backbone' in 0.000s
2026-01-05 17:05:27 [INFO] polymer_pipeline - OPSIN parsed 'carbazole and diketopyrrolopyrrole (dpp) alternating - backbone' in 0.000s
2026-01-05 17:05:27 [INFO] polymer_pipeline - OPSIN parsed 'carbazole and diketopyrrolopyrrole (dpp) alternating - backbone' in 0.000s
2026-01-05 17:05:27 [INFO] polymer_pipeline - OPSIN parsed 'carbazole and diketopyrrolopyrrole (dpp) alternating - backbone' in 0.000s
2026-01-05 17:05:27 [INFO] polymer_pipeline - OPSIN parsed 'carbazole and diketopyrrolopyrrole (dpp) alternating donor-acceptor backbone' in 0.000s
2026-01-05 17:05:27 [INFO] polymer_pipeline - OPSIN parsed 'carbazole and diketopyrrolopyrrole (dpp) alternating - backbone' in 0.000s
2026-01-05 17:05:27 [INFO] polymer_pipeline - OPSIN parsed 'carbazole and diketopyrrolopyrrole (dpp) alternating - backbone' in 0.000s
2026-01-05 17:05:27 [INFO] polymer_pipeline - OPSIN parsed 'carbazole and diketopyrrolopyrrole (dpp) alternating - backbone' in 0.000s
2026-01-05 17:05:27 [INFO] polymer_pipeline - OPSIN parsed 'carbazole and diketopyrrolopyrrole (dpp) alternating donor-acceptor backbone' in 0.000s
2026-01-05 17:05:27 [INFO] polymer_pipeline - OPSIN parsed 'carbazole and diketopyrrolopyrrole (dpp) alternating - backbone' in 0.000s
2026-01-05 17:05:27 [INFO] polymer_pipeline - OPSIN parsed 'carbazole and diketopyrrolopyrrole (dpp) alternating - backbone' in 0.000s
2026-01-05 17:05:27 [INFO] polymer_pipeline - OPSIN parsed 'carbazole and diketopyrrolopyrrole (dpp) alternating - backbone' in 0.000s
2026-01-05 17:05:27 [INFO] polymer_pipeline - OPSIN parsed 'thiazole-flanked diketopyrrolopyrrole' in 0.000s
2026-01-05 17:05:27 [INFO] polymer_pipeline - OPSIN parsed 'thiazole-flanked diketopyrrolopyrrole' in 0.000s
2026-01-05 17:05:27 [INFO] polymer_pipeline - OPSIN parsed 'thiazole-flanked diketopyrrolopyrrole' in 0.000s
2026-01-05 17:05:27 [INFO] polymer_pipeline - OPSIN parsed 'thiazole-flanked diketopyrrolopyrrole' in 0.000s
2026-01-05 17:05:27 [INFO] polymer_pipeline - OPSIN parsed 'thiazole-flanked diketopyrrolopyrrole' in 0.000s
2026-01-05 17:05:27 [INFO] polymer_pipeline - OPSIN parsed 'thiazole-flanked diketopyrrolopyrrole' in 0.000s
2026-01-05 17:05:27 [INFO] polymer_pipeline - OPSIN parsed 'thiazole-flanked diketopyrrolopyrrole' in 0.000s
2026-01-05 17:05:27 [INFO] polymer_pipeline - OPSIN parsed 'thiazole-flanked diketopyrrolopyrrole' in 0.000s
2026-01-05 17:05:27 [INFO] polymer_pipeline - OPSIN parsed 'thiazole-flanked diketopyrrolopyrrole' in 0.000s
2026-01-05 17:05:27 [INFO] polymer_pipeline - OPSIN parsed 'thiazole-flanked diketopyrrolopyrrole' in 0.000s
2026-01-05 17:05:27 [INFO] polymer_pipeline - OPSIN parsed 'thiazole-flanked diketopyrrolopyrrole' in 0.000s
2026-01-05 17:05:27 [INFO] polymer_pipeline - OPSIN parsed 'thiazole-flanked diketopyrrolopyrrole' in 0.000s
2026-01-05 17:05:27 [INFO] polymer_pipeline - OPSIN parsed 'thiazole-flanked diketopyrrolopyrrole' in 0.000s
2026-01-05 17:05:27 [INFO] polymer_pipeline - OPSIN parsed 'thiazole-flanked diketopyrrolopyrrole' in 0.000s
2026-01-05 17:05:27 [INFO] polymer_pipeline - OPSIN parsed 'thiazole-flanked diketopyrrolopyrrole' in 0.000s
2026-01-05 17:05:27 [INFO] polymer_pipeline - OPSIN parsed 'thiazole-flanked diketopyrrolopyrrole' in 0.000s
2026-01-05 17:05:27 [INFO] polymer_pipeline - OPSIN parsed 'thiazole-flanked diketopyrrolopyrrole' in 0.000s
2026-01-05 17:05:27 [INFO] polymer_pipeline - OPSIN parsed 'thiazole-flanked diketopyrrolopyrrole' in 0.000s
2026-01-05 17:05:27 [INFO] polymer_pipeline - OPSIN parsed 'thiazole-flanked diketopyrrolopyrrole' in 0.000s
2026-01-05 17:05:27 [INFO] polymer_pipeline - OPSIN parsed 'thiazole-flanked diketopyrrolopyrrole' in 0.000s
2026-01-05 17:05:27 [INFO] polymer_pipeline - OPSIN parsed 'thiazole-flanked diketopyrrolopyrrole' in 0.000s
2026-01-05 17:05:27 [INFO] polymer_pipeline - OPSIN parsed 'thiazole-flanked diketopyrrolopyrrole' in 0.000s
2026-01-05 17:05:27 [INFO] polymer_pipeline - OPSIN parsed 'thiazole-flanked diketopyrrolopyrrole' in 0.000s
2026-01-05 17:05:27 [INFO] polymer_pipeline - OPSIN parsed 'thiazole-flanked diketopyrrolopyrrole' in 0.000s
2026-01-05 17:05:27 [INFO] polymer_pipeline - OPSIN parsed 'naphthalene-1,4,5,8-tetracarboxylic-diimide-bithiophene (ndi-t2)' in 0.000s
2026-01-05 17:05:27 [INFO] polymer_pipeline - OPSIN parsed 'naphthalene-1,4,5,8-tetracarboxylic-diimide-bithiophene (ndi-t2)' in 0.000s
2026-01-05 17:05:27 [INFO] polymer_pipeline - OPSIN parsed 'naphthalene-1,4,5,8-tetracarboxylic-diimide-bithiophene (ndi-t2)' in 0.000s
2026-01-05 17:05:27 [INFO] polymer_pipeline - OPSIN parsed 'naphthalene-1,4,5,8-tetracarboxylic-diimide-bithiophene (ndi-t2)' in 0.000s
2026-01-05 17:05:27 [INFO] polymer_pipeline - OPSIN parsed 'naphthalene-1,4,5,8-tetracarboxylic-diimide-bithiophene (ndi-t2)' in 0.000s
2026-01-05 17:05:27 [INFO] polymer_pipeline - OPSIN parsed 'naphthalene-1,4,5,8-tetracarboxylic-diimide-bithiophene (ndi-t2)' in 0.000s
2026-01-05 17:05:27 [INFO] polymer_pipeline - OPSIN parsed 'naphthalene-1,4,5,8-tetracarboxylic-diimide-bithiophene (ndi-t2)' in 0.000s
2026-01-05 17:05:27 [INFO] polymer_pipeline - OPSIN parsed 'naphthalene-1,4,5,8-tetracarboxylic-diimide-bithiophene (ndi-t2)' in 0.000s
2026-01-05 17:05:27 [INFO] polymer_pipeline - OPSIN parsed 'naphthalene-1,4,5,8-tetracarboxylic-diimide-bithiophene (ndi-t2)' in 0.000s
2026-01-05 17:05:27 [INFO] polymer_pipeline - OPSIN parsed 'naphthalene-1,4,5,8-tetracarboxylic-diimide-bithiophene (ndi-t2)' in 0.000s
2026-01-05 17:05:27 [INFO] polymer_pipeline - OPSIN parsed 'naphthalene-1,4,5,8-tetracarboxylic-diimide-bithiophene (ndi-t2)' in 0.000s
2026-01-05 17:05:27 [INFO] polymer_pipeline - OPSIN parsed 'naphthalene-1,4,5,8-tetracarboxylic-diimide-bithiophene (ndi-t2)' in 0.000s
2026-01-05 17:05:27 [INFO] polymer_pipeline - OPSIN parsed 'naphthalene-1,4,5,8-tetracarboxylic-diimide-bithiophene (ndi-t2)' in 0.000s
2026-01-05 17:05:27 [INFO] polymer_pipeline - OPSIN parsed 'naphthalene-1,4,5,8-tetracarboxylic-diimide-bithiophene (ndi-t2)' in 0.000s
2026-01-05 17:05:27 [INFO] polymer_pipeline - OPSIN parsed 'naphthalene-1,4,5,8-tetracarboxylic-diimide-bithiophene (ndi-t2)' in 0.000s
2026-01-05 17:05:27 [INFO] polymer_pipeline - OPSIN parsed 'naphthalene-1,4,5,8-tetracarboxylic-diimide-bithiophene (ndi-t2)' in 0.000s
2026-01-05 17:05:27 [INFO] polymer_pipeline - OPSIN parsed 'naphthalene-1,4,5,8-tetracarboxylic-diimide-bithiophene (ndi-t2)' in 0.000s
2026-01-05 17:05:27 [INFO] polymer_pipeline - OPSIN parsed 'naphthalene-1,4,5,8-tetracarboxylic-diimide-bithiophene (ndi-t2)' in 0.000s
2026-01-05 17:05:27 [INFO] polymer_pipeline - OPSIN parsed 'naphthalene-1,4,5,8-tetracarboxylic-diimide-bithiophene (ndi-t2)' in 0.000s
2026-01-05 17:05:27 [INFO] polymer_pipeline - OPSIN parsed 'naphthalene-1,4,5,8-tetracarboxylic-diimide-bithiophene (ndi-t2)' in 0.000s
2026-01-05 17:05:27 [INFO] polymer_pipeline - OPSIN parsed 'naphthalene-1,4,5,8-tetracarboxylic-diimide-bithiophene (ndi-t2)' in 0.000s
2026-01-05 17:05:27 [INFO] polymer_pipeline - OPSIN parsed 'naphthalene-1,4,5,8-tetracarboxylic-diimide-bithiophene (ndi-t2)' in 0.000s
2026-01-05 17:05:27 [INFO] polymer_pipeline - OPSIN parsed 'naphthalene-1,4,5,8-tetracarboxylic-diimide-bithiophene (ndi-t2)' in 0.000s
2026-01-05 17:05:27 [INFO] polymer_pipeline - OPSIN parsed 'naphthalene-1,4,5,8-tetracarboxylic-diimide-bithiophene (ndi-t2)' in 0.000s
2026-01-05 17:05:27 [INFO] polymer_pipeline - OPSIN parsed 'diketopyrrolopyrrole (dpp) with 2,2'-bithiophene (t2) backbone' in 0.000s
2026-01-05 17:05:27 [INFO] polymer_pipeline - OPSIN parsed 'diketopyrrolopyrrole (dpp) with 2,2'-bithiophene (t2) backbone' in 0.000s
2026-01-05 17:05:27 [INFO] polymer_pipeline - OPSIN parsed 'diketopyrrolopyrrole (dpp) with 2,2'-bithiophene (t2) backbone' in 0.000s
2026-01-05 17:05:27 [INFO] polymer_pipeline - OPSIN parsed 'diketopyrrolopyrrole (dpp) with 2,2'-bithiophene (t2) backbone' in 0.000s
2026-01-05 17:05:27 [INFO] polymer_pipeline - OPSIN parsed 'diketopyrrolopyrrole (dpp) with 2,2'-bithiophene (t2) backbone' in 0.000s
2026-01-05 17:05:27 [INFO] polymer_pipeline - OPSIN parsed 'diketopyrrolopyrrole (dpp) with 2,2'-bithiophene (t2) backbone' in 0.000s
2026-01-05 17:05:27 [INFO] polymer_pipeline - OPSIN parsed 'diketopyrrolopyrrole (dpp) with 2,2'-bithiophene (t2) backbone' in 0.000s
2026-01-05 17:05:27 [INFO] polymer_pipeline - OPSIN parsed 'diketopyrrolopyrrole (dpp) with 2,2'-bithiophene (t2) backbone' in 0.000s
2026-01-05 17:05:27 [INFO] polymer_pipeline - OPSIN parsed 'diketopyrrolopyrrole (dpp) with 2,2'-bithiophene (t2) backbone' in 0.000s
2026-01-05 17:05:27 [INFO] polymer_pipeline - OPSIN parsed 'diketopyrrolopyrrole (dpp) with 2,2'-bithiophene (t2) backbone' in 0.000s
2026-01-05 17:05:27 [INFO] polymer_pipeline - OPSIN parsed 'diketopyrrolopyrrole (dpp) with 2,2'-bithiophene (t2) backbone' in 0.000s
2026-01-05 17:05:27 [INFO] polymer_pipeline - OPSIN parsed 'diketopyrrolopyrrole (dpp) with 2,2'-bithiophene (t2) backbone' in 0.000s
2026-01-05 17:05:27 [INFO] polymer_pipeline - OPSIN parsed 'diketopyrrolopyrrole (dpp) with 2,2'-bithiophene (t2) backbone' in 0.000s
2026-01-05 17:05:27 [INFO] polymer_pipeline - OPSIN parsed 'diketopyrrolopyrrole (dpp) with 2,2'-bithiophene (t2) backbone' in 0.000s
2026-01-05 17:05:27 [INFO] polymer_pipeline - OPSIN parsed 'diketopyrrolopyrrole (dpp) with 2,2'-bithiophene (t2) backbone' in 0.000s
2026-01-05 17:05:27 [INFO] polymer_pipeline - OPSIN parsed 'diketopyrrolopyrrole (dpp) with 2,2'-bithiophene (t2) backbone' in 0.000s
2026-01-05 17:05:27 [INFO] polymer_pipeline - OPSIN parsed 'diketopyrrolopyrrole (dpp) with 2,2'-bithiophene (t2) backbone' in 0.000s
2026-01-05 17:05:27 [INFO] polymer_pipeline - OPSIN parsed 'diketopyrrolopyrrole (dpp) with 2,2'-bithiophene (t2) backbone' in 0.000s
2026-01-05 17:05:27 [INFO] polymer_pipeline - OPSIN parsed 'diketopyrrolopyrrole (dpp) with 2,2'-bithiophene (t2) backbone' in 0.000s
2026-01-05 17:05:27 [INFO] polymer_pipeline - OPSIN parsed 'diketopyrrolopyrrole (dpp) with 2,2'-bithiophene (t2) backbone' in 0.000s
2026-01-05 17:05:27 [INFO] polymer_pipeline - OPSIN parsed 'diketopyrrolopyrrole (dpp) with 2,2'-bithiophene (t2) backbone' in 0.000s
2026-01-05 17:05:27 [INFO] polymer_pipeline - OPSIN parsed 'diketopyrrolopyrrole (dpp) with 2,2'-bithiophene (t2) backbone' in 0.000s
2026-01-05 17:05:27 [INFO] polymer_pipeline - OPSIN parsed 'diketopyrrolopyrrole (dpp) with 2,2'-bithiophene (t2) backbone' in 0.000s
2026-01-05 17:05:27 [INFO] polymer_pipeline - OPSIN parsed 'diketopyrrolopyrrole (dpp) with 2,2'-bithiophene (t2) backbone' in 0.000s
2026-01-05 17:05:27 [INFO] polymer_pipeline - OPSIN parsed 'polythiophene' in 0.000s
2026-01-05 17:05:27 [INFO] polymer_pipeline - OPSIN parsed 'polythiophene' in 0.000s
2026-01-05 17:05:27 [INFO] polymer_pipeline - OPSIN parsed 'polythiophene' in 0.000s
2026-01-05 17:05:27 [INFO] polymer_pipeline - OPSIN parsed 'polythiophene' in 0.000s
2026-01-05 17:05:27 [INFO] polymer_pipeline - OPSIN parsed 'polythiophene' in 0.000s
2026-01-05 17:05:27 [INFO] polymer_pipeline - OPSIN parsed 'polythiophene' in 0.000s
2026-01-05 17:05:27 [INFO] polymer_pipeline - OPSIN parsed 'polythiophene' in 0.000s
2026-01-05 17:05:27 [INFO] polymer_pipeline - OPSIN parsed 'polythiophene' in 0.000s
2026-01-05 17:05:27 [INFO] polymer_pipeline - OPSIN parsed 'polythiophene' in 0.000s
2026-01-05 17:05:27 [INFO] polymer_pipeline - OPSIN parsed 'polythiophene' in 0.000s
2026-01-05 17:05:27 [INFO] polymer_pipeline - OPSIN parsed 'polythiophene' in 0.000s
2026-01-05 17:05:27 [INFO] polymer_pipeline - OPSIN parsed 'polythiophene' in 0.000s
2026-01-05 17:05:27 [INFO] polymer_pipeline - OPSIN parsed 'polythiophene' in 0.000s
2026-01-05 17:05:27 [INFO] polymer_pipeline - OPSIN parsed 'polythiophene' in 0.000s
2026-01-05 17:05:27 [INFO] polymer_pipeline - OPSIN parsed 'polythiophene' in 0.000s
2026-01-05 17:05:27 [INFO] polymer_pipeline - OPSIN parsed 'polythiophene' in 0.000s
2026-01-05 17:05:27 [INFO] polymer_pipeline - OPSIN parsed 'polythiophene' in 0.000s
2026-01-05 17:05:27 [INFO] polymer_pipeline - OPSIN parsed 'polythiophene' in 0.000s
2026-01-05 17:05:27 [INFO] polymer_pipeline - OPSIN parsed 'polythiophene' in 0.000s
2026-01-05 17:05:27 [INFO] polymer_pipeline - OPSIN parsed 'polythiophene' in 0.000s
2026-01-05 17:05:27 [INFO] polymer_pipeline - OPSIN parsed 'polythiophene backbone' in 0.000s
2026-01-05 17:05:27 [INFO] polymer_pipeline - OPSIN parsed 'polythiophene backbone' in 0.000s
2026-01-05 17:05:27 [INFO] polymer_pipeline - OPSIN parsed 'polythiophene backbone' in 0.000s
2026-01-05 17:05:27 [INFO] polymer_pipeline - OPSIN parsed 'polythiophene backbone' in 0.000s
2026-01-05 17:05:27 [INFO] polymer_pipeline - OPSIN parsed 'polythiophene backbone' in 0.000s
2026-01-05 17:05:27 [INFO] polymer_pipeline - OPSIN parsed 'polythiophene backbone' in 0.000s
2026-01-05 17:05:27 [INFO] polymer_pipeline - OPSIN parsed 'polythiophene backbone' in 0.000s
2026-01-05 17:05:27 [INFO] polymer_pipeline - OPSIN parsed 'polythiophene backbone' in 0.000s
2026-01-05 17:05:27 [INFO] polymer_pipeline - OPSIN parsed 'polythiophene backbone' in 0.000s
2026-01-05 17:05:27 [INFO] polymer_pipeline - OPSIN parsed 'polythiophene backbone' in 0.000s
2026-01-05 17:05:27 [INFO] polymer_pipeline - OPSIN parsed 'polythiophene backbone' in 0.000s
2026-01-05 17:05:27 [INFO] polymer_pipeline - OPSIN parsed 'polythiophene backbone' in 0.000s
2026-01-05 17:05:27 [INFO] polymer_pipeline - OPSIN parsed 'polythiophene backbone' in 0.000s
2026-01-05 17:05:27 [INFO] polymer_pipeline - OPSIN parsed 'polythiophene backbone' in 0.000s
2026-01-05 17:05:27 [INFO] polymer_pipeline - OPSIN parsed 'polythiophene backbone' in 0.000s
2026-01-05 17:05:27 [INFO] polymer_pipeline - OPSIN parsed 'polythiophene backbone' in 0.000s
2026-01-05 17:05:27 [INFO] polymer_pipeline - OPSIN parsed 'polythiophene backbone' in 0.000s
2026-01-05 17:05:27 [INFO] polymer_pipeline - OPSIN parsed 'polythiophene backbone' in 0.000s
2026-01-05 17:05:27 [INFO] polymer_pipeline - OPSIN parsed 'polythiophene backbone' in 0.000s
2026-01-05 17:05:27 [INFO] polymer_pipeline - OPSIN parsed 'polythiophene backbone' in 0.000s
2026-01-05 17:05:27 [INFO] polymer_pipeline - OPSIN parsed 'polythiophene backbone' in 0.000s
2026-01-05 17:05:27 [INFO] polymer_pipeline - OPSIN parsed 'polythiophene backbone' in 0.000s
2026-01-05 17:05:27 [INFO] polymer_pipeline - OPSIN parsed 'polythiophene backbone' in 0.000s
2026-01-05 17:05:27 [INFO] polymer_pipeline - OPSIN parsed 'polythiophene backbone' in 0.000s
2026-01-05 17:05:27 [INFO] polymer_pipeline - OPSIN parsed 'polythiophene backbone' in 0.000s
2026-01-05 17:05:27 [INFO] polymer_pipeline - OPSIN parsed 'polythiophene backbone' in 0.000s
2026-01-05 17:05:27 [INFO] polymer_pipeline - OPSIN parsed 'polythiophene backbone' in 0.000s
2026-01-05 17:05:27 [INFO] polymer_pipeline - OPSIN parsed 'polythiophene backbone' in 0.000s
2026-01-05 17:05:27 [INFO] polymer_pipeline - OPSIN parsed 'polythiophene backbone' in 0.000s
2026-01-05 17:05:27 [INFO] polymer_pipeline - OPSIN parsed 'polythiophene backbone' in 0.000s
2026-01-05 17:05:27 [INFO] polymer_pipeline - OPSIN parsed 'polythiophene backbone' in 0.000s
2026-01-05 17:05:27 [INFO] polymer_pipeline - OPSIN parsed 'polythiophene backbone' in 0.000s
2026-01-05 17:05:27 [INFO] polymer_pipeline - OPSIN parsed 'thiophene-2,5-diyl' in 0.000s
2026-01-05 17:05:27 [INFO] polymer_pipeline - OPSIN parsed 'thiophene-2,5-diyl' in 0.000s
2026-01-05 17:05:27 [INFO] polymer_pipeline - OPSIN parsed 'thiophene-2,5-diyl' in 0.000s
2026-01-05 17:05:27 [INFO] polymer_pipeline - OPSIN parsed 'thiophene-2,5-diyl' in 0.000s
2026-01-05 17:05:27 [INFO] polymer_pipeline - OPSIN parsed '2,5-diazapentalene (dap) acceptor with furan donor' in 0.001s
2026-01-05 17:05:27 [INFO] polymer_pipeline - OPSIN parsed '2,5-diazapentalene (dap)  with furan' in 0.001s
2026-01-05 17:05:27 [INFO] polymer_pipeline - OPSIN parsed '2,5-diazapentalene (dap)  with furan' in 0.001s
2026-01-05 17:05:27 [INFO] polymer_pipeline - OPSIN parsed '2,5-diazapentalene (dap) with furan' in 0.001s
2026-01-05 17:05:27 [INFO] polymer_pipeline - OPSIN parsed '2,5-diazapentalene (dap) acceptor with thiophene donor' in 0.001s
2026-01-05 17:05:27 [INFO] polymer_pipeline - OPSIN parsed '2,5-diazapentalene (dap)  with thiophene' in 0.001s
2026-01-05 17:05:27 [INFO] polymer_pipeline - OPSIN parsed '2,5-diazapentalene (dap)  with thiophene' in 0.001s
2026-01-05 17:05:27 [INFO] polymer_pipeline - OPSIN parsed '2,5-diazapentalene (dap) with thiophene' in 0.001s
2026-01-05 17:05:27 [INFO] polymer_pipeline - OPSIN parsed '2,5-diazapentalene (dap) acceptor with selenophene donor' in 0.001s
2026-01-05 17:05:27 [INFO] polymer_pipeline - OPSIN parsed '2,5-diazapentalene (dap)  with selenophene' in 0.001s
2026-01-05 17:05:27 [INFO] polymer_pipeline - OPSIN parsed '2,5-diazapentalene (dap)  with selenophene' in 0.001s
2026-01-05 17:05:27 [INFO] polymer_pipeline - OPSIN parsed '2,5-diazapentalene (dap) with selenophene' in 0.001s
2026-01-05 17:05:27 [INFO] polymer_pipeline - OPSIN parsed 'polythiophene backbone' in 0.000s
2026-01-05 17:05:27 [INFO] polymer_pipeline - OPSIN parsed 'polythiophene backbone' in 0.000s
2026-01-05 17:05:27 [INFO] polymer_pipeline - OPSIN parsed 'polythiophene backbone' in 0.000s
2026-01-05 17:05:27 [INFO] polymer_pipeline - OPSIN parsed 'polythiophene backbone' in 0.000s
2026-01-05 17:05:27 [INFO] polymer_pipeline - OPSIN parsed 'thieno[3,2-b]thiophene-bithiophene backbone' in 0.000s
2026-01-05 17:05:27 [INFO] polymer_pipeline - OPSIN parsed 'thieno[3,2-b]thiophene-bithiophene backbone' in 0.000s
2026-01-05 17:05:27 [INFO] polymer_pipeline - OPSIN parsed 'thieno[3,2-b]thiophene-bithiophene backbone' in 0.000s
2026-01-05 17:05:27 [INFO] polymer_pipeline - OPSIN parsed 'thieno[3,2-b]thiophene-bithiophene backbone' in 0.000s
2026-01-05 17:05:27 [INFO] polymer_pipeline - OPSIN parsed 'poly(3,4-ethylenedioxythiophene) backbone' in 0.001s
2026-01-05 17:05:27 [INFO] polymer_pipeline - OPSIN parsed 'poly(3,4-ethylenedioxythiophene) backbone' in 0.001s
2026-01-05 17:05:27 [INFO] polymer_pipeline - OPSIN parsed 'poly(3,4-ethylenedioxythiophene) backbone' in 0.001s
2026-01-05 17:05:27 [INFO] polymer_pipeline - OPSIN parsed 'poly(3,4-ethylenedioxythiophene) backbone' in 0.001s
2026-01-05 17:05:27 [INFO] polymer_pipeline - OPSIN parsed 'p3ht and pbttt' in 0.000s
2026-01-05 17:05:27 [INFO] polymer_pipeline - OPSIN parsed 'p3ht and pbttt' in 0.000s
2026-01-05 17:05:27 [INFO] polymer_pipeline - OPSIN parsed 'p3ht and pbttt' in 0.000s
2026-01-05 17:05:27 [INFO] polymer_pipeline - OPSIN parsed 'p3ht and pbttt' in 0.000s
2026-01-05 17:05:27 [INFO] polymer_pipeline - OPSIN parsed 'p3ht and pbttt' in 0.000s
2026-01-05 17:05:27 [INFO] polymer_pipeline - OPSIN parsed 'p3ht and pbttt' in 0.000s
2026-01-05 17:05:27 [INFO] polymer_pipeline - OPSIN parsed 'p3ht and pbttt' in 0.000s
2026-01-05 17:05:27 [INFO] polymer_pipeline - OPSIN parsed 'p3ht and pbttt' in 0.000s
2026-01-05 17:05:27 [INFO] polymer_pipeline - OPSIN parsed 'p3ht and pbttt' in 0.000s
2026-01-05 17:05:27 [INFO] polymer_pipeline - OPSIN parsed 'p3ht and pbttt' in 0.000s
2026-01-05 17:05:27 [INFO] polymer_pipeline - OPSIN parsed 'p3ht and pbttt' in 0.000s
2026-01-05 17:05:27 [INFO] polymer_pipeline - OPSIN parsed 'p3ht and pbttt' in 0.000s
2026-01-05 17:05:27 [INFO] polymer_pipeline - OPSIN parsed 'p3ht and pbttt' in 0.000s
2026-01-05 17:05:27 [INFO] polymer_pipeline - OPSIN parsed 'p3ht and pbttt' in 0.000s
2026-01-05 17:05:27 [INFO] polymer_pipeline - OPSIN parsed 'p3ht and pbttt' in 0.000s
2026-01-05 17:05:27 [INFO] polymer_pipeline - OPSIN parsed 'p3ht and pbttt' in 0.000s
2026-01-05 17:05:27 [INFO] polymer_pipeline - OPSIN parsed 'p3ht and pbttt' in 0.000s
2026-01-05 17:05:27 [INFO] polymer_pipeline - OPSIN parsed 'p3ht and pbttt' in 0.000s
2026-01-05 17:05:27 [INFO] polymer_pipeline - OPSIN parsed 'p3ht and pbttt' in 0.000s
2026-01-05 17:05:27 [INFO] polymer_pipeline - OPSIN parsed 'p3ht and pbttt' in 0.000s
2026-01-05 17:05:27 [INFO] polymer_pipeline - OPSIN parsed 'p3ht and pbttt' in 0.000s
2026-01-05 17:05:27 [INFO] polymer_pipeline - OPSIN parsed 'p3ht and pbttt' in 0.000s
2026-01-05 17:05:27 [INFO] polymer_pipeline - OPSIN parsed 'p3ht and pbttt' in 0.000s
2026-01-05 17:05:27 [INFO] polymer_pipeline - OPSIN parsed 'p3ht and pbttt' in 0.000s
2026-01-05 17:05:27 [INFO] polymer_pipeline - OPSIN parsed 'p3ht and pbttt' in 0.000s
2026-01-05 17:05:27 [INFO] polymer_pipeline - OPSIN parsed 'p3ht and pbttt' in 0.000s
2026-01-05 17:05:27 [INFO] polymer_pipeline - OPSIN parsed 'p3ht and pbttt' in 0.000s
2026-01-05 17:05:27 [INFO] polymer_pipeline - OPSIN parsed 'p3ht and pbttt' in 0.000s
2026-01-05 17:05:27 [INFO] polymer_pipeline - OPSIN parsed 'p3ht and pbttt' in 0.000s
2026-01-05 17:05:27 [INFO] polymer_pipeline - OPSIN parsed 'p3ht and pbttt' in 0.000s
2026-01-05 17:05:27 [INFO] polymer_pipeline - OPSIN parsed 'p3ht and pbttt' in 0.000s
2026-01-05 17:05:27 [INFO] polymer_pipeline - OPSIN parsed 'p3ht and pbttt' in 0.000s
2026-01-05 17:05:27 [INFO] polymer_pipeline - OPSIN parsed 'p3ht and pbttt' in 0.000s
2026-01-05 17:05:27 [INFO] polymer_pipeline - OPSIN parsed 'p3ht and pbttt' in 0.000s
2026-01-05 17:05:27 [INFO] polymer_pipeline - OPSIN parsed 'p3ht and pbttt' in 0.000s
2026-01-05 17:05:27 [INFO] polymer_pipeline - OPSIN parsed 'p3ht and pbttt' in 0.000s
2026-01-05 17:05:27 [INFO] polymer_pipeline - OPSIN parsed 'p3ht and pbttt' in 0.000s
2026-01-05 17:05:27 [INFO] polymer_pipeline - OPSIN parsed 'p3ht and pbttt' in 0.000s
2026-01-05 17:05:27 [INFO] polymer_pipeline - OPSIN parsed 'p3ht and pbttt' in 0.000s
2026-01-05 17:05:27 [INFO] polymer_pipeline - OPSIN parsed 'p3ht and pbttt' in 0.000s
2026-01-05 17:05:27 [INFO] polymer_pipeline - OPSIN parsed 'p3ht and pbttt' in 0.000s
2026-01-05 17:05:27 [INFO] polymer_pipeline - OPSIN parsed 'p3ht and pbttt' in 0.000s
2026-01-05 17:05:27 [INFO] polymer_pipeline - OPSIN parsed 'p3ht and pbttt' in 0.000s
2026-01-05 17:05:27 [INFO] polymer_pipeline - OPSIN parsed 'p3ht and pbttt' in 0.000s
2026-01-05 17:05:27 [INFO] polymer_pipeline - OPSIN parsed 'p3ht and pbttt' in 0.000s
2026-01-05 17:05:27 [INFO] polymer_pipeline - OPSIN parsed 'p3ht and pbttt' in 0.000s
2026-01-05 17:05:27 [INFO] polymer_pipeline - OPSIN parsed 'p3ht and pbttt' in 0.000s
2026-01-05 17:05:27 [INFO] polymer_pipeline - OPSIN parsed 'p3ht and pbttt' in 0.000s
2026-01-05 17:05:27 [INFO] polymer_pipeline - OPSIN parsed 'p3ht and pbttt' in 0.000s
2026-01-05 17:05:27 [INFO] polymer_pipeline - OPSIN parsed 'p3ht and pbttt' in 0.000s
2026-01-05 17:05:27 [INFO] polymer_pipeline - OPSIN parsed 'p3ht and pbttt' in 0.000s
2026-01-05 17:05:27 [INFO] polymer_pipeline - OPSIN parsed 'p3ht and pbttt' in 0.000s
2026-01-05 17:05:27 [INFO] polymer_pipeline - OPSIN parsed 'p3ht and pbttt' in 0.000s
2026-01-05 17:05:27 [INFO] polymer_pipeline - OPSIN parsed 'p3ht and pbttt' in 0.000s
2026-01-05 17:05:27 [INFO] polymer_pipeline - OPSIN parsed 'p3ht and pbttt' in 0.000s
2026-01-05 17:05:27 [INFO] polymer_pipeline - OPSIN parsed 'p3ht and pbttt' in 0.000s
2026-01-05 17:05:27 [INFO] polymer_pipeline - OPSIN parsed 'p3dt and pbttt' in 0.000s
2026-01-05 17:05:27 [INFO] polymer_pipeline - OPSIN parsed 'p3dt and pbttt' in 0.000s
2026-01-05 17:05:27 [INFO] polymer_pipeline - OPSIN parsed 'p3dt and pbttt' in 0.000s
2026-01-05 17:05:27 [INFO] polymer_pipeline - OPSIN parsed 'p3dt and pbttt' in 0.000s
2026-01-05 17:05:27 [INFO] polymer_pipeline - OPSIN parsed 'p3ddt and pbttt' in 0.000s
2026-01-05 17:05:27 [INFO] polymer_pipeline - OPSIN parsed 'p3ddt and pbttt' in 0.000s
2026-01-05 17:05:27 [INFO] polymer_pipeline - OPSIN parsed 'p3ddt and pbttt' in 0.000s
2026-01-05 17:05:27 [INFO] polymer_pipeline - OPSIN parsed 'p3ddt and pbttt' in 0.000s
2026-01-05 17:05:27 [INFO] polymer_pipeline - OPSIN parsed 'p3ht and pbttt' in 0.000s
2026-01-05 17:05:27 [INFO] polymer_pipeline - OPSIN parsed 'p3ht and pbttt' in 0.000s
2026-01-05 17:05:27 [INFO] polymer_pipeline - OPSIN parsed 'p3ht and pbttt' in 0.000s
2026-01-05 17:05:27 [INFO] polymer_pipeline - OPSIN parsed 'p3ht and pbttt' in 0.000s
2026-01-05 17:05:27 [INFO] polymer_pipeline - OPSIN parsed 'p3ht and pbttt' in 0.000s
2026-01-05 17:05:27 [INFO] polymer_pipeline - OPSIN parsed 'p3ht and pbttt' in 0.000s
2026-01-05 17:05:27 [INFO] polymer_pipeline - OPSIN parsed 'p3ht and pbttt' in 0.000s
2026-01-05 17:05:27 [INFO] polymer_pipeline - OPSIN parsed 'p3ht and pbttt' in 0.000s
2026-01-05 17:05:27 [INFO] polymer_pipeline - OPSIN parsed 'p3ht and pbttt' in 0.000s
2026-01-05 17:05:27 [INFO] polymer_pipeline - OPSIN parsed 'p3ht and pbttt' in 0.000s
2026-01-05 17:05:27 [INFO] polymer_pipeline - OPSIN parsed 'p3ht and pbttt' in 0.000s
2026-01-05 17:05:27 [INFO] polymer_pipeline - OPSIN parsed 'p3ht and pbttt' in 0.000s
2026-01-05 17:05:27 [INFO] polymer_pipeline - OPSIN parsed 'p3ht and pbttt' in 0.000s
2026-01-05 17:05:27 [INFO] polymer_pipeline - OPSIN parsed 'p3ht and pbttt' in 0.000s
2026-01-05 17:05:27 [INFO] polymer_pipeline - OPSIN parsed 'p3ht and pbttt' in 0.000s
2026-01-05 17:05:27 [INFO] polymer_pipeline - OPSIN parsed 'p3ht and pbttt' in 0.000s
2026-01-05 17:05:27 [INFO] polymer_pipeline - OPSIN parsed 'p3dt and pbttt' in 0.000s
2026-01-05 17:05:27 [INFO] polymer_pipeline - OPSIN parsed 'p3dt and pbttt' in 0.000s
2026-01-05 17:05:27 [INFO] polymer_pipeline - OPSIN parsed 'p3dt and pbttt' in 0.000s
2026-01-05 17:05:27 [INFO] polymer_pipeline - OPSIN parsed 'p3dt and pbttt' in 0.000s
2026-01-05 17:05:27 [INFO] polymer_pipeline - OPSIN parsed 'poly(3-alkylthiophene)' in 0.000s
2026-01-05 17:05:27 [INFO] polymer_pipeline - OPSIN parsed 'poly(3-alkylthiophene)' in 0.000s
2026-01-05 17:05:27 [INFO] polymer_pipeline - OPSIN parsed 'poly(3-alkylthiophene)' in 0.000s
2026-01-05 17:05:27 [INFO] polymer_pipeline - OPSIN parsed 'poly(3-alkylthiophene)' in 0.000s
2026-01-05 17:05:27 [INFO] polymer_pipeline - OPSIN parsed 'poly(3-alkylthiophene)' in 0.000s
2026-01-05 17:05:27 [INFO] polymer_pipeline - OPSIN parsed 'poly(3-alkylthiophene)' in 0.000s
2026-01-05 17:05:27 [INFO] polymer_pipeline - OPSIN parsed 'poly(3-alkylthiophene)' in 0.000s
2026-01-05 17:05:27 [INFO] polymer_pipeline - OPSIN parsed 'poly(3-alkylthiophene)' in 0.000s
2026-01-05 17:05:27 [INFO] polymer_pipeline - OPSIN parsed 'poly(3-alkylthiophene)' in 0.000s
2026-01-05 17:05:27 [INFO] polymer_pipeline - OPSIN parsed 'poly(3-alkylthiophene)' in 0.000s
2026-01-05 17:05:27 [INFO] polymer_pipeline - OPSIN parsed 'poly(3-alkylthiophene)' in 0.000s
2026-01-05 17:05:27 [INFO] polymer_pipeline - OPSIN parsed 'poly(3-alkylthiophene)' in 0.000s
2026-01-05 17:05:27 [INFO] polymer_pipeline - OPSIN parsed 'poly(3-alkylthiophene)' in 0.000s
2026-01-05 17:05:27 [INFO] polymer_pipeline - OPSIN parsed 'poly(3-alkylthiophene)' in 0.000s
2026-01-05 17:05:27 [INFO] polymer_pipeline - OPSIN parsed 'poly(3-alkylthiophene)' in 0.000s
2026-01-05 17:05:27 [INFO] polymer_pipeline - OPSIN parsed 'poly(3-alkylthiophene)' in 0.000s
2026-01-05 17:05:27 [INFO] polymer_pipeline - OPSIN parsed 'poly(3-alkylthiophene)' in 0.000s
2026-01-05 17:05:27 [INFO] polymer_pipeline - OPSIN parsed 'poly(3-alkylthiophene)' in 0.000s
2026-01-05 17:05:27 [INFO] polymer_pipeline - OPSIN parsed 'poly(3-alkylthiophene)' in 0.000s
2026-01-05 17:05:27 [INFO] polymer_pipeline - OPSIN parsed 'poly(3-alkylthiophene)' in 0.000s
2026-01-05 17:05:27 [INFO] polymer_pipeline - OPSIN parsed 'poly(3-alkylthiophene)' in 0.000s
2026-01-05 17:05:27 [INFO] polymer_pipeline - OPSIN parsed 'poly(3-alkylthiophene)' in 0.000s
2026-01-05 17:05:27 [INFO] polymer_pipeline - OPSIN parsed 'poly(3-alkylthiophene)' in 0.000s
2026-01-05 17:05:27 [INFO] polymer_pipeline - OPSIN parsed 'poly(3-alkylthiophene)' in 0.000s
2026-01-05 17:05:27 [INFO] polymer_pipeline - OPSIN parsed 'poly(3-hexylthiophene)' in 0.000s
2026-01-05 17:05:27 [INFO] polymer_pipeline - OPSIN parsed 'poly(3-hexylthiophene)' in 0.000s
2026-01-05 17:05:27 [INFO] polymer_pipeline - OPSIN parsed 'poly(3-hexylthiophene)' in 0.000s
2026-01-05 17:05:27 [INFO] polymer_pipeline - OPSIN parsed 'poly(3-hexylthiophene)' in 0.000s
2026-01-05 17:05:27 [INFO] polymer_pipeline - OPSIN parsed 'poly(3-hexylthiophene)' in 0.000s
2026-01-05 17:05:27 [INFO] polymer_pipeline - OPSIN parsed 'poly(3-hexylthiophene)' in 0.000s
2026-01-05 17:05:27 [INFO] polymer_pipeline - OPSIN parsed 'poly(3-hexylthiophene)' in 0.000s
2026-01-05 17:05:27 [INFO] polymer_pipeline - OPSIN parsed 'poly(3-hexylthiophene)' in 0.000s
2026-01-05 17:05:27 [INFO] polymer_pipeline - OPSIN parsed 'poly(3-hexylthiophene)' in 0.000s
2026-01-05 17:05:27 [INFO] polymer_pipeline - OPSIN parsed 'poly(3-hexylthiophene)' in 0.000s
2026-01-05 17:05:27 [INFO] polymer_pipeline - OPSIN parsed 'poly(3-hexylthiophene)' in 0.000s
2026-01-05 17:05:27 [INFO] polymer_pipeline - OPSIN parsed 'poly(3-hexylthiophene)' in 0.000s
2026-01-05 17:05:27 [INFO] polymer_pipeline - OPSIN parsed 'poly(3-hexylthiophene)' in 0.000s
2026-01-05 17:05:27 [INFO] polymer_pipeline - OPSIN parsed 'poly(3-hexylthiophene)' in 0.000s
2026-01-05 17:05:27 [INFO] polymer_pipeline - OPSIN parsed 'poly(3-hexylthiophene)' in 0.000s
2026-01-05 17:05:27 [INFO] polymer_pipeline - OPSIN parsed 'poly(3-hexylthiophene)' in 0.000s
2026-01-05 17:05:27 [INFO] polymer_pipeline - OPSIN parsed 'poly(3-hexylthiophene)' in 0.000s
2026-01-05 17:05:27 [INFO] polymer_pipeline - OPSIN parsed 'poly(3-hexylthiophene)' in 0.000s
2026-01-05 17:05:27 [INFO] polymer_pipeline - OPSIN parsed 'poly(3-hexylthiophene)' in 0.000s
2026-01-05 17:05:27 [INFO] polymer_pipeline - OPSIN parsed 'poly(3-hexylthiophene)' in 0.000s
2026-01-05 17:05:27 [INFO] polymer_pipeline - OPSIN parsed 'poly(3-hexylthiophene)' in 0.000s
2026-01-05 17:05:27 [INFO] polymer_pipeline - OPSIN parsed 'poly(3-hexylthiophene)' in 0.000s
2026-01-05 17:05:27 [INFO] polymer_pipeline - OPSIN parsed 'poly(3-hexylthiophene)' in 0.000s
2026-01-05 17:05:27 [INFO] polymer_pipeline - OPSIN parsed 'poly(3-hexylthiophene)' in 0.000s
2026-01-05 17:05:27 [INFO] polymer_pipeline - OPSIN parsed 'dppt-tt' in 0.000s
2026-01-05 17:05:27 [INFO] polymer_pipeline - OPSIN parsed 'dppt-tt' in 0.000s
2026-01-05 17:05:27 [INFO] polymer_pipeline - OPSIN parsed 'dppt-tt' in 0.000s
2026-01-05 17:05:27 [INFO] polymer_pipeline - OPSIN parsed 'dppt-tt' in 0.000s
2026-01-05 17:05:27 [INFO] polymer_pipeline - OPSIN parsed 'dppt-tt' in 0.000s
2026-01-05 17:05:27 [INFO] polymer_pipeline - OPSIN parsed 'dppt-tt' in 0.000s
2026-01-05 17:05:27 [INFO] polymer_pipeline - OPSIN parsed 'dppt-tt' in 0.000s
2026-01-05 17:05:27 [INFO] polymer_pipeline - OPSIN parsed 'dppt-tt' in 0.000s
2026-01-05 17:05:27 [INFO] polymer_pipeline - OPSIN parsed 'dppt-tt' in 0.000s
2026-01-05 17:05:27 [INFO] polymer_pipeline - OPSIN parsed 'dppt-tt' in 0.000s
2026-01-05 17:05:27 [INFO] polymer_pipeline - OPSIN parsed 'dppt-tt' in 0.000s
2026-01-05 17:05:27 [INFO] polymer_pipeline - OPSIN parsed 'dppt-tt' in 0.000s
2026-01-05 17:05:27 [INFO] polymer_pipeline - OPSIN parsed 'dppt-tt' in 0.000s
2026-01-05 17:05:27 [INFO] polymer_pipeline - OPSIN parsed 'dppt-tt' in 0.000s
2026-01-05 17:05:27 [INFO] polymer_pipeline - OPSIN parsed 'dppt-tt' in 0.000s
2026-01-05 17:05:27 [INFO] polymer_pipeline - OPSIN parsed 'dppt-tt' in 0.000s
2026-01-05 17:05:27 [INFO] polymer_pipeline - OPSIN parsed 'dppt-tt' in 0.000s
2026-01-05 17:05:27 [INFO] polymer_pipeline - OPSIN parsed 'dppt-tt' in 0.000s
2026-01-05 17:05:27 [INFO] polymer_pipeline - OPSIN parsed 'dppt-tt' in 0.000s
2026-01-05 17:05:27 [INFO] polymer_pipeline - OPSIN parsed 'dppt-tt' in 0.000s
2026-01-05 17:05:27 [INFO] polymer_pipeline - OPSIN parsed 'dppt-tt' in 0.000s
2026-01-05 17:05:27 [INFO] polymer_pipeline - OPSIN parsed 'dppt-tt' in 0.000s
2026-01-05 17:05:27 [INFO] polymer_pipeline - OPSIN parsed 'dppt-tt' in 0.000s
2026-01-05 17:05:27 [INFO] polymer_pipeline - OPSIN parsed 'dppt-tt' in 0.000s
2026-01-05 17:05:27 [INFO] polymer_pipeline - OPSIN parsed 'dppt-tt' in 0.000s
2026-01-05 17:05:27 [INFO] polymer_pipeline - OPSIN parsed 'dppt-tt' in 0.000s
2026-01-05 17:05:27 [INFO] polymer_pipeline - OPSIN parsed 'dppt-tt' in 0.000s
2026-01-05 17:05:27 [INFO] polymer_pipeline - OPSIN parsed 'dppt-tt' in 0.000s
2026-01-05 17:05:27 [INFO] polymer_pipeline - OPSIN parsed 'diketopyrrolopyrrole core flanked by naphthalene' in 0.001s
2026-01-05 17:05:27 [INFO] polymer_pipeline - OPSIN parsed 'diketopyrrolopyrrole core flanked by naphthalene' in 0.001s
2026-01-05 17:05:27 [INFO] polymer_pipeline - OPSIN parsed 'diketopyrrolopyrrole core flanked by naphthalene' in 0.001s
2026-01-05 17:05:27 [INFO] polymer_pipeline - OPSIN parsed 'diketopyrrolopyrrole core flanked by naphthalene' in 0.001s
2026-01-05 17:05:27 [INFO] polymer_pipeline - OPSIN parsed 'diketopyrrolopyrrole core flanked by naphthalene' in 0.001s
2026-01-05 17:05:27 [INFO] polymer_pipeline - OPSIN parsed 'diketopyrrolopyrrole core flanked by naphthalene' in 0.001s
2026-01-05 17:05:27 [INFO] polymer_pipeline - OPSIN parsed 'diketopyrrolopyrrole core flanked by naphthalene' in 0.001s
2026-01-05 17:05:27 [INFO] polymer_pipeline - OPSIN parsed 'diketopyrrolopyrrole core flanked by naphthalene' in 0.001s
2026-01-05 17:05:27 [INFO] polymer_pipeline - OPSIN parsed 'diketopyrrolopyrrole core flanked by naphthalene' in 0.001s
2026-01-05 17:05:27 [INFO] polymer_pipeline - OPSIN parsed 'diketopyrrolopyrrole core flanked by naphthalene' in 0.001s
2026-01-05 17:05:27 [INFO] polymer_pipeline - OPSIN parsed 'diketopyrrolopyrrole core flanked by naphthalene' in 0.001s
2026-01-05 17:05:27 [INFO] polymer_pipeline - OPSIN parsed 'diketopyrrolopyrrole core flanked by naphthalene' in 0.001s
2026-01-05 17:05:27 [INFO] polymer_pipeline - OPSIN parsed 'thiophene flanked diketopyrrolopyrrole (t-dpp-t) donor-acceptor backbone' in 0.001s
2026-01-05 17:05:27 [INFO] polymer_pipeline - OPSIN parsed 'thiophene flanked diketopyrrolopyrrole (t-dpp-t) - backbone' in 0.001s
2026-01-05 17:05:27 [INFO] polymer_pipeline - OPSIN parsed 'thiophene flanked diketopyrrolopyrrole (t-dpp-t) - backbone' in 0.001s
2026-01-05 17:05:27 [INFO] polymer_pipeline - OPSIN parsed 'thiophene flanked diketopyrrolopyrrole (t-dpp-t) - backbone' in 0.001s
2026-01-05 17:05:27 [INFO] polymer_pipeline - OPSIN parsed 'thiophene flanked diketopyrrolopyrrole (t-dpp-t) donor-acceptor backbone' in 0.001s
2026-01-05 17:05:27 [INFO] polymer_pipeline - OPSIN parsed 'thiophene flanked diketopyrrolopyrrole (t-dpp-t) - backbone' in 0.001s
2026-01-05 17:05:27 [INFO] polymer_pipeline - OPSIN parsed 'thiophene flanked diketopyrrolopyrrole (t-dpp-t) - backbone' in 0.001s
2026-01-05 17:05:27 [INFO] polymer_pipeline - OPSIN parsed 'thiophene flanked diketopyrrolopyrrole (t-dpp-t) - backbone' in 0.001s
2026-01-05 17:05:27 [INFO] polymer_pipeline - OPSIN parsed 'fluorene' in 0.000s
2026-01-05 17:05:27 [INFO] polymer_pipeline - OPSIN parsed 'poly(diketopyrrolopyrrole-co-thiophene)' in 0.000s
2026-01-05 17:05:27 [INFO] polymer_pipeline - OPSIN parsed 'poly(diketopyrrolopyrrole-co-thiophene)' in 0.000s
2026-01-05 17:05:27 [INFO] polymer_pipeline - OPSIN parsed 'poly(diketopyrrolopyrrole-co-thiophene)' in 0.000s
2026-01-05 17:05:27 [INFO] polymer_pipeline - OPSIN parsed 'poly(diketopyrrolopyrrole-co-thiophene)' in 0.000s
2026-01-05 17:05:27 [INFO] polymer_pipeline - OPSIN parsed 'poly(diketopyrrolopyrrole-co-thiophene)' in 0.000s
2026-01-05 17:05:27 [INFO] polymer_pipeline - OPSIN parsed 'poly(diketopyrrolopyrrole-co-thiophene)' in 0.000s
2026-01-05 17:05:27 [INFO] polymer_pipeline - OPSIN parsed 'poly(diketopyrrolopyrrole-co-thiophene)' in 0.000s
2026-01-05 17:05:27 [INFO] polymer_pipeline - OPSIN parsed 'poly(diketopyrrolopyrrole-co-thiophene)' in 0.000s
2026-01-05 17:05:27 [INFO] polymer_pipeline - OPSIN parsed 'poly(diketopyrrolopyrrole-co-thiophene)' in 0.000s
2026-01-05 17:05:27 [INFO] polymer_pipeline - OPSIN parsed 'poly(diketopyrrolopyrrole-co-thiophene)' in 0.000s
2026-01-05 17:05:27 [INFO] polymer_pipeline - OPSIN parsed 'poly(diketopyrrolopyrrole-co-thiophene)' in 0.000s
2026-01-05 17:05:27 [INFO] polymer_pipeline - OPSIN parsed 'poly(diketopyrrolopyrrole-co-thiophene)' in 0.000s
2026-01-05 17:05:27 [INFO] polymer_pipeline - OPSIN parsed 'poly(diketopyrrolopyrrole-co-thiophene)' in 0.000s
2026-01-05 17:05:27 [INFO] polymer_pipeline - OPSIN parsed 'poly(diketopyrrolopyrrole-co-thiophene)' in 0.000s
2026-01-05 17:05:27 [INFO] polymer_pipeline - OPSIN parsed 'poly(diketopyrrolopyrrole-co-thiophene)' in 0.000s
2026-01-05 17:05:27 [INFO] polymer_pipeline - OPSIN parsed 'poly(diketopyrrolopyrrole-co-thiophene)' in 0.000s
2026-01-05 17:05:27 [INFO] polymer_pipeline - OPSIN parsed 'ndti-bti (wave-line backbone)' in 0.000s
2026-01-05 17:05:27 [INFO] polymer_pipeline - OPSIN parsed 'ndti-bti (wave-line backbone)' in 0.000s
2026-01-05 17:05:27 [INFO] polymer_pipeline - OPSIN parsed 'ndti-bti (wave-line backbone)' in 0.000s
2026-01-05 17:05:27 [INFO] polymer_pipeline - OPSIN parsed 'ndti-bti (wave-line backbone)' in 0.000s
2026-01-05 17:05:27 [INFO] polymer_pipeline - OPSIN parsed 'ndti-bti-tz (pseudo-straight-line backbone)' in 0.000s
2026-01-05 17:05:27 [INFO] polymer_pipeline - OPSIN parsed 'ndti-bti-tz (pseudo-straight-line backbone)' in 0.000s
2026-01-05 17:05:27 [INFO] polymer_pipeline - OPSIN parsed 'ndti-bti-tz (pseudo-straight-line backbone)' in 0.000s
2026-01-05 17:05:27 [INFO] polymer_pipeline - OPSIN parsed 'ndti-bti-tz (pseudo-straight-line backbone)' in 0.000s
2026-01-05 17:05:27 [INFO] polymer_pipeline - OPSIN parsed 'ndti-bti-tz (pseudo-straight-line backbone)' in 0.000s
2026-01-05 17:05:27 [INFO] polymer_pipeline - OPSIN parsed 'ndti-bti-tz (pseudo-straight-line backbone)' in 0.000s
2026-01-05 17:05:27 [INFO] polymer_pipeline - OPSIN parsed 'ndti-bti-tz (pseudo-straight-line backbone)' in 0.000s
2026-01-05 17:05:27 [INFO] polymer_pipeline - OPSIN parsed 'ndti-bti-tz (pseudo-straight-line backbone)' in 0.000s
2026-01-05 17:05:27 [INFO] polymer_pipeline - OPSIN parsed 'naphthalenediimide-dialkoxybithiazole (ndi-2tz)' in 0.000s
2026-01-05 17:05:27 [INFO] polymer_pipeline - OPSIN parsed 'naphthalenediimide-dialkoxybithiazole (ndi-2tz)' in 0.000s
2026-01-05 17:05:27 [INFO] polymer_pipeline - OPSIN parsed 'naphthalenediimide-dialkoxybithiazole (ndi-2tz)' in 0.000s
2026-01-05 17:05:27 [INFO] polymer_pipeline - OPSIN parsed 'naphthalenediimide-dialkoxybithiazole (ndi-2tz)' in 0.000s
2026-01-05 17:05:27 [INFO] polymer_pipeline - OPSIN parsed 'naphthalenediimide-dialkoxybithiazole (ndi-2tz)' in 0.000s
2026-01-05 17:05:27 [INFO] polymer_pipeline - OPSIN parsed 'naphthalenediimide-dialkoxybithiazole (ndi-2tz)' in 0.000s
2026-01-05 17:05:27 [INFO] polymer_pipeline - OPSIN parsed 'naphthalenediimide-dialkoxybithiazole (ndi-2tz)' in 0.000s
2026-01-05 17:05:27 [INFO] polymer_pipeline - OPSIN parsed 'naphthalenediimide-dialkoxybithiazole (ndi-2tz)' in 0.000s
2026-01-05 17:05:27 [INFO] polymer_pipeline - OPSIN parsed 'naphthalenediimide-dialkoxybithiazole (ndi-2tz)' in 0.000s
2026-01-05 17:05:27 [INFO] polymer_pipeline - OPSIN parsed 'naphthalenediimide-dialkoxybithiazole (ndi-2tz)' in 0.000s
2026-01-05 17:05:27 [INFO] polymer_pipeline - OPSIN parsed 'naphthalenediimide-dialkoxybithiazole (ndi-2tz)' in 0.000s
2026-01-05 17:05:27 [INFO] polymer_pipeline - OPSIN parsed 'naphthalenediimide-dialkoxybithiazole (ndi-2tz)' in 0.000s
2026-01-05 17:05:27 [INFO] polymer_pipeline - OPSIN parsed 'idtt-fluoro-benzothiadiazole a-d-a backbone' in 0.000s
2026-01-05 17:05:27 [INFO] polymer_pipeline - OPSIN parsed 'idtt-fluoro-benzothiadiazole a-d-a backbone' in 0.000s
2026-01-05 17:05:27 [INFO] polymer_pipeline - OPSIN parsed 'idtt-fluoro-benzothiadiazole a-d-a backbone' in 0.000s
2026-01-05 17:05:27 [INFO] polymer_pipeline - OPSIN parsed 'idtt-fluoro-benzothiadiazole a-d-a backbone' in 0.000s
2026-01-05 17:05:27 [INFO] polymer_pipeline - OPSIN parsed 'idtt-fluoro-benzothiadiazole a-d-a backbone' in 0.000s
2026-01-05 17:05:27 [INFO] polymer_pipeline - OPSIN parsed 'idtt-fluoro-benzothiadiazole a-d-a backbone' in 0.000s
2026-01-05 17:05:27 [INFO] polymer_pipeline - OPSIN parsed 'idtt-fluoro-benzothiadiazole a-d-a backbone' in 0.000s
2026-01-05 17:05:27 [INFO] polymer_pipeline - OPSIN parsed 'idtt-fluoro-benzothiadiazole a-d-a backbone' in 0.000s
2026-01-05 17:05:27 [INFO] polymer_pipeline - OPSIN parsed 'idtt-fluoro-benzothiadiazole a-d-a backbone' in 0.000s
2026-01-05 17:05:27 [INFO] polymer_pipeline - OPSIN parsed 'idtt-fluoro-benzothiadiazole a-d-a backbone' in 0.000s
2026-01-05 17:05:27 [INFO] polymer_pipeline - OPSIN parsed 'idtt-fluoro-benzothiadiazole a-d-a backbone' in 0.000s
2026-01-05 17:05:27 [INFO] polymer_pipeline - OPSIN parsed 'idtt-fluoro-benzothiadiazole a-d-a backbone' in 0.000s
2026-01-05 17:05:27 [INFO] polymer_pipeline - OPSIN parsed 'idtt-fluoro-benzothiadiazole a-d-a backbone' in 0.000s
2026-01-05 17:05:27 [INFO] polymer_pipeline - OPSIN parsed 'idtt-fluoro-benzothiadiazole a-d-a backbone' in 0.000s
2026-01-05 17:05:27 [INFO] polymer_pipeline - OPSIN parsed 'idtt-fluoro-benzothiadiazole a-d-a backbone' in 0.000s
2026-01-05 17:05:27 [INFO] polymer_pipeline - OPSIN parsed 'idtt-fluoro-benzothiadiazole a-d-a backbone' in 0.000s
2026-01-05 17:05:27 [INFO] polymer_pipeline - OPSIN parsed 'idtt-fluoro-benzothiadiazole a-d-a backbone' in 0.000s
2026-01-05 17:05:27 [INFO] polymer_pipeline - OPSIN parsed 'idtt-fluoro-benzothiadiazole a-d-a backbone' in 0.000s
2026-01-05 17:05:27 [INFO] polymer_pipeline - OPSIN parsed 'idtt-fluoro-benzothiadiazole a-d-a backbone' in 0.000s
2026-01-05 17:05:27 [INFO] polymer_pipeline - OPSIN parsed 'idtt-fluoro-benzothiadiazole a-d-a backbone' in 0.000s
2026-01-05 17:05:27 [INFO] polymer_pipeline - OPSIN parsed 'idtt-fluoro-benzothiadiazole a-d-a backbone' in 0.000s
2026-01-05 17:05:27 [INFO] polymer_pipeline - OPSIN parsed 'idtt-fluoro-benzothiadiazole a-d-a backbone' in 0.000s
2026-01-05 17:05:27 [INFO] polymer_pipeline - OPSIN parsed 'idtt-fluoro-benzothiadiazole a-d-a backbone' in 0.000s
2026-01-05 17:05:27 [INFO] polymer_pipeline - OPSIN parsed 'idtt-fluoro-benzothiadiazole a-d-a backbone' in 0.000s
2026-01-05 17:05:27 [INFO] polymer_pipeline - OPSIN parsed 'ndi-2tz backbone' in 0.000s
2026-01-05 17:05:27 [INFO] polymer_pipeline - OPSIN parsed 'ndi-2tz backbone' in 0.000s
2026-01-05 17:05:27 [INFO] polymer_pipeline - OPSIN parsed 'ndi-2tz backbone' in 0.000s
2026-01-05 17:05:27 [INFO] polymer_pipeline - OPSIN parsed 'ndi-2tz backbone' in 0.000s
2026-01-05 17:05:27 [INFO] polymer_pipeline - OPSIN parsed 'ndi-2tz backbone' in 0.000s
2026-01-05 17:05:27 [INFO] polymer_pipeline - OPSIN parsed 'ndi-2tz backbone' in 0.000s
2026-01-05 17:05:27 [INFO] polymer_pipeline - OPSIN parsed 'ndi-2tz backbone' in 0.000s
2026-01-05 17:05:27 [INFO] polymer_pipeline - OPSIN parsed 'ndi-2tz backbone' in 0.000s
2026-01-05 17:05:27 [INFO] polymer_pipeline - OPSIN parsed 'ndi-2tz backbone' in 0.000s
2026-01-05 17:05:27 [INFO] polymer_pipeline - OPSIN parsed 'ndi-2tz backbone' in 0.000s
2026-01-05 17:05:27 [INFO] polymer_pipeline - OPSIN parsed 'ndi-2tz backbone' in 0.000s
2026-01-05 17:05:27 [INFO] polymer_pipeline - OPSIN parsed 'ndi-2tz backbone' in 0.000s
2026-01-05 17:05:27 [INFO] polymer_pipeline - OPSIN parsed 'donor-acceptor (d-a) conjugated backbone' in 0.000s
2026-01-05 17:05:27 [INFO] polymer_pipeline - OPSIN parsed '- (d-a) conjugated backbone' in 0.000s
2026-01-05 17:05:27 [INFO] polymer_pipeline - OPSIN parsed '- (d-a) conjugated backbone' in 0.000s
2026-01-05 17:05:27 [INFO] polymer_pipeline - OPSIN parsed '- (d-a) conjugated backbone' in 0.000s
2026-01-05 17:05:27 [INFO] polymer_pipeline - OPSIN parsed 'donor-acceptor (d-a) conjugated backbone' in 0.000s
2026-01-05 17:05:27 [INFO] polymer_pipeline - OPSIN parsed '- (d-a) conjugated backbone' in 0.000s
2026-01-05 17:05:27 [INFO] polymer_pipeline - OPSIN parsed '- (d-a) conjugated backbone' in 0.000s
2026-01-05 17:05:27 [INFO] polymer_pipeline - OPSIN parsed '- (d-a) conjugated backbone' in 0.000s
2026-01-05 17:05:27 [INFO] polymer_pipeline - OPSIN parsed 'donor-acceptor (d-a) conjugated backbone' in 0.000s
2026-01-05 17:05:27 [INFO] polymer_pipeline - OPSIN parsed '- (d-a) conjugated backbone' in 0.000s
2026-01-05 17:05:27 [INFO] polymer_pipeline - OPSIN parsed '- (d-a) conjugated backbone' in 0.000s
2026-01-05 17:05:27 [INFO] polymer_pipeline - OPSIN parsed '- (d-a) conjugated backbone' in 0.000s
2026-01-05 17:05:27 [INFO] polymer_pipeline - OPSIN parsed 'naphthalene-1,4,5,8-tetracarboxylic-diimide-bithiophene backbone' in 0.000s
2026-01-05 17:05:27 [INFO] polymer_pipeline - OPSIN parsed 'naphthalene-1,4,5,8-tetracarboxylic-diimide-bithiophene backbone' in 0.000s
2026-01-05 17:05:27 [INFO] polymer_pipeline - OPSIN parsed 'naphthalene-1,4,5,8-tetracarboxylic-diimide-bithiophene backbone' in 0.000s
2026-01-05 17:05:27 [INFO] polymer_pipeline - OPSIN parsed 'naphthalene-1,4,5,8-tetracarboxylic-diimide-bithiophene backbone' in 0.000s
2026-01-05 17:05:27 [INFO] polymer_pipeline - OPSIN parsed 'naphthalene-1,4,5,8-tetracarboxylic-diimide-bithiophene backbone' in 0.000s
2026-01-05 17:05:27 [INFO] polymer_pipeline - OPSIN parsed 'naphthalene-1,4,5,8-tetracarboxylic-diimide-bithiophene backbone' in 0.000s
2026-01-05 17:05:27 [INFO] polymer_pipeline - OPSIN parsed 'naphthalene-1,4,5,8-tetracarboxylic-diimide-bithiophene backbone' in 0.000s
2026-01-05 17:05:27 [INFO] polymer_pipeline - OPSIN parsed 'naphthalene-1,4,5,8-tetracarboxylic-diimide-bithiophene backbone' in 0.000s
2026-01-05 17:05:27 [INFO] polymer_pipeline - OPSIN parsed 'naphthalene-1,4,5,8-tetracarboxylic-diimide-bithiophene backbone' in 0.000s
2026-01-05 17:05:27 [INFO] polymer_pipeline - OPSIN parsed 'naphthalene-1,4,5,8-tetracarboxylic-diimide-bithiophene backbone' in 0.000s
2026-01-05 17:05:27 [INFO] polymer_pipeline - OPSIN parsed 'naphthalene-1,4,5,8-tetracarboxylic-diimide-bithiophene backbone' in 0.000s
2026-01-05 17:05:27 [INFO] polymer_pipeline - OPSIN parsed 'naphthalene-1,4,5,8-tetracarboxylic-diimide-bithiophene backbone' in 0.000s
2026-01-05 17:05:27 [INFO] polymer_pipeline - OPSIN parsed 'naphthalene-1,4,5,8-tetracarboxylic-diimide-bithiophene backbone' in 0.000s
2026-01-05 17:05:27 [INFO] polymer_pipeline - OPSIN parsed 'naphthalene-1,4,5,8-tetracarboxylic-diimide-bithiophene backbone' in 0.000s
2026-01-05 17:05:27 [INFO] polymer_pipeline - OPSIN parsed 'naphthalene-1,4,5,8-tetracarboxylic-diimide-bithiophene backbone' in 0.000s
2026-01-05 17:05:27 [INFO] polymer_pipeline - OPSIN parsed 'naphthalene-1,4,5,8-tetracarboxylic-diimide-bithiophene backbone' in 0.000s
2026-01-05 17:05:27 [INFO] polymer_pipeline - OPSIN parsed 'polythiophene' in 0.000s
2026-01-05 17:05:27 [INFO] polymer_pipeline - OPSIN parsed 'polythiophene' in 0.000s
2026-01-05 17:05:27 [INFO] polymer_pipeline - OPSIN parsed 'polythiophene' in 0.000s
2026-01-05 17:05:27 [INFO] polymer_pipeline - OPSIN parsed 'polythiophene' in 0.000s
2026-01-05 17:05:27 [INFO] polymer_pipeline - OPSIN parsed 'polythiophene' in 0.000s
2026-01-05 17:05:27 [INFO] polymer_pipeline - OPSIN parsed 'polythiophene' in 0.000s
2026-01-05 17:05:27 [INFO] polymer_pipeline - OPSIN parsed 'polythiophene' in 0.000s
2026-01-05 17:05:27 [INFO] polymer_pipeline - OPSIN parsed 'polythiophene' in 0.000s
2026-01-05 17:05:27 [INFO] polymer_pipeline - OPSIN parsed 'polythiophene' in 0.000s
2026-01-05 17:05:27 [INFO] polymer_pipeline - OPSIN parsed 'polythiophene' in 0.000s
2026-01-05 17:05:27 [INFO] polymer_pipeline - OPSIN parsed 'polythiophene' in 0.000s
2026-01-05 17:05:27 [INFO] polymer_pipeline - OPSIN parsed 'polythiophene' in 0.000s
2026-01-05 17:05:27 [INFO] polymer_pipeline - OPSIN parsed 'polythiophene' in 0.000s
2026-01-05 17:05:27 [INFO] polymer_pipeline - OPSIN parsed 'polythiophene' in 0.000s
2026-01-05 17:05:27 [INFO] polymer_pipeline - OPSIN parsed 'polythiophene' in 0.000s
2026-01-05 17:05:27 [INFO] polymer_pipeline - OPSIN parsed 'polythiophene' in 0.000s
2026-01-05 17:05:27 [INFO] polymer_pipeline - OPSIN parsed 'polythiophene' in 0.000s
2026-01-05 17:05:27 [INFO] polymer_pipeline - OPSIN parsed 'polythiophene' in 0.000s
2026-01-05 17:05:27 [INFO] polymer_pipeline - OPSIN parsed 'polythiophene' in 0.000s
2026-01-05 17:05:27 [INFO] polymer_pipeline - OPSIN parsed 'polythiophene' in 0.000s
2026-01-05 17:05:27 [INFO] polymer_pipeline - OPSIN parsed 'selenium-incorporated bithiophene imide' in 0.000s
2026-01-05 17:05:27 [INFO] polymer_pipeline - OPSIN parsed 'selenium-incorporated bithiophene imide' in 0.000s
2026-01-05 17:05:27 [INFO] polymer_pipeline - OPSIN parsed 'selenium-incorporated bithiophene imide' in 0.000s
2026-01-05 17:05:27 [INFO] polymer_pipeline - OPSIN parsed 'selenium-incorporated bithiophene imide' in 0.000s
2026-01-05 17:05:27 [INFO] polymer_pipeline - OPSIN parsed 'selenium-incorporated bithiophene imide' in 0.000s
2026-01-05 17:05:27 [INFO] polymer_pipeline - OPSIN parsed 'selenium-incorporated bithiophene imide' in 0.000s
2026-01-05 17:05:27 [INFO] polymer_pipeline - OPSIN parsed 'selenium-incorporated bithiophene imide' in 0.000s
2026-01-05 17:05:27 [INFO] polymer_pipeline - OPSIN parsed 'selenium-incorporated bithiophene imide' in 0.000s
2026-01-05 17:05:27 [INFO] polymer_pipeline - OPSIN parsed 'selenium-incorporated bithiophene imide' in 0.000s
2026-01-05 17:05:27 [INFO] polymer_pipeline - OPSIN parsed 'selenium-incorporated bithiophene imide' in 0.000s
2026-01-05 17:05:27 [INFO] polymer_pipeline - OPSIN parsed 'selenium-incorporated bithiophene imide' in 0.000s
2026-01-05 17:05:27 [INFO] polymer_pipeline - OPSIN parsed 'selenium-incorporated bithiophene imide' in 0.000s
2026-01-05 17:05:27 [INFO] polymer_pipeline - OPSIN parsed 'naphthalenediimide-dialkoxybithiazole copolymer' in 0.000s
2026-01-05 17:05:27 [INFO] polymer_pipeline - OPSIN parsed 'naphthalenediimide-dialkoxybithiazole' in 0.000s
2026-01-05 17:05:27 [INFO] polymer_pipeline - OPSIN parsed 'naphthalenediimide-dialkoxybithiazole' in 0.000s
2026-01-05 17:05:27 [INFO] polymer_pipeline - OPSIN parsed 'naphthalenediimide-dialkoxybithiazole' in 0.000s
2026-01-05 17:05:27 [INFO] polymer_pipeline - OPSIN parsed 'naphthalenediimide-dialkoxybithiazole copolymer' in 0.000s
2026-01-05 17:05:27 [INFO] polymer_pipeline - OPSIN parsed 'naphthalenediimide-dialkoxybithiazole' in 0.000s
2026-01-05 17:05:27 [INFO] polymer_pipeline - OPSIN parsed 'naphthalenediimide-dialkoxybithiazole' in 0.000s
2026-01-05 17:05:27 [INFO] polymer_pipeline - OPSIN parsed 'naphthalenediimide-dialkoxybithiazole' in 0.000s
2026-01-05 17:05:27 [INFO] polymer_pipeline - OPSIN parsed 'naphthalenediimide-dialkoxybithiazole copolymer' in 0.000s
2026-01-05 17:05:27 [INFO] polymer_pipeline - OPSIN parsed 'naphthalenediimide-dialkoxybithiazole' in 0.000s
2026-01-05 17:05:27 [INFO] polymer_pipeline - OPSIN parsed 'naphthalenediimide-dialkoxybithiazole' in 0.000s
2026-01-05 17:05:27 [INFO] polymer_pipeline - OPSIN parsed 'naphthalenediimide-dialkoxybithiazole' in 0.000s
2026-01-05 17:05:27 [INFO] polymer_pipeline - OPSIN parsed 'diindenone-dithieno[3,2-b:2',3'-d]thiophene fused seven-ring core' in 0.000s
2026-01-05 17:05:27 [INFO] polymer_pipeline - OPSIN parsed 'diindenone-dithieno[3,2-b:2',3'-d]thiophene fused seven-ring core' in 0.000s
2026-01-05 17:05:27 [INFO] polymer_pipeline - OPSIN parsed 'diindenone-dithieno[3,2-b:2',3'-d]thiophene fused seven-ring core' in 0.000s
2026-01-05 17:05:27 [INFO] polymer_pipeline - OPSIN parsed 'diindenone-dithieno[3,2-b:2',3'-d]thiophene fused seven-ring core' in 0.000s
2026-01-05 17:05:27 [INFO] polymer_pipeline - OPSIN parsed 'diindenone-dithieno[3,2-b:2',3'-d]thiophene fused seven-ring core' in 0.000s
2026-01-05 17:05:27 [INFO] polymer_pipeline - OPSIN parsed 'diindenone-dithieno[3,2-b:2',3'-d]thiophene fused seven-ring core' in 0.000s
2026-01-05 17:05:27 [INFO] polymer_pipeline - OPSIN parsed 'diindenone-dithieno[3,2-b:2',3'-d]thiophene fused seven-ring core' in 0.000s
2026-01-05 17:05:27 [INFO] polymer_pipeline - OPSIN parsed 'diindenone-dithieno[3,2-b:2',3'-d]thiophene fused seven-ring core' in 0.000s
2026-01-05 17:05:27 [INFO] polymer_pipeline - OPSIN parsed 'pbttt-like backbone (alternating thienothiophene and bithiophene units)' in 0.000s
2026-01-05 17:05:27 [INFO] polymer_pipeline - OPSIN parsed 'pbttt-like backbone (alternating thienothiophene and bithiophene units)' in 0.000s
2026-01-05 17:05:27 [INFO] polymer_pipeline - OPSIN parsed 'pbttt-like backbone (alternating thienothiophene and bithiophene units)' in 0.000s
2026-01-05 17:05:27 [INFO] polymer_pipeline - OPSIN parsed 'pbttt-like backbone (alternating thienothiophene and bithiophene units)' in 0.000s
2026-01-05 17:05:27 [INFO] polymer_pipeline - OPSIN parsed 'pbttt-like backbone (alternating thienothiophene and bithiophene units)' in 0.000s
2026-01-05 17:05:27 [INFO] polymer_pipeline - OPSIN parsed 'pbttt-like backbone (alternating thienothiophene and bithiophene units)' in 0.000s
2026-01-05 17:05:27 [INFO] polymer_pipeline - OPSIN parsed 'pbttt-like backbone (alternating thienothiophene and bithiophene units)' in 0.000s
2026-01-05 17:05:27 [INFO] polymer_pipeline - OPSIN parsed 'pbttt-like backbone (alternating thienothiophene and bithiophene units)' in 0.000s
2026-01-05 17:05:27 [INFO] polymer_pipeline - OPSIN parsed 'pbttt-like backbone (alternating thienothiophene and bithiophene units)' in 0.000s
2026-01-05 17:05:27 [INFO] polymer_pipeline - OPSIN parsed 'pbttt-like backbone (alternating thienothiophene and bithiophene units)' in 0.000s
2026-01-05 17:05:27 [INFO] polymer_pipeline - OPSIN parsed 'pbttt-like backbone (alternating thienothiophene and bithiophene units)' in 0.000s
2026-01-05 17:05:27 [INFO] polymer_pipeline - OPSIN parsed 'pbttt-like backbone (alternating thienothiophene and bithiophene units)' in 0.000s
2026-01-05 17:05:27 [INFO] polymer_pipeline - OPSIN parsed 'pbttt-like backbone (alternating thienothiophene and bithiophene units)' in 0.000s
2026-01-05 17:05:27 [INFO] polymer_pipeline - OPSIN parsed 'pbttt-like backbone (alternating thienothiophene and bithiophene units)' in 0.000s
2026-01-05 17:05:27 [INFO] polymer_pipeline - OPSIN parsed 'pbttt-like backbone (alternating thienothiophene and bithiophene units)' in 0.000s
2026-01-05 17:05:27 [INFO] polymer_pipeline - OPSIN parsed 'pbttt-like backbone (alternating thienothiophene and bithiophene units)' in 0.000s
2026-01-05 17:05:27 [INFO] polymer_pipeline - OPSIN parsed 'pbttt-like backbone (alternating thienothiophene and bithiophene units)' in 0.000s
2026-01-05 17:05:27 [INFO] polymer_pipeline - OPSIN parsed 'pbttt-like backbone (alternating thienothiophene and bithiophene units)' in 0.000s
2026-01-05 17:05:27 [INFO] polymer_pipeline - OPSIN parsed 'pbttt-like backbone (alternating thienothiophene and bithiophene units)' in 0.000s
2026-01-05 17:05:27 [INFO] polymer_pipeline - OPSIN parsed 'pbttt-like backbone (alternating thienothiophene and bithiophene units)' in 0.000s
2026-01-05 17:05:27 [INFO] polymer_pipeline - OPSIN parsed 'pbttt-like backbone (alternating thienothiophene and bithiophene units)' in 0.000s
2026-01-05 17:05:27 [INFO] polymer_pipeline - OPSIN parsed 'pbttt-like backbone (alternating thienothiophene and bithiophene units)' in 0.000s
2026-01-05 17:05:27 [INFO] polymer_pipeline - OPSIN parsed 'pbttt-like backbone (alternating thienothiophene and bithiophene units)' in 0.000s
2026-01-05 17:05:27 [INFO] polymer_pipeline - OPSIN parsed 'pbttt-like backbone (alternating thienothiophene and bithiophene units)' in 0.000s
2026-01-05 17:05:27 [INFO] polymer_pipeline - OPSIN parsed 'pbttt-like backbone (alternating thienothiophene and bithiophene units)' in 0.000s
2026-01-05 17:05:27 [INFO] polymer_pipeline - OPSIN parsed 'pbttt-like backbone (alternating thienothiophene and bithiophene units)' in 0.000s
2026-01-05 17:05:27 [INFO] polymer_pipeline - OPSIN parsed 'pbttt-like backbone (alternating thienothiophene and bithiophene units)' in 0.000s
2026-01-05 17:05:27 [INFO] polymer_pipeline - OPSIN parsed 'pbttt-like backbone (alternating thienothiophene and bithiophene units)' in 0.000s
2026-01-05 17:05:27 [INFO] polymer_pipeline - OPSIN parsed 'pbttt-like backbone (alternating thienothiophene and bithiophene units)' in 0.000s
2026-01-05 17:05:27 [INFO] polymer_pipeline - OPSIN parsed 'pbttt-like backbone (alternating thienothiophene and bithiophene units)' in 0.000s
2026-01-05 17:05:27 [INFO] polymer_pipeline - OPSIN parsed 'pbttt-like backbone (alternating thienothiophene and bithiophene units)' in 0.000s
2026-01-05 17:05:27 [INFO] polymer_pipeline - OPSIN parsed 'pbttt-like backbone (alternating thienothiophene and bithiophene units)' in 0.000s
2026-01-05 17:05:27 [INFO] polymer_pipeline - OPSIN parsed 'pbttt-like backbone (alternating thienothiophene and bithiophene units)' in 0.000s
2026-01-05 17:05:27 [INFO] polymer_pipeline - OPSIN parsed 'pbttt-like backbone (alternating thienothiophene and bithiophene units)' in 0.000s
2026-01-05 17:05:27 [INFO] polymer_pipeline - OPSIN parsed 'pbttt-like backbone (alternating thienothiophene and bithiophene units)' in 0.000s
2026-01-05 17:05:27 [INFO] polymer_pipeline - OPSIN parsed 'pbttt-like backbone (alternating thienothiophene and bithiophene units)' in 0.000s
2026-01-05 17:05:27 [INFO] polymer_pipeline - OPSIN parsed 'polythiophene (bithiophene) backbone' in 0.000s
2026-01-05 17:05:27 [INFO] polymer_pipeline - OPSIN parsed 'polythiophene (bithiophene) backbone' in 0.000s
2026-01-05 17:05:27 [INFO] polymer_pipeline - OPSIN parsed 'polythiophene (bithiophene) backbone' in 0.000s
2026-01-05 17:05:27 [INFO] polymer_pipeline - OPSIN parsed 'polythiophene (bithiophene) backbone' in 0.000s
2026-01-05 17:05:27 [INFO] polymer_pipeline - OPSIN parsed 'polythiophene (bithiophene) backbone' in 0.000s
2026-01-05 17:05:27 [INFO] polymer_pipeline - OPSIN parsed 'polythiophene (bithiophene) backbone' in 0.000s
2026-01-05 17:05:27 [INFO] polymer_pipeline - OPSIN parsed 'polythiophene (bithiophene) backbone' in 0.000s
2026-01-05 17:05:27 [INFO] polymer_pipeline - OPSIN parsed 'polythiophene (bithiophene) backbone' in 0.000s
2026-01-05 17:05:27 [INFO] polymer_pipeline - OPSIN parsed 'polythiophene (bithiophene) backbone' in 0.000s
2026-01-05 17:05:27 [INFO] polymer_pipeline - OPSIN parsed 'polythiophene (bithiophene) backbone' in 0.000s
2026-01-05 17:05:27 [INFO] polymer_pipeline - OPSIN parsed 'polythiophene (bithiophene) backbone' in 0.000s
2026-01-05 17:05:27 [INFO] polymer_pipeline - OPSIN parsed 'polythiophene (bithiophene) backbone' in 0.000s
2026-01-05 17:05:27 [INFO] polymer_pipeline - OPSIN parsed 'bdt and thieno[3,4-b]thiophene' in 0.000s
2026-01-05 17:05:27 [INFO] polymer_pipeline - OPSIN parsed 'bdt and thieno[3,4-b]thiophene' in 0.000s
2026-01-05 17:05:27 [INFO] polymer_pipeline - OPSIN parsed 'bdt and thieno[3,4-b]thiophene' in 0.000s
2026-01-05 17:05:27 [INFO] polymer_pipeline - OPSIN parsed 'bdt and thieno[3,4-b]thiophene' in 0.000s
2026-01-05 17:05:27 [INFO] polymer_pipeline - OPSIN parsed 'bdt and thieno[3,4-b]thiophene' in 0.000s
2026-01-05 17:05:27 [INFO] polymer_pipeline - OPSIN parsed 'bdt and thieno[3,4-b]thiophene' in 0.000s
2026-01-05 17:05:27 [INFO] polymer_pipeline - OPSIN parsed 'bdt and thieno[3,4-b]thiophene' in 0.000s
2026-01-05 17:05:27 [INFO] polymer_pipeline - OPSIN parsed 'bdt and thieno[3,4-b]thiophene' in 0.000s
2026-01-05 17:05:27 [INFO] polymer_pipeline - OPSIN parsed 'bdt and thieno[3,4-b]thiophene' in 0.000s
2026-01-05 17:05:27 [INFO] polymer_pipeline - OPSIN parsed 'bdt and thieno[3,4-b]thiophene' in 0.000s
2026-01-05 17:05:27 [INFO] polymer_pipeline - OPSIN parsed 'bdt and thieno[3,4-b]thiophene' in 0.000s
2026-01-05 17:05:27 [INFO] polymer_pipeline - OPSIN parsed 'bdt and thieno[3,4-b]thiophene' in 0.000s
2026-01-05 17:05:27 [INFO] polymer_pipeline - OPSIN parsed 'bdt and thieno[3,4-b]thiophene' in 0.000s
2026-01-05 17:05:27 [INFO] polymer_pipeline - OPSIN parsed 'bdt and thieno[3,4-b]thiophene' in 0.000s
2026-01-05 17:05:27 [INFO] polymer_pipeline - OPSIN parsed 'bdt and thieno[3,4-b]thiophene' in 0.000s
2026-01-05 17:05:27 [INFO] polymer_pipeline - OPSIN parsed 'bdt and thieno[3,4-b]thiophene' in 0.000s
2026-01-05 17:05:27 [INFO] polymer_pipeline - OPSIN parsed 'bdt and thieno[3,4-b]thiophene' in 0.000s
2026-01-05 17:05:27 [INFO] polymer_pipeline - OPSIN parsed 'bdt and thieno[3,4-b]thiophene' in 0.000s
2026-01-05 17:05:27 [INFO] polymer_pipeline - OPSIN parsed 'bdt and thieno[3,4-b]thiophene' in 0.000s
2026-01-05 17:05:27 [INFO] polymer_pipeline - OPSIN parsed 'bdt and thieno[3,4-b]thiophene' in 0.000s
2026-01-05 17:05:27 [INFO] polymer_pipeline - OPSIN parsed 'bdt and thieno[3,4-b]thiophene' in 0.000s
2026-01-05 17:05:27 [INFO] polymer_pipeline - OPSIN parsed 'bdt and thieno[3,4-b]thiophene' in 0.000s
2026-01-05 17:05:27 [INFO] polymer_pipeline - OPSIN parsed 'bdt and thieno[3,4-b]thiophene' in 0.000s
2026-01-05 17:05:27 [INFO] polymer_pipeline - OPSIN parsed 'bdt and thieno[3,4-b]thiophene' in 0.000s
2026-01-05 17:05:27 [INFO] polymer_pipeline - OPSIN parsed 'poly(thienylene vinylene)' in 0.000s
2026-01-05 17:05:27 [INFO] polymer_pipeline - OPSIN parsed 'poly(thienylene vinylene)' in 0.000s
2026-01-05 17:05:27 [INFO] polymer_pipeline - OPSIN parsed 'poly(thienylene vinylene)' in 0.000s
2026-01-05 17:05:27 [INFO] polymer_pipeline - OPSIN parsed 'poly(thienylene vinylene)' in 0.000s
2026-01-05 17:05:27 [INFO] polymer_pipeline - OPSIN parsed 'poly(thienylene vinylene)' in 0.000s
2026-01-05 17:05:27 [INFO] polymer_pipeline - OPSIN parsed 'poly(thienylene vinylene)' in 0.000s
2026-01-05 17:05:27 [INFO] polymer_pipeline - OPSIN parsed 'poly(thienylene vinylene)' in 0.000s
2026-01-05 17:05:27 [INFO] polymer_pipeline - OPSIN parsed 'poly(thienylene vinylene)' in 0.000s
2026-01-05 17:05:27 [INFO] polymer_pipeline - OPSIN parsed 'poly(thienylene vinylene)' in 0.000s
2026-01-05 17:05:27 [INFO] polymer_pipeline - OPSIN parsed 'poly(thienylene vinylene)' in 0.000s
2026-01-05 17:05:27 [INFO] polymer_pipeline - OPSIN parsed 'poly(thienylene vinylene)' in 0.000s
2026-01-05 17:05:27 [INFO] polymer_pipeline - OPSIN parsed 'poly(thienylene vinylene)' in 0.000s
2026-01-05 17:05:27 [INFO] polymer_pipeline - OPSIN parsed 'poly(thienylene vinylene)' in 0.000s
2026-01-05 17:05:27 [INFO] polymer_pipeline - OPSIN parsed 'poly(thienylene vinylene)' in 0.000s
2026-01-05 17:05:27 [INFO] polymer_pipeline - OPSIN parsed 'poly(thienylene vinylene)' in 0.000s
2026-01-05 17:05:27 [INFO] polymer_pipeline - OPSIN parsed 'poly(thienylene vinylene)' in 0.000s
2026-01-05 17:05:27 [INFO] polymer_pipeline - OPSIN parsed '4-(4,4-bis(2-octyldodecyl)-4h-cyclopenta[1,2-b:5,4-b']dithiophen-2-yl)-alt-[1,2,5]-thiadiazolo[3,4-c]pyridine' in 0.000s
2026-01-05 17:05:27 [INFO] polymer_pipeline - OPSIN parsed '4-(4,4-bis(2-octyldodecyl)-4h-cyclopenta[1,2-b:5,4-b']dithiophen-2-yl)-alt-[1,2,5]-thiadiazolo[3,4-c]pyridine' in 0.000s
2026-01-05 17:05:27 [INFO] polymer_pipeline - OPSIN parsed '4-(4,4-bis(2-octyldodecyl)-4h-cyclopenta[1,2-b:5,4-b']dithiophen-2-yl)-alt-[1,2,5]-thiadiazolo[3,4-c]pyridine' in 0.000s
2026-01-05 17:05:27 [INFO] polymer_pipeline - OPSIN parsed '4-(4,4-bis(2-octyldodecyl)-4h-cyclopenta[1,2-b:5,4-b']dithiophen-2-yl)-alt-[1,2,5]-thiadiazolo[3,4-c]pyridine' in 0.000s
2026-01-05 17:05:27 [INFO] polymer_pipeline - OPSIN parsed '4-(4,4-bis(2-octyldodecyl)-4h-cyclopenta[1,2-b:5,4-b']dithiophen-2-yl)-alt-[1,2,5]-thiadiazolo[3,4-c]pyridine' in 0.000s
2026-01-05 17:05:27 [INFO] polymer_pipeline - OPSIN parsed '4-(4,4-bis(2-octyldodecyl)-4h-cyclopenta[1,2-b:5,4-b']dithiophen-2-yl)-alt-[1,2,5]-thiadiazolo[3,4-c]pyridine' in 0.000s
2026-01-05 17:05:27 [INFO] polymer_pipeline - OPSIN parsed '4-(4,4-bis(2-octyldodecyl)-4h-cyclopenta[1,2-b:5,4-b']dithiophen-2-yl)-alt-[1,2,5]-thiadiazolo[3,4-c]pyridine' in 0.000s
2026-01-05 17:05:27 [INFO] polymer_pipeline - OPSIN parsed '4-(4,4-bis(2-octyldodecyl)-4h-cyclopenta[1,2-b:5,4-b']dithiophen-2-yl)-alt-[1,2,5]-thiadiazolo[3,4-c]pyridine' in 0.000s
2026-01-05 17:05:27 [INFO] polymer_pipeline - OPSIN parsed '4-(4,4-bis(2-octyldodecyl)-4h-cyclopenta[1,2-b:5,4-b']dithiophen-2-yl)-alt-[1,2,5]-thiadiazolo[3,4-c]pyridine' in 0.000s
2026-01-05 17:05:27 [INFO] polymer_pipeline - OPSIN parsed '4-(4,4-bis(2-octyldodecyl)-4h-cyclopenta[1,2-b:5,4-b']dithiophen-2-yl)-alt-[1,2,5]-thiadiazolo[3,4-c]pyridine' in 0.000s
2026-01-05 17:05:27 [INFO] polymer_pipeline - OPSIN parsed '4-(4,4-bis(2-octyldodecyl)-4h-cyclopenta[1,2-b:5,4-b']dithiophen-2-yl)-alt-[1,2,5]-thiadiazolo[3,4-c]pyridine' in 0.000s
2026-01-05 17:05:27 [INFO] polymer_pipeline - OPSIN parsed '4-(4,4-bis(2-octyldodecyl)-4h-cyclopenta[1,2-b:5,4-b']dithiophen-2-yl)-alt-[1,2,5]-thiadiazolo[3,4-c]pyridine' in 0.000s
2026-01-05 17:05:27 [INFO] polymer_pipeline - OPSIN parsed '4-(4,4-bis(2-octyldodecyl)-4h-cyclopenta[1,2-b:5,4-b']dithiophen-2-yl)-alt-[1,2,5]-thiadiazolo[3,4-c]pyridine' in 0.000s
2026-01-05 17:05:27 [INFO] polymer_pipeline - OPSIN parsed '4-(4,4-bis(2-octyldodecyl)-4h-cyclopenta[1,2-b:5,4-b']dithiophen-2-yl)-alt-[1,2,5]-thiadiazolo[3,4-c]pyridine' in 0.000s
2026-01-05 17:05:27 [INFO] polymer_pipeline - OPSIN parsed '4-(4,4-bis(2-octyldodecyl)-4h-cyclopenta[1,2-b:5,4-b']dithiophen-2-yl)-alt-[1,2,5]-thiadiazolo[3,4-c]pyridine' in 0.000s
2026-01-05 17:05:27 [INFO] polymer_pipeline - OPSIN parsed '4-(4,4-bis(2-octyldodecyl)-4h-cyclopenta[1,2-b:5,4-b']dithiophen-2-yl)-alt-[1,2,5]-thiadiazolo[3,4-c]pyridine' in 0.000s
2026-01-05 17:05:27 [INFO] polymer_pipeline - OPSIN parsed '4-(4,4-bis(2-octyldodecyl)-4h-cyclopenta[1,2-b:5,4-b']dithiophen-2-yl)-alt-[1,2,5]-thiadiazolo[3,4-c]pyridine' in 0.000s
2026-01-05 17:05:27 [INFO] polymer_pipeline - OPSIN parsed '4-(4,4-bis(2-octyldodecyl)-4h-cyclopenta[1,2-b:5,4-b']dithiophen-2-yl)-alt-[1,2,5]-thiadiazolo[3,4-c]pyridine' in 0.000s
2026-01-05 17:05:27 [INFO] polymer_pipeline - OPSIN parsed '4-(4,4-bis(2-octyldodecyl)-4h-cyclopenta[1,2-b:5,4-b']dithiophen-2-yl)-alt-[1,2,5]-thiadiazolo[3,4-c]pyridine' in 0.000s
2026-01-05 17:05:27 [INFO] polymer_pipeline - OPSIN parsed '4-(4,4-bis(2-octyldodecyl)-4h-cyclopenta[1,2-b:5,4-b']dithiophen-2-yl)-alt-[1,2,5]-thiadiazolo[3,4-c]pyridine' in 0.000s
2026-01-05 17:05:27 [INFO] polymer_pipeline - OPSIN parsed '4-(4,4-bis(2-octyldodecyl)-4h-cyclopenta[1,2-b:5,4-b']dithiophen-2-yl)-alt-[1,2,5]-thiadiazolo[3,4-c]pyridine' in 0.000s
2026-01-05 17:05:27 [INFO] polymer_pipeline - OPSIN parsed '4-(4,4-bis(2-octyldodecyl)-4h-cyclopenta[1,2-b:5,4-b']dithiophen-2-yl)-alt-[1,2,5]-thiadiazolo[3,4-c]pyridine' in 0.000s
2026-01-05 17:05:27 [INFO] polymer_pipeline - OPSIN parsed '4-(4,4-bis(2-octyldodecyl)-4h-cyclopenta[1,2-b:5,4-b']dithiophen-2-yl)-alt-[1,2,5]-thiadiazolo[3,4-c]pyridine' in 0.000s
2026-01-05 17:05:27 [INFO] polymer_pipeline - OPSIN parsed '4-(4,4-bis(2-octyldodecyl)-4h-cyclopenta[1,2-b:5,4-b']dithiophen-2-yl)-alt-[1,2,5]-thiadiazolo[3,4-c]pyridine' in 0.000s
2026-01-05 17:05:27 [INFO] polymer_pipeline - OPSIN parsed 'cyclopentadithiophene-alt-benzothiadiazole' in 0.000s
2026-01-05 17:05:27 [INFO] polymer_pipeline - OPSIN parsed 'cyclopentadithiophene-alt-benzothiadiazole' in 0.000s
2026-01-05 17:05:27 [INFO] polymer_pipeline - OPSIN parsed 'cyclopentadithiophene-alt-benzothiadiazole' in 0.000s
2026-01-05 17:05:27 [INFO] polymer_pipeline - OPSIN parsed 'cyclopentadithiophene-alt-benzothiadiazole' in 0.000s
2026-01-05 17:05:27 [INFO] polymer_pipeline - OPSIN parsed 'cyclopentadithiophene-alt-benzothiadiazole' in 0.000s
2026-01-05 17:05:27 [INFO] polymer_pipeline - OPSIN parsed 'cyclopentadithiophene-alt-benzothiadiazole' in 0.000s
2026-01-05 17:05:27 [INFO] polymer_pipeline - OPSIN parsed 'cyclopentadithiophene-alt-benzothiadiazole' in 0.000s
2026-01-05 17:05:27 [INFO] polymer_pipeline - OPSIN parsed 'cyclopentadithiophene-alt-benzothiadiazole' in 0.000s
2026-01-05 17:05:27 [INFO] polymer_pipeline - OPSIN parsed 'cyclopentadithiophene-alt-benzothiadiazole' in 0.000s
2026-01-05 17:05:27 [INFO] polymer_pipeline - OPSIN parsed 'cyclopentadithiophene-alt-benzothiadiazole' in 0.000s
2026-01-05 17:05:27 [INFO] polymer_pipeline - OPSIN parsed 'cyclopentadithiophene-alt-benzothiadiazole' in 0.000s
2026-01-05 17:05:27 [INFO] polymer_pipeline - OPSIN parsed 'cyclopentadithiophene-alt-benzothiadiazole' in 0.000s
2026-01-05 17:05:27 [INFO] polymer_pipeline - OPSIN parsed 'cyclopentadithiophene-alt-benzothiadiazole' in 0.000s
2026-01-05 17:05:27 [INFO] polymer_pipeline - OPSIN parsed 'cyclopentadithiophene-alt-benzothiadiazole' in 0.000s
2026-01-05 17:05:27 [INFO] polymer_pipeline - OPSIN parsed 'cyclopentadithiophene-alt-benzothiadiazole' in 0.000s
2026-01-05 17:05:27 [INFO] polymer_pipeline - OPSIN parsed 'cyclopentadithiophene-alt-benzothiadiazole' in 0.000s
2026-01-05 17:05:27 [INFO] polymer_pipeline - OPSIN parsed 'thiazole-flanked diketopyrrolopyrrole' in 0.000s
2026-01-05 17:05:27 [INFO] polymer_pipeline - OPSIN parsed 'thiazole-flanked diketopyrrolopyrrole' in 0.000s
2026-01-05 17:05:27 [INFO] polymer_pipeline - OPSIN parsed 'thiazole-flanked diketopyrrolopyrrole' in 0.000s
2026-01-05 17:05:27 [INFO] polymer_pipeline - OPSIN parsed 'thiazole-flanked diketopyrrolopyrrole' in 0.000s
2026-01-05 17:05:27 [INFO] polymer_pipeline - OPSIN parsed 'thiazole-flanked diketopyrrolopyrrole' in 0.000s
2026-01-05 17:05:27 [INFO] polymer_pipeline - OPSIN parsed 'thiazole-flanked diketopyrrolopyrrole' in 0.000s
2026-01-05 17:05:27 [INFO] polymer_pipeline - OPSIN parsed 'thiazole-flanked diketopyrrolopyrrole' in 0.000s
2026-01-05 17:05:27 [INFO] polymer_pipeline - OPSIN parsed 'thiazole-flanked diketopyrrolopyrrole' in 0.000s
2026-01-05 17:05:27 [INFO] polymer_pipeline - OPSIN parsed 'thiazole-flanked diketopyrrolopyrrole' in 0.000s
2026-01-05 17:05:27 [INFO] polymer_pipeline - OPSIN parsed 'thiazole-flanked diketopyrrolopyrrole' in 0.000s
2026-01-05 17:05:27 [INFO] polymer_pipeline - OPSIN parsed 'thiazole-flanked diketopyrrolopyrrole' in 0.000s
2026-01-05 17:05:27 [INFO] polymer_pipeline - OPSIN parsed 'thiazole-flanked diketopyrrolopyrrole' in 0.000s
2026-01-05 17:05:27 [INFO] polymer_pipeline - OPSIN parsed 'idt-bt donor-acceptor backbone' in 0.000s
2026-01-05 17:05:27 [INFO] polymer_pipeline - OPSIN parsed 'idt-bt - backbone' in 0.000s
2026-01-05 17:05:27 [INFO] polymer_pipeline - OPSIN parsed 'idt-bt - backbone' in 0.000s
2026-01-05 17:05:27 [INFO] polymer_pipeline - OPSIN parsed 'idt-bt - backbone' in 0.000s
2026-01-05 17:05:27 [INFO] polymer_pipeline - OPSIN parsed 'idt-bt donor-acceptor backbone' in 0.000s
2026-01-05 17:05:27 [INFO] polymer_pipeline - OPSIN parsed 'idt-bt - backbone' in 0.000s
2026-01-05 17:05:27 [INFO] polymer_pipeline - OPSIN parsed 'idt-bt - backbone' in 0.000s
2026-01-05 17:05:27 [INFO] polymer_pipeline - OPSIN parsed 'idt-bt - backbone' in 0.000s
2026-01-05 17:05:27 [INFO] polymer_pipeline - OPSIN parsed 'diketopyrrolopyrrole-alt-(e)-1,2-bis(3-chlorothiophen-2-yl)ethene' in 0.000s
2026-01-05 17:05:27 [INFO] polymer_pipeline - OPSIN parsed 'diketopyrrolopyrrole-alt-(e)-1,2-bis(3-chlorothiophen-2-yl)ethene' in 0.000s
2026-01-05 17:05:27 [INFO] polymer_pipeline - OPSIN parsed 'diketopyrrolopyrrole-alt-(e)-1,2-bis(3-chlorothiophen-2-yl)ethene' in 0.000s
2026-01-05 17:05:27 [INFO] polymer_pipeline - OPSIN parsed 'diketopyrrolopyrrole-alt-(e)-1,2-bis(3-chlorothiophen-2-yl)ethene' in 0.000s
2026-01-05 17:05:27 [INFO] polymer_pipeline - OPSIN parsed 'diketopyrrolopyrrole-alt-(e)-1,2-bis(3-chlorothiophen-2-yl)ethene' in 0.000s
2026-01-05 17:05:27 [INFO] polymer_pipeline - OPSIN parsed 'diketopyrrolopyrrole-alt-(e)-1,2-bis(3-chlorothiophen-2-yl)ethene' in 0.000s
2026-01-05 17:05:27 [INFO] polymer_pipeline - OPSIN parsed 'diketopyrrolopyrrole-alt-(e)-1,2-bis(3-chlorothiophen-2-yl)ethene' in 0.000s
2026-01-05 17:05:27 [INFO] polymer_pipeline - OPSIN parsed 'diketopyrrolopyrrole-alt-(e)-1,2-bis(3-chlorothiophen-2-yl)ethene' in 0.000s
2026-01-05 17:05:27 [INFO] polymer_pipeline - OPSIN parsed '3-(thiophen-2-yl)-6-(thiophen-3-yl)thieno[3,2-b]thiophene-bithiophene' in 0.001s
2026-01-05 17:05:27 [INFO] polymer_pipeline - OPSIN parsed '3-(thiophen-2-yl)-6-(thiophen-3-yl)thieno[3,2-b]thiophene-difluorobithiophene' in 0.001s
2026-01-05 17:05:27 [INFO] polymer_pipeline - OPSIN parsed 'thieno[3,2-b]thiophene-bithiophene' in 0.001s
2026-01-05 17:05:27 [INFO] polymer_pipeline - OPSIN parsed 'thieno[3,2-b]thiophene-difluorobithiophene' in 0.001s
2026-01-05 17:05:27 [INFO] polymer_pipeline - Layer 1 input stats: backbone non-empty=501 sidechain non-empty=502 attempted_opsin=501
2026-01-05 17:05:27 [INFO] polymer_pipeline - Layer 1: parsed backbone for 47/506 entries; sidechains for 122
2026-01-05 17:05:28 [INFO] polymer_pipeline - [Fusion] Empty polymer_name rows: text=0 image=0
2026-01-05 17:05:28 [WARNING] polymer_pipeline - preclean_smiles: dropping overlong SMILES len=333
2026-01-05 17:05:28 [WARNING] polymer_pipeline - preclean_smiles: dropping overlong SMILES len=332
2026-01-05 17:05:28 [WARNING] polymer_pipeline - preclean_smiles: dropping overlong SMILES len=302
2026-01-05 17:05:28 [WARNING] polymer_pipeline - preclean_smiles: dropping overlong SMILES len=302
2026-01-05 17:05:28 [WARNING] polymer_pipeline - preclean_smiles: dropping overlong SMILES len=302
2026-01-05 17:05:28 [WARNING] polymer_pipeline - preclean_smiles: dropping overlong SMILES len=302
2026-01-05 17:05:28 [WARNING] polymer_pipeline - preclean_smiles: dropping overlong SMILES len=302
2026-01-05 17:05:28 [WARNING] polymer_pipeline - preclean_smiles: dropping overlong SMILES len=302
2026-01-05 17:05:28 [WARNING] polymer_pipeline - preclean_smiles: dropping overlong SMILES len=302
2026-01-05 17:05:28 [WARNING] polymer_pipeline - preclean_smiles: dropping overlong SMILES len=302
2026-01-05 17:05:28 [WARNING] polymer_pipeline - preclean_smiles: dropping overlong SMILES len=302
2026-01-05 17:05:28 [WARNING] polymer_pipeline - preclean_smiles: dropping overlong SMILES len=302
2026-01-05 17:05:28 [WARNING] polymer_pipeline - preclean_smiles: dropping overlong SMILES len=302
2026-01-05 17:05:28 [WARNING] polymer_pipeline - preclean_smiles: dropping overlong SMILES len=265
2026-01-05 17:05:29 [WARNING] polymer_pipeline - preclean_smiles: dropping overlong SMILES len=302
2026-01-05 17:05:29 [WARNING] polymer_pipeline - preclean_smiles: dropping overlong SMILES len=244
2026-01-05 17:05:29 [WARNING] polymer_pipeline - preclean_smiles: dropping overlong SMILES len=217
2026-01-05 17:05:29 [WARNING] polymer_pipeline - preclean_smiles: dropping overlong SMILES len=302
2026-01-05 17:05:29 [WARNING] polymer_pipeline - preclean_smiles: dropping overlong SMILES len=302
2026-01-05 17:05:29 [WARNING] polymer_pipeline - preclean_smiles: dropping overlong SMILES len=302
2026-01-05 17:05:29 [WARNING] polymer_pipeline - preclean_smiles: dropping overlong SMILES len=302
2026-01-05 17:05:29 [WARNING] polymer_pipeline - preclean_smiles: dropping overlong SMILES len=302
2026-01-05 17:05:29 [WARNING] polymer_pipeline - preclean_smiles: dropping overlong SMILES len=302
2026-01-05 17:05:29 [WARNING] polymer_pipeline - preclean_smiles: dropping overlong SMILES len=302
2026-01-05 17:05:29 [WARNING] polymer_pipeline - preclean_smiles: dropping overlong SMILES len=302
2026-01-05 17:05:29 [WARNING] polymer_pipeline - preclean_smiles: dropping overlong SMILES len=302
2026-01-05 17:05:29 [WARNING] polymer_pipeline - preclean_smiles: dropping overlong SMILES len=281
2026-01-05 17:05:29 [WARNING] polymer_pipeline - preclean_smiles: dropping overlong SMILES len=302
2026-01-05 17:05:29 [WARNING] polymer_pipeline - preclean_smiles: dropping overlong SMILES len=302
2026-01-05 17:05:29 [WARNING] polymer_pipeline - preclean_smiles: dropping overlong SMILES len=303
2026-01-05 17:05:29 [WARNING] polymer_pipeline - preclean_smiles: dropping overlong SMILES len=302
2026-01-05 17:05:29 [WARNING] polymer_pipeline - preclean_smiles: dropping overlong SMILES len=302
2026-01-05 17:05:29 [WARNING] polymer_pipeline - preclean_smiles: dropping overlong SMILES len=231
2026-01-05 17:05:29 [WARNING] polymer_pipeline - preclean_smiles: dropping overlong SMILES len=302
2026-01-05 17:05:29 [WARNING] polymer_pipeline - preclean_smiles: dropping overlong SMILES len=228
2026-01-05 17:05:29 [WARNING] polymer_pipeline - preclean_smiles: dropping overlong SMILES len=207
2026-01-05 17:05:29 [WARNING] polymer_pipeline - preclean_smiles: dropping overlong SMILES len=302
2026-01-05 17:05:29 [WARNING] polymer_pipeline - preclean_smiles: dropping overlong SMILES len=242
2026-01-05 17:05:29 [WARNING] polymer_pipeline - preclean_smiles: dropping overlong SMILES len=211
2026-01-05 17:05:29 [WARNING] polymer_pipeline - preclean_smiles: dropping overlong SMILES len=302
2026-01-05 17:05:29 [WARNING] polymer_pipeline - preclean_smiles: dropping overlong SMILES len=302
2026-01-05 17:05:29 [WARNING] polymer_pipeline - preclean_smiles: dropping overlong SMILES len=302
2026-01-05 17:05:29 [WARNING] polymer_pipeline - preclean_smiles: dropping overlong SMILES len=302
2026-01-05 17:05:29 [WARNING] polymer_pipeline - preclean_smiles: dropping overlong SMILES len=302
2026-01-05 17:05:29 [WARNING] polymer_pipeline - preclean_smiles: dropping overlong SMILES len=302
2026-01-05 17:05:29 [WARNING] polymer_pipeline - preclean_smiles: dropping overlong SMILES len=259
2026-01-05 17:05:29 [WARNING] polymer_pipeline - preclean_smiles: dropping overlong SMILES len=302
2026-01-05 17:05:29 [WARNING] polymer_pipeline - preclean_smiles: dropping overlong SMILES len=302
2026-01-05 17:05:29 [WARNING] polymer_pipeline - preclean_smiles: dropping overlong SMILES len=234
2026-01-05 17:05:29 [WARNING] polymer_pipeline - preclean_smiles: dropping overlong SMILES len=294
2026-01-05 17:05:29 [WARNING] polymer_pipeline - preclean_smiles: dropping overlong SMILES len=302
2026-01-05 17:05:29 [WARNING] polymer_pipeline - preclean_smiles: dropping overlong SMILES len=302
2026-01-05 17:05:29 [WARNING] polymer_pipeline - preclean_smiles: dropping overlong SMILES len=302
2026-01-05 17:05:29 [WARNING] polymer_pipeline - preclean_smiles: dropping overlong SMILES len=302
2026-01-05 17:05:29 [WARNING] polymer_pipeline - preclean_smiles: dropping overlong SMILES len=302
2026-01-05 17:05:29 [WARNING] polymer_pipeline - preclean_smiles: dropping overlong SMILES len=302
2026-01-05 17:05:29 [WARNING] polymer_pipeline - preclean_smiles: dropping overlong SMILES len=302
2026-01-05 17:05:29 [WARNING] polymer_pipeline - preclean_smiles: dropping overlong SMILES len=224
2026-01-05 17:05:30 [WARNING] polymer_pipeline - preclean_smiles: dropping overlong SMILES len=302
2026-01-05 17:05:30 [WARNING] polymer_pipeline - preclean_smiles: dropping overlong SMILES len=297
2026-01-05 17:05:30 [WARNING] polymer_pipeline - preclean_smiles: dropping overlong SMILES len=302
2026-01-05 17:05:30 [WARNING] polymer_pipeline - preclean_smiles: dropping overlong SMILES len=302
2026-01-05 17:05:30 [WARNING] polymer_pipeline - preclean_smiles: dropping overlong SMILES len=302
2026-01-05 17:05:30 [WARNING] polymer_pipeline - preclean_smiles: dropping overlong SMILES len=302
2026-01-05 17:05:30 [WARNING] polymer_pipeline - preclean_smiles: dropping overlong SMILES len=261
2026-01-05 17:05:30 [WARNING] polymer_pipeline - preclean_smiles: dropping overlong SMILES len=208
2026-01-05 17:05:30 [WARNING] polymer_pipeline - preclean_smiles: dropping overlong SMILES len=302
2026-01-05 17:05:30 [WARNING] polymer_pipeline - preclean_smiles: dropping overlong SMILES len=213
2026-01-05 17:05:30 [WARNING] polymer_pipeline - preclean_smiles: dropping overlong SMILES len=250
2026-01-05 17:05:30 [WARNING] polymer_pipeline - preclean_smiles: dropping overlong SMILES len=236
2026-01-05 17:05:30 [WARNING] polymer_pipeline - preclean_smiles: dropping overlong SMILES len=302
2026-01-05 17:05:30 [WARNING] polymer_pipeline - preclean_smiles: dropping overlong SMILES len=302
2026-01-05 17:05:30 [WARNING] polymer_pipeline - preclean_smiles: dropping overlong SMILES len=302
2026-01-05 17:05:30 [WARNING] polymer_pipeline - preclean_smiles: dropping overlong SMILES len=203
2026-01-05 17:05:30 [WARNING] polymer_pipeline - preclean_smiles: dropping overlong SMILES len=302
2026-01-05 17:05:30 [WARNING] polymer_pipeline - preclean_smiles: dropping overlong SMILES len=302
2026-01-05 17:05:30 [WARNING] polymer_pipeline - preclean_smiles: dropping overlong SMILES len=302
2026-01-05 17:05:30 [WARNING] polymer_pipeline - preclean_smiles: dropping overlong SMILES len=302
2026-01-05 17:05:31 [WARNING] polymer_pipeline - preclean_smiles: dropping overlong SMILES len=302
2026-01-05 17:05:31 [WARNING] polymer_pipeline - preclean_smiles: dropping overlong SMILES len=281
2026-01-05 17:05:31 [WARNING] polymer_pipeline - preclean_smiles: dropping overlong SMILES len=302
2026-01-05 17:05:31 [WARNING] polymer_pipeline - preclean_smiles: dropping overlong SMILES len=302
2026-01-05 17:05:31 [WARNING] polymer_pipeline - preclean_smiles: dropping overlong SMILES len=302
2026-01-05 17:05:31 [WARNING] polymer_pipeline - preclean_smiles: dropping overlong SMILES len=302
2026-01-05 17:05:31 [WARNING] polymer_pipeline - preclean_smiles: dropping overlong SMILES len=302
2026-01-05 17:05:31 [WARNING] polymer_pipeline - preclean_smiles: dropping overlong SMILES len=302
2026-01-05 17:05:31 [WARNING] polymer_pipeline - preclean_smiles: dropping overlong SMILES len=302
2026-01-05 17:05:31 [WARNING] polymer_pipeline - preclean_smiles: dropping overlong SMILES len=302
2026-01-05 17:05:31 [WARNING] polymer_pipeline - preclean_smiles: dropping overlong SMILES len=278
2026-01-05 17:05:31 [WARNING] polymer_pipeline - preclean_smiles: dropping overlong SMILES len=302
2026-01-05 17:05:31 [WARNING] polymer_pipeline - preclean_smiles: dropping overlong SMILES len=302
2026-01-05 17:05:31 [WARNING] polymer_pipeline - preclean_smiles: dropping overlong SMILES len=302
2026-01-05 17:05:31 [WARNING] polymer_pipeline - preclean_smiles: dropping overlong SMILES len=302
2026-01-05 17:05:31 [WARNING] polymer_pipeline - preclean_smiles: dropping overlong SMILES len=203
2026-01-05 17:05:31 [WARNING] polymer_pipeline - preclean_smiles: dropping overlong SMILES len=302
2026-01-05 17:05:32 [WARNING] polymer_pipeline - preclean_smiles: dropping overlong SMILES len=219
2026-01-05 17:05:32 [WARNING] polymer_pipeline - preclean_smiles: dropping overlong SMILES len=226
2026-01-05 17:05:32 [WARNING] polymer_pipeline - preclean_smiles: dropping overlong SMILES len=251
2026-01-05 17:05:32 [WARNING] polymer_pipeline - preclean_smiles: dropping overlong SMILES len=302
2026-01-05 17:05:32 [WARNING] polymer_pipeline - preclean_smiles: dropping overlong SMILES len=302
2026-01-05 17:05:32 [WARNING] polymer_pipeline - preclean_smiles: dropping overlong SMILES len=242
2026-01-05 17:05:32 [WARNING] polymer_pipeline - preclean_smiles: dropping overlong SMILES len=264
2026-01-05 17:05:32 [WARNING] polymer_pipeline - preclean_smiles: dropping overlong SMILES len=290
2026-01-05 17:05:32 [WARNING] polymer_pipeline - preclean_smiles: dropping overlong SMILES len=225
2026-01-05 17:05:32 [WARNING] polymer_pipeline - preclean_smiles: dropping overlong SMILES len=352
2026-01-05 17:05:32 [WARNING] polymer_pipeline - preclean_smiles: dropping overlong SMILES len=302
2026-01-05 17:05:32 [WARNING] polymer_pipeline - preclean_smiles: dropping overlong SMILES len=302
2026-01-05 17:05:32 [WARNING] polymer_pipeline - preclean_smiles: dropping overlong SMILES len=302
2026-01-05 17:05:32 [WARNING] polymer_pipeline - preclean_smiles: dropping overlong SMILES len=302
2026-01-05 17:05:32 [WARNING] polymer_pipeline - preclean_smiles: dropping overlong SMILES len=302
2026-01-05 17:05:32 [WARNING] polymer_pipeline - preclean_smiles: dropping overlong SMILES len=302
2026-01-05 17:05:32 [WARNING] polymer_pipeline - preclean_smiles: dropping overlong SMILES len=302
2026-01-05 17:05:32 [WARNING] polymer_pipeline - preclean_smiles: dropping overlong SMILES len=302
2026-01-05 17:05:32 [WARNING] polymer_pipeline - preclean_smiles: dropping overlong SMILES len=302
2026-01-05 17:05:32 [WARNING] polymer_pipeline - preclean_smiles: dropping overlong SMILES len=302
2026-01-05 17:05:32 [WARNING] polymer_pipeline - preclean_smiles: dropping overlong SMILES len=302
2026-01-05 17:05:32 [WARNING] polymer_pipeline - preclean_smiles: dropping overlong SMILES len=211
2026-01-05 17:05:32 [WARNING] polymer_pipeline - preclean_smiles: dropping overlong SMILES len=208
2026-01-05 17:05:32 [WARNING] polymer_pipeline - preclean_smiles: dropping overlong SMILES len=302
2026-01-05 17:05:32 [WARNING] polymer_pipeline - preclean_smiles: dropping overlong SMILES len=273
2026-01-05 17:05:32 [WARNING] polymer_pipeline - preclean_smiles: dropping overlong SMILES len=302
2026-01-05 17:05:32 [WARNING] polymer_pipeline - preclean_smiles: dropping overlong SMILES len=302
2026-01-05 17:05:32 [WARNING] polymer_pipeline - preclean_smiles: dropping overlong SMILES len=302
2026-01-05 17:05:32 [WARNING] polymer_pipeline - preclean_smiles: dropping overlong SMILES len=302
2026-01-05 17:05:32 [WARNING] polymer_pipeline - preclean_smiles: dropping overlong SMILES len=302
2026-01-05 17:05:32 [WARNING] polymer_pipeline - preclean_smiles: dropping overlong SMILES len=302
2026-01-05 17:05:32 [WARNING] polymer_pipeline - preclean_smiles: dropping overlong SMILES len=283
2026-01-05 17:05:32 [WARNING] polymer_pipeline - preclean_smiles: dropping overlong SMILES len=302
2026-01-05 17:05:32 [WARNING] polymer_pipeline - preclean_smiles: dropping overlong SMILES len=218
2026-01-05 17:05:32 [WARNING] polymer_pipeline - preclean_smiles: dropping overlong SMILES len=252
2026-01-05 17:05:33 [WARNING] polymer_pipeline - preclean_smiles: dropping overlong SMILES len=302
2026-01-05 17:05:33 [WARNING] polymer_pipeline - preclean_smiles: dropping overlong SMILES len=236
2026-01-05 17:05:33 [WARNING] polymer_pipeline - preclean_smiles: dropping overlong SMILES len=281
2026-01-05 17:05:33 [WARNING] polymer_pipeline - preclean_smiles: dropping overlong SMILES len=281
2026-01-05 17:05:33 [WARNING] polymer_pipeline - preclean_smiles: dropping overlong SMILES len=281
2026-01-05 17:05:33 [WARNING] polymer_pipeline - preclean_smiles: dropping overlong SMILES len=281
2026-01-05 17:05:33 [WARNING] polymer_pipeline - preclean_smiles: dropping overlong SMILES len=281
2026-01-05 17:05:33 [WARNING] polymer_pipeline - preclean_smiles: dropping overlong SMILES len=281
2026-01-05 17:05:33 [WARNING] polymer_pipeline - preclean_smiles: dropping overlong SMILES len=281
2026-01-05 17:05:33 [WARNING] polymer_pipeline - preclean_smiles: dropping overlong SMILES len=281
2026-01-05 17:05:33 [WARNING] polymer_pipeline - preclean_smiles: dropping overlong SMILES len=281
2026-01-05 17:05:33 [WARNING] polymer_pipeline - preclean_smiles: dropping overlong SMILES len=281
2026-01-05 17:05:33 [WARNING] polymer_pipeline - preclean_smiles: dropping overlong SMILES len=281
2026-01-05 17:05:33 [WARNING] polymer_pipeline - preclean_smiles: dropping overlong SMILES len=281
2026-01-05 17:05:37 [WARNING] polymer_pipeline - preclean_smiles: dropping overlong SMILES len=281
2026-01-05 17:05:37 [WARNING] polymer_pipeline - preclean_smiles: dropping overlong SMILES len=281
2026-01-05 17:05:39 [WARNING] polymer_pipeline - preclean_smiles: dropping overlong SMILES len=244
2026-01-05 17:05:40 [WARNING] polymer_pipeline - preclean_smiles: dropping overlong SMILES len=217
2026-01-05 17:05:40 [WARNING] polymer_pipeline - preclean_smiles: dropping overlong SMILES len=332
2026-01-05 17:05:40 [WARNING] polymer_pipeline - preclean_smiles: dropping overlong SMILES len=244
2026-01-05 17:05:40 [WARNING] polymer_pipeline - preclean_smiles: dropping overlong SMILES len=217
2026-01-05 17:05:40 [WARNING] polymer_pipeline - preclean_smiles: dropping overlong SMILES len=332
2026-01-05 17:05:41 [WARNING] polymer_pipeline - preclean_smiles: dropping overlong SMILES len=244
2026-01-05 17:05:41 [WARNING] polymer_pipeline - preclean_smiles: dropping overlong SMILES len=217
2026-01-05 17:05:42 [WARNING] polymer_pipeline - preclean_smiles: dropping overlong SMILES len=332
2026-01-05 17:05:42 [WARNING] polymer_pipeline - preclean_smiles: dropping overlong SMILES len=244
2026-01-05 17:05:42 [WARNING] polymer_pipeline - preclean_smiles: dropping overlong SMILES len=217
2026-01-05 17:05:42 [WARNING] polymer_pipeline - preclean_smiles: dropping overlong SMILES len=332
2026-01-05 17:05:43 [WARNING] polymer_pipeline - preclean_smiles: dropping overlong SMILES len=244
2026-01-05 17:05:43 [WARNING] polymer_pipeline - preclean_smiles: dropping overlong SMILES len=217
2026-01-05 17:05:43 [WARNING] polymer_pipeline - preclean_smiles: dropping overlong SMILES len=332
2026-01-05 17:05:44 [WARNING] polymer_pipeline - preclean_smiles: dropping overlong SMILES len=244
2026-01-05 17:05:44 [WARNING] polymer_pipeline - preclean_smiles: dropping overlong SMILES len=217
2026-01-05 17:05:44 [WARNING] polymer_pipeline - preclean_smiles: dropping overlong SMILES len=332
2026-01-05 17:05:44 [WARNING] polymer_pipeline - preclean_smiles: dropping overlong SMILES len=244
2026-01-05 17:05:44 [WARNING] polymer_pipeline - preclean_smiles: dropping overlong SMILES len=217
2026-01-05 17:05:44 [WARNING] polymer_pipeline - preclean_smiles: dropping overlong SMILES len=332
2026-01-05 17:05:45 [WARNING] polymer_pipeline - preclean_smiles: dropping overlong SMILES len=244
2026-01-05 17:05:45 [WARNING] polymer_pipeline - preclean_smiles: dropping overlong SMILES len=217
2026-01-05 17:05:45 [WARNING] polymer_pipeline - preclean_smiles: dropping overlong SMILES len=332
2026-01-05 17:05:46 [WARNING] polymer_pipeline - preclean_smiles: dropping overlong SMILES len=244
2026-01-05 17:05:46 [WARNING] polymer_pipeline - preclean_smiles: dropping overlong SMILES len=217
2026-01-05 17:05:46 [WARNING] polymer_pipeline - preclean_smiles: dropping overlong SMILES len=332
2026-01-05 17:05:50 [WARNING] polymer_pipeline - preclean_smiles: dropping overlong SMILES len=231
2026-01-05 17:05:50 [WARNING] polymer_pipeline - preclean_smiles: dropping overlong SMILES len=231
2026-01-05 17:05:50 [WARNING] polymer_pipeline - preclean_smiles: dropping overlong SMILES len=231
2026-01-05 17:05:50 [WARNING] polymer_pipeline - preclean_smiles: dropping overlong SMILES len=231
2026-01-05 17:05:52 [WARNING] polymer_pipeline - preclean_smiles: dropping overlong SMILES len=218
2026-01-05 17:05:53 [WARNING] polymer_pipeline - preclean_smiles: dropping overlong SMILES len=218
2026-01-05 17:05:54 [WARNING] polymer_pipeline - preclean_smiles: dropping overlong SMILES len=218
2026-01-05 17:05:57 [WARNING] polymer_pipeline - preclean_smiles: dropping overlong SMILES len=234
2026-01-05 17:05:57 [INFO] polymer_pipeline - Layer 2: fused 506 entries (matched repeat units for 458)
2026-01-05 17:05:57 [INFO] polymer_pipeline - Layer 2: image-pool fallback recoveries: 49
2026-01-05 17:05:57 [INFO] polymer_pipeline - Auto-corrected SMILES: 0/49 (0.0%) repaired
2026-01-05 17:05:57 [INFO] polymer_pipeline - Repaired candidates: 0 used_in_output=0 rejected_by_filter=0
2026-01-05 17:05:58 [INFO] polymer_pipeline - Layer 3 complete: assigned confidence to 506 entries
2026-01-05 17:05:58 [INFO] polymer_pipeline - Layer 4 complete: 48 entries flagged for manual review
2026-01-05 17:05:58 [INFO] polymer_pipeline - Metrics: sidechain=0.30 backbone=0.09 repeat=0.91 manual=0.09
2026-01-05 17:05:58 [INFO] polymer_pipeline - Top failure reasons: {'missing_sidechain': 355, 'missing_repeat_unit': 48, 'manual_review': 48}
2026-01-05 17:05:58 [INFO] polymer_pipeline - Pipeline complete. Layer timings (s): L0=0.01 L1=0.34 L2=29.97 L3=0.17 L4=0.00 total=30.49
2026-01-05 17:05:58 [INFO] polymer_pipeline - OPSIN stats: calls=1626 cache_hits=32 cache_misses=1626 success=16
2026-01-05 17:05:58 [INFO] polymer_pipeline - Pipeline complete. Output written to /Users/k25063738/Text-mining-postprocessing/polymer_structures_groundtruth.csv
2026-01-05 17:05:58 [INFO] polymer_pipeline - Metrics summary: {'coverage_sidechain': 0.2984189723320158, 'coverage_backbone': 0.09288537549407115, 'coverage_repeat_unit': 0.9051383399209486, 'manual_review_rate': 0.09486166007905138, 'opsin_coverage': 0.09288537549407115, 'top_failure_reasons': {'missing_sidechain': 355, 'missing_repeat_unit': 48, 'manual_review': 48}}
2026-01-05 17:05:58 [INFO] polymer_pipeline - Metrics: sidechain=0.30 backbone=0.09 repeat=0.91 manual=0.09
2026-01-05 17:05:58 [INFO] polymer_pipeline - Top failure reasons: {'missing_sidechain': 355, 'missing_repeat_unit': 48, 'manual_review': 48}
2026-01-05 17:08:39 [INFO] polymer_pipeline - [OPSIN] Using package: uk.ac.cam.ch.wwmm.opsin.NameToStructure
2026-01-05 17:08:39 [INFO] polymer_pipeline - OPSIN parsed 'ethanol' in 0.003s
2026-01-05 17:08:49 [INFO] polymer_pipeline - Loading data: data/user_polymer.csv and data/user_image_pool.csv
2026-01-05 17:08:49 [INFO] polymer_pipeline - Loaded data/user_polymer.csv with columns=['polymer_name', 'backbone', 'side_chain', 'side_chain_type', 'side_chain_length', 'side_chain_design_intent', 'device_type', 'transport_regime', 'film_thickness', 'channel_length', 'molecular_weight_mn', 'molecular_weight_mw', 'dispersity', 'mobility_h', 'mobility_e', 'capacitance', 'uc_star', 'pce', 'jsc', 'voc', 'ff', 'crystallinity', 'pi_pi_spacing', 'lamellar_spacing', 'experiment_condition', 'processing_method', 'processing_solvent', 'synthesis_solvent', 'electrolyte', 'measurement_method', 'notes', '_source_file', '_source_path', '_config_name'] shape=(506, 34)
2026-01-05 17:08:49 [INFO] polymer_pipeline - Loaded data/user_image_pool.csv with columns=['paper_name', 'image_path', 'polymer_name', 'segment_index', 'raw_smiles', 'cleaned_smiles', 'canonical_smiles', 'status'] shape=(1364, 8)
2026-01-05 17:08:49 [INFO] polymer_pipeline - Polymer columns: ['polymer_name', 'backbone', 'side_chain', 'side_chain_type', 'side_chain_length', 'side_chain_design_intent', 'device_type', 'transport_regime', 'film_thickness', 'channel_length', 'molecular_weight_mn', 'molecular_weight_mw', 'dispersity', 'mobility_h', 'mobility_e', 'capacitance', 'uc_star', 'pce', 'jsc', 'voc', 'ff', 'crystallinity', 'pi_pi_spacing', 'lamellar_spacing', 'experiment_condition', 'processing_method', 'processing_solvent', 'synthesis_solvent', 'electrolyte', 'measurement_method', 'notes', '_source_file', '_source_path', '_config_name']
2026-01-05 17:08:49 [INFO] polymer_pipeline - Image columns: ['paper_name', 'image_path', 'polymer_name', 'segment_index', 'raw_smiles', 'cleaned_smiles', 'canonical_smiles', 'status']
2026-01-05 17:08:49 [WARNING] polymer_pipeline - Missing expected column in polymer table: paper_id
2026-01-05 17:08:49 [WARNING] polymer_pipeline - Missing expected column in image table: paper_id
2026-01-05 17:08:49 [WARNING] polymer_pipeline - Missing expected column in image table: candidate_smiles
2026-01-05 17:08:50 [INFO] polymer_pipeline - Layer 0 input columns (polymer): ['polymer_name', 'backbone', 'side_chain', 'side_chain_type', 'side_chain_length', 'side_chain_design_intent', 'device_type', 'transport_regime', 'film_thickness', 'channel_length', 'molecular_weight_mn', 'molecular_weight_mw', 'dispersity', 'mobility_h', 'mobility_e', 'capacitance', 'uc_star', 'pce', 'jsc', 'voc', 'ff', 'crystallinity', 'pi_pi_spacing', 'lamellar_spacing', 'experiment_condition', 'processing_method', 'processing_solvent', 'synthesis_solvent', 'electrolyte', 'measurement_method', 'notes', '_source_file', '_source_path', '_config_name', 'backbone_name_text', 'sidechain_name_text', 'paper_id', 'confidence_text']
2026-01-05 17:08:50 [INFO] polymer_pipeline - Layer 0 input columns (image): ['paper_name', 'image_path', 'polymer_name', 'segment_index', 'raw_smiles', 'cleaned_smiles', 'canonical_smiles', 'status', 'paper_id', 'candidate_smiles']
2026-01-05 17:08:50 [INFO] polymer_pipeline - Layer 0 normalized columns (polymer): ['polymer_name', 'backbone', 'side_chain', 'side_chain_type', 'side_chain_length', 'side_chain_design_intent', 'device_type', 'transport_regime', 'film_thickness', 'channel_length', 'molecular_weight_mn', 'molecular_weight_mw', 'dispersity', 'mobility_h', 'mobility_e', 'capacitance', 'uc_star', 'pce', 'jsc', 'voc', 'ff', 'crystallinity', 'pi_pi_spacing', 'lamellar_spacing', 'experiment_condition', 'processing_method', 'processing_solvent', 'synthesis_solvent', 'electrolyte', 'measurement_method', 'notes', '_source_file', '_source_path', '_config_name', 'backbone_name_text', 'sidechain_name_text', 'paper_id', 'confidence_text', 'paper_name']
2026-01-05 17:08:50 [INFO] polymer_pipeline - Layer 0 normalized columns (image): ['paper_name', 'image_path', 'polymer_name', 'segment_index', 'raw_smiles', 'cleaned_smiles', 'canonical_smiles', 'status', 'paper_id', 'candidate_smiles', 'image_id', 'fragment_id', 'parse_status']
2026-01-05 17:08:50 [INFO] polymer_pipeline - Schema report written to logs/schema_report.json
2026-01-05 17:08:50 [INFO] polymer_pipeline - Layer 0: normalized schemas (missing polymer cols=['paper_name'], missing image cols=[])
2026-01-05 17:08:50 [INFO] polymer_pipeline - Layer 0: unique paper_ids (polymer=100, image=93)
2026-01-05 17:08:50 [INFO] polymer_pipeline - Layer 0 backbone preview: ['bdt-based d–a copolymer (thiophene-benzothiadiazole-thiophene)', 'bdt-based d–a copolymer (thiophene-benzothiadiazole-thiophene)', 'naphthobisthiadiazole-based d−a copolymer', 'naphthobisthiadiazole-based d−a copolymer', 'naphthobisthiadiazole-based d−a copolymer']
2026-01-05 17:08:50 [INFO] polymer_pipeline - Layer 0 sidechain preview: ['carbazolesegment', 'carbazolesegment', '2-c8doc10', '2-c8doc10', '2-c8doc10']
2026-01-05 17:08:50 [INFO] polymer_pipeline - OPSIN parsed 'bdt-based d-a copolymer (thiophene-benzothiadiazole-thiophene)' in 0.000s
2026-01-05 17:08:50 [INFO] polymer_pipeline - OPSIN parsed 'bdt- d-a  (thiophene-benzothiadiazole-thiophene)' in 0.000s
2026-01-05 17:08:50 [INFO] polymer_pipeline - OPSIN parsed 'bdt- d-a  (thiophene-benzothiadiazole-thiophene)' in 0.000s
2026-01-05 17:08:50 [INFO] polymer_pipeline - OPSIN parsed 'bdt- d-a (thiophene-benzothiadiazole-thiophene)' in 0.000s
2026-01-05 17:08:50 [INFO] polymer_pipeline - OPSIN parsed 'bdt-based d-a copolymer (thiophene-benzothiadiazole-thiophene)' in 0.000s
2026-01-05 17:08:50 [INFO] polymer_pipeline - OPSIN parsed 'bdt- d-a  (thiophene-benzothiadiazole-thiophene)' in 0.000s
2026-01-05 17:08:50 [INFO] polymer_pipeline - OPSIN parsed 'bdt- d-a  (thiophene-benzothiadiazole-thiophene)' in 0.000s
2026-01-05 17:08:50 [INFO] polymer_pipeline - OPSIN parsed 'bdt- d-a (thiophene-benzothiadiazole-thiophene)' in 0.000s
2026-01-05 17:08:50 [INFO] polymer_pipeline - OPSIN parsed 'naphthobisthiadiazole-based d-a copolymer' in 0.000s
2026-01-05 17:08:50 [INFO] polymer_pipeline - OPSIN parsed 'naphthobisthiadiazole- d-a' in 0.000s
2026-01-05 17:08:50 [INFO] polymer_pipeline - OPSIN parsed 'naphthobisthiadiazole- d-a' in 0.000s
2026-01-05 17:08:50 [INFO] polymer_pipeline - OPSIN parsed 'naphthobisthiadiazole- d-a' in 0.000s
2026-01-05 17:08:50 [INFO] polymer_pipeline - OPSIN parsed 'naphthobisthiadiazole-based d-a copolymer' in 0.000s
2026-01-05 17:08:50 [INFO] polymer_pipeline - OPSIN parsed 'naphthobisthiadiazole- d-a' in 0.000s
2026-01-05 17:08:50 [INFO] polymer_pipeline - OPSIN parsed 'naphthobisthiadiazole- d-a' in 0.000s
2026-01-05 17:08:50 [INFO] polymer_pipeline - OPSIN parsed 'naphthobisthiadiazole- d-a' in 0.000s
2026-01-05 17:08:50 [INFO] polymer_pipeline - OPSIN parsed 'naphthobisthiadiazole-based d-a copolymer' in 0.000s
2026-01-05 17:08:50 [INFO] polymer_pipeline - OPSIN parsed 'naphthobisthiadiazole- d-a' in 0.000s
2026-01-05 17:08:50 [INFO] polymer_pipeline - OPSIN parsed 'naphthobisthiadiazole- d-a' in 0.000s
2026-01-05 17:08:50 [INFO] polymer_pipeline - OPSIN parsed 'naphthobisthiadiazole- d-a' in 0.000s
2026-01-05 17:08:50 [INFO] polymer_pipeline - OPSIN parsed 'naphthobisthiadiazole-based d-a copolymer' in 0.000s
2026-01-05 17:08:50 [INFO] polymer_pipeline - OPSIN parsed 'naphthobisthiadiazole- d-a' in 0.000s
2026-01-05 17:08:50 [INFO] polymer_pipeline - OPSIN parsed 'naphthobisthiadiazole- d-a' in 0.000s
2026-01-05 17:08:50 [INFO] polymer_pipeline - OPSIN parsed 'naphthobisthiadiazole- d-a' in 0.000s
2026-01-05 17:08:50 [INFO] polymer_pipeline - OPSIN parsed 'naphthobisthiadiazole-based d-a copolymer' in 0.000s
2026-01-05 17:08:50 [INFO] polymer_pipeline - OPSIN parsed 'naphthobisthiadiazole- d-a' in 0.000s
2026-01-05 17:08:50 [INFO] polymer_pipeline - OPSIN parsed 'naphthobisthiadiazole- d-a' in 0.000s
2026-01-05 17:08:50 [INFO] polymer_pipeline - OPSIN parsed 'naphthobisthiadiazole- d-a' in 0.000s
2026-01-05 17:08:50 [INFO] polymer_pipeline - OPSIN parsed 'naphthobisthiadiazole-based d-a copolymer' in 0.000s
2026-01-05 17:08:50 [INFO] polymer_pipeline - OPSIN parsed 'naphthobisthiadiazole- d-a' in 0.000s
2026-01-05 17:08:50 [INFO] polymer_pipeline - OPSIN parsed 'naphthobisthiadiazole- d-a' in 0.000s
2026-01-05 17:08:50 [INFO] polymer_pipeline - OPSIN parsed 'naphthobisthiadiazole- d-a' in 0.000s
2026-01-05 17:08:50 [INFO] polymer_pipeline - OPSIN parsed 'naphthobisthiadiazole-based d-a copolymer' in 0.000s
2026-01-05 17:08:50 [INFO] polymer_pipeline - OPSIN parsed 'naphthobisthiadiazole- d-a' in 0.000s
2026-01-05 17:08:50 [INFO] polymer_pipeline - OPSIN parsed 'naphthobisthiadiazole- d-a' in 0.000s
2026-01-05 17:08:50 [INFO] polymer_pipeline - OPSIN parsed 'naphthobisthiadiazole- d-a' in 0.000s
2026-01-05 17:08:50 [INFO] polymer_pipeline - OPSIN parsed 'naphthobisthiadiazole-based d-a copolymer' in 0.000s
2026-01-05 17:08:50 [INFO] polymer_pipeline - OPSIN parsed 'naphthobisthiadiazole- d-a' in 0.000s
2026-01-05 17:08:50 [INFO] polymer_pipeline - OPSIN parsed 'naphthobisthiadiazole- d-a' in 0.000s
2026-01-05 17:08:50 [INFO] polymer_pipeline - OPSIN parsed 'naphthobisthiadiazole- d-a' in 0.000s
2026-01-05 17:08:50 [INFO] polymer_pipeline - OPSIN parsed 'naphthobisthiadiazole-based d-a copolymer' in 0.000s
2026-01-05 17:08:50 [INFO] polymer_pipeline - OPSIN parsed 'naphthobisthiadiazole- d-a' in 0.000s
2026-01-05 17:08:50 [INFO] polymer_pipeline - OPSIN parsed 'naphthobisthiadiazole- d-a' in 0.000s
2026-01-05 17:08:50 [INFO] polymer_pipeline - OPSIN parsed 'naphthobisthiadiazole- d-a' in 0.000s
2026-01-05 17:08:50 [INFO] polymer_pipeline - OPSIN parsed 'naphthobisthiadiazole-based d-a copolymer' in 0.000s
2026-01-05 17:08:50 [INFO] polymer_pipeline - OPSIN parsed 'naphthobisthiadiazole- d-a' in 0.000s
2026-01-05 17:08:50 [INFO] polymer_pipeline - OPSIN parsed 'naphthobisthiadiazole- d-a' in 0.000s
2026-01-05 17:08:50 [INFO] polymer_pipeline - OPSIN parsed 'naphthobisthiadiazole- d-a' in 0.000s
2026-01-05 17:08:50 [INFO] polymer_pipeline - OPSIN parsed 'naphthobisthiadiazole-based d-a copolymer' in 0.000s
2026-01-05 17:08:50 [INFO] polymer_pipeline - OPSIN parsed 'naphthobisthiadiazole- d-a' in 0.000s
2026-01-05 17:08:50 [INFO] polymer_pipeline - OPSIN parsed 'naphthobisthiadiazole- d-a' in 0.000s
2026-01-05 17:08:50 [INFO] polymer_pipeline - OPSIN parsed 'naphthobisthiadiazole- d-a' in 0.000s
2026-01-05 17:08:50 [INFO] polymer_pipeline - OPSIN parsed 'naphthobisthiadiazole-based d-a copolymer' in 0.000s
2026-01-05 17:08:50 [INFO] polymer_pipeline - OPSIN parsed 'naphthobisthiadiazole- d-a' in 0.000s
2026-01-05 17:08:50 [INFO] polymer_pipeline - OPSIN parsed 'naphthobisthiadiazole- d-a' in 0.000s
2026-01-05 17:08:50 [INFO] polymer_pipeline - OPSIN parsed 'naphthobisthiadiazole- d-a' in 0.000s
2026-01-05 17:08:50 [INFO] polymer_pipeline - OPSIN parsed 'π-extended poly(benzimidazoanthradiisoquinolinedione)' in 0.000s
2026-01-05 17:08:50 [INFO] polymer_pipeline - OPSIN parsed 'π-extended poly(benzimidazoanthradiisoquinolinedione)' in 0.000s
2026-01-05 17:08:50 [INFO] polymer_pipeline - OPSIN parsed 'π-extended poly(benzimidazoanthradiisoquinolinedione)' in 0.000s
2026-01-05 17:08:50 [INFO] polymer_pipeline - OPSIN parsed 'π-extended poly(benzimidazoanthradiisoquinolinedione)' in 0.000s
2026-01-05 17:08:50 [INFO] polymer_pipeline - OPSIN parsed 'π-extended poly(benzimidazoanthradiisoquinolinedione)' in 0.000s
2026-01-05 17:08:50 [INFO] polymer_pipeline - OPSIN parsed 'π-extended poly(benzimidazoanthradiisoquinolinedione)' in 0.000s
2026-01-05 17:08:50 [INFO] polymer_pipeline - OPSIN parsed 'π-extended poly(benzimidazoanthradiisoquinolinedione)' in 0.000s
2026-01-05 17:08:50 [INFO] polymer_pipeline - OPSIN parsed 'π-extended poly(benzimidazoanthradiisoquinolinedione)' in 0.000s
2026-01-05 17:08:50 [INFO] polymer_pipeline - OPSIN parsed 'bithiophene' in 0.001s
2026-01-05 17:08:50 [INFO] polymer_pipeline - OPSIN parsed 'thienothiophene-benzotriazole' in 0.001s
2026-01-05 17:08:50 [INFO] polymer_pipeline - OPSIN parsed 'naphthalene diimide-alt-indacenodithiophene' in 0.000s
2026-01-05 17:08:50 [INFO] polymer_pipeline - OPSIN parsed 'naphthalene diimide-alt-indacenodithiophene' in 0.000s
2026-01-05 17:08:50 [INFO] polymer_pipeline - OPSIN parsed 'naphthalene diimide-alt-indacenodithiophene' in 0.000s
2026-01-05 17:08:50 [INFO] polymer_pipeline - OPSIN parsed 'naphthalene diimide-alt-indacenodithiophene' in 0.000s
2026-01-05 17:08:50 [INFO] polymer_pipeline - OPSIN parsed 'naphthalene diimide-alt-indacenodithiophene' in 0.000s
2026-01-05 17:08:50 [INFO] polymer_pipeline - OPSIN parsed 'naphthalene diimide-alt-indacenodithiophene' in 0.000s
2026-01-05 17:08:50 [INFO] polymer_pipeline - OPSIN parsed 'naphthalene diimide-alt-indacenodithiophene' in 0.000s
2026-01-05 17:08:50 [INFO] polymer_pipeline - OPSIN parsed 'naphthalene diimide-alt-indacenodithiophene' in 0.000s
2026-01-05 17:08:50 [INFO] polymer_pipeline - OPSIN parsed 'naphthalene diimide-alt-indacenodithiophene' in 0.000s
2026-01-05 17:08:50 [INFO] polymer_pipeline - OPSIN parsed 'naphthalene diimide-alt-indacenodithiophene' in 0.000s
2026-01-05 17:08:50 [INFO] polymer_pipeline - OPSIN parsed 'naphthalene diimide-alt-indacenodithiophene' in 0.000s
2026-01-05 17:08:50 [INFO] polymer_pipeline - OPSIN parsed 'naphthalene diimide-alt-indacenodithiophene' in 0.000s
2026-01-05 17:08:50 [INFO] polymer_pipeline - OPSIN parsed 'naphthalene diimide-alt-indacenodithiophene' in 0.000s
2026-01-05 17:08:50 [INFO] polymer_pipeline - OPSIN parsed 'naphthalene diimide-alt-indacenodithiophene' in 0.000s
2026-01-05 17:08:50 [INFO] polymer_pipeline - OPSIN parsed 'naphthalene diimide-alt-indacenodithiophene' in 0.000s
2026-01-05 17:08:50 [INFO] polymer_pipeline - OPSIN parsed 'naphthalene diimide-alt-indacenodithiophene' in 0.000s
2026-01-05 17:08:50 [INFO] polymer_pipeline - OPSIN parsed 'naphthalene diimide-alt-indacenodithiophene' in 0.000s
2026-01-05 17:08:50 [INFO] polymer_pipeline - OPSIN parsed 'naphthalene diimide-alt-indacenodithiophene' in 0.000s
2026-01-05 17:08:50 [INFO] polymer_pipeline - OPSIN parsed 'naphthalene diimide-alt-indacenodithiophene' in 0.000s
2026-01-05 17:08:50 [INFO] polymer_pipeline - OPSIN parsed 'naphthalene diimide-alt-indacenodithiophene' in 0.000s
2026-01-05 17:08:50 [INFO] polymer_pipeline - OPSIN parsed 'naphthalene diimide-alt-indacenodithiophene' in 0.000s
2026-01-05 17:08:50 [INFO] polymer_pipeline - OPSIN parsed 'naphthalene diimide-alt-indacenodithiophene' in 0.000s
2026-01-05 17:08:50 [INFO] polymer_pipeline - OPSIN parsed 'naphthalene diimide-alt-indacenodithiophene' in 0.000s
2026-01-05 17:08:50 [INFO] polymer_pipeline - OPSIN parsed 'naphthalene diimide-alt-indacenodithiophene' in 0.000s
2026-01-05 17:08:50 [INFO] polymer_pipeline - OPSIN parsed 'naphthalene diimide-alt-indacenodithiophene' in 0.000s
2026-01-05 17:08:50 [INFO] polymer_pipeline - OPSIN parsed 'naphthalene diimide-alt-indacenodithiophene' in 0.000s
2026-01-05 17:08:50 [INFO] polymer_pipeline - OPSIN parsed 'naphthalene diimide-alt-indacenodithiophene' in 0.000s
2026-01-05 17:08:50 [INFO] polymer_pipeline - OPSIN parsed 'naphthalene diimide-alt-indacenodithiophene' in 0.000s
2026-01-05 17:08:50 [INFO] polymer_pipeline - OPSIN parsed 'naphthalene diimide-alt-bithiophene' in 0.000s
2026-01-05 17:08:50 [INFO] polymer_pipeline - OPSIN parsed 'naphthalene diimide-alt-bithiophene' in 0.000s
2026-01-05 17:08:50 [INFO] polymer_pipeline - OPSIN parsed 'naphthalene diimide-alt-bithiophene' in 0.000s
2026-01-05 17:08:50 [INFO] polymer_pipeline - OPSIN parsed 'naphthalene diimide-alt-bithiophene' in 0.000s
2026-01-05 17:08:50 [INFO] polymer_pipeline - OPSIN parsed 'poly(isoindigo-thienothiophene)' in 0.000s
2026-01-05 17:08:50 [INFO] polymer_pipeline - OPSIN parsed 'poly(isoindigo-thienothiophene)' in 0.000s
2026-01-05 17:08:50 [INFO] polymer_pipeline - OPSIN parsed 'poly(isoindigo-thienothiophene)' in 0.000s
2026-01-05 17:08:50 [INFO] polymer_pipeline - OPSIN parsed 'poly(isoindigo-thienothiophene)' in 0.000s
2026-01-05 17:08:50 [INFO] polymer_pipeline - OPSIN parsed 'poly(isoindigo-thienothiophene)' in 0.000s
2026-01-05 17:08:50 [INFO] polymer_pipeline - OPSIN parsed 'poly(isoindigo-thienothiophene)' in 0.000s
2026-01-05 17:08:50 [INFO] polymer_pipeline - OPSIN parsed 'poly(isoindigo-thienothiophene)' in 0.000s
2026-01-05 17:08:50 [INFO] polymer_pipeline - OPSIN parsed 'poly(isoindigo-thienothiophene)' in 0.000s
2026-01-05 17:08:50 [INFO] polymer_pipeline - OPSIN parsed 'poly(isoindigo-thienothiophene)' in 0.000s
2026-01-05 17:08:50 [INFO] polymer_pipeline - OPSIN parsed 'poly(isoindigo-thienothiophene)' in 0.000s
2026-01-05 17:08:50 [INFO] polymer_pipeline - OPSIN parsed 'poly(isoindigo-thienothiophene)' in 0.000s
2026-01-05 17:08:50 [INFO] polymer_pipeline - OPSIN parsed 'poly(isoindigo-thienothiophene)' in 0.000s
2026-01-05 17:08:50 [INFO] polymer_pipeline - OPSIN parsed 'poly(isoindigo-thienothiophene)' in 0.000s
2026-01-05 17:08:50 [INFO] polymer_pipeline - OPSIN parsed 'poly(isoindigo-thienothiophene)' in 0.000s
2026-01-05 17:08:50 [INFO] polymer_pipeline - OPSIN parsed 'poly(isoindigo-thienothiophene)' in 0.000s
2026-01-05 17:08:50 [INFO] polymer_pipeline - OPSIN parsed 'poly(isoindigo-thienothiophene)' in 0.000s
2026-01-05 17:08:50 [INFO] polymer_pipeline - OPSIN parsed 'naphthalenediimide-dialkoxybithiazole backbone' in 0.000s
2026-01-05 17:08:50 [INFO] polymer_pipeline - OPSIN parsed 'naphthalenediimide-dialkoxybithiazole backbone' in 0.000s
2026-01-05 17:08:50 [INFO] polymer_pipeline - OPSIN parsed 'naphthalenediimide-dialkoxybithiazole backbone' in 0.000s
2026-01-05 17:08:50 [INFO] polymer_pipeline - OPSIN parsed 'naphthalenediimide-dialkoxybithiazole backbone' in 0.000s
2026-01-05 17:08:50 [INFO] polymer_pipeline - OPSIN parsed 'naphthalenediimide-dialkoxybithiazole backbone' in 0.000s
2026-01-05 17:08:50 [INFO] polymer_pipeline - OPSIN parsed 'naphthalenediimide-dialkoxybithiazole backbone' in 0.000s
2026-01-05 17:08:50 [INFO] polymer_pipeline - OPSIN parsed 'naphthalenediimide-dialkoxybithiazole backbone' in 0.000s
2026-01-05 17:08:50 [INFO] polymer_pipeline - OPSIN parsed 'naphthalenediimide-dialkoxybithiazole backbone' in 0.000s
2026-01-05 17:08:50 [INFO] polymer_pipeline - OPSIN parsed 'naphthalenediimide-dialkoxybithiazole backbone' in 0.000s
2026-01-05 17:08:50 [INFO] polymer_pipeline - OPSIN parsed 'naphthalenediimide-dialkoxybithiazole backbone' in 0.000s
2026-01-05 17:08:50 [INFO] polymer_pipeline - OPSIN parsed 'naphthalenediimide-dialkoxybithiazole backbone' in 0.000s
2026-01-05 17:08:50 [INFO] polymer_pipeline - OPSIN parsed 'naphthalenediimide-dialkoxybithiazole backbone' in 0.000s
2026-01-05 17:08:50 [INFO] polymer_pipeline - OPSIN parsed 'naphthalenediimide-dialkoxybithiazole backbone' in 0.000s
2026-01-05 17:08:50 [INFO] polymer_pipeline - OPSIN parsed 'naphthalenediimide-dialkoxybithiazole backbone' in 0.000s
2026-01-05 17:08:50 [INFO] polymer_pipeline - OPSIN parsed 'naphthalenediimide-dialkoxybithiazole backbone' in 0.000s
2026-01-05 17:08:50 [INFO] polymer_pipeline - OPSIN parsed 'naphthalenediimide-dialkoxybithiazole backbone' in 0.000s
2026-01-05 17:08:50 [INFO] polymer_pipeline - OPSIN parsed 'naphthalenediimide-dialkoxybithiazole backbone' in 0.000s
2026-01-05 17:08:50 [INFO] polymer_pipeline - OPSIN parsed 'naphthalenediimide-dialkoxybithiazole backbone' in 0.000s
2026-01-05 17:08:50 [INFO] polymer_pipeline - OPSIN parsed 'naphthalenediimide-dialkoxybithiazole backbone' in 0.000s
2026-01-05 17:08:50 [INFO] polymer_pipeline - OPSIN parsed 'naphthalenediimide-dialkoxybithiazole backbone' in 0.000s
2026-01-05 17:08:50 [INFO] polymer_pipeline - OPSIN parsed 'cyclopentadithiophene-alt-benzothiadiazole' in 0.000s
2026-01-05 17:08:50 [INFO] polymer_pipeline - OPSIN parsed 'cyclopentadithiophene-alt-benzothiadiazole' in 0.000s
2026-01-05 17:08:50 [INFO] polymer_pipeline - OPSIN parsed 'cyclopentadithiophene-alt-benzothiadiazole' in 0.000s
2026-01-05 17:08:50 [INFO] polymer_pipeline - OPSIN parsed 'cyclopentadithiophene-alt-benzothiadiazole' in 0.000s
2026-01-05 17:08:50 [INFO] polymer_pipeline - OPSIN parsed 'cyclopentadithiophene-alt-benzothiadiazole' in 0.000s
2026-01-05 17:08:50 [INFO] polymer_pipeline - OPSIN parsed 'cyclopentadithiophene-alt-benzothiadiazole' in 0.000s
2026-01-05 17:08:50 [INFO] polymer_pipeline - OPSIN parsed 'cyclopentadithiophene-alt-benzothiadiazole' in 0.000s
2026-01-05 17:08:50 [INFO] polymer_pipeline - OPSIN parsed 'cyclopentadithiophene-alt-benzothiadiazole' in 0.000s
2026-01-05 17:08:50 [INFO] polymer_pipeline - OPSIN parsed 'cyclopentadithiophene-alt-benzothiadiazole' in 0.000s
2026-01-05 17:08:50 [INFO] polymer_pipeline - OPSIN parsed 'cyclopentadithiophene-alt-benzothiadiazole' in 0.000s
2026-01-05 17:08:50 [INFO] polymer_pipeline - OPSIN parsed 'cyclopentadithiophene-alt-benzothiadiazole' in 0.000s
2026-01-05 17:08:50 [INFO] polymer_pipeline - OPSIN parsed 'cyclopentadithiophene-alt-benzothiadiazole' in 0.000s
2026-01-05 17:08:50 [INFO] polymer_pipeline - OPSIN parsed 'cyclopentadithiophene-alt-benzothiadiazole' in 0.000s
2026-01-05 17:08:50 [INFO] polymer_pipeline - OPSIN parsed 'cyclopentadithiophene-alt-benzothiadiazole' in 0.000s
2026-01-05 17:08:50 [INFO] polymer_pipeline - OPSIN parsed 'cyclopentadithiophene-alt-benzothiadiazole' in 0.000s
2026-01-05 17:08:50 [INFO] polymer_pipeline - OPSIN parsed 'cyclopentadithiophene-alt-benzothiadiazole' in 0.000s
2026-01-05 17:08:50 [INFO] polymer_pipeline - OPSIN parsed 'alternating cpdt-ttmn d-a backbone' in 0.000s
2026-01-05 17:08:50 [INFO] polymer_pipeline - OPSIN parsed 'alternating cpdt-ttmn d-a backbone' in 0.000s
2026-01-05 17:08:50 [INFO] polymer_pipeline - OPSIN parsed 'alternating cpdt-ttmn d-a backbone' in 0.000s
2026-01-05 17:08:50 [INFO] polymer_pipeline - OPSIN parsed 'alternating cpdt-ttmn d-a backbone' in 0.000s
2026-01-05 17:08:50 [INFO] polymer_pipeline - OPSIN parsed 'alternating cpdt-ttmn d-a backbone' in 0.000s
2026-01-05 17:08:50 [INFO] polymer_pipeline - OPSIN parsed 'alternating cpdt-ttmn d-a backbone' in 0.000s
2026-01-05 17:08:50 [INFO] polymer_pipeline - OPSIN parsed 'alternating cpdt-ttmn d-a backbone' in 0.000s
2026-01-05 17:08:50 [INFO] polymer_pipeline - OPSIN parsed 'alternating cpdt-ttmn d-a backbone' in 0.000s
2026-01-05 17:08:50 [INFO] polymer_pipeline - OPSIN parsed 'alternating bdt-ttmn d-a backbone' in 0.000s
2026-01-05 17:08:50 [INFO] polymer_pipeline - OPSIN parsed 'alternating bdt-ttmn d-a backbone' in 0.000s
2026-01-05 17:08:50 [INFO] polymer_pipeline - OPSIN parsed 'alternating bdt-ttmn d-a backbone' in 0.000s
2026-01-05 17:08:50 [INFO] polymer_pipeline - OPSIN parsed 'alternating bdt-ttmn d-a backbone' in 0.000s
2026-01-05 17:08:50 [INFO] polymer_pipeline - OPSIN parsed 'alternating bdt-ttmn d-a backbone' in 0.000s
2026-01-05 17:08:50 [INFO] polymer_pipeline - OPSIN parsed 'alternating bdt-ttmn d-a backbone' in 0.000s
2026-01-05 17:08:50 [INFO] polymer_pipeline - OPSIN parsed 'alternating bdt-ttmn d-a backbone' in 0.000s
2026-01-05 17:08:50 [INFO] polymer_pipeline - OPSIN parsed 'alternating bdt-ttmn d-a backbone' in 0.000s
2026-01-05 17:08:50 [INFO] polymer_pipeline - OPSIN parsed 'alternating idt-ttmn d-a backbone' in 0.000s
2026-01-05 17:08:50 [INFO] polymer_pipeline - OPSIN parsed 'alternating idt-ttmn d-a backbone' in 0.000s
2026-01-05 17:08:50 [INFO] polymer_pipeline - OPSIN parsed 'alternating idt-ttmn d-a backbone' in 0.000s
2026-01-05 17:08:50 [INFO] polymer_pipeline - OPSIN parsed 'alternating idt-ttmn d-a backbone' in 0.000s
2026-01-05 17:08:50 [INFO] polymer_pipeline - OPSIN parsed 'alternating idt-ttmn d-a backbone' in 0.000s
2026-01-05 17:08:50 [INFO] polymer_pipeline - OPSIN parsed 'alternating idt-ttmn d-a backbone' in 0.000s
2026-01-05 17:08:50 [INFO] polymer_pipeline - OPSIN parsed 'alternating idt-ttmn d-a backbone' in 0.000s
2026-01-05 17:08:50 [INFO] polymer_pipeline - OPSIN parsed 'alternating idt-ttmn d-a backbone' in 0.000s
2026-01-05 17:08:50 [INFO] polymer_pipeline - OPSIN parsed 'ndi-t2' in 0.000s
2026-01-05 17:08:50 [INFO] polymer_pipeline - OPSIN parsed 'ndi-t2' in 0.000s
2026-01-05 17:08:50 [INFO] polymer_pipeline - OPSIN parsed 'ndi-t2' in 0.000s
2026-01-05 17:08:50 [INFO] polymer_pipeline - OPSIN parsed 'ndi-t2' in 0.000s
2026-01-05 17:08:50 [INFO] polymer_pipeline - OPSIN parsed 'ndi-t2' in 0.000s
2026-01-05 17:08:50 [INFO] polymer_pipeline - OPSIN parsed 'ndi-t2' in 0.000s
2026-01-05 17:08:50 [INFO] polymer_pipeline - OPSIN parsed 'ndi-t2' in 0.000s
2026-01-05 17:08:50 [INFO] polymer_pipeline - OPSIN parsed 'ndi-t2' in 0.000s
2026-01-05 17:08:50 [INFO] polymer_pipeline - OPSIN parsed 'ndi-t2' in 0.000s
2026-01-05 17:08:50 [INFO] polymer_pipeline - OPSIN parsed 'ndi-t2' in 0.000s
2026-01-05 17:08:50 [INFO] polymer_pipeline - OPSIN parsed 'ndi-t2' in 0.000s
2026-01-05 17:08:50 [INFO] polymer_pipeline - OPSIN parsed 'ndi-t2' in 0.000s
2026-01-05 17:08:50 [INFO] polymer_pipeline - OPSIN parsed 'ndi-t2' in 0.000s
2026-01-05 17:08:50 [INFO] polymer_pipeline - OPSIN parsed 'ndi-t2' in 0.000s
2026-01-05 17:08:50 [INFO] polymer_pipeline - OPSIN parsed 'ndi-t2' in 0.000s
2026-01-05 17:08:50 [INFO] polymer_pipeline - OPSIN parsed 'ndi-t2' in 0.000s
2026-01-05 17:08:50 [INFO] polymer_pipeline - OPSIN parsed 'ndi-t2' in 0.000s
2026-01-05 17:08:50 [INFO] polymer_pipeline - OPSIN parsed 'ndi-t2' in 0.000s
2026-01-05 17:08:50 [INFO] polymer_pipeline - OPSIN parsed 'ndi-t2' in 0.000s
2026-01-05 17:08:50 [INFO] polymer_pipeline - OPSIN parsed 'ndi-t2' in 0.000s
2026-01-05 17:08:50 [INFO] polymer_pipeline - OPSIN parsed 'ndi-t2' in 0.000s
2026-01-05 17:08:50 [INFO] polymer_pipeline - OPSIN parsed 'ndi-t2' in 0.000s
2026-01-05 17:08:50 [INFO] polymer_pipeline - OPSIN parsed 'ndi-t2' in 0.000s
2026-01-05 17:08:50 [INFO] polymer_pipeline - OPSIN parsed 'ndi-t2' in 0.000s
2026-01-05 17:08:50 [INFO] polymer_pipeline - OPSIN parsed 'ndi-t2' in 0.000s
2026-01-05 17:08:50 [INFO] polymer_pipeline - OPSIN parsed 'ndi-t2' in 0.000s
2026-01-05 17:08:50 [INFO] polymer_pipeline - OPSIN parsed 'ndi-t2' in 0.000s
2026-01-05 17:08:50 [INFO] polymer_pipeline - OPSIN parsed 'ndi-t2' in 0.000s
2026-01-05 17:08:50 [INFO] polymer_pipeline - OPSIN parsed 'thiophene moiety' in 0.000s
2026-01-05 17:08:50 [INFO] polymer_pipeline - OPSIN parsed 'thiophene' in 0.000s
2026-01-05 17:08:50 [INFO] polymer_pipeline - OPSIN parsed 'terthiophene moiety' in 0.000s
2026-01-05 17:08:50 [INFO] polymer_pipeline - OPSIN parsed 'terthiophene' in 0.001s
2026-01-05 17:08:50 [INFO] polymer_pipeline - OPSIN parsed 'polystyrene backbone' in 0.000s
2026-01-05 17:08:50 [INFO] polymer_pipeline - OPSIN parsed 'polystyrene backbone' in 0.000s
2026-01-05 17:08:50 [INFO] polymer_pipeline - OPSIN parsed 'polystyrene backbone' in 0.000s
2026-01-05 17:08:50 [INFO] polymer_pipeline - OPSIN parsed 'polystyrene backbone' in 0.000s
2026-01-05 17:08:50 [INFO] polymer_pipeline - OPSIN parsed 'polystyrene backbone' in 0.000s
2026-01-05 17:08:50 [INFO] polymer_pipeline - OPSIN parsed 'polystyrene backbone' in 0.000s
2026-01-05 17:08:50 [INFO] polymer_pipeline - OPSIN parsed 'polystyrene backbone' in 0.000s
2026-01-05 17:08:50 [INFO] polymer_pipeline - OPSIN parsed 'polystyrene backbone' in 0.000s
2026-01-05 17:08:50 [INFO] polymer_pipeline - OPSIN parsed 'phenyl' in 0.000s
2026-01-05 17:08:50 [INFO] polymer_pipeline - OPSIN parsed 'polythiophene derivative' in 0.000s
2026-01-05 17:08:50 [INFO] polymer_pipeline - OPSIN parsed 'polythiophene derivative' in 0.000s
2026-01-05 17:08:50 [INFO] polymer_pipeline - OPSIN parsed 'polythiophene derivative' in 0.000s
2026-01-05 17:08:50 [INFO] polymer_pipeline - OPSIN parsed 'polythiophene derivative' in 0.000s
2026-01-05 17:08:50 [INFO] polymer_pipeline - OPSIN parsed 'polythiophene derivative' in 0.000s
2026-01-05 17:08:50 [INFO] polymer_pipeline - OPSIN parsed 'polythiophene derivative' in 0.000s
2026-01-05 17:08:50 [INFO] polymer_pipeline - OPSIN parsed 'polythiophene derivative' in 0.000s
2026-01-05 17:08:50 [INFO] polymer_pipeline - OPSIN parsed 'polythiophene derivative' in 0.000s
2026-01-05 17:08:50 [INFO] polymer_pipeline - OPSIN parsed 'polythiophene derivative' in 0.000s
2026-01-05 17:08:50 [INFO] polymer_pipeline - OPSIN parsed 'polythiophene derivative' in 0.000s
2026-01-05 17:08:50 [INFO] polymer_pipeline - OPSIN parsed 'polythiophene derivative' in 0.000s
2026-01-05 17:08:50 [INFO] polymer_pipeline - OPSIN parsed 'polythiophene derivative' in 0.000s
2026-01-05 17:08:50 [INFO] polymer_pipeline - OPSIN parsed 'ethylene glycol-functionalized polythiophene' in 0.000s
2026-01-05 17:08:50 [INFO] polymer_pipeline - OPSIN parsed 'ethylene glycol-functionalized polythiophene' in 0.000s
2026-01-05 17:08:50 [INFO] polymer_pipeline - OPSIN parsed 'ethylene glycol- polythiophene' in 0.000s
2026-01-05 17:08:50 [INFO] polymer_pipeline - OPSIN parsed 'ethylene glycol- polythiophene' in 0.000s
2026-01-05 17:08:50 [INFO] polymer_pipeline - OPSIN parsed 'ethylene glycol-functionalized polythiophene' in 0.000s
2026-01-05 17:08:50 [INFO] polymer_pipeline - OPSIN parsed 'ethylene glycol-functionalized polythiophene' in 0.000s
2026-01-05 17:08:50 [INFO] polymer_pipeline - OPSIN parsed 'ethylene glycol- polythiophene' in 0.000s
2026-01-05 17:08:50 [INFO] polymer_pipeline - OPSIN parsed 'ethylene glycol- polythiophene' in 0.000s
2026-01-05 17:08:50 [INFO] polymer_pipeline - OPSIN parsed 'ethylene glycol-functionalized polythiophene' in 0.000s
2026-01-05 17:08:50 [INFO] polymer_pipeline - OPSIN parsed 'ethylene glycol-functionalized polythiophene' in 0.000s
2026-01-05 17:08:50 [INFO] polymer_pipeline - OPSIN parsed 'ethylene glycol- polythiophene' in 0.000s
2026-01-05 17:08:50 [INFO] polymer_pipeline - OPSIN parsed 'ethylene glycol- polythiophene' in 0.000s
2026-01-05 17:08:50 [INFO] polymer_pipeline - OPSIN parsed 'ethylene glycol-functionalized polythiophene' in 0.000s
2026-01-05 17:08:50 [INFO] polymer_pipeline - OPSIN parsed 'ethylene glycol-functionalized polythiophene' in 0.000s
2026-01-05 17:08:50 [INFO] polymer_pipeline - OPSIN parsed 'ethylene glycol- polythiophene' in 0.000s
2026-01-05 17:08:50 [INFO] polymer_pipeline - OPSIN parsed 'ethylene glycol- polythiophene' in 0.000s
2026-01-05 17:08:50 [INFO] polymer_pipeline - OPSIN parsed 'diketopyrrolopyrrole (dpp) d-a backbone' in 0.000s
2026-01-05 17:08:50 [INFO] polymer_pipeline - OPSIN parsed 'diketopyrrolopyrrole (dpp) d-a backbone' in 0.000s
2026-01-05 17:08:50 [INFO] polymer_pipeline - OPSIN parsed 'diketopyrrolopyrrole (dpp) d-a backbone' in 0.000s
2026-01-05 17:08:50 [INFO] polymer_pipeline - OPSIN parsed 'diketopyrrolopyrrole (dpp) d-a backbone' in 0.000s
2026-01-05 17:08:50 [INFO] polymer_pipeline - OPSIN parsed 'diketopyrrolopyrrole (dpp) d-a backbone' in 0.000s
2026-01-05 17:08:50 [INFO] polymer_pipeline - OPSIN parsed 'diketopyrrolopyrrole (dpp) d-a backbone' in 0.000s
2026-01-05 17:08:50 [INFO] polymer_pipeline - OPSIN parsed 'diketopyrrolopyrrole (dpp) d-a backbone' in 0.000s
2026-01-05 17:08:50 [INFO] polymer_pipeline - OPSIN parsed 'diketopyrrolopyrrole (dpp) d-a backbone' in 0.000s
2026-01-05 17:08:50 [INFO] polymer_pipeline - OPSIN parsed 'diketopyrrolopyrrole (dpp) d-a backbone' in 0.000s
2026-01-05 17:08:50 [INFO] polymer_pipeline - OPSIN parsed 'diketopyrrolopyrrole (dpp) d-a backbone' in 0.000s
2026-01-05 17:08:50 [INFO] polymer_pipeline - OPSIN parsed 'diketopyrrolopyrrole (dpp) d-a backbone' in 0.000s
2026-01-05 17:08:50 [INFO] polymer_pipeline - OPSIN parsed 'diketopyrrolopyrrole (dpp) d-a backbone' in 0.000s
2026-01-05 17:08:50 [INFO] polymer_pipeline - OPSIN parsed 'diketopyrrolopyrrole (dpp) d-a backbone' in 0.000s
2026-01-05 17:08:50 [INFO] polymer_pipeline - OPSIN parsed 'diketopyrrolopyrrole (dpp) d-a backbone' in 0.000s
2026-01-05 17:08:50 [INFO] polymer_pipeline - OPSIN parsed 'diketopyrrolopyrrole (dpp) d-a backbone' in 0.000s
2026-01-05 17:08:50 [INFO] polymer_pipeline - OPSIN parsed 'diketopyrrolopyrrole (dpp) d-a backbone' in 0.000s
2026-01-05 17:08:50 [INFO] polymer_pipeline - OPSIN parsed 'poly(dithienofluorene-alt-dithienoyldiketopyrrolopyrrole)' in 0.000s
2026-01-05 17:08:50 [INFO] polymer_pipeline - OPSIN parsed 'poly(dithienofluorene-alt-dithienoyldiketopyrrolopyrrole)' in 0.000s
2026-01-05 17:08:50 [INFO] polymer_pipeline - OPSIN parsed 'poly(dithienofluorene-alt-dithienoyldiketopyrrolopyrrole)' in 0.000s
2026-01-05 17:08:50 [INFO] polymer_pipeline - OPSIN parsed 'poly(dithienofluorene-alt-dithienoyldiketopyrrolopyrrole)' in 0.000s
2026-01-05 17:08:50 [INFO] polymer_pipeline - OPSIN parsed 'poly(dithienofluorene-alt-dithienoyldiketopyrrolopyrrole)' in 0.000s
2026-01-05 17:08:50 [INFO] polymer_pipeline - OPSIN parsed 'poly(dithienofluorene-alt-dithienoyldiketopyrrolopyrrole)' in 0.000s
2026-01-05 17:08:50 [INFO] polymer_pipeline - OPSIN parsed 'poly(dithienofluorene-alt-dithienoyldiketopyrrolopyrrole)' in 0.000s
2026-01-05 17:08:50 [INFO] polymer_pipeline - OPSIN parsed 'poly(dithienofluorene-alt-dithienoyldiketopyrrolopyrrole)' in 0.000s
2026-01-05 17:08:50 [INFO] polymer_pipeline - OPSIN parsed 'poly(dithienofluorene-alt-dithienoyldiketopyrrolopyrrole)' in 0.000s
2026-01-05 17:08:50 [INFO] polymer_pipeline - OPSIN parsed 'poly(dithienofluorene-alt-dithienoyldiketopyrrolopyrrole)' in 0.000s
2026-01-05 17:08:50 [INFO] polymer_pipeline - OPSIN parsed 'poly(dithienofluorene-alt-dithienoyldiketopyrrolopyrrole)' in 0.000s
2026-01-05 17:08:50 [INFO] polymer_pipeline - OPSIN parsed 'poly(dithienofluorene-alt-dithienoyldiketopyrrolopyrrole)' in 0.000s
2026-01-05 17:08:50 [INFO] polymer_pipeline - OPSIN parsed 'poly(dithienofluorene-alt-dithienoyldiketopyrrolopyrrole)' in 0.000s
2026-01-05 17:08:50 [INFO] polymer_pipeline - OPSIN parsed 'poly(dithienofluorene-alt-dithienoyldiketopyrrolopyrrole)' in 0.000s
2026-01-05 17:08:50 [INFO] polymer_pipeline - OPSIN parsed 'poly(dithienofluorene-alt-dithienoyldiketopyrrolopyrrole)' in 0.000s
2026-01-05 17:08:50 [INFO] polymer_pipeline - OPSIN parsed 'poly(dithienofluorene-alt-dithienoyldiketopyrrolopyrrole)' in 0.000s
2026-01-05 17:08:50 [INFO] polymer_pipeline - OPSIN parsed 'diketopyrrolopyrrole-thieno[3,2-b]thiophene' in 0.002s
2026-01-05 17:08:50 [INFO] polymer_pipeline - OPSIN parsed 'idt+3t' in 0.000s
2026-01-05 17:08:50 [INFO] polymer_pipeline - OPSIN parsed 'idt+3t' in 0.000s
2026-01-05 17:08:50 [INFO] polymer_pipeline - OPSIN parsed 'idt+3t' in 0.000s
2026-01-05 17:08:50 [INFO] polymer_pipeline - OPSIN parsed 'idt+3t' in 0.000s
2026-01-05 17:08:50 [INFO] polymer_pipeline - OPSIN parsed 'bidt+3t' in 0.000s
2026-01-05 17:08:50 [INFO] polymer_pipeline - OPSIN parsed 'bidt+3t' in 0.000s
2026-01-05 17:08:50 [INFO] polymer_pipeline - OPSIN parsed 'bidt+3t' in 0.000s
2026-01-05 17:08:50 [INFO] polymer_pipeline - OPSIN parsed 'bidt+3t' in 0.000s
2026-01-05 17:08:50 [INFO] polymer_pipeline - OPSIN parsed 'bidtt+3t' in 0.000s
2026-01-05 17:08:50 [INFO] polymer_pipeline - OPSIN parsed 'bidtt+3t' in 0.000s
2026-01-05 17:08:50 [INFO] polymer_pipeline - OPSIN parsed 'bidtt+3t' in 0.000s
2026-01-05 17:08:50 [INFO] polymer_pipeline - OPSIN parsed 'bidtt+3t' in 0.000s
2026-01-05 17:08:50 [INFO] polymer_pipeline - OPSIN parsed 'idt+dpp' in 0.000s
2026-01-05 17:08:50 [INFO] polymer_pipeline - OPSIN parsed 'idt+dpp' in 0.000s
2026-01-05 17:08:50 [INFO] polymer_pipeline - OPSIN parsed 'idt+dpp' in 0.000s
2026-01-05 17:08:50 [INFO] polymer_pipeline - OPSIN parsed 'idt+dpp' in 0.000s
2026-01-05 17:08:50 [INFO] polymer_pipeline - OPSIN parsed 'bidt+dpp' in 0.000s
2026-01-05 17:08:50 [INFO] polymer_pipeline - OPSIN parsed 'bidt+dpp' in 0.000s
2026-01-05 17:08:50 [INFO] polymer_pipeline - OPSIN parsed 'bidt+dpp' in 0.000s
2026-01-05 17:08:50 [INFO] polymer_pipeline - OPSIN parsed 'bidt+dpp' in 0.000s
2026-01-05 17:08:50 [INFO] polymer_pipeline - OPSIN parsed 'bidtt+dpp' in 0.000s
2026-01-05 17:08:50 [INFO] polymer_pipeline - OPSIN parsed 'bidtt+dpp' in 0.000s
2026-01-05 17:08:50 [INFO] polymer_pipeline - OPSIN parsed 'bidtt+dpp' in 0.000s
2026-01-05 17:08:50 [INFO] polymer_pipeline - OPSIN parsed 'bidtt+dpp' in 0.000s
2026-01-05 17:08:50 [INFO] polymer_pipeline - OPSIN parsed '2,6-bis(thiophen-2-yl)-4,8-bis(5-dodecylthiophen-2-yl)benzo[1,2-b:4,5-b']dithiophene' in 0.001s
2026-01-05 17:08:50 [INFO] polymer_pipeline - OPSIN parsed '4,8-bis(5-dodecylthiophen-2-yl)benzo[1,2-b:4,5-b']dithiophene' in 0.001s
2026-01-05 17:08:50 [INFO] polymer_pipeline - OPSIN parsed 'polythiophene backbone' in 0.000s
2026-01-05 17:08:50 [INFO] polymer_pipeline - OPSIN parsed 'polythiophene backbone' in 0.000s
2026-01-05 17:08:50 [INFO] polymer_pipeline - OPSIN parsed 'polythiophene backbone' in 0.000s
2026-01-05 17:08:50 [INFO] polymer_pipeline - OPSIN parsed 'polythiophene backbone' in 0.000s
2026-01-05 17:08:50 [INFO] polymer_pipeline - OPSIN parsed 'polythiophene backbone' in 0.000s
2026-01-05 17:08:50 [INFO] polymer_pipeline - OPSIN parsed 'polythiophene backbone' in 0.000s
2026-01-05 17:08:50 [INFO] polymer_pipeline - OPSIN parsed 'polythiophene backbone' in 0.000s
2026-01-05 17:08:50 [INFO] polymer_pipeline - OPSIN parsed 'polythiophene backbone' in 0.000s
2026-01-05 17:08:50 [INFO] polymer_pipeline - OPSIN parsed 'polythiophene backbone' in 0.000s
2026-01-05 17:08:50 [INFO] polymer_pipeline - OPSIN parsed 'polythiophene backbone' in 0.000s
2026-01-05 17:08:50 [INFO] polymer_pipeline - OPSIN parsed 'polythiophene backbone' in 0.000s
2026-01-05 17:08:50 [INFO] polymer_pipeline - OPSIN parsed 'polythiophene backbone' in 0.000s
2026-01-05 17:08:50 [INFO] polymer_pipeline - OPSIN parsed 'polythiophene backbone' in 0.000s
2026-01-05 17:08:50 [INFO] polymer_pipeline - OPSIN parsed 'polythiophene backbone' in 0.000s
2026-01-05 17:08:50 [INFO] polymer_pipeline - OPSIN parsed 'polythiophene backbone' in 0.000s
2026-01-05 17:08:50 [INFO] polymer_pipeline - OPSIN parsed 'polythiophene backbone' in 0.000s
2026-01-05 17:08:50 [INFO] polymer_pipeline - OPSIN parsed 'isoindigo-based backbone' in 0.000s
2026-01-05 17:08:50 [INFO] polymer_pipeline - OPSIN parsed 'isoindigo- backbone' in 0.000s
2026-01-05 17:08:50 [INFO] polymer_pipeline - OPSIN parsed 'isoindigo- backbone' in 0.000s
2026-01-05 17:08:50 [INFO] polymer_pipeline - OPSIN parsed 'isoindigo- backbone' in 0.000s
2026-01-05 17:08:50 [INFO] polymer_pipeline - OPSIN parsed 'isoindigo-based backbone' in 0.000s
2026-01-05 17:08:50 [INFO] polymer_pipeline - OPSIN parsed 'isoindigo- backbone' in 0.000s
2026-01-05 17:08:50 [INFO] polymer_pipeline - OPSIN parsed 'isoindigo- backbone' in 0.000s
2026-01-05 17:08:50 [INFO] polymer_pipeline - OPSIN parsed 'isoindigo- backbone' in 0.000s
2026-01-05 17:08:50 [INFO] polymer_pipeline - OPSIN parsed 'isoindigo-based backbone' in 0.000s
2026-01-05 17:08:50 [INFO] polymer_pipeline - OPSIN parsed 'isoindigo- backbone' in 0.000s
2026-01-05 17:08:50 [INFO] polymer_pipeline - OPSIN parsed 'isoindigo- backbone' in 0.000s
2026-01-05 17:08:50 [INFO] polymer_pipeline - OPSIN parsed 'isoindigo- backbone' in 0.000s
2026-01-05 17:08:50 [INFO] polymer_pipeline - OPSIN parsed 'isoindigo-based backbone' in 0.000s
2026-01-05 17:08:50 [INFO] polymer_pipeline - OPSIN parsed 'isoindigo- backbone' in 0.000s
2026-01-05 17:08:50 [INFO] polymer_pipeline - OPSIN parsed 'isoindigo- backbone' in 0.000s
2026-01-05 17:08:50 [INFO] polymer_pipeline - OPSIN parsed 'isoindigo- backbone' in 0.000s
2026-01-05 17:08:50 [INFO] polymer_pipeline - OPSIN parsed 'isoindigo-based backbone' in 0.000s
2026-01-05 17:08:50 [INFO] polymer_pipeline - OPSIN parsed 'isoindigo- backbone' in 0.000s
2026-01-05 17:08:50 [INFO] polymer_pipeline - OPSIN parsed 'isoindigo- backbone' in 0.000s
2026-01-05 17:08:50 [INFO] polymer_pipeline - OPSIN parsed 'isoindigo- backbone' in 0.000s
2026-01-05 17:08:50 [INFO] polymer_pipeline - OPSIN parsed 'poly(3,7-dihydrobenzo[1,2-b:4,5-b']difuran-2,6-dione)' in 0.000s
2026-01-05 17:08:50 [INFO] polymer_pipeline - OPSIN parsed 'poly(3,7-dihydrobenzo[1,2-b:4,5-b']difuran-2,6-dione)' in 0.000s
2026-01-05 17:08:50 [INFO] polymer_pipeline - OPSIN parsed 'poly(3,7-dihydrobenzo[1,2-b:4,5-b']difuran-2,6-dione)' in 0.000s
2026-01-05 17:08:50 [INFO] polymer_pipeline - OPSIN parsed 'poly(3,7-dihydrobenzo[1,2-b:4,5-b']difuran-2,6-dione)' in 0.000s
2026-01-05 17:08:50 [INFO] polymer_pipeline - OPSIN parsed 'poly(3,7-dihydrobenzo[1,2-b:4,5-b']difuran-2,6-dione)' in 0.000s
2026-01-05 17:08:50 [INFO] polymer_pipeline - OPSIN parsed 'poly(3,7-dihydrobenzo[1,2-b:4,5-b']difuran-2,6-dione)' in 0.000s
2026-01-05 17:08:50 [INFO] polymer_pipeline - OPSIN parsed 'poly(3,7-dihydrobenzo[1,2-b:4,5-b']difuran-2,6-dione)' in 0.000s
2026-01-05 17:08:50 [INFO] polymer_pipeline - OPSIN parsed 'poly(3,7-dihydrobenzo[1,2-b:4,5-b']difuran-2,6-dione)' in 0.000s
2026-01-05 17:08:50 [INFO] polymer_pipeline - OPSIN parsed 'poly(3,7-dihydrobenzo[1,2-b:4,5-b']difuran-2,6-dione)' in 0.000s
2026-01-05 17:08:50 [INFO] polymer_pipeline - OPSIN parsed 'poly(3,7-dihydrobenzo[1,2-b:4,5-b']difuran-2,6-dione)' in 0.000s
2026-01-05 17:08:50 [INFO] polymer_pipeline - OPSIN parsed 'poly(3,7-dihydrobenzo[1,2-b:4,5-b']difuran-2,6-dione)' in 0.000s
2026-01-05 17:08:50 [INFO] polymer_pipeline - OPSIN parsed 'poly(3,7-dihydrobenzo[1,2-b:4,5-b']difuran-2,6-dione)' in 0.000s
2026-01-05 17:08:50 [INFO] polymer_pipeline - OPSIN parsed 'poly(3-hexylthiophene) conjugated block' in 0.000s
2026-01-05 17:08:50 [INFO] polymer_pipeline - OPSIN parsed 'poly(3-hexylthiophene) conjugated block' in 0.000s
2026-01-05 17:08:50 [INFO] polymer_pipeline - OPSIN parsed 'poly(3-hexylthiophene) conjugated block' in 0.000s
2026-01-05 17:08:50 [INFO] polymer_pipeline - OPSIN parsed 'poly(3-hexylthiophene) conjugated block' in 0.000s
2026-01-05 17:08:50 [INFO] polymer_pipeline - OPSIN parsed 'poly(3-hexylthiophene) conjugated block' in 0.000s
2026-01-05 17:08:50 [INFO] polymer_pipeline - OPSIN parsed 'poly(3-hexylthiophene) conjugated block' in 0.000s
2026-01-05 17:08:50 [INFO] polymer_pipeline - OPSIN parsed 'poly(3-hexylthiophene) conjugated block' in 0.000s
2026-01-05 17:08:50 [INFO] polymer_pipeline - OPSIN parsed 'poly(3-hexylthiophene) conjugated block' in 0.000s
2026-01-05 17:08:50 [INFO] polymer_pipeline - OPSIN parsed 'thiophene backbone' in 0.000s
2026-01-05 17:08:50 [INFO] polymer_pipeline - OPSIN parsed 'thiophene backbone' in 0.000s
2026-01-05 17:08:50 [INFO] polymer_pipeline - OPSIN parsed 'thiophene backbone' in 0.000s
2026-01-05 17:08:50 [INFO] polymer_pipeline - OPSIN parsed 'thiophene backbone' in 0.000s
2026-01-05 17:08:50 [INFO] polymer_pipeline - OPSIN parsed 'poly(3-hexylthiophene) conjugated block' in 0.000s
2026-01-05 17:08:50 [INFO] polymer_pipeline - OPSIN parsed 'poly(3-hexylthiophene) conjugated block' in 0.000s
2026-01-05 17:08:50 [INFO] polymer_pipeline - OPSIN parsed 'poly(3-hexylthiophene) conjugated block' in 0.000s
2026-01-05 17:08:50 [INFO] polymer_pipeline - OPSIN parsed 'poly(3-hexylthiophene) conjugated block' in 0.000s
2026-01-05 17:08:50 [INFO] polymer_pipeline - OPSIN parsed 'poly(3-hexylthiophene) conjugated block' in 0.000s
2026-01-05 17:08:50 [INFO] polymer_pipeline - OPSIN parsed 'poly(3-hexylthiophene) conjugated block' in 0.000s
2026-01-05 17:08:50 [INFO] polymer_pipeline - OPSIN parsed 'poly(3-hexylthiophene) conjugated block' in 0.000s
2026-01-05 17:08:50 [INFO] polymer_pipeline - OPSIN parsed 'poly(3-hexylthiophene) conjugated block' in 0.000s
2026-01-05 17:08:50 [INFO] polymer_pipeline - OPSIN parsed 'dbnd-2t' in 0.000s
2026-01-05 17:08:50 [INFO] polymer_pipeline - OPSIN parsed 'dbnd-2t' in 0.000s
2026-01-05 17:08:50 [INFO] polymer_pipeline - OPSIN parsed 'dbnd-2t' in 0.000s
2026-01-05 17:08:50 [INFO] polymer_pipeline - OPSIN parsed 'dbnd-2t' in 0.000s
2026-01-05 17:08:50 [INFO] polymer_pipeline - OPSIN parsed 'dbnd-2t' in 0.000s
2026-01-05 17:08:50 [INFO] polymer_pipeline - OPSIN parsed 'dbnd-2t' in 0.000s
2026-01-05 17:08:50 [INFO] polymer_pipeline - OPSIN parsed 'dbnd-2t' in 0.000s
2026-01-05 17:08:50 [INFO] polymer_pipeline - OPSIN parsed 'dbnd-2t' in 0.000s
2026-01-05 17:08:50 [INFO] polymer_pipeline - OPSIN parsed 'poly(thiophene-2,5-diyl)' in 0.000s
2026-01-05 17:08:50 [INFO] polymer_pipeline - OPSIN parsed 'acyclic dioxythiophene' in 0.000s
2026-01-05 17:08:50 [INFO] polymer_pipeline - OPSIN parsed 'acyclic dioxythiophene' in 0.000s
2026-01-05 17:08:50 [INFO] polymer_pipeline - OPSIN parsed 'acyclic dioxythiophene' in 0.000s
2026-01-05 17:08:50 [INFO] polymer_pipeline - OPSIN parsed 'acyclic dioxythiophene' in 0.000s
2026-01-05 17:08:50 [INFO] polymer_pipeline - OPSIN parsed 'acyclic dioxythiophene' in 0.000s
2026-01-05 17:08:50 [INFO] polymer_pipeline - OPSIN parsed 'acyclic dioxythiophene' in 0.000s
2026-01-05 17:08:50 [INFO] polymer_pipeline - OPSIN parsed 'acyclic dioxythiophene' in 0.000s
2026-01-05 17:08:50 [INFO] polymer_pipeline - OPSIN parsed 'acyclic dioxythiophene' in 0.000s
2026-01-05 17:08:50 [INFO] polymer_pipeline - OPSIN parsed 'acyclic dioxythiophene' in 0.000s
2026-01-05 17:08:50 [INFO] polymer_pipeline - OPSIN parsed 'acyclic dioxythiophene' in 0.000s
2026-01-05 17:08:50 [INFO] polymer_pipeline - OPSIN parsed 'acyclic dioxythiophene' in 0.000s
2026-01-05 17:08:50 [INFO] polymer_pipeline - OPSIN parsed 'acyclic dioxythiophene' in 0.000s
2026-01-05 17:08:50 [INFO] polymer_pipeline - OPSIN parsed 'acyclic dioxythiophene' in 0.000s
2026-01-05 17:08:50 [INFO] polymer_pipeline - OPSIN parsed 'acyclic dioxythiophene' in 0.000s
2026-01-05 17:08:50 [INFO] polymer_pipeline - OPSIN parsed 'acyclic dioxythiophene' in 0.000s
2026-01-05 17:08:50 [INFO] polymer_pipeline - OPSIN parsed 'acyclic dioxythiophene' in 0.000s
2026-01-05 17:08:50 [INFO] polymer_pipeline - OPSIN parsed 'diketopyrrolopyrrole (dpp)' in 0.000s
2026-01-05 17:08:50 [INFO] polymer_pipeline - OPSIN parsed 'diketopyrrolopyrrole (dpp)' in 0.000s
2026-01-05 17:08:50 [INFO] polymer_pipeline - OPSIN parsed 'diketopyrrolopyrrole (dpp)' in 0.000s
2026-01-05 17:08:50 [INFO] polymer_pipeline - OPSIN parsed 'diketopyrrolopyrrole (dpp)' in 0.000s
2026-01-05 17:08:50 [INFO] polymer_pipeline - OPSIN parsed 'diketopyrrolopyrrole (dpp)' in 0.000s
2026-01-05 17:08:50 [INFO] polymer_pipeline - OPSIN parsed 'diketopyrrolopyrrole (dpp)' in 0.000s
2026-01-05 17:08:50 [INFO] polymer_pipeline - OPSIN parsed 'diketopyrrolopyrrole (dpp)' in 0.000s
2026-01-05 17:08:50 [INFO] polymer_pipeline - OPSIN parsed 'diketopyrrolopyrrole (dpp)' in 0.000s
2026-01-05 17:08:50 [INFO] polymer_pipeline - OPSIN parsed 'diketopyrrolopyrrole (dpp)' in 0.000s
2026-01-05 17:08:50 [INFO] polymer_pipeline - OPSIN parsed 'diketopyrrolopyrrole (dpp)' in 0.000s
2026-01-05 17:08:50 [INFO] polymer_pipeline - OPSIN parsed 'diketopyrrolopyrrole (dpp)' in 0.000s
2026-01-05 17:08:50 [INFO] polymer_pipeline - OPSIN parsed 'diketopyrrolopyrrole (dpp)' in 0.000s
2026-01-05 17:08:50 [INFO] polymer_pipeline - OPSIN parsed 'diketopyrrolopyrrole (dpp)' in 0.000s
2026-01-05 17:08:50 [INFO] polymer_pipeline - OPSIN parsed 'diketopyrrolopyrrole (dpp)' in 0.000s
2026-01-05 17:08:50 [INFO] polymer_pipeline - OPSIN parsed 'diketopyrrolopyrrole (dpp)' in 0.000s
2026-01-05 17:08:50 [INFO] polymer_pipeline - OPSIN parsed 'diketopyrrolopyrrole (dpp)' in 0.000s
2026-01-05 17:08:50 [INFO] polymer_pipeline - OPSIN parsed 'diketopyrrolopyrrole (dpp)' in 0.000s
2026-01-05 17:08:50 [INFO] polymer_pipeline - OPSIN parsed 'diketopyrrolopyrrole (dpp)' in 0.000s
2026-01-05 17:08:50 [INFO] polymer_pipeline - OPSIN parsed 'diketopyrrolopyrrole (dpp)' in 0.000s
2026-01-05 17:08:50 [INFO] polymer_pipeline - OPSIN parsed 'diketopyrrolopyrrole (dpp)' in 0.000s
2026-01-05 17:08:50 [INFO] polymer_pipeline - OPSIN parsed 'diketopyrrolopyrrole (dpp)' in 0.000s
2026-01-05 17:08:50 [INFO] polymer_pipeline - OPSIN parsed 'diketopyrrolopyrrole (dpp)' in 0.000s
2026-01-05 17:08:50 [INFO] polymer_pipeline - OPSIN parsed 'diketopyrrolopyrrole (dpp)' in 0.000s
2026-01-05 17:08:50 [INFO] polymer_pipeline - OPSIN parsed 'diketopyrrolopyrrole (dpp)' in 0.000s
2026-01-05 17:08:50 [INFO] polymer_pipeline - OPSIN parsed 'dpp-based donor-acceptor backbone' in 0.000s
2026-01-05 17:08:50 [INFO] polymer_pipeline - OPSIN parsed 'dpp- - backbone' in 0.000s
2026-01-05 17:08:50 [INFO] polymer_pipeline - OPSIN parsed 'dpp- - backbone' in 0.000s
2026-01-05 17:08:50 [INFO] polymer_pipeline - OPSIN parsed 'dpp- - backbone' in 0.000s
2026-01-05 17:08:50 [INFO] polymer_pipeline - OPSIN parsed 'dpp-based donor-acceptor backbone' in 0.000s
2026-01-05 17:08:50 [INFO] polymer_pipeline - OPSIN parsed 'dpp- - backbone' in 0.000s
2026-01-05 17:08:50 [INFO] polymer_pipeline - OPSIN parsed 'dpp- - backbone' in 0.000s
2026-01-05 17:08:50 [INFO] polymer_pipeline - OPSIN parsed 'dpp- - backbone' in 0.000s
2026-01-05 17:08:50 [INFO] polymer_pipeline - OPSIN parsed 'dpp-based donor-acceptor backbone' in 0.000s
2026-01-05 17:08:50 [INFO] polymer_pipeline - OPSIN parsed 'dpp- - backbone' in 0.000s
2026-01-05 17:08:50 [INFO] polymer_pipeline - OPSIN parsed 'dpp- - backbone' in 0.000s
2026-01-05 17:08:50 [INFO] polymer_pipeline - OPSIN parsed 'dpp- - backbone' in 0.000s
2026-01-05 17:08:50 [INFO] polymer_pipeline - OPSIN parsed 'polythiophene' in 0.000s
2026-01-05 17:08:50 [INFO] polymer_pipeline - OPSIN parsed 'polythiophene' in 0.000s
2026-01-05 17:08:50 [INFO] polymer_pipeline - OPSIN parsed 'polythiophene' in 0.000s
2026-01-05 17:08:50 [INFO] polymer_pipeline - OPSIN parsed 'polythiophene' in 0.000s
2026-01-05 17:08:50 [INFO] polymer_pipeline - OPSIN parsed 'polythiophene' in 0.000s
2026-01-05 17:08:50 [INFO] polymer_pipeline - OPSIN parsed 'polythiophene' in 0.000s
2026-01-05 17:08:50 [INFO] polymer_pipeline - OPSIN parsed 'polythiophene' in 0.000s
2026-01-05 17:08:50 [INFO] polymer_pipeline - OPSIN parsed 'polythiophene' in 0.000s
2026-01-05 17:08:50 [INFO] polymer_pipeline - OPSIN parsed 'polythiophene' in 0.000s
2026-01-05 17:08:50 [INFO] polymer_pipeline - OPSIN parsed 'polythiophene' in 0.000s
2026-01-05 17:08:50 [INFO] polymer_pipeline - OPSIN parsed 'polythiophene' in 0.000s
2026-01-05 17:08:50 [INFO] polymer_pipeline - OPSIN parsed 'polythiophene' in 0.000s
2026-01-05 17:08:50 [INFO] polymer_pipeline - OPSIN parsed 'polythiophene' in 0.000s
2026-01-05 17:08:50 [INFO] polymer_pipeline - OPSIN parsed 'polythiophene' in 0.000s
2026-01-05 17:08:50 [INFO] polymer_pipeline - OPSIN parsed 'polythiophene' in 0.000s
2026-01-05 17:08:50 [INFO] polymer_pipeline - OPSIN parsed 'polythiophene' in 0.000s
2026-01-05 17:08:50 [INFO] polymer_pipeline - OPSIN parsed 'polythiophene' in 0.000s
2026-01-05 17:08:50 [INFO] polymer_pipeline - OPSIN parsed 'polythiophene' in 0.000s
2026-01-05 17:08:50 [INFO] polymer_pipeline - OPSIN parsed 'polythiophene' in 0.000s
2026-01-05 17:08:50 [INFO] polymer_pipeline - OPSIN parsed 'polythiophene' in 0.000s
2026-01-05 17:08:50 [INFO] polymer_pipeline - OPSIN parsed 'polythiophene' in 0.000s
2026-01-05 17:08:50 [INFO] polymer_pipeline - OPSIN parsed 'polythiophene' in 0.000s
2026-01-05 17:08:50 [INFO] polymer_pipeline - OPSIN parsed 'polythiophene' in 0.000s
2026-01-05 17:08:50 [INFO] polymer_pipeline - OPSIN parsed 'polythiophene' in 0.000s
2026-01-05 17:08:50 [INFO] polymer_pipeline - OPSIN parsed 'polythiophene' in 0.000s
2026-01-05 17:08:50 [INFO] polymer_pipeline - OPSIN parsed 'polythiophene' in 0.000s
2026-01-05 17:08:50 [INFO] polymer_pipeline - OPSIN parsed 'polythiophene' in 0.000s
2026-01-05 17:08:50 [INFO] polymer_pipeline - OPSIN parsed 'polythiophene' in 0.000s
2026-01-05 17:08:50 [INFO] polymer_pipeline - OPSIN parsed 'polythiophene' in 0.000s
2026-01-05 17:08:50 [INFO] polymer_pipeline - OPSIN parsed 'polythiophene' in 0.000s
2026-01-05 17:08:50 [INFO] polymer_pipeline - OPSIN parsed 'polythiophene' in 0.000s
2026-01-05 17:08:50 [INFO] polymer_pipeline - OPSIN parsed 'polythiophene' in 0.000s
2026-01-05 17:08:50 [INFO] polymer_pipeline - OPSIN parsed 'polythiophene' in 0.000s
2026-01-05 17:08:50 [INFO] polymer_pipeline - OPSIN parsed 'polythiophene' in 0.000s
2026-01-05 17:08:50 [INFO] polymer_pipeline - OPSIN parsed 'polythiophene' in 0.000s
2026-01-05 17:08:50 [INFO] polymer_pipeline - OPSIN parsed 'polythiophene' in 0.000s
2026-01-05 17:08:50 [INFO] polymer_pipeline - OPSIN parsed 'polythiophene' in 0.000s
2026-01-05 17:08:50 [INFO] polymer_pipeline - OPSIN parsed 'polythiophene' in 0.000s
2026-01-05 17:08:50 [INFO] polymer_pipeline - OPSIN parsed 'polythiophene' in 0.000s
2026-01-05 17:08:50 [INFO] polymer_pipeline - OPSIN parsed 'polythiophene' in 0.000s
2026-01-05 17:08:50 [INFO] polymer_pipeline - OPSIN parsed 'polythiophene' in 0.000s
2026-01-05 17:08:50 [INFO] polymer_pipeline - OPSIN parsed 'polythiophene' in 0.000s
2026-01-05 17:08:50 [INFO] polymer_pipeline - OPSIN parsed 'polythiophene' in 0.000s
2026-01-05 17:08:50 [INFO] polymer_pipeline - OPSIN parsed 'polythiophene' in 0.000s
2026-01-05 17:08:50 [INFO] polymer_pipeline - OPSIN parsed 'polythiophene' in 0.000s
2026-01-05 17:08:50 [INFO] polymer_pipeline - OPSIN parsed 'polythiophene' in 0.000s
2026-01-05 17:08:50 [INFO] polymer_pipeline - OPSIN parsed 'polythiophene' in 0.000s
2026-01-05 17:08:50 [INFO] polymer_pipeline - OPSIN parsed 'polythiophene' in 0.000s
2026-01-05 17:08:50 [INFO] polymer_pipeline - OPSIN parsed 'naphthalene diimide-bithiophene (ndi-t2)' in 0.000s
2026-01-05 17:08:50 [INFO] polymer_pipeline - OPSIN parsed 'naphthalene diimide-bithiophene (ndi-t2)' in 0.000s
2026-01-05 17:08:50 [INFO] polymer_pipeline - OPSIN parsed 'naphthalene diimide-bithiophene (ndi-t2)' in 0.000s
2026-01-05 17:08:50 [INFO] polymer_pipeline - OPSIN parsed 'naphthalene diimide-bithiophene (ndi-t2)' in 0.000s
2026-01-05 17:08:50 [INFO] polymer_pipeline - OPSIN parsed 'naphthalene diimide-bithiophene (ndi-t2)' in 0.000s
2026-01-05 17:08:50 [INFO] polymer_pipeline - OPSIN parsed 'naphthalene diimide-bithiophene (ndi-t2)' in 0.000s
2026-01-05 17:08:50 [INFO] polymer_pipeline - OPSIN parsed 'naphthalene diimide-bithiophene (ndi-t2)' in 0.000s
2026-01-05 17:08:50 [INFO] polymer_pipeline - OPSIN parsed 'naphthalene diimide-bithiophene (ndi-t2)' in 0.000s
2026-01-05 17:08:50 [INFO] polymer_pipeline - OPSIN parsed 'naphthalene diimide-bithiophene (ndi-t2)' in 0.000s
2026-01-05 17:08:50 [INFO] polymer_pipeline - OPSIN parsed 'naphthalene diimide-bithiophene (ndi-t2)' in 0.000s
2026-01-05 17:08:50 [INFO] polymer_pipeline - OPSIN parsed 'naphthalene diimide-bithiophene (ndi-t2)' in 0.000s
2026-01-05 17:08:50 [INFO] polymer_pipeline - OPSIN parsed 'naphthalene diimide-bithiophene (ndi-t2)' in 0.000s
2026-01-05 17:08:50 [INFO] polymer_pipeline - OPSIN parsed 'side chain-free cationic backbones' in 0.000s
2026-01-05 17:08:50 [INFO] polymer_pipeline - OPSIN parsed 'side chain-free cationic backbones' in 0.000s
2026-01-05 17:08:50 [INFO] polymer_pipeline - OPSIN parsed 'side chain-free cationic backbones' in 0.000s
2026-01-05 17:08:50 [INFO] polymer_pipeline - OPSIN parsed 'side chain-free cationic backbones' in 0.000s
2026-01-05 17:08:50 [INFO] polymer_pipeline - OPSIN parsed 'side chain-free cationic backbones' in 0.000s
2026-01-05 17:08:50 [INFO] polymer_pipeline - OPSIN parsed 'side chain-free cationic backbones' in 0.000s
2026-01-05 17:08:50 [INFO] polymer_pipeline - OPSIN parsed 'side chain-free cationic backbones' in 0.000s
2026-01-05 17:08:50 [INFO] polymer_pipeline - OPSIN parsed 'side chain-free cationic backbones' in 0.000s
2026-01-05 17:08:50 [INFO] polymer_pipeline - OPSIN parsed 'naphthodithiophene diimide (ndti)' in 0.000s
2026-01-05 17:08:50 [INFO] polymer_pipeline - OPSIN parsed 'naphthodithiophene diimide (ndti)' in 0.000s
2026-01-05 17:08:50 [INFO] polymer_pipeline - OPSIN parsed 'naphthodithiophene diimide (ndti)' in 0.000s
2026-01-05 17:08:50 [INFO] polymer_pipeline - OPSIN parsed 'naphthodithiophene diimide (ndti)' in 0.000s
2026-01-05 17:08:50 [INFO] polymer_pipeline - OPSIN parsed 'naphthodithiophene diimide (ndti)' in 0.000s
2026-01-05 17:08:50 [INFO] polymer_pipeline - OPSIN parsed 'naphthodithiophene diimide (ndti)' in 0.000s
2026-01-05 17:08:50 [INFO] polymer_pipeline - OPSIN parsed 'naphthodithiophene diimide (ndti)' in 0.000s
2026-01-05 17:08:50 [INFO] polymer_pipeline - OPSIN parsed 'naphthodithiophene diimide (ndti)' in 0.000s
2026-01-05 17:08:50 [INFO] polymer_pipeline - OPSIN parsed 'naphthodithiophene diimide (ndti)' in 0.000s
2026-01-05 17:08:50 [INFO] polymer_pipeline - OPSIN parsed 'naphthodithiophene diimide (ndti)' in 0.000s
2026-01-05 17:08:50 [INFO] polymer_pipeline - OPSIN parsed 'naphthodithiophene diimide (ndti)' in 0.000s
2026-01-05 17:08:50 [INFO] polymer_pipeline - OPSIN parsed 'naphthodithiophene diimide (ndti)' in 0.000s
2026-01-05 17:08:50 [INFO] polymer_pipeline - OPSIN parsed 'αβ-ttn and fbt donor-acceptor backbone' in 0.000s
2026-01-05 17:08:50 [INFO] polymer_pipeline - OPSIN parsed 'αβ-ttn and fbt - backbone' in 0.000s
2026-01-05 17:08:50 [INFO] polymer_pipeline - OPSIN parsed 'αβ-ttn and fbt - backbone' in 0.000s
2026-01-05 17:08:50 [INFO] polymer_pipeline - OPSIN parsed 'αβ-ttn and fbt - backbone' in 0.000s
2026-01-05 17:08:50 [INFO] polymer_pipeline - OPSIN parsed 'βα-ttn and fbt donor-acceptor backbone' in 0.000s
2026-01-05 17:08:50 [INFO] polymer_pipeline - OPSIN parsed 'βα-ttn and fbt - backbone' in 0.000s
2026-01-05 17:08:50 [INFO] polymer_pipeline - OPSIN parsed 'βα-ttn and fbt - backbone' in 0.000s
2026-01-05 17:08:50 [INFO] polymer_pipeline - OPSIN parsed 'βα-ttn and fbt - backbone' in 0.000s
2026-01-05 17:08:50 [INFO] polymer_pipeline - OPSIN parsed 'αβ-ttn and fbt donor-acceptor backbone' in 0.000s
2026-01-05 17:08:50 [INFO] polymer_pipeline - OPSIN parsed 'αβ-ttn and fbt - backbone' in 0.000s
2026-01-05 17:08:50 [INFO] polymer_pipeline - OPSIN parsed 'αβ-ttn and fbt - backbone' in 0.000s
2026-01-05 17:08:50 [INFO] polymer_pipeline - OPSIN parsed 'αβ-ttn and fbt - backbone' in 0.000s
2026-01-05 17:08:50 [INFO] polymer_pipeline - OPSIN parsed 'fdpp acceptor copolymerized with thieno[3,2-b]thiophene' in 0.000s
2026-01-05 17:08:50 [INFO] polymer_pipeline - OPSIN parsed 'fdpp  copolymerized with thieno[3,2-b]thiophene' in 0.000s
2026-01-05 17:08:50 [INFO] polymer_pipeline - OPSIN parsed 'fdpp  copolymerized with thieno[3,2-b]thiophene' in 0.000s
2026-01-05 17:08:50 [INFO] polymer_pipeline - OPSIN parsed 'fdpp copolymerized with thieno[3,2-b]thiophene' in 0.000s
2026-01-05 17:08:50 [INFO] polymer_pipeline - OPSIN parsed 'fdpp acceptor copolymerized with thieno[3,2-b]thiophene' in 0.000s
2026-01-05 17:08:50 [INFO] polymer_pipeline - OPSIN parsed 'fdpp  copolymerized with thieno[3,2-b]thiophene' in 0.000s
2026-01-05 17:08:50 [INFO] polymer_pipeline - OPSIN parsed 'fdpp  copolymerized with thieno[3,2-b]thiophene' in 0.000s
2026-01-05 17:08:50 [INFO] polymer_pipeline - OPSIN parsed 'fdpp copolymerized with thieno[3,2-b]thiophene' in 0.000s
2026-01-05 17:08:50 [INFO] polymer_pipeline - OPSIN parsed 'fdpp acceptor copolymerized with thieno[3,2-b]thiophene' in 0.000s
2026-01-05 17:08:50 [INFO] polymer_pipeline - OPSIN parsed 'fdpp  copolymerized with thieno[3,2-b]thiophene' in 0.000s
2026-01-05 17:08:50 [INFO] polymer_pipeline - OPSIN parsed 'fdpp  copolymerized with thieno[3,2-b]thiophene' in 0.000s
2026-01-05 17:08:50 [INFO] polymer_pipeline - OPSIN parsed 'fdpp copolymerized with thieno[3,2-b]thiophene' in 0.000s
2026-01-05 17:08:50 [INFO] polymer_pipeline - OPSIN parsed 'fdpp acceptor copolymerized with thieno[3,2-b]thiophene' in 0.000s
2026-01-05 17:08:50 [INFO] polymer_pipeline - OPSIN parsed 'fdpp  copolymerized with thieno[3,2-b]thiophene' in 0.000s
2026-01-05 17:08:50 [INFO] polymer_pipeline - OPSIN parsed 'fdpp  copolymerized with thieno[3,2-b]thiophene' in 0.000s
2026-01-05 17:08:50 [INFO] polymer_pipeline - OPSIN parsed 'fdpp copolymerized with thieno[3,2-b]thiophene' in 0.000s
2026-01-05 17:08:50 [INFO] polymer_pipeline - OPSIN parsed 'fdpp acceptor copolymerized with thieno[3,2-b]thiophene' in 0.000s
2026-01-05 17:08:50 [INFO] polymer_pipeline - OPSIN parsed 'fdpp  copolymerized with thieno[3,2-b]thiophene' in 0.000s
2026-01-05 17:08:50 [INFO] polymer_pipeline - OPSIN parsed 'fdpp  copolymerized with thieno[3,2-b]thiophene' in 0.000s
2026-01-05 17:08:50 [INFO] polymer_pipeline - OPSIN parsed 'fdpp copolymerized with thieno[3,2-b]thiophene' in 0.000s
2026-01-05 17:08:50 [INFO] polymer_pipeline - OPSIN parsed 'fdpp acceptor copolymerized with thieno[3,2-b]thiophene' in 0.000s
2026-01-05 17:08:50 [INFO] polymer_pipeline - OPSIN parsed 'fdpp  copolymerized with thieno[3,2-b]thiophene' in 0.000s
2026-01-05 17:08:50 [INFO] polymer_pipeline - OPSIN parsed 'fdpp  copolymerized with thieno[3,2-b]thiophene' in 0.000s
2026-01-05 17:08:50 [INFO] polymer_pipeline - OPSIN parsed 'fdpp copolymerized with thieno[3,2-b]thiophene' in 0.000s
2026-01-05 17:08:50 [INFO] polymer_pipeline - OPSIN parsed 'fdpp acceptor copolymerized with 2,2-bithiophene' in 0.000s
2026-01-05 17:08:50 [INFO] polymer_pipeline - OPSIN parsed 'fdpp  copolymerized with 2,2-bithiophene' in 0.000s
2026-01-05 17:08:50 [INFO] polymer_pipeline - OPSIN parsed 'fdpp  copolymerized with 2,2-bithiophene' in 0.000s
2026-01-05 17:08:50 [INFO] polymer_pipeline - OPSIN parsed 'fdpp copolymerized with 2,2-bithiophene' in 0.000s
2026-01-05 17:08:50 [INFO] polymer_pipeline - OPSIN parsed 'fdpp acceptor copolymerized with 2,2-bithiophene' in 0.000s
2026-01-05 17:08:50 [INFO] polymer_pipeline - OPSIN parsed 'fdpp  copolymerized with 2,2-bithiophene' in 0.000s
2026-01-05 17:08:50 [INFO] polymer_pipeline - OPSIN parsed 'fdpp  copolymerized with 2,2-bithiophene' in 0.000s
2026-01-05 17:08:50 [INFO] polymer_pipeline - OPSIN parsed 'fdpp copolymerized with 2,2-bithiophene' in 0.000s
2026-01-05 17:08:50 [INFO] polymer_pipeline - OPSIN parsed 'fdpp acceptor copolymerized with 2,2-bithiophene' in 0.000s
2026-01-05 17:08:50 [INFO] polymer_pipeline - OPSIN parsed 'fdpp  copolymerized with 2,2-bithiophene' in 0.000s
2026-01-05 17:08:50 [INFO] polymer_pipeline - OPSIN parsed 'fdpp  copolymerized with 2,2-bithiophene' in 0.000s
2026-01-05 17:08:50 [INFO] polymer_pipeline - OPSIN parsed 'fdpp copolymerized with 2,2-bithiophene' in 0.000s
2026-01-05 17:08:50 [INFO] polymer_pipeline - OPSIN parsed 'fdpp acceptor copolymerized with 2,2-bithiophene' in 0.000s
2026-01-05 17:08:50 [INFO] polymer_pipeline - OPSIN parsed 'fdpp  copolymerized with 2,2-bithiophene' in 0.000s
2026-01-05 17:08:50 [INFO] polymer_pipeline - OPSIN parsed 'fdpp  copolymerized with 2,2-bithiophene' in 0.000s
2026-01-05 17:08:50 [INFO] polymer_pipeline - OPSIN parsed 'fdpp copolymerized with 2,2-bithiophene' in 0.000s
2026-01-05 17:08:50 [INFO] polymer_pipeline - OPSIN parsed 'fdpp acceptor copolymerized with 2,2-bithiophene' in 0.000s
2026-01-05 17:08:50 [INFO] polymer_pipeline - OPSIN parsed 'fdpp  copolymerized with 2,2-bithiophene' in 0.000s
2026-01-05 17:08:50 [INFO] polymer_pipeline - OPSIN parsed 'fdpp  copolymerized with 2,2-bithiophene' in 0.000s
2026-01-05 17:08:50 [INFO] polymer_pipeline - OPSIN parsed 'fdpp copolymerized with 2,2-bithiophene' in 0.000s
2026-01-05 17:08:50 [INFO] polymer_pipeline - OPSIN parsed 'fdpp acceptor copolymerized with 2,2-bithiophene' in 0.000s
2026-01-05 17:08:50 [INFO] polymer_pipeline - OPSIN parsed 'fdpp  copolymerized with 2,2-bithiophene' in 0.000s
2026-01-05 17:08:50 [INFO] polymer_pipeline - OPSIN parsed 'fdpp  copolymerized with 2,2-bithiophene' in 0.000s
2026-01-05 17:08:50 [INFO] polymer_pipeline - OPSIN parsed 'fdpp copolymerized with 2,2-bithiophene' in 0.000s
2026-01-05 17:08:50 [INFO] polymer_pipeline - OPSIN parsed 'poly(isindigo-alt-bithiophene)' in 0.000s
2026-01-05 17:08:50 [INFO] polymer_pipeline - OPSIN parsed 'poly(isindigo-alt-bithiophene)' in 0.000s
2026-01-05 17:08:50 [INFO] polymer_pipeline - OPSIN parsed 'poly(isindigo-alt-bithiophene)' in 0.000s
2026-01-05 17:08:50 [INFO] polymer_pipeline - OPSIN parsed 'poly(isindigo-alt-bithiophene)' in 0.000s
2026-01-05 17:08:50 [INFO] polymer_pipeline - OPSIN parsed 'poly(isindigo-alt-bithiophene)' in 0.000s
2026-01-05 17:08:50 [INFO] polymer_pipeline - OPSIN parsed 'poly(isindigo-alt-bithiophene)' in 0.000s
2026-01-05 17:08:50 [INFO] polymer_pipeline - OPSIN parsed 'poly(isindigo-alt-bithiophene)' in 0.000s
2026-01-05 17:08:50 [INFO] polymer_pipeline - OPSIN parsed 'poly(isindigo-alt-bithiophene)' in 0.000s
2026-01-05 17:08:50 [INFO] polymer_pipeline - OPSIN parsed 'poly(isindigo-alt-bithiophene)' in 0.000s
2026-01-05 17:08:50 [INFO] polymer_pipeline - OPSIN parsed 'poly(isindigo-alt-bithiophene)' in 0.000s
2026-01-05 17:08:50 [INFO] polymer_pipeline - OPSIN parsed 'poly(isindigo-alt-bithiophene)' in 0.000s
2026-01-05 17:08:50 [INFO] polymer_pipeline - OPSIN parsed 'poly(isindigo-alt-bithiophene)' in 0.000s
2026-01-05 17:08:50 [INFO] polymer_pipeline - OPSIN parsed 'all-thiophene polymer backbone' in 0.000s
2026-01-05 17:08:50 [INFO] polymer_pipeline - OPSIN parsed 'all-thiophene  backbone' in 0.000s
2026-01-05 17:08:50 [INFO] polymer_pipeline - OPSIN parsed 'all-thiophene  backbone' in 0.000s
2026-01-05 17:08:50 [INFO] polymer_pipeline - OPSIN parsed 'all-thiophene backbone' in 0.000s
2026-01-05 17:08:50 [INFO] polymer_pipeline - OPSIN parsed 'all-thiophene polymer backbone' in 0.000s
2026-01-05 17:08:50 [INFO] polymer_pipeline - OPSIN parsed 'all-thiophene  backbone' in 0.000s
2026-01-05 17:08:50 [INFO] polymer_pipeline - OPSIN parsed 'all-thiophene  backbone' in 0.000s
2026-01-05 17:08:50 [INFO] polymer_pipeline - OPSIN parsed 'all-thiophene backbone' in 0.000s
2026-01-05 17:08:50 [INFO] polymer_pipeline - OPSIN parsed 'all-thiophene polymer backbone' in 0.000s
2026-01-05 17:08:50 [INFO] polymer_pipeline - OPSIN parsed 'all-thiophene  backbone' in 0.000s
2026-01-05 17:08:50 [INFO] polymer_pipeline - OPSIN parsed 'all-thiophene  backbone' in 0.000s
2026-01-05 17:08:50 [INFO] polymer_pipeline - OPSIN parsed 'all-thiophene backbone' in 0.000s
2026-01-05 17:08:50 [INFO] polymer_pipeline - OPSIN parsed 'all-thiophene polymer backbone' in 0.000s
2026-01-05 17:08:50 [INFO] polymer_pipeline - OPSIN parsed 'all-thiophene  backbone' in 0.000s
2026-01-05 17:08:50 [INFO] polymer_pipeline - OPSIN parsed 'all-thiophene  backbone' in 0.000s
2026-01-05 17:08:50 [INFO] polymer_pipeline - OPSIN parsed 'all-thiophene backbone' in 0.000s
2026-01-05 17:08:50 [INFO] polymer_pipeline - OPSIN parsed 'alternating thiazole-flanked thieno[3,4-c]pyrrole-4,6-dione (tpd) unit and 3,4-dicyanothiophene (2cn-t) unit' in 0.000s
2026-01-05 17:08:50 [INFO] polymer_pipeline - OPSIN parsed 'alternating thiazole-flanked thieno[3,4-c]pyrrole-4,6-dione (tpd)  and 3,4-dicyanothiophene (2cn-t)' in 0.000s
2026-01-05 17:08:50 [INFO] polymer_pipeline - OPSIN parsed 'alternating thiazole-flanked thieno[3,4-c]pyrrole-4,6-dione (tpd)  and 3,4-dicyanothiophene (2cn-t)' in 0.000s
2026-01-05 17:08:50 [INFO] polymer_pipeline - OPSIN parsed 'alternating thiazole-flanked thieno[3,4-c]pyrrole-4,6-dione (tpd) and 3,4-dicyanothiophene (2cn-t)' in 0.000s
2026-01-05 17:08:50 [INFO] polymer_pipeline - OPSIN parsed 'alternating thiazole-flanked thieno[3,4-c]pyrrole-4,6-dione (tpd) unit and 3,4-dicyanothiophene (2cn-t) unit' in 0.000s
2026-01-05 17:08:50 [INFO] polymer_pipeline - OPSIN parsed 'alternating thiazole-flanked thieno[3,4-c]pyrrole-4,6-dione (tpd)  and 3,4-dicyanothiophene (2cn-t)' in 0.000s
2026-01-05 17:08:50 [INFO] polymer_pipeline - OPSIN parsed 'alternating thiazole-flanked thieno[3,4-c]pyrrole-4,6-dione (tpd)  and 3,4-dicyanothiophene (2cn-t)' in 0.000s
2026-01-05 17:08:50 [INFO] polymer_pipeline - OPSIN parsed 'alternating thiazole-flanked thieno[3,4-c]pyrrole-4,6-dione (tpd) and 3,4-dicyanothiophene (2cn-t)' in 0.000s
2026-01-05 17:08:50 [INFO] polymer_pipeline - OPSIN parsed 'alternating thiazole-flanked thieno[3,4-c]pyrrole-4,6-dione (tpd) unit and 3,4-dicyanothiophene (2cn-t) unit' in 0.000s
2026-01-05 17:08:50 [INFO] polymer_pipeline - OPSIN parsed 'alternating thiazole-flanked thieno[3,4-c]pyrrole-4,6-dione (tpd)  and 3,4-dicyanothiophene (2cn-t)' in 0.000s
2026-01-05 17:08:50 [INFO] polymer_pipeline - OPSIN parsed 'alternating thiazole-flanked thieno[3,4-c]pyrrole-4,6-dione (tpd)  and 3,4-dicyanothiophene (2cn-t)' in 0.000s
2026-01-05 17:08:50 [INFO] polymer_pipeline - OPSIN parsed 'alternating thiazole-flanked thieno[3,4-c]pyrrole-4,6-dione (tpd) and 3,4-dicyanothiophene (2cn-t)' in 0.000s
2026-01-05 17:08:50 [INFO] polymer_pipeline - OPSIN parsed 'poly(prodot-biedot) backbone' in 0.000s
2026-01-05 17:08:50 [INFO] polymer_pipeline - OPSIN parsed 'poly(prodot-biedot) backbone' in 0.000s
2026-01-05 17:08:50 [INFO] polymer_pipeline - OPSIN parsed 'poly(prodot-biedot) backbone' in 0.000s
2026-01-05 17:08:50 [INFO] polymer_pipeline - OPSIN parsed 'poly(prodot-biedot) backbone' in 0.000s
2026-01-05 17:08:50 [INFO] polymer_pipeline - OPSIN parsed 'poly(prodot-biedot) backbone' in 0.000s
2026-01-05 17:08:50 [INFO] polymer_pipeline - OPSIN parsed 'poly(prodot-biedot) backbone' in 0.000s
2026-01-05 17:08:50 [INFO] polymer_pipeline - OPSIN parsed 'poly(prodot-biedot) backbone' in 0.000s
2026-01-05 17:08:50 [INFO] polymer_pipeline - OPSIN parsed 'poly(prodot-biedot) backbone' in 0.000s
2026-01-05 17:08:50 [INFO] polymer_pipeline - OPSIN parsed 'poly(prodot-biedot) backbone' in 0.000s
2026-01-05 17:08:50 [INFO] polymer_pipeline - OPSIN parsed 'poly(prodot-biedot) backbone' in 0.000s
2026-01-05 17:08:50 [INFO] polymer_pipeline - OPSIN parsed 'poly(prodot-biedot) backbone' in 0.000s
2026-01-05 17:08:50 [INFO] polymer_pipeline - OPSIN parsed 'poly(prodot-biedot) backbone' in 0.000s
2026-01-05 17:08:50 [INFO] polymer_pipeline - OPSIN parsed 'poly(prodot-biedot) backbone' in 0.000s
2026-01-05 17:08:50 [INFO] polymer_pipeline - OPSIN parsed 'poly(prodot-biedot) backbone' in 0.000s
2026-01-05 17:08:50 [INFO] polymer_pipeline - OPSIN parsed 'poly(prodot-biedot) backbone' in 0.000s
2026-01-05 17:08:50 [INFO] polymer_pipeline - OPSIN parsed 'poly(prodot-biedot) backbone' in 0.000s
2026-01-05 17:08:50 [INFO] polymer_pipeline - OPSIN parsed 'poly(prodot-biedot) backbone' in 0.000s
2026-01-05 17:08:50 [INFO] polymer_pipeline - OPSIN parsed 'poly(prodot-biedot) backbone' in 0.000s
2026-01-05 17:08:50 [INFO] polymer_pipeline - OPSIN parsed 'poly(prodot-biedot) backbone' in 0.000s
2026-01-05 17:08:50 [INFO] polymer_pipeline - OPSIN parsed 'poly(prodot-biedot) backbone' in 0.000s
2026-01-05 17:08:50 [INFO] polymer_pipeline - OPSIN parsed 'idtz-dtbt/dtbtff' in 0.000s
2026-01-05 17:08:50 [INFO] polymer_pipeline - OPSIN parsed 'idtz-dtbt/dtbtff' in 0.000s
2026-01-05 17:08:50 [INFO] polymer_pipeline - OPSIN parsed 'idtz-dtbt/dtbtff' in 0.000s
2026-01-05 17:08:50 [INFO] polymer_pipeline - OPSIN parsed 'idtz-dtbt/dtbtff' in 0.000s
2026-01-05 17:08:50 [INFO] polymer_pipeline - OPSIN parsed 'idtz-dtbt/dtbtff' in 0.000s
2026-01-05 17:08:50 [INFO] polymer_pipeline - OPSIN parsed 'idtz-dtbt/dtbtff' in 0.000s
2026-01-05 17:08:50 [INFO] polymer_pipeline - OPSIN parsed 'idtz-dtbt/dtbtff' in 0.000s
2026-01-05 17:08:50 [INFO] polymer_pipeline - OPSIN parsed 'idtz-dtbt/dtbtff' in 0.000s
2026-01-05 17:08:50 [INFO] polymer_pipeline - OPSIN parsed 'idtz-dtbt/dtbtff' in 0.000s
2026-01-05 17:08:50 [INFO] polymer_pipeline - OPSIN parsed 'idtz-dtbt/dtbtff' in 0.000s
2026-01-05 17:08:50 [INFO] polymer_pipeline - OPSIN parsed 'idtz-dtbt/dtbtff' in 0.000s
2026-01-05 17:08:50 [INFO] polymer_pipeline - OPSIN parsed 'idtz-dtbt/dtbtff' in 0.000s
2026-01-05 17:08:50 [INFO] polymer_pipeline - OPSIN parsed 'idtz-dtbt/dtbtff' in 0.000s
2026-01-05 17:08:50 [INFO] polymer_pipeline - OPSIN parsed 'idtz-dtbt/dtbtff' in 0.000s
2026-01-05 17:08:50 [INFO] polymer_pipeline - OPSIN parsed 'idtz-dtbt/dtbtff' in 0.000s
2026-01-05 17:08:50 [INFO] polymer_pipeline - OPSIN parsed 'idtz-dtbt/dtbtff' in 0.000s
2026-01-05 17:08:50 [INFO] polymer_pipeline - OPSIN parsed 'dithienyl-diketopyrrolopyrrole and thiophene' in 0.001s
2026-01-05 17:08:50 [INFO] polymer_pipeline - OPSIN parsed 'poly-l-lysine backbone' in 0.000s
2026-01-05 17:08:50 [INFO] polymer_pipeline - OPSIN parsed 'poly-l-lysine backbone' in 0.000s
2026-01-05 17:08:50 [INFO] polymer_pipeline - OPSIN parsed 'poly-l-lysine backbone' in 0.000s
2026-01-05 17:08:50 [INFO] polymer_pipeline - OPSIN parsed 'poly-l-lysine backbone' in 0.000s
2026-01-05 17:08:50 [INFO] polymer_pipeline - OPSIN parsed 'polythiophene' in 0.000s
2026-01-05 17:08:50 [INFO] polymer_pipeline - OPSIN parsed 'polythiophene' in 0.000s
2026-01-05 17:08:50 [INFO] polymer_pipeline - OPSIN parsed 'polythiophene' in 0.000s
2026-01-05 17:08:50 [INFO] polymer_pipeline - OPSIN parsed 'polythiophene' in 0.000s
2026-01-05 17:08:50 [INFO] polymer_pipeline - OPSIN parsed 'polythiophene' in 0.000s
2026-01-05 17:08:50 [INFO] polymer_pipeline - OPSIN parsed 'polythiophene' in 0.000s
2026-01-05 17:08:50 [INFO] polymer_pipeline - OPSIN parsed 'polythiophene' in 0.000s
2026-01-05 17:08:50 [INFO] polymer_pipeline - OPSIN parsed 'polythiophene' in 0.000s
2026-01-05 17:08:50 [INFO] polymer_pipeline - OPSIN parsed 'polythiophene' in 0.000s
2026-01-05 17:08:50 [INFO] polymer_pipeline - OPSIN parsed 'polythiophene' in 0.000s
2026-01-05 17:08:50 [INFO] polymer_pipeline - OPSIN parsed 'polythiophene' in 0.000s
2026-01-05 17:08:50 [INFO] polymer_pipeline - OPSIN parsed 'polythiophene' in 0.000s
2026-01-05 17:08:50 [INFO] polymer_pipeline - OPSIN parsed 'polythiophene' in 0.000s
2026-01-05 17:08:50 [INFO] polymer_pipeline - OPSIN parsed 'polythiophene' in 0.000s
2026-01-05 17:08:50 [INFO] polymer_pipeline - OPSIN parsed 'polythiophene' in 0.000s
2026-01-05 17:08:50 [INFO] polymer_pipeline - OPSIN parsed 'polythiophene' in 0.000s
2026-01-05 17:08:50 [INFO] polymer_pipeline - OPSIN parsed 'polythiophene' in 0.000s
2026-01-05 17:08:50 [INFO] polymer_pipeline - OPSIN parsed 'polythiophene' in 0.000s
2026-01-05 17:08:50 [INFO] polymer_pipeline - OPSIN parsed 'polythiophene' in 0.000s
2026-01-05 17:08:50 [INFO] polymer_pipeline - OPSIN parsed 'polythiophene' in 0.000s
2026-01-05 17:08:50 [INFO] polymer_pipeline - OPSIN parsed 'perylene diimide (pdi) and phenothiazine (ptz) copolymer' in 0.000s
2026-01-05 17:08:50 [INFO] polymer_pipeline - OPSIN parsed 'perylene diimide (pdi) and phenothiazine (ptz)' in 0.000s
2026-01-05 17:08:50 [INFO] polymer_pipeline - OPSIN parsed 'perylene diimide (pdi) and phenothiazine (ptz)' in 0.000s
2026-01-05 17:08:50 [INFO] polymer_pipeline - OPSIN parsed 'perylene diimide (pdi) and phenothiazine (ptz)' in 0.000s
2026-01-05 17:08:50 [INFO] polymer_pipeline - OPSIN parsed 'perylene diimide (pdi) and phenothiazine (ptz) copolymer' in 0.000s
2026-01-05 17:08:50 [INFO] polymer_pipeline - OPSIN parsed 'perylene diimide (pdi) and phenothiazine (ptz)' in 0.000s
2026-01-05 17:08:50 [INFO] polymer_pipeline - OPSIN parsed 'perylene diimide (pdi) and phenothiazine (ptz)' in 0.000s
2026-01-05 17:08:50 [INFO] polymer_pipeline - OPSIN parsed 'perylene diimide (pdi) and phenothiazine (ptz)' in 0.000s
2026-01-05 17:08:50 [INFO] polymer_pipeline - OPSIN parsed 'perylene diimide (pdi) and phenothiazine (ptz) copolymer' in 0.000s
2026-01-05 17:08:50 [INFO] polymer_pipeline - OPSIN parsed 'perylene diimide (pdi) and phenothiazine (ptz)' in 0.000s
2026-01-05 17:08:50 [INFO] polymer_pipeline - OPSIN parsed 'perylene diimide (pdi) and phenothiazine (ptz)' in 0.000s
2026-01-05 17:08:50 [INFO] polymer_pipeline - OPSIN parsed 'perylene diimide (pdi) and phenothiazine (ptz)' in 0.000s
2026-01-05 17:08:50 [INFO] polymer_pipeline - OPSIN parsed 'perylene diimide (pdi) and phenothiazine (ptz) copolymer' in 0.000s
2026-01-05 17:08:50 [INFO] polymer_pipeline - OPSIN parsed 'perylene diimide (pdi) and phenothiazine (ptz)' in 0.000s
2026-01-05 17:08:50 [INFO] polymer_pipeline - OPSIN parsed 'perylene diimide (pdi) and phenothiazine (ptz)' in 0.000s
2026-01-05 17:08:50 [INFO] polymer_pipeline - OPSIN parsed 'perylene diimide (pdi) and phenothiazine (ptz)' in 0.000s
2026-01-05 17:08:50 [INFO] polymer_pipeline - OPSIN parsed 'naphthalene diimide (ndi) and phenothiazine (ptz) copolymer' in 0.000s
2026-01-05 17:08:50 [INFO] polymer_pipeline - OPSIN parsed 'naphthalene diimide (ndi) and phenothiazine (ptz)' in 0.000s
2026-01-05 17:08:50 [INFO] polymer_pipeline - OPSIN parsed 'naphthalene diimide (ndi) and phenothiazine (ptz)' in 0.000s
2026-01-05 17:08:50 [INFO] polymer_pipeline - OPSIN parsed 'naphthalene diimide (ndi) and phenothiazine (ptz)' in 0.000s
2026-01-05 17:08:50 [INFO] polymer_pipeline - OPSIN parsed 'naphthalene diimide (ndi) and phenothiazine (ptz) copolymer' in 0.000s
2026-01-05 17:08:50 [INFO] polymer_pipeline - OPSIN parsed 'naphthalene diimide (ndi) and phenothiazine (ptz)' in 0.000s
2026-01-05 17:08:50 [INFO] polymer_pipeline - OPSIN parsed 'naphthalene diimide (ndi) and phenothiazine (ptz)' in 0.000s
2026-01-05 17:08:50 [INFO] polymer_pipeline - OPSIN parsed 'naphthalene diimide (ndi) and phenothiazine (ptz)' in 0.000s
2026-01-05 17:08:50 [INFO] polymer_pipeline - OPSIN parsed 'naphthalene diimide-based donor-acceptor copolymer' in 0.000s
2026-01-05 17:08:50 [INFO] polymer_pipeline - OPSIN parsed 'naphthalene diimide- -' in 0.000s
2026-01-05 17:08:50 [INFO] polymer_pipeline - OPSIN parsed 'naphthalene diimide- -' in 0.000s
2026-01-05 17:08:50 [INFO] polymer_pipeline - OPSIN parsed 'naphthalene diimide- -' in 0.000s
2026-01-05 17:08:50 [INFO] polymer_pipeline - OPSIN parsed 'phthalimide-based copolymer (btor/phthalimide)' in 0.000s
2026-01-05 17:08:50 [INFO] polymer_pipeline - OPSIN parsed 'phthalimide-  (btor/phthalimide)' in 0.000s
2026-01-05 17:08:50 [INFO] polymer_pipeline - OPSIN parsed 'phthalimide-  (btor/phthalimide)' in 0.000s
2026-01-05 17:08:50 [INFO] polymer_pipeline - OPSIN parsed 'phthalimide- (btor/phthalimide)' in 0.000s
2026-01-05 17:08:50 [INFO] polymer_pipeline - OPSIN parsed 'phthalimide-based copolymer (btor/phthalimide)' in 0.000s
2026-01-05 17:08:50 [INFO] polymer_pipeline - OPSIN parsed 'phthalimide-  (btor/phthalimide)' in 0.000s
2026-01-05 17:08:50 [INFO] polymer_pipeline - OPSIN parsed 'phthalimide-  (btor/phthalimide)' in 0.000s
2026-01-05 17:08:50 [INFO] polymer_pipeline - OPSIN parsed 'phthalimide- (btor/phthalimide)' in 0.000s
2026-01-05 17:08:50 [INFO] polymer_pipeline - OPSIN parsed 'btzor-coupled with btzi (ambipolar)' in 0.000s
2026-01-05 17:08:50 [INFO] polymer_pipeline - OPSIN parsed 'btzor-coupled with btzi (ambipolar)' in 0.000s
2026-01-05 17:08:50 [INFO] polymer_pipeline - OPSIN parsed 'btzor-coupled with btzi (ambipolar)' in 0.000s
2026-01-05 17:08:50 [INFO] polymer_pipeline - OPSIN parsed 'btzor-coupled with btzi (ambipolar)' in 0.000s
2026-01-05 17:08:50 [INFO] polymer_pipeline - OPSIN parsed 'btzor-coupled with pyridine-flanked dpp' in 0.000s
2026-01-05 17:08:50 [INFO] polymer_pipeline - OPSIN parsed 'btzor-coupled with pyridine-flanked dpp' in 0.000s
2026-01-05 17:08:50 [INFO] polymer_pipeline - OPSIN parsed 'btzor-coupled with pyridine-flanked dpp' in 0.000s
2026-01-05 17:08:50 [INFO] polymer_pipeline - OPSIN parsed 'btzor-coupled with pyridine-flanked dpp' in 0.000s
2026-01-05 17:08:50 [INFO] polymer_pipeline - OPSIN parsed 'btzor-foi (imide-fluorenone) copolymer' in 0.000s
2026-01-05 17:08:50 [INFO] polymer_pipeline - OPSIN parsed 'btzor-foi (imide-fluorenone)' in 0.000s
2026-01-05 17:08:50 [INFO] polymer_pipeline - OPSIN parsed 'btzor-foi (imide-fluorenone)' in 0.000s
2026-01-05 17:08:50 [INFO] polymer_pipeline - OPSIN parsed 'btzor-foi (imide-fluorenone)' in 0.000s
2026-01-05 17:08:50 [INFO] polymer_pipeline - OPSIN parsed 'btzor-fcni (cyanated fluorenone) copolymer' in 0.000s
2026-01-05 17:08:50 [INFO] polymer_pipeline - OPSIN parsed 'btzor-fcni (cyanated fluorenone)' in 0.000s
2026-01-05 17:08:50 [INFO] polymer_pipeline - OPSIN parsed 'btzor-fcni (cyanated fluorenone)' in 0.000s
2026-01-05 17:08:50 [INFO] polymer_pipeline - OPSIN parsed 'btzor-fcni (cyanated fluorenone)' in 0.000s
2026-01-05 17:08:50 [INFO] polymer_pipeline - OPSIN parsed 'btfor-based homopolymer (difluoro on β-positions)' in 0.000s
2026-01-05 17:08:50 [INFO] polymer_pipeline - OPSIN parsed 'btfor- homopolymer (difluoro on β-positions)' in 0.000s
2026-01-05 17:08:50 [INFO] polymer_pipeline - OPSIN parsed 'btfor- homopolymer (difluoro on β-positions)' in 0.000s
2026-01-05 17:08:50 [INFO] polymer_pipeline - OPSIN parsed 'btfor- homopolymer (difluoro on β-positions)' in 0.000s
2026-01-05 17:08:50 [INFO] polymer_pipeline - OPSIN parsed 'btcnor homopolymer (cyano-functionalized)' in 0.000s
2026-01-05 17:08:50 [INFO] polymer_pipeline - OPSIN parsed 'btcnor homopolymer (cyano-functionalized)' in 0.000s
2026-01-05 17:08:50 [INFO] polymer_pipeline - OPSIN parsed 'btcnor homopolymer (cyano-)' in 0.000s
2026-01-05 17:08:50 [INFO] polymer_pipeline - OPSIN parsed 'btcnor homopolymer (cyano-)' in 0.000s
2026-01-05 17:08:50 [INFO] polymer_pipeline - OPSIN parsed 'trtor-phthalimide copolymer (3-alkyl-3'-alkoxy bithiophene)' in 0.000s
2026-01-05 17:08:50 [INFO] polymer_pipeline - OPSIN parsed 'trtor-phthalimide  (3-alkyl-3'-alkoxy bithiophene)' in 0.000s
2026-01-05 17:08:50 [INFO] polymer_pipeline - OPSIN parsed 'trtor-phthalimide  (3-alkyl-3'-alkoxy bithiophene)' in 0.000s
2026-01-05 17:08:50 [INFO] polymer_pipeline - OPSIN parsed 'trtor-phthalimide (3-alkyl-3'-alkoxy bithiophene)' in 0.000s
2026-01-05 17:08:50 [INFO] polymer_pipeline - OPSIN parsed 'difluorinated benzothiadiazole-trtor copolymer' in 0.000s
2026-01-05 17:08:50 [INFO] polymer_pipeline - OPSIN parsed 'difluorinated benzothiadiazole-trtor' in 0.000s
2026-01-05 17:08:50 [INFO] polymer_pipeline - OPSIN parsed 'difluorinated benzothiadiazole-trtor' in 0.000s
2026-01-05 17:08:50 [INFO] polymer_pipeline - OPSIN parsed 'difluorinated benzothiadiazole-trtor' in 0.000s
2026-01-05 17:08:50 [INFO] polymer_pipeline - OPSIN parsed 'trtor-btzi copolymer (nir-absorbing)' in 0.000s
2026-01-05 17:08:50 [INFO] polymer_pipeline - OPSIN parsed 'trtor-btzi  (nir-absorbing)' in 0.000s
2026-01-05 17:08:50 [INFO] polymer_pipeline - OPSIN parsed 'trtor-btzi  (nir-absorbing)' in 0.000s
2026-01-05 17:08:50 [INFO] polymer_pipeline - OPSIN parsed 'trtor-btzi (nir-absorbing)' in 0.000s
2026-01-05 17:08:50 [INFO] polymer_pipeline - OPSIN parsed 'trtor-based polymer (ester-free)' in 0.000s
2026-01-05 17:08:50 [INFO] polymer_pipeline - OPSIN parsed 'trtor-  (ester-free)' in 0.000s
2026-01-05 17:08:50 [INFO] polymer_pipeline - OPSIN parsed 'trtor-  (ester-free)' in 0.000s
2026-01-05 17:08:50 [INFO] polymer_pipeline - OPSIN parsed 'trtor- (ester-free)' in 0.000s
2026-01-05 17:08:50 [INFO] polymer_pipeline - OPSIN parsed 'alkoxyandalkyl' in 0.000s
2026-01-05 17:08:50 [INFO] polymer_pipeline - OPSIN parsed 'tetor-based polymer (esterified trtor)' in 0.000s
2026-01-05 17:08:50 [INFO] polymer_pipeline - OPSIN parsed 'tetor-  (esterified trtor)' in 0.000s
2026-01-05 17:08:50 [INFO] polymer_pipeline - OPSIN parsed 'tetor-  (esterified trtor)' in 0.000s
2026-01-05 17:08:50 [INFO] polymer_pipeline - OPSIN parsed 'tetor- (esterified trtor)' in 0.000s
2026-01-05 17:08:50 [INFO] polymer_pipeline - OPSIN parsed 'tortry-based polymer (alkynyl + alkoxy)' in 0.000s
2026-01-05 17:08:50 [INFO] polymer_pipeline - OPSIN parsed 'tortry-  (alkynyl + alkoxy)' in 0.000s
2026-01-05 17:08:50 [INFO] polymer_pipeline - OPSIN parsed 'tortry-  (alkynyl + alkoxy)' in 0.000s
2026-01-05 17:08:50 [INFO] polymer_pipeline - OPSIN parsed 'tortry- (alkynyl + alkoxy)' in 0.000s
2026-01-05 17:08:50 [INFO] polymer_pipeline - OPSIN parsed 'dithieno[3,2-b:2',3'-d]pyran (dtp)-based copolymer' in 0.000s
2026-01-05 17:08:50 [INFO] polymer_pipeline - OPSIN parsed 'dithieno[3,2-b:2',3'-d]pyran (dtp)-' in 0.000s
2026-01-05 17:08:50 [INFO] polymer_pipeline - OPSIN parsed 'dithieno[3,2-b:2',3'-d]pyran (dtp)-' in 0.000s
2026-01-05 17:08:50 [INFO] polymer_pipeline - OPSIN parsed 'dithieno[3,2-b:2',3'-d]pyran (dtp)-' in 0.000s
2026-01-05 17:08:50 [INFO] polymer_pipeline - OPSIN parsed 'btcnor-cored small-molecule htm control (no cyano)' in 0.000s
2026-01-05 17:08:50 [INFO] polymer_pipeline - OPSIN parsed 'btcnor-cored small-molecule htm control (no cyano)' in 0.000s
2026-01-05 17:08:50 [INFO] polymer_pipeline - OPSIN parsed 'btcnor-cored small-molecule htm control (no cyano)' in 0.000s
2026-01-05 17:08:50 [INFO] polymer_pipeline - OPSIN parsed 'btcnor-cored small-molecule htm control (no cyano)' in 0.000s
2026-01-05 17:08:50 [INFO] polymer_pipeline - OPSIN parsed 'btcnor-cored small-molecule htm control (without cyano?)' in 0.000s
2026-01-05 17:08:50 [INFO] polymer_pipeline - OPSIN parsed 'btcnor-cored small-molecule htm control (without cyano?)' in 0.000s
2026-01-05 17:08:50 [INFO] polymer_pipeline - OPSIN parsed 'btcnor-cored small-molecule htm control (without cyano?)' in 0.000s
2026-01-05 17:08:50 [INFO] polymer_pipeline - OPSIN parsed 'btcnor-cored small-molecule htm control (without cyano?)' in 0.000s
2026-01-05 17:08:50 [INFO] polymer_pipeline - OPSIN parsed 'btcnor-cored small-molecule htm (cyano-functionalized)' in 0.000s
2026-01-05 17:08:50 [INFO] polymer_pipeline - OPSIN parsed 'btcnor-cored small-molecule htm (cyano-functionalized)' in 0.000s
2026-01-05 17:08:50 [INFO] polymer_pipeline - OPSIN parsed 'btcnor-cored small-molecule htm (cyano-)' in 0.000s
2026-01-05 17:08:50 [INFO] polymer_pipeline - OPSIN parsed 'btcnor-cored small-molecule htm (cyano-)' in 0.000s
2026-01-05 17:08:50 [INFO] polymer_pipeline - OPSIN parsed 'ndti-bbt' in 0.000s
2026-01-05 17:08:50 [INFO] polymer_pipeline - OPSIN parsed 'ndti-bbt' in 0.000s
2026-01-05 17:08:50 [INFO] polymer_pipeline - OPSIN parsed 'ndti-bbt' in 0.000s
2026-01-05 17:08:50 [INFO] polymer_pipeline - OPSIN parsed 'ndti-bbt' in 0.000s
2026-01-05 17:08:50 [INFO] polymer_pipeline - OPSIN parsed 'ndti-bbt' in 0.000s
2026-01-05 17:08:50 [INFO] polymer_pipeline - OPSIN parsed 'ndti-bbt' in 0.000s
2026-01-05 17:08:50 [INFO] polymer_pipeline - OPSIN parsed 'ndti-bbt' in 0.000s
2026-01-05 17:08:50 [INFO] polymer_pipeline - OPSIN parsed 'ndti-bbt' in 0.000s
2026-01-05 17:08:50 [INFO] polymer_pipeline - OPSIN parsed 'ndti-bbt' in 0.000s
2026-01-05 17:08:50 [INFO] polymer_pipeline - OPSIN parsed 'ndti-bbt' in 0.000s
2026-01-05 17:08:50 [INFO] polymer_pipeline - OPSIN parsed 'ndti-bbt' in 0.000s
2026-01-05 17:08:50 [INFO] polymer_pipeline - OPSIN parsed 'ndti-bbt' in 0.000s
2026-01-05 17:08:50 [INFO] polymer_pipeline - OPSIN parsed 'ndti-bbt' in 0.000s
2026-01-05 17:08:50 [INFO] polymer_pipeline - OPSIN parsed 'ndti-bbt' in 0.000s
2026-01-05 17:08:50 [INFO] polymer_pipeline - OPSIN parsed 'ndti-bbt' in 0.000s
2026-01-05 17:08:50 [INFO] polymer_pipeline - OPSIN parsed 'ndti-bbt' in 0.000s
2026-01-05 17:08:50 [INFO] polymer_pipeline - OPSIN parsed '3,4-propylenedioxythiophene (prodot) alternating with dmp comonomer' in 0.000s
2026-01-05 17:08:50 [INFO] polymer_pipeline - OPSIN parsed '3,4-propylenedioxythiophene (prodot) alternating with dmp comonomer' in 0.000s
2026-01-05 17:08:50 [INFO] polymer_pipeline - OPSIN parsed '3,4-propylenedioxythiophene (prodot) alternating with dmp comonomer' in 0.000s
2026-01-05 17:08:50 [INFO] polymer_pipeline - OPSIN parsed '3,4-propylenedioxythiophene (prodot) alternating with dmp comonomer' in 0.000s
2026-01-05 17:08:50 [INFO] polymer_pipeline - OPSIN parsed '3,4-propylenedioxythiophene (prodot) alternating with dmp comonomer' in 0.000s
2026-01-05 17:08:50 [INFO] polymer_pipeline - OPSIN parsed '3,4-propylenedioxythiophene (prodot) alternating with dmp comonomer' in 0.000s
2026-01-05 17:08:50 [INFO] polymer_pipeline - OPSIN parsed '3,4-propylenedioxythiophene (prodot) alternating with dmp comonomer' in 0.000s
2026-01-05 17:08:50 [INFO] polymer_pipeline - OPSIN parsed '3,4-propylenedioxythiophene (prodot) alternating with dmp comonomer' in 0.000s
2026-01-05 17:08:50 [INFO] polymer_pipeline - OPSIN parsed '3,4-propylenedioxythiophene (prodot) alternating with dmp comonomer' in 0.000s
2026-01-05 17:08:50 [INFO] polymer_pipeline - OPSIN parsed '3,4-propylenedioxythiophene (prodot) alternating with dmp comonomer' in 0.000s
2026-01-05 17:08:50 [INFO] polymer_pipeline - OPSIN parsed '3,4-propylenedioxythiophene (prodot) alternating with dmp comonomer' in 0.000s
2026-01-05 17:08:50 [INFO] polymer_pipeline - OPSIN parsed '3,4-propylenedioxythiophene (prodot) alternating with dmp comonomer' in 0.000s
2026-01-05 17:08:50 [INFO] polymer_pipeline - OPSIN parsed '3,4-propylenedioxythiophene (prodot) alternating with dmp comonomer' in 0.000s
2026-01-05 17:08:50 [INFO] polymer_pipeline - OPSIN parsed '3,4-propylenedioxythiophene (prodot) alternating with dmp comonomer' in 0.000s
2026-01-05 17:08:50 [INFO] polymer_pipeline - OPSIN parsed '3,4-propylenedioxythiophene (prodot) alternating with dmp comonomer' in 0.000s
2026-01-05 17:08:50 [INFO] polymer_pipeline - OPSIN parsed '3,4-propylenedioxythiophene (prodot) alternating with dmp comonomer' in 0.000s
2026-01-05 17:08:50 [INFO] polymer_pipeline - OPSIN parsed '3,4-propylenedioxythiophene (prodot) alternating with dmp comonomer' in 0.000s
2026-01-05 17:08:50 [INFO] polymer_pipeline - OPSIN parsed '3,4-propylenedioxythiophene (prodot) alternating with dmp comonomer' in 0.000s
2026-01-05 17:08:50 [INFO] polymer_pipeline - OPSIN parsed '3,4-propylenedioxythiophene (prodot) alternating with dmp comonomer' in 0.000s
2026-01-05 17:08:50 [INFO] polymer_pipeline - OPSIN parsed '3,4-propylenedioxythiophene (prodot) alternating with dmp comonomer' in 0.000s
2026-01-05 17:08:50 [INFO] polymer_pipeline - OPSIN parsed 'thienylene vinylene' in 0.000s
2026-01-05 17:08:50 [INFO] polymer_pipeline - OPSIN parsed 'thienylene vinylene' in 0.000s
2026-01-05 17:08:50 [INFO] polymer_pipeline - OPSIN parsed 'thienylene vinylene' in 0.000s
2026-01-05 17:08:50 [INFO] polymer_pipeline - OPSIN parsed 'thienylene vinylene' in 0.000s
2026-01-05 17:08:50 [INFO] polymer_pipeline - OPSIN parsed 'thienylene vinylene' in 0.000s
2026-01-05 17:08:50 [INFO] polymer_pipeline - OPSIN parsed 'thienylene vinylene' in 0.000s
2026-01-05 17:08:50 [INFO] polymer_pipeline - OPSIN parsed 'thienylene vinylene' in 0.000s
2026-01-05 17:08:50 [INFO] polymer_pipeline - OPSIN parsed 'thienylene vinylene' in 0.000s
2026-01-05 17:08:50 [INFO] polymer_pipeline - OPSIN parsed 'thienylene vinylene' in 0.000s
2026-01-05 17:08:50 [INFO] polymer_pipeline - OPSIN parsed 'thienylene vinylene' in 0.000s
2026-01-05 17:08:50 [INFO] polymer_pipeline - OPSIN parsed 'thienylene vinylene' in 0.000s
2026-01-05 17:08:50 [INFO] polymer_pipeline - OPSIN parsed 'thienylene vinylene' in 0.000s
2026-01-05 17:08:50 [INFO] polymer_pipeline - OPSIN parsed 'thienylene vinylene' in 0.000s
2026-01-05 17:08:50 [INFO] polymer_pipeline - OPSIN parsed 'thienylene vinylene' in 0.000s
2026-01-05 17:08:50 [INFO] polymer_pipeline - OPSIN parsed 'thienylene vinylene' in 0.000s
2026-01-05 17:08:50 [INFO] polymer_pipeline - OPSIN parsed 'thienylene vinylene' in 0.000s
2026-01-05 17:08:50 [INFO] polymer_pipeline - OPSIN parsed 'thieno[3,2-b]thiophene vinylene' in 0.001s
2026-01-05 17:08:50 [INFO] polymer_pipeline - OPSIN parsed 'poly(3-hexylthiophene)' in 0.000s
2026-01-05 17:08:50 [INFO] polymer_pipeline - OPSIN parsed 'poly(3-hexylthiophene)' in 0.000s
2026-01-05 17:08:50 [INFO] polymer_pipeline - OPSIN parsed 'poly(3-hexylthiophene)' in 0.000s
2026-01-05 17:08:50 [INFO] polymer_pipeline - OPSIN parsed 'poly(3-hexylthiophene)' in 0.000s
2026-01-05 17:08:50 [INFO] polymer_pipeline - OPSIN parsed 'poly(3-hexylthiophene)' in 0.000s
2026-01-05 17:08:50 [INFO] polymer_pipeline - OPSIN parsed 'poly(3-hexylthiophene)' in 0.000s
2026-01-05 17:08:50 [INFO] polymer_pipeline - OPSIN parsed 'poly(3-hexylthiophene)' in 0.000s
2026-01-05 17:08:50 [INFO] polymer_pipeline - OPSIN parsed 'poly(3-hexylthiophene)' in 0.000s
2026-01-05 17:08:50 [INFO] polymer_pipeline - OPSIN parsed 'poly(3-hexylthiophene)' in 0.000s
2026-01-05 17:08:50 [INFO] polymer_pipeline - OPSIN parsed 'poly(3-hexylthiophene)' in 0.000s
2026-01-05 17:08:50 [INFO] polymer_pipeline - OPSIN parsed 'poly(3-hexylthiophene)' in 0.000s
2026-01-05 17:08:50 [INFO] polymer_pipeline - OPSIN parsed 'poly(3-hexylthiophene)' in 0.000s
2026-01-05 17:08:50 [INFO] polymer_pipeline - OPSIN parsed 'poly(3-hexylthiophene)' in 0.000s
2026-01-05 17:08:50 [INFO] polymer_pipeline - OPSIN parsed 'poly(3-hexylthiophene)' in 0.000s
2026-01-05 17:08:50 [INFO] polymer_pipeline - OPSIN parsed 'poly(3-hexylthiophene)' in 0.000s
2026-01-05 17:08:50 [INFO] polymer_pipeline - OPSIN parsed 'poly(3-hexylthiophene)' in 0.000s
2026-01-05 17:08:50 [INFO] polymer_pipeline - OPSIN parsed 'poly(3-hexylthiophene)' in 0.000s
2026-01-05 17:08:50 [INFO] polymer_pipeline - OPSIN parsed 'poly(3-hexylthiophene)' in 0.000s
2026-01-05 17:08:50 [INFO] polymer_pipeline - OPSIN parsed 'poly(3-hexylthiophene)' in 0.000s
2026-01-05 17:08:50 [INFO] polymer_pipeline - OPSIN parsed 'poly(3-hexylthiophene)' in 0.000s
2026-01-05 17:08:50 [INFO] polymer_pipeline - OPSIN parsed 'polythiophene' in 0.000s
2026-01-05 17:08:50 [INFO] polymer_pipeline - OPSIN parsed 'polythiophene' in 0.000s
2026-01-05 17:08:50 [INFO] polymer_pipeline - OPSIN parsed 'polythiophene' in 0.000s
2026-01-05 17:08:50 [INFO] polymer_pipeline - OPSIN parsed 'polythiophene' in 0.000s
2026-01-05 17:08:50 [INFO] polymer_pipeline - OPSIN parsed 'polythiophene' in 0.000s
2026-01-05 17:08:50 [INFO] polymer_pipeline - OPSIN parsed 'polythiophene' in 0.000s
2026-01-05 17:08:50 [INFO] polymer_pipeline - OPSIN parsed 'polythiophene' in 0.000s
2026-01-05 17:08:50 [INFO] polymer_pipeline - OPSIN parsed 'polythiophene' in 0.000s
2026-01-05 17:08:50 [INFO] polymer_pipeline - OPSIN parsed 'asymmetric thiophene/pyridine flanked dpp-tt' in 0.000s
2026-01-05 17:08:50 [INFO] polymer_pipeline - OPSIN parsed 'asymmetric thiophene/pyridine flanked dpp-tt' in 0.000s
2026-01-05 17:08:50 [INFO] polymer_pipeline - OPSIN parsed 'asymmetric thiophene/pyridine flanked dpp-tt' in 0.000s
2026-01-05 17:08:50 [INFO] polymer_pipeline - OPSIN parsed 'asymmetric thiophene/pyridine flanked dpp-tt' in 0.000s
2026-01-05 17:08:50 [INFO] polymer_pipeline - OPSIN parsed 'n-alkyl' in 0.000s
2026-01-05 17:08:50 [INFO] polymer_pipeline - OPSIN parsed 'asymmetric thiophene/pyridine flanked dpp-bt' in 0.000s
2026-01-05 17:08:50 [INFO] polymer_pipeline - OPSIN parsed 'asymmetric thiophene/pyridine flanked dpp-bt' in 0.000s
2026-01-05 17:08:50 [INFO] polymer_pipeline - OPSIN parsed 'asymmetric thiophene/pyridine flanked dpp-bt' in 0.000s
2026-01-05 17:08:50 [INFO] polymer_pipeline - OPSIN parsed 'asymmetric thiophene/pyridine flanked dpp-bt' in 0.000s
2026-01-05 17:08:50 [INFO] polymer_pipeline - OPSIN parsed 'n-alkyl' in 0.000s
2026-01-05 17:08:50 [INFO] polymer_pipeline - OPSIN parsed 'asymmetric thiophene/pyridine flanked dpp-tt' in 0.000s
2026-01-05 17:08:50 [INFO] polymer_pipeline - OPSIN parsed 'asymmetric thiophene/pyridine flanked dpp-tt' in 0.000s
2026-01-05 17:08:50 [INFO] polymer_pipeline - OPSIN parsed 'asymmetric thiophene/pyridine flanked dpp-tt' in 0.000s
2026-01-05 17:08:50 [INFO] polymer_pipeline - OPSIN parsed 'asymmetric thiophene/pyridine flanked dpp-tt' in 0.000s
2026-01-05 17:08:50 [INFO] polymer_pipeline - OPSIN parsed 'n-alkyl' in 0.000s
2026-01-05 17:08:50 [INFO] polymer_pipeline - OPSIN parsed 'asymmetric thiophene/pyridine flanked dpp-tt' in 0.000s
2026-01-05 17:08:50 [INFO] polymer_pipeline - OPSIN parsed 'asymmetric thiophene/pyridine flanked dpp-tt' in 0.000s
2026-01-05 17:08:50 [INFO] polymer_pipeline - OPSIN parsed 'asymmetric thiophene/pyridine flanked dpp-tt' in 0.000s
2026-01-05 17:08:50 [INFO] polymer_pipeline - OPSIN parsed 'asymmetric thiophene/pyridine flanked dpp-tt' in 0.000s
2026-01-05 17:08:50 [INFO] polymer_pipeline - OPSIN parsed 'n-alkyl' in 0.000s
2026-01-05 17:08:50 [INFO] polymer_pipeline - OPSIN parsed 'asymmetric thiophene/pyridine flanked dpp-bt' in 0.000s
2026-01-05 17:08:50 [INFO] polymer_pipeline - OPSIN parsed 'asymmetric thiophene/pyridine flanked dpp-bt' in 0.000s
2026-01-05 17:08:50 [INFO] polymer_pipeline - OPSIN parsed 'asymmetric thiophene/pyridine flanked dpp-bt' in 0.000s
2026-01-05 17:08:50 [INFO] polymer_pipeline - OPSIN parsed 'asymmetric thiophene/pyridine flanked dpp-bt' in 0.000s
2026-01-05 17:08:50 [INFO] polymer_pipeline - OPSIN parsed 'n-alkyl' in 0.000s
2026-01-05 17:08:50 [INFO] polymer_pipeline - OPSIN parsed 'asymmetric thiophene/pyridine flanked dpp-bt' in 0.000s
2026-01-05 17:08:50 [INFO] polymer_pipeline - OPSIN parsed 'asymmetric thiophene/pyridine flanked dpp-bt' in 0.000s
2026-01-05 17:08:50 [INFO] polymer_pipeline - OPSIN parsed 'asymmetric thiophene/pyridine flanked dpp-bt' in 0.000s
2026-01-05 17:08:50 [INFO] polymer_pipeline - OPSIN parsed 'asymmetric thiophene/pyridine flanked dpp-bt' in 0.000s
2026-01-05 17:08:50 [INFO] polymer_pipeline - OPSIN parsed 'n-alkyl' in 0.000s
2026-01-05 17:08:50 [INFO] polymer_pipeline - OPSIN parsed 'nonfused thiophene backbone' in 0.000s
2026-01-05 17:08:50 [INFO] polymer_pipeline - OPSIN parsed 'nonfused thiophene backbone' in 0.000s
2026-01-05 17:08:50 [INFO] polymer_pipeline - OPSIN parsed 'nonfused thiophene backbone' in 0.000s
2026-01-05 17:08:50 [INFO] polymer_pipeline - OPSIN parsed 'nonfused thiophene backbone' in 0.000s
2026-01-05 17:08:50 [INFO] polymer_pipeline - OPSIN parsed 'nonfused thiophene backbone' in 0.000s
2026-01-05 17:08:50 [INFO] polymer_pipeline - OPSIN parsed 'nonfused thiophene backbone' in 0.000s
2026-01-05 17:08:50 [INFO] polymer_pipeline - OPSIN parsed 'nonfused thiophene backbone' in 0.000s
2026-01-05 17:08:50 [INFO] polymer_pipeline - OPSIN parsed 'nonfused thiophene backbone' in 0.000s
2026-01-05 17:08:50 [INFO] polymer_pipeline - OPSIN parsed 'nonfused thiophene backbone' in 0.000s
2026-01-05 17:08:50 [INFO] polymer_pipeline - OPSIN parsed 'nonfused thiophene backbone' in 0.000s
2026-01-05 17:08:50 [INFO] polymer_pipeline - OPSIN parsed 'nonfused thiophene backbone' in 0.000s
2026-01-05 17:08:50 [INFO] polymer_pipeline - OPSIN parsed 'nonfused thiophene backbone' in 0.000s
2026-01-05 17:08:50 [INFO] polymer_pipeline - OPSIN parsed 'dpp-bithiophene donor-acceptor backbone' in 0.000s
2026-01-05 17:08:50 [INFO] polymer_pipeline - OPSIN parsed 'dpp-bithiophene - backbone' in 0.000s
2026-01-05 17:08:50 [INFO] polymer_pipeline - OPSIN parsed 'dpp-bithiophene - backbone' in 0.000s
2026-01-05 17:08:50 [INFO] polymer_pipeline - OPSIN parsed 'dpp-bithiophene - backbone' in 0.000s
2026-01-05 17:08:50 [INFO] polymer_pipeline - OPSIN parsed 'isoindigo-bithiophene donor-acceptor backbone' in 0.000s
2026-01-05 17:08:50 [INFO] polymer_pipeline - OPSIN parsed 'isoindigo-bithiophene - backbone' in 0.000s
2026-01-05 17:08:50 [INFO] polymer_pipeline - OPSIN parsed 'isoindigo-bithiophene - backbone' in 0.000s
2026-01-05 17:08:50 [INFO] polymer_pipeline - OPSIN parsed 'isoindigo-bithiophene - backbone' in 0.000s
2026-01-05 17:08:50 [INFO] polymer_pipeline - OPSIN parsed 'dpp-bithiophene donor-acceptor backbone' in 0.000s
2026-01-05 17:08:50 [INFO] polymer_pipeline - OPSIN parsed 'dpp-bithiophene - backbone' in 0.000s
2026-01-05 17:08:50 [INFO] polymer_pipeline - OPSIN parsed 'dpp-bithiophene - backbone' in 0.000s
2026-01-05 17:08:50 [INFO] polymer_pipeline - OPSIN parsed 'dpp-bithiophene - backbone' in 0.000s
2026-01-05 17:08:50 [INFO] polymer_pipeline - OPSIN parsed 'isoindigo-bithiophene donor-acceptor backbone' in 0.000s
2026-01-05 17:08:50 [INFO] polymer_pipeline - OPSIN parsed 'isoindigo-bithiophene - backbone' in 0.000s
2026-01-05 17:08:50 [INFO] polymer_pipeline - OPSIN parsed 'isoindigo-bithiophene - backbone' in 0.000s
2026-01-05 17:08:50 [INFO] polymer_pipeline - OPSIN parsed 'isoindigo-bithiophene - backbone' in 0.000s
2026-01-05 17:08:50 [INFO] polymer_pipeline - OPSIN parsed '3,6-di(thiazol-5-yl)-diketopyrrolopyrrole' in 0.001s
2026-01-05 17:08:50 [INFO] polymer_pipeline - OPSIN parsed '3,6-di(thiazol-5-yl)-diketopyrrolopyrrole' in 0.000s
2026-01-05 17:08:50 [INFO] polymer_pipeline - OPSIN parsed '3,6-di(thiazol-5-yl)-diketopyrrolopyrrole' in 0.000s
2026-01-05 17:08:50 [INFO] polymer_pipeline - OPSIN parsed '3,6-di(thiazol-5-yl)-diketopyrrolopyrrole' in 0.000s
2026-01-05 17:08:50 [INFO] polymer_pipeline - OPSIN parsed '3,6-di(thiazol-5-yl)-diketopyrrolopyrrole' in 0.000s
2026-01-05 17:08:50 [INFO] polymer_pipeline - OPSIN parsed '3,6-di(thiazol-5-yl)-diketopyrrolopyrrole' in 0.000s
2026-01-05 17:08:50 [INFO] polymer_pipeline - OPSIN parsed '3,6-di(thiazol-5-yl)-diketopyrrolopyrrole' in 0.000s
2026-01-05 17:08:50 [INFO] polymer_pipeline - OPSIN parsed '3,6-di(thiazol-5-yl)-diketopyrrolopyrrole' in 0.000s
2026-01-05 17:08:50 [INFO] polymer_pipeline - OPSIN parsed '3,6-di(thiazol-5-yl)-diketopyrrolopyrrole' in 0.000s
2026-01-05 17:08:50 [INFO] polymer_pipeline - OPSIN parsed '3,6-di(thiazol-5-yl)-diketopyrrolopyrrole' in 0.000s
2026-01-05 17:08:50 [INFO] polymer_pipeline - OPSIN parsed '3,6-di(thiazol-5-yl)-diketopyrrolopyrrole' in 0.000s
2026-01-05 17:08:50 [INFO] polymer_pipeline - OPSIN parsed '3,6-di(thiazol-5-yl)-diketopyrrolopyrrole' in 0.000s
2026-01-05 17:08:50 [INFO] polymer_pipeline - OPSIN parsed '3,6-di(thiazol-5-yl)-diketopyrrolopyrrole' in 0.000s
2026-01-05 17:08:50 [INFO] polymer_pipeline - OPSIN parsed '3,6-di(thiazol-5-yl)-diketopyrrolopyrrole' in 0.000s
2026-01-05 17:08:50 [INFO] polymer_pipeline - OPSIN parsed '3,6-di(thiazol-5-yl)-diketopyrrolopyrrole' in 0.000s
2026-01-05 17:08:50 [INFO] polymer_pipeline - OPSIN parsed '3,6-di(thiazol-5-yl)-diketopyrrolopyrrole' in 0.001s
2026-01-05 17:08:50 [INFO] polymer_pipeline - OPSIN parsed '3,6-di(thiazol-5-yl)-diketopyrrolopyrrole' in 0.001s
2026-01-05 17:08:50 [INFO] polymer_pipeline - OPSIN parsed '3,6-di(thiazol-5-yl)-diketopyrrolopyrrole' in 0.001s
2026-01-05 17:08:50 [INFO] polymer_pipeline - OPSIN parsed '3,6-di(thiazol-5-yl)-diketopyrrolopyrrole' in 0.000s
2026-01-05 17:08:50 [INFO] polymer_pipeline - OPSIN parsed '3,6-di(thiazol-5-yl)-diketopyrrolopyrrole' in 0.000s
2026-01-05 17:08:50 [INFO] polymer_pipeline - OPSIN parsed '3,6-di(thiazol-5-yl)-diketopyrrolopyrrole' in 0.000s
2026-01-05 17:08:50 [INFO] polymer_pipeline - OPSIN parsed '3,6-di(thiazol-5-yl)-diketopyrrolopyrrole' in 0.000s
2026-01-05 17:08:50 [INFO] polymer_pipeline - OPSIN parsed '3,6-di(thiazol-5-yl)-diketopyrrolopyrrole' in 0.001s
2026-01-05 17:08:50 [INFO] polymer_pipeline - OPSIN parsed '3,6-di(thiazol-5-yl)-diketopyrrolopyrrole' in 0.001s
2026-01-05 17:08:50 [INFO] polymer_pipeline - OPSIN parsed '3,6-di(thiazol-5-yl)-diketopyrrolopyrrole' in 0.000s
2026-01-05 17:08:50 [INFO] polymer_pipeline - OPSIN parsed '3,6-di(thiazol-5-yl)-diketopyrrolopyrrole' in 0.000s
2026-01-05 17:08:50 [INFO] polymer_pipeline - OPSIN parsed '3,6-di(thiazol-5-yl)-diketopyrrolopyrrole' in 0.000s
2026-01-05 17:08:50 [INFO] polymer_pipeline - OPSIN parsed '3,6-di(thiazol-5-yl)-diketopyrrolopyrrole' in 0.000s
2026-01-05 17:08:50 [INFO] polymer_pipeline - OPSIN parsed '3,6-di(thiazol-5-yl)-diketopyrrolopyrrole' in 0.000s
2026-01-05 17:08:50 [INFO] polymer_pipeline - OPSIN parsed '3,6-di(thiazol-5-yl)-diketopyrrolopyrrole' in 0.000s
2026-01-05 17:08:50 [INFO] polymer_pipeline - OPSIN parsed '3,6-di(thiazol-5-yl)-diketopyrrolopyrrole' in 0.000s
2026-01-05 17:08:50 [INFO] polymer_pipeline - OPSIN parsed '3,6-di(thiazol-5-yl)-diketopyrrolopyrrole' in 0.000s
2026-01-05 17:08:50 [INFO] polymer_pipeline - OPSIN parsed 'carbazole and diketopyrrolopyrrole (dpp) alternating donor-acceptor backbone' in 0.000s
2026-01-05 17:08:50 [INFO] polymer_pipeline - OPSIN parsed 'carbazole and diketopyrrolopyrrole (dpp) alternating - backbone' in 0.000s
2026-01-05 17:08:50 [INFO] polymer_pipeline - OPSIN parsed 'carbazole and diketopyrrolopyrrole (dpp) alternating - backbone' in 0.000s
2026-01-05 17:08:50 [INFO] polymer_pipeline - OPSIN parsed 'carbazole and diketopyrrolopyrrole (dpp) alternating - backbone' in 0.000s
2026-01-05 17:08:50 [INFO] polymer_pipeline - OPSIN parsed 'carbazole and diketopyrrolopyrrole (dpp) alternating donor-acceptor backbone' in 0.000s
2026-01-05 17:08:50 [INFO] polymer_pipeline - OPSIN parsed 'carbazole and diketopyrrolopyrrole (dpp) alternating - backbone' in 0.000s
2026-01-05 17:08:50 [INFO] polymer_pipeline - OPSIN parsed 'carbazole and diketopyrrolopyrrole (dpp) alternating - backbone' in 0.000s
2026-01-05 17:08:50 [INFO] polymer_pipeline - OPSIN parsed 'carbazole and diketopyrrolopyrrole (dpp) alternating - backbone' in 0.000s
2026-01-05 17:08:50 [INFO] polymer_pipeline - OPSIN parsed 'carbazole and diketopyrrolopyrrole (dpp) alternating donor-acceptor backbone' in 0.000s
2026-01-05 17:08:50 [INFO] polymer_pipeline - OPSIN parsed 'carbazole and diketopyrrolopyrrole (dpp) alternating - backbone' in 0.000s
2026-01-05 17:08:50 [INFO] polymer_pipeline - OPSIN parsed 'carbazole and diketopyrrolopyrrole (dpp) alternating - backbone' in 0.000s
2026-01-05 17:08:50 [INFO] polymer_pipeline - OPSIN parsed 'carbazole and diketopyrrolopyrrole (dpp) alternating - backbone' in 0.000s
2026-01-05 17:08:50 [INFO] polymer_pipeline - OPSIN parsed 'carbazole and diketopyrrolopyrrole (dpp) alternating donor-acceptor backbone' in 0.000s
2026-01-05 17:08:50 [INFO] polymer_pipeline - OPSIN parsed 'carbazole and diketopyrrolopyrrole (dpp) alternating - backbone' in 0.000s
2026-01-05 17:08:50 [INFO] polymer_pipeline - OPSIN parsed 'carbazole and diketopyrrolopyrrole (dpp) alternating - backbone' in 0.000s
2026-01-05 17:08:50 [INFO] polymer_pipeline - OPSIN parsed 'carbazole and diketopyrrolopyrrole (dpp) alternating - backbone' in 0.000s
2026-01-05 17:08:50 [INFO] polymer_pipeline - OPSIN parsed 'carbazole and diketopyrrolopyrrole (dpp) alternating donor-acceptor backbone' in 0.000s
2026-01-05 17:08:50 [INFO] polymer_pipeline - OPSIN parsed 'carbazole and diketopyrrolopyrrole (dpp) alternating - backbone' in 0.000s
2026-01-05 17:08:50 [INFO] polymer_pipeline - OPSIN parsed 'carbazole and diketopyrrolopyrrole (dpp) alternating - backbone' in 0.000s
2026-01-05 17:08:50 [INFO] polymer_pipeline - OPSIN parsed 'carbazole and diketopyrrolopyrrole (dpp) alternating - backbone' in 0.000s
2026-01-05 17:08:50 [INFO] polymer_pipeline - OPSIN parsed 'carbazole and diketopyrrolopyrrole (dpp) alternating donor-acceptor backbone' in 0.000s
2026-01-05 17:08:50 [INFO] polymer_pipeline - OPSIN parsed 'carbazole and diketopyrrolopyrrole (dpp) alternating - backbone' in 0.000s
2026-01-05 17:08:50 [INFO] polymer_pipeline - OPSIN parsed 'carbazole and diketopyrrolopyrrole (dpp) alternating - backbone' in 0.000s
2026-01-05 17:08:50 [INFO] polymer_pipeline - OPSIN parsed 'carbazole and diketopyrrolopyrrole (dpp) alternating - backbone' in 0.000s
2026-01-05 17:08:50 [INFO] polymer_pipeline - OPSIN parsed 'carbazole and diketopyrrolopyrrole (dpp) alternating donor-acceptor backbone' in 0.000s
2026-01-05 17:08:50 [INFO] polymer_pipeline - OPSIN parsed 'carbazole and diketopyrrolopyrrole (dpp) alternating - backbone' in 0.001s
2026-01-05 17:08:50 [INFO] polymer_pipeline - OPSIN parsed 'carbazole and diketopyrrolopyrrole (dpp) alternating - backbone' in 0.000s
2026-01-05 17:08:50 [INFO] polymer_pipeline - OPSIN parsed 'carbazole and diketopyrrolopyrrole (dpp) alternating - backbone' in 0.000s
2026-01-05 17:08:50 [INFO] polymer_pipeline - OPSIN parsed 'carbazole and diketopyrrolopyrrole (dpp) alternating donor-acceptor backbone' in 0.000s
2026-01-05 17:08:50 [INFO] polymer_pipeline - OPSIN parsed 'carbazole and diketopyrrolopyrrole (dpp) alternating - backbone' in 0.000s
2026-01-05 17:08:50 [INFO] polymer_pipeline - OPSIN parsed 'carbazole and diketopyrrolopyrrole (dpp) alternating - backbone' in 0.000s
2026-01-05 17:08:50 [INFO] polymer_pipeline - OPSIN parsed 'carbazole and diketopyrrolopyrrole (dpp) alternating - backbone' in 0.000s
2026-01-05 17:08:50 [INFO] polymer_pipeline - OPSIN parsed 'thiazole-flanked diketopyrrolopyrrole' in 0.000s
2026-01-05 17:08:50 [INFO] polymer_pipeline - OPSIN parsed 'thiazole-flanked diketopyrrolopyrrole' in 0.000s
2026-01-05 17:08:50 [INFO] polymer_pipeline - OPSIN parsed 'thiazole-flanked diketopyrrolopyrrole' in 0.000s
2026-01-05 17:08:50 [INFO] polymer_pipeline - OPSIN parsed 'thiazole-flanked diketopyrrolopyrrole' in 0.000s
2026-01-05 17:08:50 [INFO] polymer_pipeline - OPSIN parsed 'thiazole-flanked diketopyrrolopyrrole' in 0.000s
2026-01-05 17:08:50 [INFO] polymer_pipeline - OPSIN parsed 'thiazole-flanked diketopyrrolopyrrole' in 0.000s
2026-01-05 17:08:50 [INFO] polymer_pipeline - OPSIN parsed 'thiazole-flanked diketopyrrolopyrrole' in 0.000s
2026-01-05 17:08:50 [INFO] polymer_pipeline - OPSIN parsed 'thiazole-flanked diketopyrrolopyrrole' in 0.000s
2026-01-05 17:08:50 [INFO] polymer_pipeline - OPSIN parsed 'thiazole-flanked diketopyrrolopyrrole' in 0.000s
2026-01-05 17:08:50 [INFO] polymer_pipeline - OPSIN parsed 'thiazole-flanked diketopyrrolopyrrole' in 0.000s
2026-01-05 17:08:50 [INFO] polymer_pipeline - OPSIN parsed 'thiazole-flanked diketopyrrolopyrrole' in 0.000s
2026-01-05 17:08:50 [INFO] polymer_pipeline - OPSIN parsed 'thiazole-flanked diketopyrrolopyrrole' in 0.000s
2026-01-05 17:08:50 [INFO] polymer_pipeline - OPSIN parsed 'thiazole-flanked diketopyrrolopyrrole' in 0.000s
2026-01-05 17:08:50 [INFO] polymer_pipeline - OPSIN parsed 'thiazole-flanked diketopyrrolopyrrole' in 0.000s
2026-01-05 17:08:50 [INFO] polymer_pipeline - OPSIN parsed 'thiazole-flanked diketopyrrolopyrrole' in 0.000s
2026-01-05 17:08:50 [INFO] polymer_pipeline - OPSIN parsed 'thiazole-flanked diketopyrrolopyrrole' in 0.000s
2026-01-05 17:08:50 [INFO] polymer_pipeline - OPSIN parsed 'thiazole-flanked diketopyrrolopyrrole' in 0.000s
2026-01-05 17:08:50 [INFO] polymer_pipeline - OPSIN parsed 'thiazole-flanked diketopyrrolopyrrole' in 0.000s
2026-01-05 17:08:50 [INFO] polymer_pipeline - OPSIN parsed 'thiazole-flanked diketopyrrolopyrrole' in 0.000s
2026-01-05 17:08:50 [INFO] polymer_pipeline - OPSIN parsed 'thiazole-flanked diketopyrrolopyrrole' in 0.000s
2026-01-05 17:08:50 [INFO] polymer_pipeline - OPSIN parsed 'thiazole-flanked diketopyrrolopyrrole' in 0.000s
2026-01-05 17:08:50 [INFO] polymer_pipeline - OPSIN parsed 'thiazole-flanked diketopyrrolopyrrole' in 0.000s
2026-01-05 17:08:50 [INFO] polymer_pipeline - OPSIN parsed 'thiazole-flanked diketopyrrolopyrrole' in 0.000s
2026-01-05 17:08:50 [INFO] polymer_pipeline - OPSIN parsed 'thiazole-flanked diketopyrrolopyrrole' in 0.000s
2026-01-05 17:08:50 [INFO] polymer_pipeline - OPSIN parsed 'naphthalene-1,4,5,8-tetracarboxylic-diimide-bithiophene (ndi-t2)' in 0.000s
2026-01-05 17:08:50 [INFO] polymer_pipeline - OPSIN parsed 'naphthalene-1,4,5,8-tetracarboxylic-diimide-bithiophene (ndi-t2)' in 0.000s
2026-01-05 17:08:50 [INFO] polymer_pipeline - OPSIN parsed 'naphthalene-1,4,5,8-tetracarboxylic-diimide-bithiophene (ndi-t2)' in 0.000s
2026-01-05 17:08:50 [INFO] polymer_pipeline - OPSIN parsed 'naphthalene-1,4,5,8-tetracarboxylic-diimide-bithiophene (ndi-t2)' in 0.000s
2026-01-05 17:08:50 [INFO] polymer_pipeline - OPSIN parsed 'naphthalene-1,4,5,8-tetracarboxylic-diimide-bithiophene (ndi-t2)' in 0.000s
2026-01-05 17:08:50 [INFO] polymer_pipeline - OPSIN parsed 'naphthalene-1,4,5,8-tetracarboxylic-diimide-bithiophene (ndi-t2)' in 0.000s
2026-01-05 17:08:50 [INFO] polymer_pipeline - OPSIN parsed 'naphthalene-1,4,5,8-tetracarboxylic-diimide-bithiophene (ndi-t2)' in 0.000s
2026-01-05 17:08:50 [INFO] polymer_pipeline - OPSIN parsed 'naphthalene-1,4,5,8-tetracarboxylic-diimide-bithiophene (ndi-t2)' in 0.000s
2026-01-05 17:08:50 [INFO] polymer_pipeline - OPSIN parsed 'naphthalene-1,4,5,8-tetracarboxylic-diimide-bithiophene (ndi-t2)' in 0.000s
2026-01-05 17:08:50 [INFO] polymer_pipeline - OPSIN parsed 'naphthalene-1,4,5,8-tetracarboxylic-diimide-bithiophene (ndi-t2)' in 0.000s
2026-01-05 17:08:50 [INFO] polymer_pipeline - OPSIN parsed 'naphthalene-1,4,5,8-tetracarboxylic-diimide-bithiophene (ndi-t2)' in 0.000s
2026-01-05 17:08:50 [INFO] polymer_pipeline - OPSIN parsed 'naphthalene-1,4,5,8-tetracarboxylic-diimide-bithiophene (ndi-t2)' in 0.000s
2026-01-05 17:08:50 [INFO] polymer_pipeline - OPSIN parsed 'naphthalene-1,4,5,8-tetracarboxylic-diimide-bithiophene (ndi-t2)' in 0.000s
2026-01-05 17:08:50 [INFO] polymer_pipeline - OPSIN parsed 'naphthalene-1,4,5,8-tetracarboxylic-diimide-bithiophene (ndi-t2)' in 0.000s
2026-01-05 17:08:50 [INFO] polymer_pipeline - OPSIN parsed 'naphthalene-1,4,5,8-tetracarboxylic-diimide-bithiophene (ndi-t2)' in 0.000s
2026-01-05 17:08:50 [INFO] polymer_pipeline - OPSIN parsed 'naphthalene-1,4,5,8-tetracarboxylic-diimide-bithiophene (ndi-t2)' in 0.000s
2026-01-05 17:08:50 [INFO] polymer_pipeline - OPSIN parsed 'naphthalene-1,4,5,8-tetracarboxylic-diimide-bithiophene (ndi-t2)' in 0.000s
2026-01-05 17:08:50 [INFO] polymer_pipeline - OPSIN parsed 'naphthalene-1,4,5,8-tetracarboxylic-diimide-bithiophene (ndi-t2)' in 0.000s
2026-01-05 17:08:50 [INFO] polymer_pipeline - OPSIN parsed 'naphthalene-1,4,5,8-tetracarboxylic-diimide-bithiophene (ndi-t2)' in 0.000s
2026-01-05 17:08:50 [INFO] polymer_pipeline - OPSIN parsed 'naphthalene-1,4,5,8-tetracarboxylic-diimide-bithiophene (ndi-t2)' in 0.000s
2026-01-05 17:08:50 [INFO] polymer_pipeline - OPSIN parsed 'naphthalene-1,4,5,8-tetracarboxylic-diimide-bithiophene (ndi-t2)' in 0.000s
2026-01-05 17:08:50 [INFO] polymer_pipeline - OPSIN parsed 'naphthalene-1,4,5,8-tetracarboxylic-diimide-bithiophene (ndi-t2)' in 0.000s
2026-01-05 17:08:50 [INFO] polymer_pipeline - OPSIN parsed 'naphthalene-1,4,5,8-tetracarboxylic-diimide-bithiophene (ndi-t2)' in 0.000s
2026-01-05 17:08:50 [INFO] polymer_pipeline - OPSIN parsed 'naphthalene-1,4,5,8-tetracarboxylic-diimide-bithiophene (ndi-t2)' in 0.000s
2026-01-05 17:08:50 [INFO] polymer_pipeline - OPSIN parsed 'diketopyrrolopyrrole (dpp) with 2,2'-bithiophene (t2) backbone' in 0.000s
2026-01-05 17:08:50 [INFO] polymer_pipeline - OPSIN parsed 'diketopyrrolopyrrole (dpp) with 2,2'-bithiophene (t2) backbone' in 0.000s
2026-01-05 17:08:50 [INFO] polymer_pipeline - OPSIN parsed 'diketopyrrolopyrrole (dpp) with 2,2'-bithiophene (t2) backbone' in 0.000s
2026-01-05 17:08:50 [INFO] polymer_pipeline - OPSIN parsed 'diketopyrrolopyrrole (dpp) with 2,2'-bithiophene (t2) backbone' in 0.000s
2026-01-05 17:08:50 [INFO] polymer_pipeline - OPSIN parsed 'diketopyrrolopyrrole (dpp) with 2,2'-bithiophene (t2) backbone' in 0.000s
2026-01-05 17:08:50 [INFO] polymer_pipeline - OPSIN parsed 'diketopyrrolopyrrole (dpp) with 2,2'-bithiophene (t2) backbone' in 0.000s
2026-01-05 17:08:50 [INFO] polymer_pipeline - OPSIN parsed 'diketopyrrolopyrrole (dpp) with 2,2'-bithiophene (t2) backbone' in 0.000s
2026-01-05 17:08:50 [INFO] polymer_pipeline - OPSIN parsed 'diketopyrrolopyrrole (dpp) with 2,2'-bithiophene (t2) backbone' in 0.000s
2026-01-05 17:08:50 [INFO] polymer_pipeline - OPSIN parsed 'diketopyrrolopyrrole (dpp) with 2,2'-bithiophene (t2) backbone' in 0.000s
2026-01-05 17:08:50 [INFO] polymer_pipeline - OPSIN parsed 'diketopyrrolopyrrole (dpp) with 2,2'-bithiophene (t2) backbone' in 0.000s
2026-01-05 17:08:50 [INFO] polymer_pipeline - OPSIN parsed 'diketopyrrolopyrrole (dpp) with 2,2'-bithiophene (t2) backbone' in 0.000s
2026-01-05 17:08:50 [INFO] polymer_pipeline - OPSIN parsed 'diketopyrrolopyrrole (dpp) with 2,2'-bithiophene (t2) backbone' in 0.000s
2026-01-05 17:08:50 [INFO] polymer_pipeline - OPSIN parsed 'diketopyrrolopyrrole (dpp) with 2,2'-bithiophene (t2) backbone' in 0.000s
2026-01-05 17:08:50 [INFO] polymer_pipeline - OPSIN parsed 'diketopyrrolopyrrole (dpp) with 2,2'-bithiophene (t2) backbone' in 0.000s
2026-01-05 17:08:50 [INFO] polymer_pipeline - OPSIN parsed 'diketopyrrolopyrrole (dpp) with 2,2'-bithiophene (t2) backbone' in 0.000s
2026-01-05 17:08:50 [INFO] polymer_pipeline - OPSIN parsed 'diketopyrrolopyrrole (dpp) with 2,2'-bithiophene (t2) backbone' in 0.000s
2026-01-05 17:08:50 [INFO] polymer_pipeline - OPSIN parsed 'diketopyrrolopyrrole (dpp) with 2,2'-bithiophene (t2) backbone' in 0.000s
2026-01-05 17:08:50 [INFO] polymer_pipeline - OPSIN parsed 'diketopyrrolopyrrole (dpp) with 2,2'-bithiophene (t2) backbone' in 0.000s
2026-01-05 17:08:50 [INFO] polymer_pipeline - OPSIN parsed 'diketopyrrolopyrrole (dpp) with 2,2'-bithiophene (t2) backbone' in 0.000s
2026-01-05 17:08:50 [INFO] polymer_pipeline - OPSIN parsed 'diketopyrrolopyrrole (dpp) with 2,2'-bithiophene (t2) backbone' in 0.000s
2026-01-05 17:08:50 [INFO] polymer_pipeline - OPSIN parsed 'diketopyrrolopyrrole (dpp) with 2,2'-bithiophene (t2) backbone' in 0.000s
2026-01-05 17:08:50 [INFO] polymer_pipeline - OPSIN parsed 'diketopyrrolopyrrole (dpp) with 2,2'-bithiophene (t2) backbone' in 0.000s
2026-01-05 17:08:50 [INFO] polymer_pipeline - OPSIN parsed 'diketopyrrolopyrrole (dpp) with 2,2'-bithiophene (t2) backbone' in 0.000s
2026-01-05 17:08:50 [INFO] polymer_pipeline - OPSIN parsed 'diketopyrrolopyrrole (dpp) with 2,2'-bithiophene (t2) backbone' in 0.000s
2026-01-05 17:08:50 [INFO] polymer_pipeline - OPSIN parsed 'polythiophene' in 0.000s
2026-01-05 17:08:50 [INFO] polymer_pipeline - OPSIN parsed 'polythiophene' in 0.000s
2026-01-05 17:08:50 [INFO] polymer_pipeline - OPSIN parsed 'polythiophene' in 0.000s
2026-01-05 17:08:50 [INFO] polymer_pipeline - OPSIN parsed 'polythiophene' in 0.000s
2026-01-05 17:08:50 [INFO] polymer_pipeline - OPSIN parsed 'polythiophene' in 0.000s
2026-01-05 17:08:50 [INFO] polymer_pipeline - OPSIN parsed 'polythiophene' in 0.000s
2026-01-05 17:08:50 [INFO] polymer_pipeline - OPSIN parsed 'polythiophene' in 0.000s
2026-01-05 17:08:50 [INFO] polymer_pipeline - OPSIN parsed 'polythiophene' in 0.000s
2026-01-05 17:08:50 [INFO] polymer_pipeline - OPSIN parsed 'polythiophene' in 0.000s
2026-01-05 17:08:50 [INFO] polymer_pipeline - OPSIN parsed 'polythiophene' in 0.000s
2026-01-05 17:08:50 [INFO] polymer_pipeline - OPSIN parsed 'polythiophene' in 0.000s
2026-01-05 17:08:50 [INFO] polymer_pipeline - OPSIN parsed 'polythiophene' in 0.000s
2026-01-05 17:08:50 [INFO] polymer_pipeline - OPSIN parsed 'polythiophene' in 0.000s
2026-01-05 17:08:50 [INFO] polymer_pipeline - OPSIN parsed 'polythiophene' in 0.000s
2026-01-05 17:08:50 [INFO] polymer_pipeline - OPSIN parsed 'polythiophene' in 0.000s
2026-01-05 17:08:50 [INFO] polymer_pipeline - OPSIN parsed 'polythiophene' in 0.000s
2026-01-05 17:08:50 [INFO] polymer_pipeline - OPSIN parsed 'polythiophene' in 0.000s
2026-01-05 17:08:50 [INFO] polymer_pipeline - OPSIN parsed 'polythiophene' in 0.000s
2026-01-05 17:08:50 [INFO] polymer_pipeline - OPSIN parsed 'polythiophene' in 0.000s
2026-01-05 17:08:50 [INFO] polymer_pipeline - OPSIN parsed 'polythiophene' in 0.000s
2026-01-05 17:08:50 [INFO] polymer_pipeline - OPSIN parsed 'polythiophene backbone' in 0.000s
2026-01-05 17:08:50 [INFO] polymer_pipeline - OPSIN parsed 'polythiophene backbone' in 0.000s
2026-01-05 17:08:50 [INFO] polymer_pipeline - OPSIN parsed 'polythiophene backbone' in 0.000s
2026-01-05 17:08:50 [INFO] polymer_pipeline - OPSIN parsed 'polythiophene backbone' in 0.000s
2026-01-05 17:08:50 [INFO] polymer_pipeline - OPSIN parsed 'polythiophene backbone' in 0.000s
2026-01-05 17:08:50 [INFO] polymer_pipeline - OPSIN parsed 'polythiophene backbone' in 0.000s
2026-01-05 17:08:50 [INFO] polymer_pipeline - OPSIN parsed 'polythiophene backbone' in 0.000s
2026-01-05 17:08:50 [INFO] polymer_pipeline - OPSIN parsed 'polythiophene backbone' in 0.000s
2026-01-05 17:08:50 [INFO] polymer_pipeline - OPSIN parsed 'polythiophene backbone' in 0.000s
2026-01-05 17:08:50 [INFO] polymer_pipeline - OPSIN parsed 'polythiophene backbone' in 0.000s
2026-01-05 17:08:50 [INFO] polymer_pipeline - OPSIN parsed 'polythiophene backbone' in 0.000s
2026-01-05 17:08:50 [INFO] polymer_pipeline - OPSIN parsed 'polythiophene backbone' in 0.000s
2026-01-05 17:08:50 [INFO] polymer_pipeline - OPSIN parsed 'polythiophene backbone' in 0.000s
2026-01-05 17:08:50 [INFO] polymer_pipeline - OPSIN parsed 'polythiophene backbone' in 0.000s
2026-01-05 17:08:50 [INFO] polymer_pipeline - OPSIN parsed 'polythiophene backbone' in 0.000s
2026-01-05 17:08:50 [INFO] polymer_pipeline - OPSIN parsed 'polythiophene backbone' in 0.000s
2026-01-05 17:08:50 [INFO] polymer_pipeline - OPSIN parsed 'polythiophene backbone' in 0.000s
2026-01-05 17:08:50 [INFO] polymer_pipeline - OPSIN parsed 'polythiophene backbone' in 0.000s
2026-01-05 17:08:50 [INFO] polymer_pipeline - OPSIN parsed 'polythiophene backbone' in 0.000s
2026-01-05 17:08:50 [INFO] polymer_pipeline - OPSIN parsed 'polythiophene backbone' in 0.000s
2026-01-05 17:08:50 [INFO] polymer_pipeline - OPSIN parsed 'polythiophene backbone' in 0.000s
2026-01-05 17:08:50 [INFO] polymer_pipeline - OPSIN parsed 'polythiophene backbone' in 0.000s
2026-01-05 17:08:50 [INFO] polymer_pipeline - OPSIN parsed 'polythiophene backbone' in 0.000s
2026-01-05 17:08:50 [INFO] polymer_pipeline - OPSIN parsed 'polythiophene backbone' in 0.000s
2026-01-05 17:08:50 [INFO] polymer_pipeline - OPSIN parsed 'polythiophene backbone' in 0.000s
2026-01-05 17:08:50 [INFO] polymer_pipeline - OPSIN parsed 'polythiophene backbone' in 0.000s
2026-01-05 17:08:50 [INFO] polymer_pipeline - OPSIN parsed 'polythiophene backbone' in 0.000s
2026-01-05 17:08:50 [INFO] polymer_pipeline - OPSIN parsed 'polythiophene backbone' in 0.000s
2026-01-05 17:08:50 [INFO] polymer_pipeline - OPSIN parsed 'polythiophene backbone' in 0.000s
2026-01-05 17:08:50 [INFO] polymer_pipeline - OPSIN parsed 'polythiophene backbone' in 0.000s
2026-01-05 17:08:50 [INFO] polymer_pipeline - OPSIN parsed 'polythiophene backbone' in 0.000s
2026-01-05 17:08:50 [INFO] polymer_pipeline - OPSIN parsed 'polythiophene backbone' in 0.000s
2026-01-05 17:08:50 [INFO] polymer_pipeline - OPSIN parsed 'thiophene-2,5-diyl' in 0.000s
2026-01-05 17:08:50 [INFO] polymer_pipeline - OPSIN parsed 'thiophene-2,5-diyl' in 0.000s
2026-01-05 17:08:50 [INFO] polymer_pipeline - OPSIN parsed 'thiophene-2,5-diyl' in 0.000s
2026-01-05 17:08:50 [INFO] polymer_pipeline - OPSIN parsed 'thiophene-2,5-diyl' in 0.000s
2026-01-05 17:08:50 [INFO] polymer_pipeline - OPSIN parsed '2,5-diazapentalene (dap) acceptor with furan donor' in 0.000s
2026-01-05 17:08:50 [INFO] polymer_pipeline - OPSIN parsed '2,5-diazapentalene (dap)  with furan' in 0.000s
2026-01-05 17:08:50 [INFO] polymer_pipeline - OPSIN parsed '2,5-diazapentalene (dap)  with furan' in 0.000s
2026-01-05 17:08:50 [INFO] polymer_pipeline - OPSIN parsed '2,5-diazapentalene (dap) with furan' in 0.000s
2026-01-05 17:08:50 [INFO] polymer_pipeline - OPSIN parsed '2,5-diazapentalene (dap) acceptor with thiophene donor' in 0.000s
2026-01-05 17:08:50 [INFO] polymer_pipeline - OPSIN parsed '2,5-diazapentalene (dap)  with thiophene' in 0.000s
2026-01-05 17:08:50 [INFO] polymer_pipeline - OPSIN parsed '2,5-diazapentalene (dap)  with thiophene' in 0.000s
2026-01-05 17:08:50 [INFO] polymer_pipeline - OPSIN parsed '2,5-diazapentalene (dap) with thiophene' in 0.000s
2026-01-05 17:08:50 [INFO] polymer_pipeline - OPSIN parsed '2,5-diazapentalene (dap) acceptor with selenophene donor' in 0.000s
2026-01-05 17:08:50 [INFO] polymer_pipeline - OPSIN parsed '2,5-diazapentalene (dap)  with selenophene' in 0.000s
2026-01-05 17:08:50 [INFO] polymer_pipeline - OPSIN parsed '2,5-diazapentalene (dap)  with selenophene' in 0.000s
2026-01-05 17:08:50 [INFO] polymer_pipeline - OPSIN parsed '2,5-diazapentalene (dap) with selenophene' in 0.000s
2026-01-05 17:08:50 [INFO] polymer_pipeline - OPSIN parsed 'polythiophene backbone' in 0.000s
2026-01-05 17:08:50 [INFO] polymer_pipeline - OPSIN parsed 'polythiophene backbone' in 0.000s
2026-01-05 17:08:50 [INFO] polymer_pipeline - OPSIN parsed 'polythiophene backbone' in 0.000s
2026-01-05 17:08:50 [INFO] polymer_pipeline - OPSIN parsed 'polythiophene backbone' in 0.000s
2026-01-05 17:08:50 [INFO] polymer_pipeline - OPSIN parsed 'thieno[3,2-b]thiophene-bithiophene backbone' in 0.000s
2026-01-05 17:08:50 [INFO] polymer_pipeline - OPSIN parsed 'thieno[3,2-b]thiophene-bithiophene backbone' in 0.000s
2026-01-05 17:08:50 [INFO] polymer_pipeline - OPSIN parsed 'thieno[3,2-b]thiophene-bithiophene backbone' in 0.000s
2026-01-05 17:08:50 [INFO] polymer_pipeline - OPSIN parsed 'thieno[3,2-b]thiophene-bithiophene backbone' in 0.000s
2026-01-05 17:08:50 [INFO] polymer_pipeline - OPSIN parsed 'poly(3,4-ethylenedioxythiophene) backbone' in 0.000s
2026-01-05 17:08:50 [INFO] polymer_pipeline - OPSIN parsed 'poly(3,4-ethylenedioxythiophene) backbone' in 0.000s
2026-01-05 17:08:50 [INFO] polymer_pipeline - OPSIN parsed 'poly(3,4-ethylenedioxythiophene) backbone' in 0.000s
2026-01-05 17:08:50 [INFO] polymer_pipeline - OPSIN parsed 'poly(3,4-ethylenedioxythiophene) backbone' in 0.000s
2026-01-05 17:08:50 [INFO] polymer_pipeline - OPSIN parsed 'p3ht and pbttt' in 0.000s
2026-01-05 17:08:50 [INFO] polymer_pipeline - OPSIN parsed 'p3ht and pbttt' in 0.000s
2026-01-05 17:08:50 [INFO] polymer_pipeline - OPSIN parsed 'p3ht and pbttt' in 0.000s
2026-01-05 17:08:50 [INFO] polymer_pipeline - OPSIN parsed 'p3ht and pbttt' in 0.000s
2026-01-05 17:08:50 [INFO] polymer_pipeline - OPSIN parsed 'p3ht and pbttt' in 0.000s
2026-01-05 17:08:50 [INFO] polymer_pipeline - OPSIN parsed 'p3ht and pbttt' in 0.000s
2026-01-05 17:08:50 [INFO] polymer_pipeline - OPSIN parsed 'p3ht and pbttt' in 0.000s
2026-01-05 17:08:50 [INFO] polymer_pipeline - OPSIN parsed 'p3ht and pbttt' in 0.000s
2026-01-05 17:08:50 [INFO] polymer_pipeline - OPSIN parsed 'p3ht and pbttt' in 0.000s
2026-01-05 17:08:50 [INFO] polymer_pipeline - OPSIN parsed 'p3ht and pbttt' in 0.000s
2026-01-05 17:08:50 [INFO] polymer_pipeline - OPSIN parsed 'p3ht and pbttt' in 0.000s
2026-01-05 17:08:50 [INFO] polymer_pipeline - OPSIN parsed 'p3ht and pbttt' in 0.000s
2026-01-05 17:08:50 [INFO] polymer_pipeline - OPSIN parsed 'p3ht and pbttt' in 0.000s
2026-01-05 17:08:50 [INFO] polymer_pipeline - OPSIN parsed 'p3ht and pbttt' in 0.000s
2026-01-05 17:08:50 [INFO] polymer_pipeline - OPSIN parsed 'p3ht and pbttt' in 0.000s
2026-01-05 17:08:50 [INFO] polymer_pipeline - OPSIN parsed 'p3ht and pbttt' in 0.000s
2026-01-05 17:08:50 [INFO] polymer_pipeline - OPSIN parsed 'p3ht and pbttt' in 0.000s
2026-01-05 17:08:50 [INFO] polymer_pipeline - OPSIN parsed 'p3ht and pbttt' in 0.000s
2026-01-05 17:08:50 [INFO] polymer_pipeline - OPSIN parsed 'p3ht and pbttt' in 0.000s
2026-01-05 17:08:50 [INFO] polymer_pipeline - OPSIN parsed 'p3ht and pbttt' in 0.000s
2026-01-05 17:08:50 [INFO] polymer_pipeline - OPSIN parsed 'p3ht and pbttt' in 0.000s
2026-01-05 17:08:50 [INFO] polymer_pipeline - OPSIN parsed 'p3ht and pbttt' in 0.000s
2026-01-05 17:08:50 [INFO] polymer_pipeline - OPSIN parsed 'p3ht and pbttt' in 0.000s
2026-01-05 17:08:50 [INFO] polymer_pipeline - OPSIN parsed 'p3ht and pbttt' in 0.000s
2026-01-05 17:08:50 [INFO] polymer_pipeline - OPSIN parsed 'p3ht and pbttt' in 0.000s
2026-01-05 17:08:50 [INFO] polymer_pipeline - OPSIN parsed 'p3ht and pbttt' in 0.000s
2026-01-05 17:08:50 [INFO] polymer_pipeline - OPSIN parsed 'p3ht and pbttt' in 0.000s
2026-01-05 17:08:50 [INFO] polymer_pipeline - OPSIN parsed 'p3ht and pbttt' in 0.000s
2026-01-05 17:08:50 [INFO] polymer_pipeline - OPSIN parsed 'p3ht and pbttt' in 0.000s
2026-01-05 17:08:50 [INFO] polymer_pipeline - OPSIN parsed 'p3ht and pbttt' in 0.000s
2026-01-05 17:08:50 [INFO] polymer_pipeline - OPSIN parsed 'p3ht and pbttt' in 0.000s
2026-01-05 17:08:50 [INFO] polymer_pipeline - OPSIN parsed 'p3ht and pbttt' in 0.000s
2026-01-05 17:08:50 [INFO] polymer_pipeline - OPSIN parsed 'p3ht and pbttt' in 0.000s
2026-01-05 17:08:50 [INFO] polymer_pipeline - OPSIN parsed 'p3ht and pbttt' in 0.000s
2026-01-05 17:08:50 [INFO] polymer_pipeline - OPSIN parsed 'p3ht and pbttt' in 0.000s
2026-01-05 17:08:50 [INFO] polymer_pipeline - OPSIN parsed 'p3ht and pbttt' in 0.000s
2026-01-05 17:08:50 [INFO] polymer_pipeline - OPSIN parsed 'p3ht and pbttt' in 0.000s
2026-01-05 17:08:50 [INFO] polymer_pipeline - OPSIN parsed 'p3ht and pbttt' in 0.000s
2026-01-05 17:08:50 [INFO] polymer_pipeline - OPSIN parsed 'p3ht and pbttt' in 0.000s
2026-01-05 17:08:50 [INFO] polymer_pipeline - OPSIN parsed 'p3ht and pbttt' in 0.000s
2026-01-05 17:08:50 [INFO] polymer_pipeline - OPSIN parsed 'p3ht and pbttt' in 0.000s
2026-01-05 17:08:50 [INFO] polymer_pipeline - OPSIN parsed 'p3ht and pbttt' in 0.000s
2026-01-05 17:08:50 [INFO] polymer_pipeline - OPSIN parsed 'p3ht and pbttt' in 0.000s
2026-01-05 17:08:50 [INFO] polymer_pipeline - OPSIN parsed 'p3ht and pbttt' in 0.000s
2026-01-05 17:08:50 [INFO] polymer_pipeline - OPSIN parsed 'p3ht and pbttt' in 0.000s
2026-01-05 17:08:50 [INFO] polymer_pipeline - OPSIN parsed 'p3ht and pbttt' in 0.000s
2026-01-05 17:08:50 [INFO] polymer_pipeline - OPSIN parsed 'p3ht and pbttt' in 0.000s
2026-01-05 17:08:50 [INFO] polymer_pipeline - OPSIN parsed 'p3ht and pbttt' in 0.000s
2026-01-05 17:08:50 [INFO] polymer_pipeline - OPSIN parsed 'p3ht and pbttt' in 0.000s
2026-01-05 17:08:50 [INFO] polymer_pipeline - OPSIN parsed 'p3ht and pbttt' in 0.000s
2026-01-05 17:08:50 [INFO] polymer_pipeline - OPSIN parsed 'p3ht and pbttt' in 0.000s
2026-01-05 17:08:50 [INFO] polymer_pipeline - OPSIN parsed 'p3ht and pbttt' in 0.000s
2026-01-05 17:08:50 [INFO] polymer_pipeline - OPSIN parsed 'p3ht and pbttt' in 0.000s
2026-01-05 17:08:50 [INFO] polymer_pipeline - OPSIN parsed 'p3ht and pbttt' in 0.000s
2026-01-05 17:08:50 [INFO] polymer_pipeline - OPSIN parsed 'p3ht and pbttt' in 0.000s
2026-01-05 17:08:50 [INFO] polymer_pipeline - OPSIN parsed 'p3ht and pbttt' in 0.000s
2026-01-05 17:08:50 [INFO] polymer_pipeline - OPSIN parsed 'p3dt and pbttt' in 0.000s
2026-01-05 17:08:50 [INFO] polymer_pipeline - OPSIN parsed 'p3dt and pbttt' in 0.000s
2026-01-05 17:08:50 [INFO] polymer_pipeline - OPSIN parsed 'p3dt and pbttt' in 0.000s
2026-01-05 17:08:50 [INFO] polymer_pipeline - OPSIN parsed 'p3dt and pbttt' in 0.000s
2026-01-05 17:08:50 [INFO] polymer_pipeline - OPSIN parsed 'p3ddt and pbttt' in 0.000s
2026-01-05 17:08:50 [INFO] polymer_pipeline - OPSIN parsed 'p3ddt and pbttt' in 0.000s
2026-01-05 17:08:50 [INFO] polymer_pipeline - OPSIN parsed 'p3ddt and pbttt' in 0.000s
2026-01-05 17:08:50 [INFO] polymer_pipeline - OPSIN parsed 'p3ddt and pbttt' in 0.000s
2026-01-05 17:08:50 [INFO] polymer_pipeline - OPSIN parsed 'p3ht and pbttt' in 0.000s
2026-01-05 17:08:50 [INFO] polymer_pipeline - OPSIN parsed 'p3ht and pbttt' in 0.000s
2026-01-05 17:08:50 [INFO] polymer_pipeline - OPSIN parsed 'p3ht and pbttt' in 0.000s
2026-01-05 17:08:50 [INFO] polymer_pipeline - OPSIN parsed 'p3ht and pbttt' in 0.000s
2026-01-05 17:08:50 [INFO] polymer_pipeline - OPSIN parsed 'p3ht and pbttt' in 0.000s
2026-01-05 17:08:50 [INFO] polymer_pipeline - OPSIN parsed 'p3ht and pbttt' in 0.000s
2026-01-05 17:08:50 [INFO] polymer_pipeline - OPSIN parsed 'p3ht and pbttt' in 0.000s
2026-01-05 17:08:50 [INFO] polymer_pipeline - OPSIN parsed 'p3ht and pbttt' in 0.000s
2026-01-05 17:08:50 [INFO] polymer_pipeline - OPSIN parsed 'p3ht and pbttt' in 0.000s
2026-01-05 17:08:50 [INFO] polymer_pipeline - OPSIN parsed 'p3ht and pbttt' in 0.000s
2026-01-05 17:08:50 [INFO] polymer_pipeline - OPSIN parsed 'p3ht and pbttt' in 0.000s
2026-01-05 17:08:50 [INFO] polymer_pipeline - OPSIN parsed 'p3ht and pbttt' in 0.000s
2026-01-05 17:08:50 [INFO] polymer_pipeline - OPSIN parsed 'p3ht and pbttt' in 0.000s
2026-01-05 17:08:50 [INFO] polymer_pipeline - OPSIN parsed 'p3ht and pbttt' in 0.000s
2026-01-05 17:08:50 [INFO] polymer_pipeline - OPSIN parsed 'p3ht and pbttt' in 0.000s
2026-01-05 17:08:50 [INFO] polymer_pipeline - OPSIN parsed 'p3ht and pbttt' in 0.000s
2026-01-05 17:08:50 [INFO] polymer_pipeline - OPSIN parsed 'p3dt and pbttt' in 0.000s
2026-01-05 17:08:50 [INFO] polymer_pipeline - OPSIN parsed 'p3dt and pbttt' in 0.000s
2026-01-05 17:08:50 [INFO] polymer_pipeline - OPSIN parsed 'p3dt and pbttt' in 0.000s
2026-01-05 17:08:50 [INFO] polymer_pipeline - OPSIN parsed 'p3dt and pbttt' in 0.000s
2026-01-05 17:08:50 [INFO] polymer_pipeline - OPSIN parsed 'poly(3-alkylthiophene)' in 0.000s
2026-01-05 17:08:50 [INFO] polymer_pipeline - OPSIN parsed 'poly(3-alkylthiophene)' in 0.000s
2026-01-05 17:08:50 [INFO] polymer_pipeline - OPSIN parsed 'poly(3-alkylthiophene)' in 0.000s
2026-01-05 17:08:50 [INFO] polymer_pipeline - OPSIN parsed 'poly(3-alkylthiophene)' in 0.000s
2026-01-05 17:08:50 [INFO] polymer_pipeline - OPSIN parsed 'poly(3-alkylthiophene)' in 0.000s
2026-01-05 17:08:50 [INFO] polymer_pipeline - OPSIN parsed 'poly(3-alkylthiophene)' in 0.000s
2026-01-05 17:08:50 [INFO] polymer_pipeline - OPSIN parsed 'poly(3-alkylthiophene)' in 0.000s
2026-01-05 17:08:50 [INFO] polymer_pipeline - OPSIN parsed 'poly(3-alkylthiophene)' in 0.000s
2026-01-05 17:08:50 [INFO] polymer_pipeline - OPSIN parsed 'poly(3-alkylthiophene)' in 0.000s
2026-01-05 17:08:50 [INFO] polymer_pipeline - OPSIN parsed 'poly(3-alkylthiophene)' in 0.000s
2026-01-05 17:08:50 [INFO] polymer_pipeline - OPSIN parsed 'poly(3-alkylthiophene)' in 0.000s
2026-01-05 17:08:50 [INFO] polymer_pipeline - OPSIN parsed 'poly(3-alkylthiophene)' in 0.000s
2026-01-05 17:08:50 [INFO] polymer_pipeline - OPSIN parsed 'poly(3-alkylthiophene)' in 0.000s
2026-01-05 17:08:50 [INFO] polymer_pipeline - OPSIN parsed 'poly(3-alkylthiophene)' in 0.000s
2026-01-05 17:08:50 [INFO] polymer_pipeline - OPSIN parsed 'poly(3-alkylthiophene)' in 0.000s
2026-01-05 17:08:50 [INFO] polymer_pipeline - OPSIN parsed 'poly(3-alkylthiophene)' in 0.000s
2026-01-05 17:08:50 [INFO] polymer_pipeline - OPSIN parsed 'poly(3-alkylthiophene)' in 0.000s
2026-01-05 17:08:50 [INFO] polymer_pipeline - OPSIN parsed 'poly(3-alkylthiophene)' in 0.000s
2026-01-05 17:08:50 [INFO] polymer_pipeline - OPSIN parsed 'poly(3-alkylthiophene)' in 0.000s
2026-01-05 17:08:50 [INFO] polymer_pipeline - OPSIN parsed 'poly(3-alkylthiophene)' in 0.000s
2026-01-05 17:08:50 [INFO] polymer_pipeline - OPSIN parsed 'poly(3-alkylthiophene)' in 0.000s
2026-01-05 17:08:50 [INFO] polymer_pipeline - OPSIN parsed 'poly(3-alkylthiophene)' in 0.000s
2026-01-05 17:08:50 [INFO] polymer_pipeline - OPSIN parsed 'poly(3-alkylthiophene)' in 0.000s
2026-01-05 17:08:50 [INFO] polymer_pipeline - OPSIN parsed 'poly(3-alkylthiophene)' in 0.000s
2026-01-05 17:08:50 [INFO] polymer_pipeline - OPSIN parsed 'poly(3-hexylthiophene)' in 0.000s
2026-01-05 17:08:50 [INFO] polymer_pipeline - OPSIN parsed 'poly(3-hexylthiophene)' in 0.000s
2026-01-05 17:08:50 [INFO] polymer_pipeline - OPSIN parsed 'poly(3-hexylthiophene)' in 0.000s
2026-01-05 17:08:50 [INFO] polymer_pipeline - OPSIN parsed 'poly(3-hexylthiophene)' in 0.000s
2026-01-05 17:08:50 [INFO] polymer_pipeline - OPSIN parsed 'poly(3-hexylthiophene)' in 0.000s
2026-01-05 17:08:50 [INFO] polymer_pipeline - OPSIN parsed 'poly(3-hexylthiophene)' in 0.000s
2026-01-05 17:08:50 [INFO] polymer_pipeline - OPSIN parsed 'poly(3-hexylthiophene)' in 0.000s
2026-01-05 17:08:50 [INFO] polymer_pipeline - OPSIN parsed 'poly(3-hexylthiophene)' in 0.000s
2026-01-05 17:08:50 [INFO] polymer_pipeline - OPSIN parsed 'poly(3-hexylthiophene)' in 0.000s
2026-01-05 17:08:50 [INFO] polymer_pipeline - OPSIN parsed 'poly(3-hexylthiophene)' in 0.000s
2026-01-05 17:08:50 [INFO] polymer_pipeline - OPSIN parsed 'poly(3-hexylthiophene)' in 0.000s
2026-01-05 17:08:50 [INFO] polymer_pipeline - OPSIN parsed 'poly(3-hexylthiophene)' in 0.000s
2026-01-05 17:08:50 [INFO] polymer_pipeline - OPSIN parsed 'poly(3-hexylthiophene)' in 0.000s
2026-01-05 17:08:50 [INFO] polymer_pipeline - OPSIN parsed 'poly(3-hexylthiophene)' in 0.000s
2026-01-05 17:08:50 [INFO] polymer_pipeline - OPSIN parsed 'poly(3-hexylthiophene)' in 0.000s
2026-01-05 17:08:50 [INFO] polymer_pipeline - OPSIN parsed 'poly(3-hexylthiophene)' in 0.000s
2026-01-05 17:08:50 [INFO] polymer_pipeline - OPSIN parsed 'poly(3-hexylthiophene)' in 0.000s
2026-01-05 17:08:50 [INFO] polymer_pipeline - OPSIN parsed 'poly(3-hexylthiophene)' in 0.000s
2026-01-05 17:08:50 [INFO] polymer_pipeline - OPSIN parsed 'poly(3-hexylthiophene)' in 0.000s
2026-01-05 17:08:50 [INFO] polymer_pipeline - OPSIN parsed 'poly(3-hexylthiophene)' in 0.000s
2026-01-05 17:08:50 [INFO] polymer_pipeline - OPSIN parsed 'poly(3-hexylthiophene)' in 0.000s
2026-01-05 17:08:50 [INFO] polymer_pipeline - OPSIN parsed 'poly(3-hexylthiophene)' in 0.000s
2026-01-05 17:08:50 [INFO] polymer_pipeline - OPSIN parsed 'poly(3-hexylthiophene)' in 0.000s
2026-01-05 17:08:50 [INFO] polymer_pipeline - OPSIN parsed 'poly(3-hexylthiophene)' in 0.000s
2026-01-05 17:08:50 [INFO] polymer_pipeline - OPSIN parsed 'dppt-tt' in 0.000s
2026-01-05 17:08:50 [INFO] polymer_pipeline - OPSIN parsed 'dppt-tt' in 0.000s
2026-01-05 17:08:50 [INFO] polymer_pipeline - OPSIN parsed 'dppt-tt' in 0.000s
2026-01-05 17:08:50 [INFO] polymer_pipeline - OPSIN parsed 'dppt-tt' in 0.000s
2026-01-05 17:08:50 [INFO] polymer_pipeline - OPSIN parsed 'dppt-tt' in 0.000s
2026-01-05 17:08:50 [INFO] polymer_pipeline - OPSIN parsed 'dppt-tt' in 0.000s
2026-01-05 17:08:50 [INFO] polymer_pipeline - OPSIN parsed 'dppt-tt' in 0.000s
2026-01-05 17:08:50 [INFO] polymer_pipeline - OPSIN parsed 'dppt-tt' in 0.000s
2026-01-05 17:08:50 [INFO] polymer_pipeline - OPSIN parsed 'dppt-tt' in 0.000s
2026-01-05 17:08:50 [INFO] polymer_pipeline - OPSIN parsed 'dppt-tt' in 0.000s
2026-01-05 17:08:50 [INFO] polymer_pipeline - OPSIN parsed 'dppt-tt' in 0.000s
2026-01-05 17:08:50 [INFO] polymer_pipeline - OPSIN parsed 'dppt-tt' in 0.000s
2026-01-05 17:08:50 [INFO] polymer_pipeline - OPSIN parsed 'dppt-tt' in 0.000s
2026-01-05 17:08:50 [INFO] polymer_pipeline - OPSIN parsed 'dppt-tt' in 0.000s
2026-01-05 17:08:50 [INFO] polymer_pipeline - OPSIN parsed 'dppt-tt' in 0.000s
2026-01-05 17:08:50 [INFO] polymer_pipeline - OPSIN parsed 'dppt-tt' in 0.000s
2026-01-05 17:08:50 [INFO] polymer_pipeline - OPSIN parsed 'dppt-tt' in 0.000s
2026-01-05 17:08:50 [INFO] polymer_pipeline - OPSIN parsed 'dppt-tt' in 0.000s
2026-01-05 17:08:50 [INFO] polymer_pipeline - OPSIN parsed 'dppt-tt' in 0.000s
2026-01-05 17:08:50 [INFO] polymer_pipeline - OPSIN parsed 'dppt-tt' in 0.000s
2026-01-05 17:08:50 [INFO] polymer_pipeline - OPSIN parsed 'dppt-tt' in 0.000s
2026-01-05 17:08:50 [INFO] polymer_pipeline - OPSIN parsed 'dppt-tt' in 0.000s
2026-01-05 17:08:50 [INFO] polymer_pipeline - OPSIN parsed 'dppt-tt' in 0.000s
2026-01-05 17:08:50 [INFO] polymer_pipeline - OPSIN parsed 'dppt-tt' in 0.000s
2026-01-05 17:08:50 [INFO] polymer_pipeline - OPSIN parsed 'dppt-tt' in 0.000s
2026-01-05 17:08:50 [INFO] polymer_pipeline - OPSIN parsed 'dppt-tt' in 0.000s
2026-01-05 17:08:50 [INFO] polymer_pipeline - OPSIN parsed 'dppt-tt' in 0.000s
2026-01-05 17:08:50 [INFO] polymer_pipeline - OPSIN parsed 'dppt-tt' in 0.000s
2026-01-05 17:08:50 [INFO] polymer_pipeline - OPSIN parsed 'diketopyrrolopyrrole core flanked by naphthalene' in 0.000s
2026-01-05 17:08:50 [INFO] polymer_pipeline - OPSIN parsed 'diketopyrrolopyrrole core flanked by naphthalene' in 0.000s
2026-01-05 17:08:50 [INFO] polymer_pipeline - OPSIN parsed 'diketopyrrolopyrrole core flanked by naphthalene' in 0.000s
2026-01-05 17:08:50 [INFO] polymer_pipeline - OPSIN parsed 'diketopyrrolopyrrole core flanked by naphthalene' in 0.000s
2026-01-05 17:08:50 [INFO] polymer_pipeline - OPSIN parsed 'diketopyrrolopyrrole core flanked by naphthalene' in 0.000s
2026-01-05 17:08:50 [INFO] polymer_pipeline - OPSIN parsed 'diketopyrrolopyrrole core flanked by naphthalene' in 0.000s
2026-01-05 17:08:50 [INFO] polymer_pipeline - OPSIN parsed 'diketopyrrolopyrrole core flanked by naphthalene' in 0.000s
2026-01-05 17:08:50 [INFO] polymer_pipeline - OPSIN parsed 'diketopyrrolopyrrole core flanked by naphthalene' in 0.000s
2026-01-05 17:08:50 [INFO] polymer_pipeline - OPSIN parsed 'diketopyrrolopyrrole core flanked by naphthalene' in 0.000s
2026-01-05 17:08:50 [INFO] polymer_pipeline - OPSIN parsed 'diketopyrrolopyrrole core flanked by naphthalene' in 0.000s
2026-01-05 17:08:50 [INFO] polymer_pipeline - OPSIN parsed 'diketopyrrolopyrrole core flanked by naphthalene' in 0.000s
2026-01-05 17:08:50 [INFO] polymer_pipeline - OPSIN parsed 'diketopyrrolopyrrole core flanked by naphthalene' in 0.000s
2026-01-05 17:08:50 [INFO] polymer_pipeline - OPSIN parsed 'thiophene flanked diketopyrrolopyrrole (t-dpp-t) donor-acceptor backbone' in 0.000s
2026-01-05 17:08:50 [INFO] polymer_pipeline - OPSIN parsed 'thiophene flanked diketopyrrolopyrrole (t-dpp-t) - backbone' in 0.000s
2026-01-05 17:08:50 [INFO] polymer_pipeline - OPSIN parsed 'thiophene flanked diketopyrrolopyrrole (t-dpp-t) - backbone' in 0.000s
2026-01-05 17:08:50 [INFO] polymer_pipeline - OPSIN parsed 'thiophene flanked diketopyrrolopyrrole (t-dpp-t) - backbone' in 0.000s
2026-01-05 17:08:50 [INFO] polymer_pipeline - OPSIN parsed 'thiophene flanked diketopyrrolopyrrole (t-dpp-t) donor-acceptor backbone' in 0.000s
2026-01-05 17:08:50 [INFO] polymer_pipeline - OPSIN parsed 'thiophene flanked diketopyrrolopyrrole (t-dpp-t) - backbone' in 0.000s
2026-01-05 17:08:50 [INFO] polymer_pipeline - OPSIN parsed 'thiophene flanked diketopyrrolopyrrole (t-dpp-t) - backbone' in 0.000s
2026-01-05 17:08:50 [INFO] polymer_pipeline - OPSIN parsed 'thiophene flanked diketopyrrolopyrrole (t-dpp-t) - backbone' in 0.000s
2026-01-05 17:08:50 [INFO] polymer_pipeline - OPSIN parsed 'fluorene' in 0.002s
2026-01-05 17:08:50 [INFO] polymer_pipeline - OPSIN parsed 'poly(diketopyrrolopyrrole-co-thiophene)' in 0.000s
2026-01-05 17:08:50 [INFO] polymer_pipeline - OPSIN parsed 'poly(diketopyrrolopyrrole-co-thiophene)' in 0.000s
2026-01-05 17:08:50 [INFO] polymer_pipeline - OPSIN parsed 'poly(diketopyrrolopyrrole-co-thiophene)' in 0.000s
2026-01-05 17:08:50 [INFO] polymer_pipeline - OPSIN parsed 'poly(diketopyrrolopyrrole-co-thiophene)' in 0.000s
2026-01-05 17:08:50 [INFO] polymer_pipeline - OPSIN parsed 'poly(diketopyrrolopyrrole-co-thiophene)' in 0.000s
2026-01-05 17:08:50 [INFO] polymer_pipeline - OPSIN parsed 'poly(diketopyrrolopyrrole-co-thiophene)' in 0.000s
2026-01-05 17:08:50 [INFO] polymer_pipeline - OPSIN parsed 'poly(diketopyrrolopyrrole-co-thiophene)' in 0.000s
2026-01-05 17:08:50 [INFO] polymer_pipeline - OPSIN parsed 'poly(diketopyrrolopyrrole-co-thiophene)' in 0.000s
2026-01-05 17:08:50 [INFO] polymer_pipeline - OPSIN parsed 'poly(diketopyrrolopyrrole-co-thiophene)' in 0.000s
2026-01-05 17:08:50 [INFO] polymer_pipeline - OPSIN parsed 'poly(diketopyrrolopyrrole-co-thiophene)' in 0.000s
2026-01-05 17:08:50 [INFO] polymer_pipeline - OPSIN parsed 'poly(diketopyrrolopyrrole-co-thiophene)' in 0.000s
2026-01-05 17:08:50 [INFO] polymer_pipeline - OPSIN parsed 'poly(diketopyrrolopyrrole-co-thiophene)' in 0.000s
2026-01-05 17:08:50 [INFO] polymer_pipeline - OPSIN parsed 'poly(diketopyrrolopyrrole-co-thiophene)' in 0.000s
2026-01-05 17:08:50 [INFO] polymer_pipeline - OPSIN parsed 'poly(diketopyrrolopyrrole-co-thiophene)' in 0.000s
2026-01-05 17:08:50 [INFO] polymer_pipeline - OPSIN parsed 'poly(diketopyrrolopyrrole-co-thiophene)' in 0.000s
2026-01-05 17:08:50 [INFO] polymer_pipeline - OPSIN parsed 'poly(diketopyrrolopyrrole-co-thiophene)' in 0.000s
2026-01-05 17:08:50 [INFO] polymer_pipeline - OPSIN parsed 'ndti-bti (wave-line backbone)' in 0.000s
2026-01-05 17:08:50 [INFO] polymer_pipeline - OPSIN parsed 'ndti-bti (wave-line backbone)' in 0.000s
2026-01-05 17:08:50 [INFO] polymer_pipeline - OPSIN parsed 'ndti-bti (wave-line backbone)' in 0.000s
2026-01-05 17:08:50 [INFO] polymer_pipeline - OPSIN parsed 'ndti-bti (wave-line backbone)' in 0.000s
2026-01-05 17:08:50 [INFO] polymer_pipeline - OPSIN parsed 'ndti-bti-tz (pseudo-straight-line backbone)' in 0.000s
2026-01-05 17:08:50 [INFO] polymer_pipeline - OPSIN parsed 'ndti-bti-tz (pseudo-straight-line backbone)' in 0.000s
2026-01-05 17:08:50 [INFO] polymer_pipeline - OPSIN parsed 'ndti-bti-tz (pseudo-straight-line backbone)' in 0.000s
2026-01-05 17:08:50 [INFO] polymer_pipeline - OPSIN parsed 'ndti-bti-tz (pseudo-straight-line backbone)' in 0.000s
2026-01-05 17:08:50 [INFO] polymer_pipeline - OPSIN parsed 'ndti-bti-tz (pseudo-straight-line backbone)' in 0.000s
2026-01-05 17:08:50 [INFO] polymer_pipeline - OPSIN parsed 'ndti-bti-tz (pseudo-straight-line backbone)' in 0.000s
2026-01-05 17:08:50 [INFO] polymer_pipeline - OPSIN parsed 'ndti-bti-tz (pseudo-straight-line backbone)' in 0.000s
2026-01-05 17:08:50 [INFO] polymer_pipeline - OPSIN parsed 'ndti-bti-tz (pseudo-straight-line backbone)' in 0.000s
2026-01-05 17:08:50 [INFO] polymer_pipeline - OPSIN parsed 'naphthalenediimide-dialkoxybithiazole (ndi-2tz)' in 0.000s
2026-01-05 17:08:50 [INFO] polymer_pipeline - OPSIN parsed 'naphthalenediimide-dialkoxybithiazole (ndi-2tz)' in 0.000s
2026-01-05 17:08:50 [INFO] polymer_pipeline - OPSIN parsed 'naphthalenediimide-dialkoxybithiazole (ndi-2tz)' in 0.000s
2026-01-05 17:08:50 [INFO] polymer_pipeline - OPSIN parsed 'naphthalenediimide-dialkoxybithiazole (ndi-2tz)' in 0.000s
2026-01-05 17:08:50 [INFO] polymer_pipeline - OPSIN parsed 'naphthalenediimide-dialkoxybithiazole (ndi-2tz)' in 0.000s
2026-01-05 17:08:50 [INFO] polymer_pipeline - OPSIN parsed 'naphthalenediimide-dialkoxybithiazole (ndi-2tz)' in 0.000s
2026-01-05 17:08:50 [INFO] polymer_pipeline - OPSIN parsed 'naphthalenediimide-dialkoxybithiazole (ndi-2tz)' in 0.000s
2026-01-05 17:08:50 [INFO] polymer_pipeline - OPSIN parsed 'naphthalenediimide-dialkoxybithiazole (ndi-2tz)' in 0.000s
2026-01-05 17:08:50 [INFO] polymer_pipeline - OPSIN parsed 'naphthalenediimide-dialkoxybithiazole (ndi-2tz)' in 0.000s
2026-01-05 17:08:50 [INFO] polymer_pipeline - OPSIN parsed 'naphthalenediimide-dialkoxybithiazole (ndi-2tz)' in 0.000s
2026-01-05 17:08:50 [INFO] polymer_pipeline - OPSIN parsed 'naphthalenediimide-dialkoxybithiazole (ndi-2tz)' in 0.000s
2026-01-05 17:08:50 [INFO] polymer_pipeline - OPSIN parsed 'naphthalenediimide-dialkoxybithiazole (ndi-2tz)' in 0.000s
2026-01-05 17:08:50 [INFO] polymer_pipeline - OPSIN parsed 'idtt-fluoro-benzothiadiazole a-d-a backbone' in 0.000s
2026-01-05 17:08:50 [INFO] polymer_pipeline - OPSIN parsed 'idtt-fluoro-benzothiadiazole a-d-a backbone' in 0.000s
2026-01-05 17:08:50 [INFO] polymer_pipeline - OPSIN parsed 'idtt-fluoro-benzothiadiazole a-d-a backbone' in 0.000s
2026-01-05 17:08:50 [INFO] polymer_pipeline - OPSIN parsed 'idtt-fluoro-benzothiadiazole a-d-a backbone' in 0.000s
2026-01-05 17:08:50 [INFO] polymer_pipeline - OPSIN parsed 'idtt-fluoro-benzothiadiazole a-d-a backbone' in 0.000s
2026-01-05 17:08:50 [INFO] polymer_pipeline - OPSIN parsed 'idtt-fluoro-benzothiadiazole a-d-a backbone' in 0.000s
2026-01-05 17:08:50 [INFO] polymer_pipeline - OPSIN parsed 'idtt-fluoro-benzothiadiazole a-d-a backbone' in 0.000s
2026-01-05 17:08:50 [INFO] polymer_pipeline - OPSIN parsed 'idtt-fluoro-benzothiadiazole a-d-a backbone' in 0.000s
2026-01-05 17:08:50 [INFO] polymer_pipeline - OPSIN parsed 'idtt-fluoro-benzothiadiazole a-d-a backbone' in 0.000s
2026-01-05 17:08:50 [INFO] polymer_pipeline - OPSIN parsed 'idtt-fluoro-benzothiadiazole a-d-a backbone' in 0.000s
2026-01-05 17:08:50 [INFO] polymer_pipeline - OPSIN parsed 'idtt-fluoro-benzothiadiazole a-d-a backbone' in 0.000s
2026-01-05 17:08:50 [INFO] polymer_pipeline - OPSIN parsed 'idtt-fluoro-benzothiadiazole a-d-a backbone' in 0.000s
2026-01-05 17:08:50 [INFO] polymer_pipeline - OPSIN parsed 'idtt-fluoro-benzothiadiazole a-d-a backbone' in 0.000s
2026-01-05 17:08:50 [INFO] polymer_pipeline - OPSIN parsed 'idtt-fluoro-benzothiadiazole a-d-a backbone' in 0.000s
2026-01-05 17:08:50 [INFO] polymer_pipeline - OPSIN parsed 'idtt-fluoro-benzothiadiazole a-d-a backbone' in 0.000s
2026-01-05 17:08:50 [INFO] polymer_pipeline - OPSIN parsed 'idtt-fluoro-benzothiadiazole a-d-a backbone' in 0.000s
2026-01-05 17:08:50 [INFO] polymer_pipeline - OPSIN parsed 'idtt-fluoro-benzothiadiazole a-d-a backbone' in 0.000s
2026-01-05 17:08:50 [INFO] polymer_pipeline - OPSIN parsed 'idtt-fluoro-benzothiadiazole a-d-a backbone' in 0.000s
2026-01-05 17:08:50 [INFO] polymer_pipeline - OPSIN parsed 'idtt-fluoro-benzothiadiazole a-d-a backbone' in 0.000s
2026-01-05 17:08:50 [INFO] polymer_pipeline - OPSIN parsed 'idtt-fluoro-benzothiadiazole a-d-a backbone' in 0.000s
2026-01-05 17:08:50 [INFO] polymer_pipeline - OPSIN parsed 'idtt-fluoro-benzothiadiazole a-d-a backbone' in 0.000s
2026-01-05 17:08:50 [INFO] polymer_pipeline - OPSIN parsed 'idtt-fluoro-benzothiadiazole a-d-a backbone' in 0.000s
2026-01-05 17:08:50 [INFO] polymer_pipeline - OPSIN parsed 'idtt-fluoro-benzothiadiazole a-d-a backbone' in 0.000s
2026-01-05 17:08:50 [INFO] polymer_pipeline - OPSIN parsed 'idtt-fluoro-benzothiadiazole a-d-a backbone' in 0.000s
2026-01-05 17:08:50 [INFO] polymer_pipeline - OPSIN parsed 'ndi-2tz backbone' in 0.000s
2026-01-05 17:08:50 [INFO] polymer_pipeline - OPSIN parsed 'ndi-2tz backbone' in 0.000s
2026-01-05 17:08:50 [INFO] polymer_pipeline - OPSIN parsed 'ndi-2tz backbone' in 0.000s
2026-01-05 17:08:50 [INFO] polymer_pipeline - OPSIN parsed 'ndi-2tz backbone' in 0.000s
2026-01-05 17:08:50 [INFO] polymer_pipeline - OPSIN parsed 'ndi-2tz backbone' in 0.000s
2026-01-05 17:08:50 [INFO] polymer_pipeline - OPSIN parsed 'ndi-2tz backbone' in 0.000s
2026-01-05 17:08:50 [INFO] polymer_pipeline - OPSIN parsed 'ndi-2tz backbone' in 0.000s
2026-01-05 17:08:50 [INFO] polymer_pipeline - OPSIN parsed 'ndi-2tz backbone' in 0.000s
2026-01-05 17:08:50 [INFO] polymer_pipeline - OPSIN parsed 'ndi-2tz backbone' in 0.000s
2026-01-05 17:08:50 [INFO] polymer_pipeline - OPSIN parsed 'ndi-2tz backbone' in 0.000s
2026-01-05 17:08:50 [INFO] polymer_pipeline - OPSIN parsed 'ndi-2tz backbone' in 0.000s
2026-01-05 17:08:50 [INFO] polymer_pipeline - OPSIN parsed 'ndi-2tz backbone' in 0.000s
2026-01-05 17:08:50 [INFO] polymer_pipeline - OPSIN parsed 'donor-acceptor (d-a) conjugated backbone' in 0.000s
2026-01-05 17:08:50 [INFO] polymer_pipeline - OPSIN parsed '- (d-a) conjugated backbone' in 0.000s
2026-01-05 17:08:50 [INFO] polymer_pipeline - OPSIN parsed '- (d-a) conjugated backbone' in 0.000s
2026-01-05 17:08:50 [INFO] polymer_pipeline - OPSIN parsed '- (d-a) conjugated backbone' in 0.000s
2026-01-05 17:08:50 [INFO] polymer_pipeline - OPSIN parsed 'donor-acceptor (d-a) conjugated backbone' in 0.000s
2026-01-05 17:08:50 [INFO] polymer_pipeline - OPSIN parsed '- (d-a) conjugated backbone' in 0.000s
2026-01-05 17:08:50 [INFO] polymer_pipeline - OPSIN parsed '- (d-a) conjugated backbone' in 0.000s
2026-01-05 17:08:50 [INFO] polymer_pipeline - OPSIN parsed '- (d-a) conjugated backbone' in 0.000s
2026-01-05 17:08:50 [INFO] polymer_pipeline - OPSIN parsed 'donor-acceptor (d-a) conjugated backbone' in 0.000s
2026-01-05 17:08:50 [INFO] polymer_pipeline - OPSIN parsed '- (d-a) conjugated backbone' in 0.000s
2026-01-05 17:08:50 [INFO] polymer_pipeline - OPSIN parsed '- (d-a) conjugated backbone' in 0.000s
2026-01-05 17:08:50 [INFO] polymer_pipeline - OPSIN parsed '- (d-a) conjugated backbone' in 0.000s
2026-01-05 17:08:50 [INFO] polymer_pipeline - OPSIN parsed 'naphthalene-1,4,5,8-tetracarboxylic-diimide-bithiophene backbone' in 0.000s
2026-01-05 17:08:50 [INFO] polymer_pipeline - OPSIN parsed 'naphthalene-1,4,5,8-tetracarboxylic-diimide-bithiophene backbone' in 0.000s
2026-01-05 17:08:50 [INFO] polymer_pipeline - OPSIN parsed 'naphthalene-1,4,5,8-tetracarboxylic-diimide-bithiophene backbone' in 0.000s
2026-01-05 17:08:50 [INFO] polymer_pipeline - OPSIN parsed 'naphthalene-1,4,5,8-tetracarboxylic-diimide-bithiophene backbone' in 0.000s
2026-01-05 17:08:50 [INFO] polymer_pipeline - OPSIN parsed 'naphthalene-1,4,5,8-tetracarboxylic-diimide-bithiophene backbone' in 0.000s
2026-01-05 17:08:50 [INFO] polymer_pipeline - OPSIN parsed 'naphthalene-1,4,5,8-tetracarboxylic-diimide-bithiophene backbone' in 0.000s
2026-01-05 17:08:50 [INFO] polymer_pipeline - OPSIN parsed 'naphthalene-1,4,5,8-tetracarboxylic-diimide-bithiophene backbone' in 0.000s
2026-01-05 17:08:50 [INFO] polymer_pipeline - OPSIN parsed 'naphthalene-1,4,5,8-tetracarboxylic-diimide-bithiophene backbone' in 0.000s
2026-01-05 17:08:50 [INFO] polymer_pipeline - OPSIN parsed 'naphthalene-1,4,5,8-tetracarboxylic-diimide-bithiophene backbone' in 0.000s
2026-01-05 17:08:50 [INFO] polymer_pipeline - OPSIN parsed 'naphthalene-1,4,5,8-tetracarboxylic-diimide-bithiophene backbone' in 0.000s
2026-01-05 17:08:50 [INFO] polymer_pipeline - OPSIN parsed 'naphthalene-1,4,5,8-tetracarboxylic-diimide-bithiophene backbone' in 0.000s
2026-01-05 17:08:50 [INFO] polymer_pipeline - OPSIN parsed 'naphthalene-1,4,5,8-tetracarboxylic-diimide-bithiophene backbone' in 0.000s
2026-01-05 17:08:50 [INFO] polymer_pipeline - OPSIN parsed 'naphthalene-1,4,5,8-tetracarboxylic-diimide-bithiophene backbone' in 0.000s
2026-01-05 17:08:50 [INFO] polymer_pipeline - OPSIN parsed 'naphthalene-1,4,5,8-tetracarboxylic-diimide-bithiophene backbone' in 0.000s
2026-01-05 17:08:50 [INFO] polymer_pipeline - OPSIN parsed 'naphthalene-1,4,5,8-tetracarboxylic-diimide-bithiophene backbone' in 0.000s
2026-01-05 17:08:50 [INFO] polymer_pipeline - OPSIN parsed 'naphthalene-1,4,5,8-tetracarboxylic-diimide-bithiophene backbone' in 0.000s
2026-01-05 17:08:50 [INFO] polymer_pipeline - OPSIN parsed 'polythiophene' in 0.000s
2026-01-05 17:08:50 [INFO] polymer_pipeline - OPSIN parsed 'polythiophene' in 0.000s
2026-01-05 17:08:50 [INFO] polymer_pipeline - OPSIN parsed 'polythiophene' in 0.000s
2026-01-05 17:08:50 [INFO] polymer_pipeline - OPSIN parsed 'polythiophene' in 0.000s
2026-01-05 17:08:50 [INFO] polymer_pipeline - OPSIN parsed 'polythiophene' in 0.000s
2026-01-05 17:08:50 [INFO] polymer_pipeline - OPSIN parsed 'polythiophene' in 0.000s
2026-01-05 17:08:50 [INFO] polymer_pipeline - OPSIN parsed 'polythiophene' in 0.000s
2026-01-05 17:08:50 [INFO] polymer_pipeline - OPSIN parsed 'polythiophene' in 0.000s
2026-01-05 17:08:50 [INFO] polymer_pipeline - OPSIN parsed 'polythiophene' in 0.000s
2026-01-05 17:08:50 [INFO] polymer_pipeline - OPSIN parsed 'polythiophene' in 0.000s
2026-01-05 17:08:50 [INFO] polymer_pipeline - OPSIN parsed 'polythiophene' in 0.000s
2026-01-05 17:08:50 [INFO] polymer_pipeline - OPSIN parsed 'polythiophene' in 0.000s
2026-01-05 17:08:50 [INFO] polymer_pipeline - OPSIN parsed 'polythiophene' in 0.000s
2026-01-05 17:08:50 [INFO] polymer_pipeline - OPSIN parsed 'polythiophene' in 0.000s
2026-01-05 17:08:50 [INFO] polymer_pipeline - OPSIN parsed 'polythiophene' in 0.000s
2026-01-05 17:08:50 [INFO] polymer_pipeline - OPSIN parsed 'polythiophene' in 0.000s
2026-01-05 17:08:50 [INFO] polymer_pipeline - OPSIN parsed 'polythiophene' in 0.000s
2026-01-05 17:08:50 [INFO] polymer_pipeline - OPSIN parsed 'polythiophene' in 0.000s
2026-01-05 17:08:50 [INFO] polymer_pipeline - OPSIN parsed 'polythiophene' in 0.000s
2026-01-05 17:08:50 [INFO] polymer_pipeline - OPSIN parsed 'polythiophene' in 0.000s
2026-01-05 17:08:50 [INFO] polymer_pipeline - OPSIN parsed 'selenium-incorporated bithiophene imide' in 0.000s
2026-01-05 17:08:50 [INFO] polymer_pipeline - OPSIN parsed 'selenium-incorporated bithiophene imide' in 0.000s
2026-01-05 17:08:50 [INFO] polymer_pipeline - OPSIN parsed 'selenium-incorporated bithiophene imide' in 0.000s
2026-01-05 17:08:50 [INFO] polymer_pipeline - OPSIN parsed 'selenium-incorporated bithiophene imide' in 0.000s
2026-01-05 17:08:50 [INFO] polymer_pipeline - OPSIN parsed 'selenium-incorporated bithiophene imide' in 0.000s
2026-01-05 17:08:50 [INFO] polymer_pipeline - OPSIN parsed 'selenium-incorporated bithiophene imide' in 0.000s
2026-01-05 17:08:50 [INFO] polymer_pipeline - OPSIN parsed 'selenium-incorporated bithiophene imide' in 0.000s
2026-01-05 17:08:50 [INFO] polymer_pipeline - OPSIN parsed 'selenium-incorporated bithiophene imide' in 0.000s
2026-01-05 17:08:50 [INFO] polymer_pipeline - OPSIN parsed 'selenium-incorporated bithiophene imide' in 0.000s
2026-01-05 17:08:50 [INFO] polymer_pipeline - OPSIN parsed 'selenium-incorporated bithiophene imide' in 0.000s
2026-01-05 17:08:50 [INFO] polymer_pipeline - OPSIN parsed 'selenium-incorporated bithiophene imide' in 0.000s
2026-01-05 17:08:50 [INFO] polymer_pipeline - OPSIN parsed 'selenium-incorporated bithiophene imide' in 0.000s
2026-01-05 17:08:50 [INFO] polymer_pipeline - OPSIN parsed 'naphthalenediimide-dialkoxybithiazole copolymer' in 0.000s
2026-01-05 17:08:50 [INFO] polymer_pipeline - OPSIN parsed 'naphthalenediimide-dialkoxybithiazole' in 0.000s
2026-01-05 17:08:50 [INFO] polymer_pipeline - OPSIN parsed 'naphthalenediimide-dialkoxybithiazole' in 0.000s
2026-01-05 17:08:50 [INFO] polymer_pipeline - OPSIN parsed 'naphthalenediimide-dialkoxybithiazole' in 0.000s
2026-01-05 17:08:50 [INFO] polymer_pipeline - OPSIN parsed 'naphthalenediimide-dialkoxybithiazole copolymer' in 0.000s
2026-01-05 17:08:50 [INFO] polymer_pipeline - OPSIN parsed 'naphthalenediimide-dialkoxybithiazole' in 0.000s
2026-01-05 17:08:50 [INFO] polymer_pipeline - OPSIN parsed 'naphthalenediimide-dialkoxybithiazole' in 0.000s
2026-01-05 17:08:50 [INFO] polymer_pipeline - OPSIN parsed 'naphthalenediimide-dialkoxybithiazole' in 0.000s
2026-01-05 17:08:50 [INFO] polymer_pipeline - OPSIN parsed 'naphthalenediimide-dialkoxybithiazole copolymer' in 0.000s
2026-01-05 17:08:50 [INFO] polymer_pipeline - OPSIN parsed 'naphthalenediimide-dialkoxybithiazole' in 0.000s
2026-01-05 17:08:50 [INFO] polymer_pipeline - OPSIN parsed 'naphthalenediimide-dialkoxybithiazole' in 0.000s
2026-01-05 17:08:50 [INFO] polymer_pipeline - OPSIN parsed 'naphthalenediimide-dialkoxybithiazole' in 0.000s
2026-01-05 17:08:50 [INFO] polymer_pipeline - OPSIN parsed 'diindenone-dithieno[3,2-b:2',3'-d]thiophene fused seven-ring core' in 0.000s
2026-01-05 17:08:50 [INFO] polymer_pipeline - OPSIN parsed 'diindenone-dithieno[3,2-b:2',3'-d]thiophene fused seven-ring core' in 0.000s
2026-01-05 17:08:50 [INFO] polymer_pipeline - OPSIN parsed 'diindenone-dithieno[3,2-b:2',3'-d]thiophene fused seven-ring core' in 0.000s
2026-01-05 17:08:50 [INFO] polymer_pipeline - OPSIN parsed 'diindenone-dithieno[3,2-b:2',3'-d]thiophene fused seven-ring core' in 0.000s
2026-01-05 17:08:50 [INFO] polymer_pipeline - OPSIN parsed 'diindenone-dithieno[3,2-b:2',3'-d]thiophene fused seven-ring core' in 0.000s
2026-01-05 17:08:50 [INFO] polymer_pipeline - OPSIN parsed 'diindenone-dithieno[3,2-b:2',3'-d]thiophene fused seven-ring core' in 0.000s
2026-01-05 17:08:50 [INFO] polymer_pipeline - OPSIN parsed 'diindenone-dithieno[3,2-b:2',3'-d]thiophene fused seven-ring core' in 0.000s
2026-01-05 17:08:50 [INFO] polymer_pipeline - OPSIN parsed 'diindenone-dithieno[3,2-b:2',3'-d]thiophene fused seven-ring core' in 0.000s
2026-01-05 17:08:50 [INFO] polymer_pipeline - OPSIN parsed 'pbttt-like backbone (alternating thienothiophene and bithiophene units)' in 0.000s
2026-01-05 17:08:50 [INFO] polymer_pipeline - OPSIN parsed 'pbttt-like backbone (alternating thienothiophene and bithiophene units)' in 0.000s
2026-01-05 17:08:50 [INFO] polymer_pipeline - OPSIN parsed 'pbttt-like backbone (alternating thienothiophene and bithiophene units)' in 0.000s
2026-01-05 17:08:50 [INFO] polymer_pipeline - OPSIN parsed 'pbttt-like backbone (alternating thienothiophene and bithiophene units)' in 0.000s
2026-01-05 17:08:50 [INFO] polymer_pipeline - OPSIN parsed 'pbttt-like backbone (alternating thienothiophene and bithiophene units)' in 0.000s
2026-01-05 17:08:50 [INFO] polymer_pipeline - OPSIN parsed 'pbttt-like backbone (alternating thienothiophene and bithiophene units)' in 0.000s
2026-01-05 17:08:50 [INFO] polymer_pipeline - OPSIN parsed 'pbttt-like backbone (alternating thienothiophene and bithiophene units)' in 0.000s
2026-01-05 17:08:50 [INFO] polymer_pipeline - OPSIN parsed 'pbttt-like backbone (alternating thienothiophene and bithiophene units)' in 0.000s
2026-01-05 17:08:50 [INFO] polymer_pipeline - OPSIN parsed 'pbttt-like backbone (alternating thienothiophene and bithiophene units)' in 0.000s
2026-01-05 17:08:50 [INFO] polymer_pipeline - OPSIN parsed 'pbttt-like backbone (alternating thienothiophene and bithiophene units)' in 0.000s
2026-01-05 17:08:50 [INFO] polymer_pipeline - OPSIN parsed 'pbttt-like backbone (alternating thienothiophene and bithiophene units)' in 0.000s
2026-01-05 17:08:50 [INFO] polymer_pipeline - OPSIN parsed 'pbttt-like backbone (alternating thienothiophene and bithiophene units)' in 0.000s
2026-01-05 17:08:50 [INFO] polymer_pipeline - OPSIN parsed 'pbttt-like backbone (alternating thienothiophene and bithiophene units)' in 0.000s
2026-01-05 17:08:50 [INFO] polymer_pipeline - OPSIN parsed 'pbttt-like backbone (alternating thienothiophene and bithiophene units)' in 0.000s
2026-01-05 17:08:50 [INFO] polymer_pipeline - OPSIN parsed 'pbttt-like backbone (alternating thienothiophene and bithiophene units)' in 0.000s
2026-01-05 17:08:50 [INFO] polymer_pipeline - OPSIN parsed 'pbttt-like backbone (alternating thienothiophene and bithiophene units)' in 0.000s
2026-01-05 17:08:50 [INFO] polymer_pipeline - OPSIN parsed 'pbttt-like backbone (alternating thienothiophene and bithiophene units)' in 0.000s
2026-01-05 17:08:50 [INFO] polymer_pipeline - OPSIN parsed 'pbttt-like backbone (alternating thienothiophene and bithiophene units)' in 0.000s
2026-01-05 17:08:50 [INFO] polymer_pipeline - OPSIN parsed 'pbttt-like backbone (alternating thienothiophene and bithiophene units)' in 0.000s
2026-01-05 17:08:50 [INFO] polymer_pipeline - OPSIN parsed 'pbttt-like backbone (alternating thienothiophene and bithiophene units)' in 0.000s
2026-01-05 17:08:50 [INFO] polymer_pipeline - OPSIN parsed 'pbttt-like backbone (alternating thienothiophene and bithiophene units)' in 0.000s
2026-01-05 17:08:50 [INFO] polymer_pipeline - OPSIN parsed 'pbttt-like backbone (alternating thienothiophene and bithiophene units)' in 0.000s
2026-01-05 17:08:50 [INFO] polymer_pipeline - OPSIN parsed 'pbttt-like backbone (alternating thienothiophene and bithiophene units)' in 0.000s
2026-01-05 17:08:50 [INFO] polymer_pipeline - OPSIN parsed 'pbttt-like backbone (alternating thienothiophene and bithiophene units)' in 0.000s
2026-01-05 17:08:50 [INFO] polymer_pipeline - OPSIN parsed 'pbttt-like backbone (alternating thienothiophene and bithiophene units)' in 0.000s
2026-01-05 17:08:50 [INFO] polymer_pipeline - OPSIN parsed 'pbttt-like backbone (alternating thienothiophene and bithiophene units)' in 0.000s
2026-01-05 17:08:50 [INFO] polymer_pipeline - OPSIN parsed 'pbttt-like backbone (alternating thienothiophene and bithiophene units)' in 0.000s
2026-01-05 17:08:50 [INFO] polymer_pipeline - OPSIN parsed 'pbttt-like backbone (alternating thienothiophene and bithiophene units)' in 0.000s
2026-01-05 17:08:50 [INFO] polymer_pipeline - OPSIN parsed 'pbttt-like backbone (alternating thienothiophene and bithiophene units)' in 0.000s
2026-01-05 17:08:50 [INFO] polymer_pipeline - OPSIN parsed 'pbttt-like backbone (alternating thienothiophene and bithiophene units)' in 0.000s
2026-01-05 17:08:50 [INFO] polymer_pipeline - OPSIN parsed 'pbttt-like backbone (alternating thienothiophene and bithiophene units)' in 0.000s
2026-01-05 17:08:50 [INFO] polymer_pipeline - OPSIN parsed 'pbttt-like backbone (alternating thienothiophene and bithiophene units)' in 0.000s
2026-01-05 17:08:50 [INFO] polymer_pipeline - OPSIN parsed 'pbttt-like backbone (alternating thienothiophene and bithiophene units)' in 0.000s
2026-01-05 17:08:50 [INFO] polymer_pipeline - OPSIN parsed 'pbttt-like backbone (alternating thienothiophene and bithiophene units)' in 0.000s
2026-01-05 17:08:50 [INFO] polymer_pipeline - OPSIN parsed 'pbttt-like backbone (alternating thienothiophene and bithiophene units)' in 0.000s
2026-01-05 17:08:50 [INFO] polymer_pipeline - OPSIN parsed 'pbttt-like backbone (alternating thienothiophene and bithiophene units)' in 0.000s
2026-01-05 17:08:50 [INFO] polymer_pipeline - OPSIN parsed 'polythiophene (bithiophene) backbone' in 0.000s
2026-01-05 17:08:50 [INFO] polymer_pipeline - OPSIN parsed 'polythiophene (bithiophene) backbone' in 0.000s
2026-01-05 17:08:50 [INFO] polymer_pipeline - OPSIN parsed 'polythiophene (bithiophene) backbone' in 0.000s
2026-01-05 17:08:50 [INFO] polymer_pipeline - OPSIN parsed 'polythiophene (bithiophene) backbone' in 0.000s
2026-01-05 17:08:50 [INFO] polymer_pipeline - OPSIN parsed 'polythiophene (bithiophene) backbone' in 0.000s
2026-01-05 17:08:50 [INFO] polymer_pipeline - OPSIN parsed 'polythiophene (bithiophene) backbone' in 0.000s
2026-01-05 17:08:50 [INFO] polymer_pipeline - OPSIN parsed 'polythiophene (bithiophene) backbone' in 0.000s
2026-01-05 17:08:50 [INFO] polymer_pipeline - OPSIN parsed 'polythiophene (bithiophene) backbone' in 0.000s
2026-01-05 17:08:50 [INFO] polymer_pipeline - OPSIN parsed 'polythiophene (bithiophene) backbone' in 0.000s
2026-01-05 17:08:50 [INFO] polymer_pipeline - OPSIN parsed 'polythiophene (bithiophene) backbone' in 0.000s
2026-01-05 17:08:50 [INFO] polymer_pipeline - OPSIN parsed 'polythiophene (bithiophene) backbone' in 0.000s
2026-01-05 17:08:50 [INFO] polymer_pipeline - OPSIN parsed 'polythiophene (bithiophene) backbone' in 0.000s
2026-01-05 17:08:50 [INFO] polymer_pipeline - OPSIN parsed 'bdt and thieno[3,4-b]thiophene' in 0.000s
2026-01-05 17:08:50 [INFO] polymer_pipeline - OPSIN parsed 'bdt and thieno[3,4-b]thiophene' in 0.000s
2026-01-05 17:08:50 [INFO] polymer_pipeline - OPSIN parsed 'bdt and thieno[3,4-b]thiophene' in 0.000s
2026-01-05 17:08:50 [INFO] polymer_pipeline - OPSIN parsed 'bdt and thieno[3,4-b]thiophene' in 0.000s
2026-01-05 17:08:50 [INFO] polymer_pipeline - OPSIN parsed 'bdt and thieno[3,4-b]thiophene' in 0.000s
2026-01-05 17:08:50 [INFO] polymer_pipeline - OPSIN parsed 'bdt and thieno[3,4-b]thiophene' in 0.000s
2026-01-05 17:08:50 [INFO] polymer_pipeline - OPSIN parsed 'bdt and thieno[3,4-b]thiophene' in 0.000s
2026-01-05 17:08:50 [INFO] polymer_pipeline - OPSIN parsed 'bdt and thieno[3,4-b]thiophene' in 0.000s
2026-01-05 17:08:50 [INFO] polymer_pipeline - OPSIN parsed 'bdt and thieno[3,4-b]thiophene' in 0.000s
2026-01-05 17:08:50 [INFO] polymer_pipeline - OPSIN parsed 'bdt and thieno[3,4-b]thiophene' in 0.000s
2026-01-05 17:08:50 [INFO] polymer_pipeline - OPSIN parsed 'bdt and thieno[3,4-b]thiophene' in 0.000s
2026-01-05 17:08:50 [INFO] polymer_pipeline - OPSIN parsed 'bdt and thieno[3,4-b]thiophene' in 0.000s
2026-01-05 17:08:50 [INFO] polymer_pipeline - OPSIN parsed 'bdt and thieno[3,4-b]thiophene' in 0.000s
2026-01-05 17:08:50 [INFO] polymer_pipeline - OPSIN parsed 'bdt and thieno[3,4-b]thiophene' in 0.000s
2026-01-05 17:08:50 [INFO] polymer_pipeline - OPSIN parsed 'bdt and thieno[3,4-b]thiophene' in 0.000s
2026-01-05 17:08:50 [INFO] polymer_pipeline - OPSIN parsed 'bdt and thieno[3,4-b]thiophene' in 0.000s
2026-01-05 17:08:50 [INFO] polymer_pipeline - OPSIN parsed 'bdt and thieno[3,4-b]thiophene' in 0.000s
2026-01-05 17:08:50 [INFO] polymer_pipeline - OPSIN parsed 'bdt and thieno[3,4-b]thiophene' in 0.000s
2026-01-05 17:08:50 [INFO] polymer_pipeline - OPSIN parsed 'bdt and thieno[3,4-b]thiophene' in 0.000s
2026-01-05 17:08:50 [INFO] polymer_pipeline - OPSIN parsed 'bdt and thieno[3,4-b]thiophene' in 0.000s
2026-01-05 17:08:50 [INFO] polymer_pipeline - OPSIN parsed 'bdt and thieno[3,4-b]thiophene' in 0.000s
2026-01-05 17:08:50 [INFO] polymer_pipeline - OPSIN parsed 'bdt and thieno[3,4-b]thiophene' in 0.000s
2026-01-05 17:08:50 [INFO] polymer_pipeline - OPSIN parsed 'bdt and thieno[3,4-b]thiophene' in 0.000s
2026-01-05 17:08:50 [INFO] polymer_pipeline - OPSIN parsed 'bdt and thieno[3,4-b]thiophene' in 0.000s
2026-01-05 17:08:50 [INFO] polymer_pipeline - OPSIN parsed 'poly(thienylene vinylene)' in 0.000s
2026-01-05 17:08:50 [INFO] polymer_pipeline - OPSIN parsed 'poly(thienylene vinylene)' in 0.000s
2026-01-05 17:08:50 [INFO] polymer_pipeline - OPSIN parsed 'poly(thienylene vinylene)' in 0.000s
2026-01-05 17:08:50 [INFO] polymer_pipeline - OPSIN parsed 'poly(thienylene vinylene)' in 0.000s
2026-01-05 17:08:50 [INFO] polymer_pipeline - OPSIN parsed 'poly(thienylene vinylene)' in 0.000s
2026-01-05 17:08:50 [INFO] polymer_pipeline - OPSIN parsed 'poly(thienylene vinylene)' in 0.000s
2026-01-05 17:08:50 [INFO] polymer_pipeline - OPSIN parsed 'poly(thienylene vinylene)' in 0.000s
2026-01-05 17:08:50 [INFO] polymer_pipeline - OPSIN parsed 'poly(thienylene vinylene)' in 0.000s
2026-01-05 17:08:50 [INFO] polymer_pipeline - OPSIN parsed 'poly(thienylene vinylene)' in 0.000s
2026-01-05 17:08:50 [INFO] polymer_pipeline - OPSIN parsed 'poly(thienylene vinylene)' in 0.000s
2026-01-05 17:08:50 [INFO] polymer_pipeline - OPSIN parsed 'poly(thienylene vinylene)' in 0.000s
2026-01-05 17:08:50 [INFO] polymer_pipeline - OPSIN parsed 'poly(thienylene vinylene)' in 0.000s
2026-01-05 17:08:50 [INFO] polymer_pipeline - OPSIN parsed 'poly(thienylene vinylene)' in 0.000s
2026-01-05 17:08:50 [INFO] polymer_pipeline - OPSIN parsed 'poly(thienylene vinylene)' in 0.000s
2026-01-05 17:08:50 [INFO] polymer_pipeline - OPSIN parsed 'poly(thienylene vinylene)' in 0.000s
2026-01-05 17:08:50 [INFO] polymer_pipeline - OPSIN parsed 'poly(thienylene vinylene)' in 0.000s
2026-01-05 17:08:50 [INFO] polymer_pipeline - OPSIN parsed '4-(4,4-bis(2-octyldodecyl)-4h-cyclopenta[1,2-b:5,4-b']dithiophen-2-yl)-alt-[1,2,5]-thiadiazolo[3,4-c]pyridine' in 0.000s
2026-01-05 17:08:50 [INFO] polymer_pipeline - OPSIN parsed '4-(4,4-bis(2-octyldodecyl)-4h-cyclopenta[1,2-b:5,4-b']dithiophen-2-yl)-alt-[1,2,5]-thiadiazolo[3,4-c]pyridine' in 0.000s
2026-01-05 17:08:50 [INFO] polymer_pipeline - OPSIN parsed '4-(4,4-bis(2-octyldodecyl)-4h-cyclopenta[1,2-b:5,4-b']dithiophen-2-yl)-alt-[1,2,5]-thiadiazolo[3,4-c]pyridine' in 0.000s
2026-01-05 17:08:50 [INFO] polymer_pipeline - OPSIN parsed '4-(4,4-bis(2-octyldodecyl)-4h-cyclopenta[1,2-b:5,4-b']dithiophen-2-yl)-alt-[1,2,5]-thiadiazolo[3,4-c]pyridine' in 0.000s
2026-01-05 17:08:50 [INFO] polymer_pipeline - OPSIN parsed '4-(4,4-bis(2-octyldodecyl)-4h-cyclopenta[1,2-b:5,4-b']dithiophen-2-yl)-alt-[1,2,5]-thiadiazolo[3,4-c]pyridine' in 0.000s
2026-01-05 17:08:50 [INFO] polymer_pipeline - OPSIN parsed '4-(4,4-bis(2-octyldodecyl)-4h-cyclopenta[1,2-b:5,4-b']dithiophen-2-yl)-alt-[1,2,5]-thiadiazolo[3,4-c]pyridine' in 0.000s
2026-01-05 17:08:50 [INFO] polymer_pipeline - OPSIN parsed '4-(4,4-bis(2-octyldodecyl)-4h-cyclopenta[1,2-b:5,4-b']dithiophen-2-yl)-alt-[1,2,5]-thiadiazolo[3,4-c]pyridine' in 0.000s
2026-01-05 17:08:50 [INFO] polymer_pipeline - OPSIN parsed '4-(4,4-bis(2-octyldodecyl)-4h-cyclopenta[1,2-b:5,4-b']dithiophen-2-yl)-alt-[1,2,5]-thiadiazolo[3,4-c]pyridine' in 0.000s
2026-01-05 17:08:50 [INFO] polymer_pipeline - OPSIN parsed '4-(4,4-bis(2-octyldodecyl)-4h-cyclopenta[1,2-b:5,4-b']dithiophen-2-yl)-alt-[1,2,5]-thiadiazolo[3,4-c]pyridine' in 0.000s
2026-01-05 17:08:50 [INFO] polymer_pipeline - OPSIN parsed '4-(4,4-bis(2-octyldodecyl)-4h-cyclopenta[1,2-b:5,4-b']dithiophen-2-yl)-alt-[1,2,5]-thiadiazolo[3,4-c]pyridine' in 0.000s
2026-01-05 17:08:50 [INFO] polymer_pipeline - OPSIN parsed '4-(4,4-bis(2-octyldodecyl)-4h-cyclopenta[1,2-b:5,4-b']dithiophen-2-yl)-alt-[1,2,5]-thiadiazolo[3,4-c]pyridine' in 0.000s
2026-01-05 17:08:50 [INFO] polymer_pipeline - OPSIN parsed '4-(4,4-bis(2-octyldodecyl)-4h-cyclopenta[1,2-b:5,4-b']dithiophen-2-yl)-alt-[1,2,5]-thiadiazolo[3,4-c]pyridine' in 0.000s
2026-01-05 17:08:50 [INFO] polymer_pipeline - OPSIN parsed '4-(4,4-bis(2-octyldodecyl)-4h-cyclopenta[1,2-b:5,4-b']dithiophen-2-yl)-alt-[1,2,5]-thiadiazolo[3,4-c]pyridine' in 0.000s
2026-01-05 17:08:50 [INFO] polymer_pipeline - OPSIN parsed '4-(4,4-bis(2-octyldodecyl)-4h-cyclopenta[1,2-b:5,4-b']dithiophen-2-yl)-alt-[1,2,5]-thiadiazolo[3,4-c]pyridine' in 0.000s
2026-01-05 17:08:50 [INFO] polymer_pipeline - OPSIN parsed '4-(4,4-bis(2-octyldodecyl)-4h-cyclopenta[1,2-b:5,4-b']dithiophen-2-yl)-alt-[1,2,5]-thiadiazolo[3,4-c]pyridine' in 0.000s
2026-01-05 17:08:50 [INFO] polymer_pipeline - OPSIN parsed '4-(4,4-bis(2-octyldodecyl)-4h-cyclopenta[1,2-b:5,4-b']dithiophen-2-yl)-alt-[1,2,5]-thiadiazolo[3,4-c]pyridine' in 0.000s
2026-01-05 17:08:50 [INFO] polymer_pipeline - OPSIN parsed '4-(4,4-bis(2-octyldodecyl)-4h-cyclopenta[1,2-b:5,4-b']dithiophen-2-yl)-alt-[1,2,5]-thiadiazolo[3,4-c]pyridine' in 0.000s
2026-01-05 17:08:50 [INFO] polymer_pipeline - OPSIN parsed '4-(4,4-bis(2-octyldodecyl)-4h-cyclopenta[1,2-b:5,4-b']dithiophen-2-yl)-alt-[1,2,5]-thiadiazolo[3,4-c]pyridine' in 0.000s
2026-01-05 17:08:50 [INFO] polymer_pipeline - OPSIN parsed '4-(4,4-bis(2-octyldodecyl)-4h-cyclopenta[1,2-b:5,4-b']dithiophen-2-yl)-alt-[1,2,5]-thiadiazolo[3,4-c]pyridine' in 0.000s
2026-01-05 17:08:50 [INFO] polymer_pipeline - OPSIN parsed '4-(4,4-bis(2-octyldodecyl)-4h-cyclopenta[1,2-b:5,4-b']dithiophen-2-yl)-alt-[1,2,5]-thiadiazolo[3,4-c]pyridine' in 0.000s
2026-01-05 17:08:50 [INFO] polymer_pipeline - OPSIN parsed '4-(4,4-bis(2-octyldodecyl)-4h-cyclopenta[1,2-b:5,4-b']dithiophen-2-yl)-alt-[1,2,5]-thiadiazolo[3,4-c]pyridine' in 0.000s
2026-01-05 17:08:50 [INFO] polymer_pipeline - OPSIN parsed '4-(4,4-bis(2-octyldodecyl)-4h-cyclopenta[1,2-b:5,4-b']dithiophen-2-yl)-alt-[1,2,5]-thiadiazolo[3,4-c]pyridine' in 0.000s
2026-01-05 17:08:50 [INFO] polymer_pipeline - OPSIN parsed '4-(4,4-bis(2-octyldodecyl)-4h-cyclopenta[1,2-b:5,4-b']dithiophen-2-yl)-alt-[1,2,5]-thiadiazolo[3,4-c]pyridine' in 0.000s
2026-01-05 17:08:50 [INFO] polymer_pipeline - OPSIN parsed '4-(4,4-bis(2-octyldodecyl)-4h-cyclopenta[1,2-b:5,4-b']dithiophen-2-yl)-alt-[1,2,5]-thiadiazolo[3,4-c]pyridine' in 0.000s
2026-01-05 17:08:50 [INFO] polymer_pipeline - OPSIN parsed 'cyclopentadithiophene-alt-benzothiadiazole' in 0.000s
2026-01-05 17:08:50 [INFO] polymer_pipeline - OPSIN parsed 'cyclopentadithiophene-alt-benzothiadiazole' in 0.000s
2026-01-05 17:08:50 [INFO] polymer_pipeline - OPSIN parsed 'cyclopentadithiophene-alt-benzothiadiazole' in 0.000s
2026-01-05 17:08:50 [INFO] polymer_pipeline - OPSIN parsed 'cyclopentadithiophene-alt-benzothiadiazole' in 0.000s
2026-01-05 17:08:50 [INFO] polymer_pipeline - OPSIN parsed 'cyclopentadithiophene-alt-benzothiadiazole' in 0.000s
2026-01-05 17:08:50 [INFO] polymer_pipeline - OPSIN parsed 'cyclopentadithiophene-alt-benzothiadiazole' in 0.000s
2026-01-05 17:08:50 [INFO] polymer_pipeline - OPSIN parsed 'cyclopentadithiophene-alt-benzothiadiazole' in 0.000s
2026-01-05 17:08:50 [INFO] polymer_pipeline - OPSIN parsed 'cyclopentadithiophene-alt-benzothiadiazole' in 0.000s
2026-01-05 17:08:50 [INFO] polymer_pipeline - OPSIN parsed 'cyclopentadithiophene-alt-benzothiadiazole' in 0.000s
2026-01-05 17:08:50 [INFO] polymer_pipeline - OPSIN parsed 'cyclopentadithiophene-alt-benzothiadiazole' in 0.000s
2026-01-05 17:08:50 [INFO] polymer_pipeline - OPSIN parsed 'cyclopentadithiophene-alt-benzothiadiazole' in 0.000s
2026-01-05 17:08:50 [INFO] polymer_pipeline - OPSIN parsed 'cyclopentadithiophene-alt-benzothiadiazole' in 0.000s
2026-01-05 17:08:50 [INFO] polymer_pipeline - OPSIN parsed 'cyclopentadithiophene-alt-benzothiadiazole' in 0.000s
2026-01-05 17:08:50 [INFO] polymer_pipeline - OPSIN parsed 'cyclopentadithiophene-alt-benzothiadiazole' in 0.000s
2026-01-05 17:08:50 [INFO] polymer_pipeline - OPSIN parsed 'cyclopentadithiophene-alt-benzothiadiazole' in 0.000s
2026-01-05 17:08:50 [INFO] polymer_pipeline - OPSIN parsed 'cyclopentadithiophene-alt-benzothiadiazole' in 0.000s
2026-01-05 17:08:50 [INFO] polymer_pipeline - OPSIN parsed 'thiazole-flanked diketopyrrolopyrrole' in 0.000s
2026-01-05 17:08:50 [INFO] polymer_pipeline - OPSIN parsed 'thiazole-flanked diketopyrrolopyrrole' in 0.000s
2026-01-05 17:08:50 [INFO] polymer_pipeline - OPSIN parsed 'thiazole-flanked diketopyrrolopyrrole' in 0.000s
2026-01-05 17:08:50 [INFO] polymer_pipeline - OPSIN parsed 'thiazole-flanked diketopyrrolopyrrole' in 0.000s
2026-01-05 17:08:50 [INFO] polymer_pipeline - OPSIN parsed 'thiazole-flanked diketopyrrolopyrrole' in 0.000s
2026-01-05 17:08:50 [INFO] polymer_pipeline - OPSIN parsed 'thiazole-flanked diketopyrrolopyrrole' in 0.000s
2026-01-05 17:08:50 [INFO] polymer_pipeline - OPSIN parsed 'thiazole-flanked diketopyrrolopyrrole' in 0.000s
2026-01-05 17:08:50 [INFO] polymer_pipeline - OPSIN parsed 'thiazole-flanked diketopyrrolopyrrole' in 0.000s
2026-01-05 17:08:50 [INFO] polymer_pipeline - OPSIN parsed 'thiazole-flanked diketopyrrolopyrrole' in 0.000s
2026-01-05 17:08:50 [INFO] polymer_pipeline - OPSIN parsed 'thiazole-flanked diketopyrrolopyrrole' in 0.000s
2026-01-05 17:08:50 [INFO] polymer_pipeline - OPSIN parsed 'thiazole-flanked diketopyrrolopyrrole' in 0.000s
2026-01-05 17:08:50 [INFO] polymer_pipeline - OPSIN parsed 'thiazole-flanked diketopyrrolopyrrole' in 0.001s
2026-01-05 17:08:50 [INFO] polymer_pipeline - OPSIN parsed 'idt-bt donor-acceptor backbone' in 0.000s
2026-01-05 17:08:50 [INFO] polymer_pipeline - OPSIN parsed 'idt-bt - backbone' in 0.000s
2026-01-05 17:08:50 [INFO] polymer_pipeline - OPSIN parsed 'idt-bt - backbone' in 0.000s
2026-01-05 17:08:50 [INFO] polymer_pipeline - OPSIN parsed 'idt-bt - backbone' in 0.000s
2026-01-05 17:08:50 [INFO] polymer_pipeline - OPSIN parsed 'idt-bt donor-acceptor backbone' in 0.000s
2026-01-05 17:08:50 [INFO] polymer_pipeline - OPSIN parsed 'idt-bt - backbone' in 0.000s
2026-01-05 17:08:50 [INFO] polymer_pipeline - OPSIN parsed 'idt-bt - backbone' in 0.000s
2026-01-05 17:08:50 [INFO] polymer_pipeline - OPSIN parsed 'idt-bt - backbone' in 0.000s
2026-01-05 17:08:50 [INFO] polymer_pipeline - OPSIN parsed 'diketopyrrolopyrrole-alt-(e)-1,2-bis(3-chlorothiophen-2-yl)ethene' in 0.000s
2026-01-05 17:08:50 [INFO] polymer_pipeline - OPSIN parsed 'diketopyrrolopyrrole-alt-(e)-1,2-bis(3-chlorothiophen-2-yl)ethene' in 0.000s
2026-01-05 17:08:50 [INFO] polymer_pipeline - OPSIN parsed 'diketopyrrolopyrrole-alt-(e)-1,2-bis(3-chlorothiophen-2-yl)ethene' in 0.000s
2026-01-05 17:08:50 [INFO] polymer_pipeline - OPSIN parsed 'diketopyrrolopyrrole-alt-(e)-1,2-bis(3-chlorothiophen-2-yl)ethene' in 0.000s
2026-01-05 17:08:50 [INFO] polymer_pipeline - OPSIN parsed 'diketopyrrolopyrrole-alt-(e)-1,2-bis(3-chlorothiophen-2-yl)ethene' in 0.000s
2026-01-05 17:08:50 [INFO] polymer_pipeline - OPSIN parsed 'diketopyrrolopyrrole-alt-(e)-1,2-bis(3-chlorothiophen-2-yl)ethene' in 0.000s
2026-01-05 17:08:50 [INFO] polymer_pipeline - OPSIN parsed 'diketopyrrolopyrrole-alt-(e)-1,2-bis(3-chlorothiophen-2-yl)ethene' in 0.000s
2026-01-05 17:08:50 [INFO] polymer_pipeline - OPSIN parsed 'diketopyrrolopyrrole-alt-(e)-1,2-bis(3-chlorothiophen-2-yl)ethene' in 0.000s
2026-01-05 17:08:50 [INFO] polymer_pipeline - OPSIN parsed '3-(thiophen-2-yl)-6-(thiophen-3-yl)thieno[3,2-b]thiophene-bithiophene' in 0.002s
2026-01-05 17:08:50 [INFO] polymer_pipeline - OPSIN parsed '3-(thiophen-2-yl)-6-(thiophen-3-yl)thieno[3,2-b]thiophene-difluorobithiophene' in 0.002s
2026-01-05 17:08:50 [INFO] polymer_pipeline - OPSIN parsed 'thieno[3,2-b]thiophene-bithiophene' in 0.001s
2026-01-05 17:08:50 [INFO] polymer_pipeline - OPSIN parsed 'thieno[3,2-b]thiophene-difluorobithiophene' in 0.001s
2026-01-05 17:08:50 [INFO] polymer_pipeline - Layer 1 input stats: backbone non-empty=501 sidechain non-empty=502 attempted_opsin=501
2026-01-05 17:08:50 [INFO] polymer_pipeline - Layer 1: parsed backbone for 47/506 entries; sidechains for 122
2026-01-05 17:08:50 [INFO] polymer_pipeline - [Fusion] Empty polymer_name rows: text=0 image=0
2026-01-05 17:08:50 [WARNING] polymer_pipeline - preclean_smiles: dropping overlong SMILES len=333
2026-01-05 17:08:50 [WARNING] polymer_pipeline - preclean_smiles: dropping overlong SMILES len=332
2026-01-05 17:08:50 [WARNING] polymer_pipeline - preclean_smiles: dropping overlong SMILES len=302
2026-01-05 17:08:50 [WARNING] polymer_pipeline - preclean_smiles: dropping overlong SMILES len=302
2026-01-05 17:08:50 [WARNING] polymer_pipeline - preclean_smiles: dropping overlong SMILES len=302
2026-01-05 17:08:50 [WARNING] polymer_pipeline - preclean_smiles: dropping overlong SMILES len=302
2026-01-05 17:08:50 [WARNING] polymer_pipeline - preclean_smiles: dropping overlong SMILES len=302
2026-01-05 17:08:50 [WARNING] polymer_pipeline - preclean_smiles: dropping overlong SMILES len=302
2026-01-05 17:08:50 [WARNING] polymer_pipeline - preclean_smiles: dropping overlong SMILES len=302
2026-01-05 17:08:51 [WARNING] polymer_pipeline - preclean_smiles: dropping overlong SMILES len=302
2026-01-05 17:08:51 [WARNING] polymer_pipeline - preclean_smiles: dropping overlong SMILES len=302
2026-01-05 17:08:51 [WARNING] polymer_pipeline - preclean_smiles: dropping overlong SMILES len=302
2026-01-05 17:08:51 [WARNING] polymer_pipeline - preclean_smiles: dropping overlong SMILES len=302
2026-01-05 17:08:51 [WARNING] polymer_pipeline - preclean_smiles: dropping overlong SMILES len=265
2026-01-05 17:08:51 [WARNING] polymer_pipeline - preclean_smiles: dropping overlong SMILES len=302
2026-01-05 17:08:51 [WARNING] polymer_pipeline - preclean_smiles: dropping overlong SMILES len=244
2026-01-05 17:08:51 [WARNING] polymer_pipeline - preclean_smiles: dropping overlong SMILES len=217
2026-01-05 17:08:51 [WARNING] polymer_pipeline - preclean_smiles: dropping overlong SMILES len=302
2026-01-05 17:08:51 [WARNING] polymer_pipeline - preclean_smiles: dropping overlong SMILES len=302
2026-01-05 17:08:51 [WARNING] polymer_pipeline - preclean_smiles: dropping overlong SMILES len=302
2026-01-05 17:08:51 [WARNING] polymer_pipeline - preclean_smiles: dropping overlong SMILES len=302
2026-01-05 17:08:51 [WARNING] polymer_pipeline - preclean_smiles: dropping overlong SMILES len=302
2026-01-05 17:08:51 [WARNING] polymer_pipeline - preclean_smiles: dropping overlong SMILES len=302
2026-01-05 17:08:51 [WARNING] polymer_pipeline - preclean_smiles: dropping overlong SMILES len=302
2026-01-05 17:08:51 [WARNING] polymer_pipeline - preclean_smiles: dropping overlong SMILES len=302
2026-01-05 17:08:51 [WARNING] polymer_pipeline - preclean_smiles: dropping overlong SMILES len=302
2026-01-05 17:08:51 [WARNING] polymer_pipeline - preclean_smiles: dropping overlong SMILES len=281
2026-01-05 17:08:51 [WARNING] polymer_pipeline - preclean_smiles: dropping overlong SMILES len=302
2026-01-05 17:08:51 [WARNING] polymer_pipeline - preclean_smiles: dropping overlong SMILES len=302
2026-01-05 17:08:51 [WARNING] polymer_pipeline - preclean_smiles: dropping overlong SMILES len=303
2026-01-05 17:08:51 [WARNING] polymer_pipeline - preclean_smiles: dropping overlong SMILES len=302
2026-01-05 17:08:51 [WARNING] polymer_pipeline - preclean_smiles: dropping overlong SMILES len=302
2026-01-05 17:08:51 [WARNING] polymer_pipeline - preclean_smiles: dropping overlong SMILES len=231
2026-01-05 17:08:51 [WARNING] polymer_pipeline - preclean_smiles: dropping overlong SMILES len=302
2026-01-05 17:08:51 [WARNING] polymer_pipeline - preclean_smiles: dropping overlong SMILES len=228
2026-01-05 17:08:51 [WARNING] polymer_pipeline - preclean_smiles: dropping overlong SMILES len=207
2026-01-05 17:08:51 [WARNING] polymer_pipeline - preclean_smiles: dropping overlong SMILES len=302
2026-01-05 17:08:51 [WARNING] polymer_pipeline - preclean_smiles: dropping overlong SMILES len=242
2026-01-05 17:08:51 [WARNING] polymer_pipeline - preclean_smiles: dropping overlong SMILES len=211
2026-01-05 17:08:51 [WARNING] polymer_pipeline - preclean_smiles: dropping overlong SMILES len=302
2026-01-05 17:08:51 [WARNING] polymer_pipeline - preclean_smiles: dropping overlong SMILES len=302
2026-01-05 17:08:51 [WARNING] polymer_pipeline - preclean_smiles: dropping overlong SMILES len=302
2026-01-05 17:08:51 [WARNING] polymer_pipeline - preclean_smiles: dropping overlong SMILES len=302
2026-01-05 17:08:51 [WARNING] polymer_pipeline - preclean_smiles: dropping overlong SMILES len=302
2026-01-05 17:08:52 [WARNING] polymer_pipeline - preclean_smiles: dropping overlong SMILES len=302
2026-01-05 17:08:52 [WARNING] polymer_pipeline - preclean_smiles: dropping overlong SMILES len=259
2026-01-05 17:08:52 [WARNING] polymer_pipeline - preclean_smiles: dropping overlong SMILES len=302
2026-01-05 17:08:52 [WARNING] polymer_pipeline - preclean_smiles: dropping overlong SMILES len=302
2026-01-05 17:08:52 [WARNING] polymer_pipeline - preclean_smiles: dropping overlong SMILES len=234
2026-01-05 17:08:52 [WARNING] polymer_pipeline - preclean_smiles: dropping overlong SMILES len=294
2026-01-05 17:08:52 [WARNING] polymer_pipeline - preclean_smiles: dropping overlong SMILES len=302
2026-01-05 17:08:52 [WARNING] polymer_pipeline - preclean_smiles: dropping overlong SMILES len=302
2026-01-05 17:08:52 [WARNING] polymer_pipeline - preclean_smiles: dropping overlong SMILES len=302
2026-01-05 17:08:52 [WARNING] polymer_pipeline - preclean_smiles: dropping overlong SMILES len=302
2026-01-05 17:08:52 [WARNING] polymer_pipeline - preclean_smiles: dropping overlong SMILES len=302
2026-01-05 17:08:52 [WARNING] polymer_pipeline - preclean_smiles: dropping overlong SMILES len=302
2026-01-05 17:08:52 [WARNING] polymer_pipeline - preclean_smiles: dropping overlong SMILES len=302
2026-01-05 17:08:52 [WARNING] polymer_pipeline - preclean_smiles: dropping overlong SMILES len=224
2026-01-05 17:08:52 [WARNING] polymer_pipeline - preclean_smiles: dropping overlong SMILES len=302
2026-01-05 17:08:52 [WARNING] polymer_pipeline - preclean_smiles: dropping overlong SMILES len=297
2026-01-05 17:08:52 [WARNING] polymer_pipeline - preclean_smiles: dropping overlong SMILES len=302
2026-01-05 17:08:52 [WARNING] polymer_pipeline - preclean_smiles: dropping overlong SMILES len=302
2026-01-05 17:08:52 [WARNING] polymer_pipeline - preclean_smiles: dropping overlong SMILES len=302
2026-01-05 17:08:52 [WARNING] polymer_pipeline - preclean_smiles: dropping overlong SMILES len=302
2026-01-05 17:08:52 [WARNING] polymer_pipeline - preclean_smiles: dropping overlong SMILES len=261
2026-01-05 17:08:52 [WARNING] polymer_pipeline - preclean_smiles: dropping overlong SMILES len=208
2026-01-05 17:08:52 [WARNING] polymer_pipeline - preclean_smiles: dropping overlong SMILES len=302
2026-01-05 17:08:52 [WARNING] polymer_pipeline - preclean_smiles: dropping overlong SMILES len=213
2026-01-05 17:08:52 [WARNING] polymer_pipeline - preclean_smiles: dropping overlong SMILES len=250
2026-01-05 17:08:52 [WARNING] polymer_pipeline - preclean_smiles: dropping overlong SMILES len=236
2026-01-05 17:08:52 [WARNING] polymer_pipeline - preclean_smiles: dropping overlong SMILES len=302
2026-01-05 17:08:53 [WARNING] polymer_pipeline - preclean_smiles: dropping overlong SMILES len=302
2026-01-05 17:08:53 [WARNING] polymer_pipeline - preclean_smiles: dropping overlong SMILES len=302
2026-01-05 17:08:53 [WARNING] polymer_pipeline - preclean_smiles: dropping overlong SMILES len=203
2026-01-05 17:08:53 [WARNING] polymer_pipeline - preclean_smiles: dropping overlong SMILES len=302
2026-01-05 17:08:53 [WARNING] polymer_pipeline - preclean_smiles: dropping overlong SMILES len=302
2026-01-05 17:08:53 [WARNING] polymer_pipeline - preclean_smiles: dropping overlong SMILES len=302
2026-01-05 17:08:53 [WARNING] polymer_pipeline - preclean_smiles: dropping overlong SMILES len=302
2026-01-05 17:08:53 [WARNING] polymer_pipeline - preclean_smiles: dropping overlong SMILES len=302
2026-01-05 17:08:53 [WARNING] polymer_pipeline - preclean_smiles: dropping overlong SMILES len=281
2026-01-05 17:08:53 [WARNING] polymer_pipeline - preclean_smiles: dropping overlong SMILES len=302
2026-01-05 17:08:53 [WARNING] polymer_pipeline - preclean_smiles: dropping overlong SMILES len=302
2026-01-05 17:08:53 [WARNING] polymer_pipeline - preclean_smiles: dropping overlong SMILES len=302
2026-01-05 17:08:53 [WARNING] polymer_pipeline - preclean_smiles: dropping overlong SMILES len=302
2026-01-05 17:08:53 [WARNING] polymer_pipeline - preclean_smiles: dropping overlong SMILES len=302
2026-01-05 17:08:53 [WARNING] polymer_pipeline - preclean_smiles: dropping overlong SMILES len=302
2026-01-05 17:08:53 [WARNING] polymer_pipeline - preclean_smiles: dropping overlong SMILES len=302
2026-01-05 17:08:53 [WARNING] polymer_pipeline - preclean_smiles: dropping overlong SMILES len=302
2026-01-05 17:08:53 [WARNING] polymer_pipeline - preclean_smiles: dropping overlong SMILES len=278
2026-01-05 17:08:53 [WARNING] polymer_pipeline - preclean_smiles: dropping overlong SMILES len=302
2026-01-05 17:08:53 [WARNING] polymer_pipeline - preclean_smiles: dropping overlong SMILES len=302
2026-01-05 17:08:53 [WARNING] polymer_pipeline - preclean_smiles: dropping overlong SMILES len=302
2026-01-05 17:08:54 [WARNING] polymer_pipeline - preclean_smiles: dropping overlong SMILES len=302
2026-01-05 17:08:54 [WARNING] polymer_pipeline - preclean_smiles: dropping overlong SMILES len=203
2026-01-05 17:08:54 [WARNING] polymer_pipeline - preclean_smiles: dropping overlong SMILES len=302
2026-01-05 17:08:54 [WARNING] polymer_pipeline - preclean_smiles: dropping overlong SMILES len=219
2026-01-05 17:08:54 [WARNING] polymer_pipeline - preclean_smiles: dropping overlong SMILES len=226
2026-01-05 17:08:54 [WARNING] polymer_pipeline - preclean_smiles: dropping overlong SMILES len=251
2026-01-05 17:08:54 [WARNING] polymer_pipeline - preclean_smiles: dropping overlong SMILES len=302
2026-01-05 17:08:54 [WARNING] polymer_pipeline - preclean_smiles: dropping overlong SMILES len=302
2026-01-05 17:08:54 [WARNING] polymer_pipeline - preclean_smiles: dropping overlong SMILES len=242
2026-01-05 17:08:54 [WARNING] polymer_pipeline - preclean_smiles: dropping overlong SMILES len=264
2026-01-05 17:08:54 [WARNING] polymer_pipeline - preclean_smiles: dropping overlong SMILES len=290
2026-01-05 17:08:54 [WARNING] polymer_pipeline - preclean_smiles: dropping overlong SMILES len=225
2026-01-05 17:08:54 [WARNING] polymer_pipeline - preclean_smiles: dropping overlong SMILES len=352
2026-01-05 17:08:54 [WARNING] polymer_pipeline - preclean_smiles: dropping overlong SMILES len=302
2026-01-05 17:08:54 [WARNING] polymer_pipeline - preclean_smiles: dropping overlong SMILES len=302
2026-01-05 17:08:54 [WARNING] polymer_pipeline - preclean_smiles: dropping overlong SMILES len=302
2026-01-05 17:08:54 [WARNING] polymer_pipeline - preclean_smiles: dropping overlong SMILES len=302
2026-01-05 17:08:54 [WARNING] polymer_pipeline - preclean_smiles: dropping overlong SMILES len=302
2026-01-05 17:08:54 [WARNING] polymer_pipeline - preclean_smiles: dropping overlong SMILES len=302
2026-01-05 17:08:54 [WARNING] polymer_pipeline - preclean_smiles: dropping overlong SMILES len=302
2026-01-05 17:08:54 [WARNING] polymer_pipeline - preclean_smiles: dropping overlong SMILES len=302
2026-01-05 17:08:54 [WARNING] polymer_pipeline - preclean_smiles: dropping overlong SMILES len=302
2026-01-05 17:08:54 [WARNING] polymer_pipeline - preclean_smiles: dropping overlong SMILES len=302
2026-01-05 17:08:54 [WARNING] polymer_pipeline - preclean_smiles: dropping overlong SMILES len=302
2026-01-05 17:08:54 [WARNING] polymer_pipeline - preclean_smiles: dropping overlong SMILES len=211
2026-01-05 17:08:54 [WARNING] polymer_pipeline - preclean_smiles: dropping overlong SMILES len=208
2026-01-05 17:08:54 [WARNING] polymer_pipeline - preclean_smiles: dropping overlong SMILES len=302
2026-01-05 17:08:54 [WARNING] polymer_pipeline - preclean_smiles: dropping overlong SMILES len=273
2026-01-05 17:08:54 [WARNING] polymer_pipeline - preclean_smiles: dropping overlong SMILES len=302
2026-01-05 17:08:54 [WARNING] polymer_pipeline - preclean_smiles: dropping overlong SMILES len=302
2026-01-05 17:08:54 [WARNING] polymer_pipeline - preclean_smiles: dropping overlong SMILES len=302
2026-01-05 17:08:54 [WARNING] polymer_pipeline - preclean_smiles: dropping overlong SMILES len=302
2026-01-05 17:08:54 [WARNING] polymer_pipeline - preclean_smiles: dropping overlong SMILES len=302
2026-01-05 17:08:54 [WARNING] polymer_pipeline - preclean_smiles: dropping overlong SMILES len=302
2026-01-05 17:08:55 [WARNING] polymer_pipeline - preclean_smiles: dropping overlong SMILES len=283
2026-01-05 17:08:55 [WARNING] polymer_pipeline - preclean_smiles: dropping overlong SMILES len=302
2026-01-05 17:08:55 [WARNING] polymer_pipeline - preclean_smiles: dropping overlong SMILES len=218
2026-01-05 17:08:55 [WARNING] polymer_pipeline - preclean_smiles: dropping overlong SMILES len=252
2026-01-05 17:08:55 [WARNING] polymer_pipeline - preclean_smiles: dropping overlong SMILES len=302
2026-01-05 17:08:55 [WARNING] polymer_pipeline - preclean_smiles: dropping overlong SMILES len=236
2026-01-05 17:08:55 [WARNING] polymer_pipeline - preclean_smiles: dropping overlong SMILES len=281
2026-01-05 17:08:55 [WARNING] polymer_pipeline - preclean_smiles: dropping overlong SMILES len=281
2026-01-05 17:08:55 [WARNING] polymer_pipeline - preclean_smiles: dropping overlong SMILES len=281
2026-01-05 17:08:55 [WARNING] polymer_pipeline - preclean_smiles: dropping overlong SMILES len=281
2026-01-05 17:08:55 [WARNING] polymer_pipeline - preclean_smiles: dropping overlong SMILES len=281
2026-01-05 17:08:55 [WARNING] polymer_pipeline - preclean_smiles: dropping overlong SMILES len=281
2026-01-05 17:08:55 [WARNING] polymer_pipeline - preclean_smiles: dropping overlong SMILES len=281
2026-01-05 17:08:55 [WARNING] polymer_pipeline - preclean_smiles: dropping overlong SMILES len=281
2026-01-05 17:08:55 [WARNING] polymer_pipeline - preclean_smiles: dropping overlong SMILES len=281
2026-01-05 17:08:55 [WARNING] polymer_pipeline - preclean_smiles: dropping overlong SMILES len=281
2026-01-05 17:08:55 [WARNING] polymer_pipeline - preclean_smiles: dropping overlong SMILES len=281
2026-01-05 17:08:55 [WARNING] polymer_pipeline - preclean_smiles: dropping overlong SMILES len=281
2026-01-05 17:08:59 [WARNING] polymer_pipeline - preclean_smiles: dropping overlong SMILES len=281
2026-01-05 17:08:59 [WARNING] polymer_pipeline - preclean_smiles: dropping overlong SMILES len=281
2026-01-05 17:09:02 [WARNING] polymer_pipeline - preclean_smiles: dropping overlong SMILES len=244
2026-01-05 17:09:02 [WARNING] polymer_pipeline - preclean_smiles: dropping overlong SMILES len=217
2026-01-05 17:09:02 [WARNING] polymer_pipeline - preclean_smiles: dropping overlong SMILES len=332
2026-01-05 17:09:03 [WARNING] polymer_pipeline - preclean_smiles: dropping overlong SMILES len=244
2026-01-05 17:09:03 [WARNING] polymer_pipeline - preclean_smiles: dropping overlong SMILES len=217
2026-01-05 17:09:03 [WARNING] polymer_pipeline - preclean_smiles: dropping overlong SMILES len=332
2026-01-05 17:09:03 [WARNING] polymer_pipeline - preclean_smiles: dropping overlong SMILES len=244
2026-01-05 17:09:03 [WARNING] polymer_pipeline - preclean_smiles: dropping overlong SMILES len=217
2026-01-05 17:09:04 [WARNING] polymer_pipeline - preclean_smiles: dropping overlong SMILES len=332
2026-01-05 17:09:04 [WARNING] polymer_pipeline - preclean_smiles: dropping overlong SMILES len=244
2026-01-05 17:09:04 [WARNING] polymer_pipeline - preclean_smiles: dropping overlong SMILES len=217
2026-01-05 17:09:04 [WARNING] polymer_pipeline - preclean_smiles: dropping overlong SMILES len=332
2026-01-05 17:09:05 [WARNING] polymer_pipeline - preclean_smiles: dropping overlong SMILES len=244
2026-01-05 17:09:05 [WARNING] polymer_pipeline - preclean_smiles: dropping overlong SMILES len=217
2026-01-05 17:09:05 [WARNING] polymer_pipeline - preclean_smiles: dropping overlong SMILES len=332
2026-01-05 17:09:06 [WARNING] polymer_pipeline - preclean_smiles: dropping overlong SMILES len=244
2026-01-05 17:09:06 [WARNING] polymer_pipeline - preclean_smiles: dropping overlong SMILES len=217
2026-01-05 17:09:06 [WARNING] polymer_pipeline - preclean_smiles: dropping overlong SMILES len=332
2026-01-05 17:09:06 [WARNING] polymer_pipeline - preclean_smiles: dropping overlong SMILES len=244
2026-01-05 17:09:06 [WARNING] polymer_pipeline - preclean_smiles: dropping overlong SMILES len=217
2026-01-05 17:09:06 [WARNING] polymer_pipeline - preclean_smiles: dropping overlong SMILES len=332
2026-01-05 17:09:07 [WARNING] polymer_pipeline - preclean_smiles: dropping overlong SMILES len=244
2026-01-05 17:09:07 [WARNING] polymer_pipeline - preclean_smiles: dropping overlong SMILES len=217
2026-01-05 17:09:07 [WARNING] polymer_pipeline - preclean_smiles: dropping overlong SMILES len=332
2026-01-05 17:09:08 [WARNING] polymer_pipeline - preclean_smiles: dropping overlong SMILES len=244
2026-01-05 17:09:08 [WARNING] polymer_pipeline - preclean_smiles: dropping overlong SMILES len=217
2026-01-05 17:09:08 [WARNING] polymer_pipeline - preclean_smiles: dropping overlong SMILES len=332
2026-01-05 17:09:12 [WARNING] polymer_pipeline - preclean_smiles: dropping overlong SMILES len=231
2026-01-05 17:09:12 [WARNING] polymer_pipeline - preclean_smiles: dropping overlong SMILES len=231
2026-01-05 17:09:12 [WARNING] polymer_pipeline - preclean_smiles: dropping overlong SMILES len=231
2026-01-05 17:09:12 [WARNING] polymer_pipeline - preclean_smiles: dropping overlong SMILES len=231
2026-01-05 17:09:14 [WARNING] polymer_pipeline - preclean_smiles: dropping overlong SMILES len=218
2026-01-05 17:09:15 [WARNING] polymer_pipeline - preclean_smiles: dropping overlong SMILES len=218
2026-01-05 17:09:16 [WARNING] polymer_pipeline - preclean_smiles: dropping overlong SMILES len=218
2026-01-05 17:09:20 [WARNING] polymer_pipeline - preclean_smiles: dropping overlong SMILES len=234
2026-01-05 17:09:20 [INFO] polymer_pipeline - Layer 2: fused 506 entries (matched repeat units for 458)
2026-01-05 17:09:20 [INFO] polymer_pipeline - Layer 2: image-pool fallback recoveries: 49
2026-01-05 17:09:20 [INFO] polymer_pipeline - Auto-corrected SMILES: 0/49 (0.0%) repaired
2026-01-05 17:09:20 [INFO] polymer_pipeline - Repaired candidates: 0 used_in_output=0 rejected_by_filter=0
2026-01-05 17:09:20 [INFO] polymer_pipeline - Layer 3 complete: assigned confidence to 506 entries
2026-01-05 17:09:20 [INFO] polymer_pipeline - Layer 4 complete: 48 entries flagged for manual review
2026-01-05 17:09:20 [INFO] polymer_pipeline - Metrics: sidechain=0.30 backbone=0.09 repeat=0.91 manual=0.09
2026-01-05 17:09:20 [INFO] polymer_pipeline - Top failure reasons: {'missing_sidechain': 355, 'missing_repeat_unit': 48, 'manual_review': 48}
2026-01-05 17:09:20 [INFO] polymer_pipeline - Pipeline complete. Layer timings (s): L0=0.01 L1=0.26 L2=29.84 L3=0.26 L4=0.01 total=30.39
2026-01-05 17:09:20 [INFO] polymer_pipeline - OPSIN stats: calls=1626 cache_hits=32 cache_misses=1626 success=16
2026-01-05 17:09:20 [INFO] polymer_pipeline - Pipeline complete. Output written to /Users/k25063738/Text-mining-postprocessing/polymer_structures_groundtruth.csv
2026-01-05 17:09:20 [INFO] polymer_pipeline - Metrics summary: {'coverage_sidechain': 0.2984189723320158, 'coverage_backbone': 0.09288537549407115, 'coverage_repeat_unit': 0.9051383399209486, 'manual_review_rate': 0.09486166007905138, 'opsin_coverage': 0.09288537549407115, 'top_failure_reasons': {'missing_sidechain': 355, 'missing_repeat_unit': 48, 'manual_review': 48}}
2026-01-05 17:09:20 [INFO] polymer_pipeline - Metrics: sidechain=0.30 backbone=0.09 repeat=0.91 manual=0.09
2026-01-05 17:09:20 [INFO] polymer_pipeline - Top failure reasons: {'missing_sidechain': 355, 'missing_repeat_unit': 48, 'manual_review': 48}
2026-01-05 17:16:07 [INFO] polymer_pipeline - [auto_correct_smiles] sys.executable=/Users/k25063738/miniconda3/envs/polystruct-mine/bin/python3.10 sys.path[0:3]=['ui_app.py', '', '/Users/k25063738/miniconda3/envs/polystruct-mine/bin'] env(VIRTUAL_ENV)=None env(CONDA_PREFIX)=/Users/k25063738/miniconda3/envs/polystruct-mine env(PYTHONPATH)=None
2026-01-06 18:15:22 [INFO] polymer_pipeline - [OPSIN] Using package: uk.ac.cam.ch.wwmm.opsin.NameToStructure
2026-01-06 18:15:22 [INFO] polymer_pipeline - OPSIN parsed 'ethanol' in 0.025s
2026-01-06 18:20:03 [INFO] polymer_pipeline - [OPSIN] Using package: uk.ac.cam.ch.wwmm.opsin.NameToStructure
2026-01-06 18:20:03 [INFO] polymer_pipeline - OPSIN parsed 'ethanol' in 0.002s
2026-01-06 18:21:45 [INFO] polymer_pipeline - [OPSIN] Using package: uk.ac.cam.ch.wwmm.opsin.NameToStructure
2026-01-06 18:21:45 [INFO] polymer_pipeline - OPSIN parsed 'ethanol' in 0.002s
2026-01-06 18:26:30 [INFO] polymer_pipeline - [OPSIN] Using package: uk.ac.cam.ch.wwmm.opsin.NameToStructure
2026-01-06 18:26:30 [INFO] polymer_pipeline - OPSIN parsed 'ethanol' in 0.002s
2026-01-06 18:36:21 [INFO] polymer_pipeline - [OPSIN] Using package: uk.ac.cam.ch.wwmm.opsin.NameToStructure
2026-01-06 18:36:21 [INFO] polymer_pipeline - OPSIN parsed 'ethanol' in 0.002s
2026-01-06 18:39:23 [INFO] polymer_pipeline - [OPSIN] Using package: uk.ac.cam.ch.wwmm.opsin.NameToStructure
2026-01-06 18:39:23 [INFO] polymer_pipeline - OPSIN parsed 'ethanol' in 0.002s
